#VRML V2.0 utf8
# 3D model generated by easyeda2kicad.py (https://github.com/uPesy/easyeda2kicad.py)

Shape{
    appearance Appearance {
        material  Material 	{
            diffuseColor 0.25882352941176473 0.25882352941176473 0.25882352941176473
            specularColor 0.7529411764705882 0.7529411764705882 0.7529411764705882
            ambientIntensity 1.0
            transparency 1.0
            shininess 0.5
        }
    }
    geometry IndexedFaceSet {
        ccw TRUE
        solid FALSE
        coord DEF co Coordinate {
            point [
                0.2165 -0.5521 0.1929, 0.2165 -0.5521 0.189, 0.2296 -0.5387 0.189, 0.2296 -0.5387 0.1929, 0.3838 -0.5622 0.1929, 0.3838 -0.5622 0.189, 0.3838 -0.4047 0.189, 0.3838 -0.4047 0.1929, 0.3641 -0.4047 0.189, 0.3641 -0.4047 0.1929, 0.3641 -0.5421 0.189, 0.3641 -0.5421 0.1929, 0.2657 -0.5421 0.189, 0.2657 -0.5421 0.1929, 0.2657 -0.5622 0.189, 0.2657 -0.5622 0.1929, 0.2099 -0.4348 0.189, 0.2296 -0.4281 0.189, 0.2165 -0.4449 0.189, 0.1115 -0.4449 0.189, 0.1148 -0.4281 0.189, 0.1312 -0.4449 0.189, 0.2033 -0.5588 0.189, 0.1869 -0.5421 0.189, 0.2001 -0.5387 0.189, 0.1574 -0.5421 0.189, 0.141 -0.5588 0.189, 0.1443 -0.5387 0.189, 0.1279 -0.5521 0.189, 0.1344 -0.532 0.189, 0.1574 -0.5622 0.189, 0.1869 -0.5622 0.189, 0.2099 -0.532 0.189, 0.2165 -0.522 0.189, 0.2361 -0.5253 0.189, 0.2197 -0.5086 0.189, 0.2361 -0.4415 0.189, 0.2197 -0.4583 0.189, 0.2394 -0.4583 0.189, 0.2394 -0.5086 0.189, 0.2001 -0.4281 0.189, 0.2165 -0.4147 0.189, 0.2033 -0.408 0.189, 0.1869 -0.4248 0.189, 0.1574 -0.4047 0.189, 0.1869 -0.4047 0.189, 0.1574 -0.4248 0.189, 0.1443 -0.4281 0.189, 0.141 -0.408 0.189, 0.1344 -0.4348 0.189, 0.1279 -0.4147 0.189, 0.1148 -0.5387 0.189, 0.1312 -0.522 0.189, 0.1115 -0.522 0.189, 0.0852 -0.5622 0.189, 0.0655 -0.4885 0.189, 0.0852 -0.4047 0.189, 0.0655 -0.4683 0.189, -0.0329 -0.5622 0.189, 0.0655 -0.5421 0.189, -0.0198 -0.4885 0.189, -0.0198 -0.4683 0.189, 0.0655 -0.4248 0.189, -0.0329 -0.4248 0.189, -0.0329 -0.4047 0.189, -0.0329 -0.5421 0.189, -0.1871 -0.5253 0.189, -0.1707 -0.5086 0.189, -0.1674 -0.522 0.189, -0.1904 -0.5086 0.189, -0.1707 -0.4583 0.189, -0.1904 -0.4583 0.189, -0.1805 -0.4281 0.189, -0.1608 -0.4348 0.189, -0.1674 -0.4449 0.189, -0.151 -0.4281 0.189, -0.1674 -0.4147 0.189, -0.1543 -0.408 0.189, -0.1379 -0.4248 0.189, -0.1379 -0.4047 0.189, -0.1871 -0.4415 0.189, -0.0788 -0.4248 0.189, -0.0591 -0.4047 0.189, -0.0788 -0.5421 0.189, -0.0591 -0.5622 0.189, -0.1379 -0.5421 0.189, -0.1543 -0.5588 0.189, -0.151 -0.5387 0.189, -0.1608 -0.532 0.189, -0.1674 -0.5521 0.189, -0.1805 -0.5387 0.189, -0.1379 -0.5622 0.189, -0.3478 -0.5622 0.189, -0.2954 -0.4047 0.189, -0.3118 -0.5086 0.189, -0.2494 -0.522 0.189, -0.2166 -0.5622 0.189, -0.2363 -0.5622 0.189, -0.2527 -0.5086 0.189, -0.3282 -0.5622 0.189, -0.315 -0.522 0.189, -0.2691 -0.4047 0.189, -0.2822 -0.4181 0.189, 0.1312 -0.522 0.1929, 0.1115 -0.522 0.1929, 0.1148 -0.5387 0.1929, 0.1279 -0.5521 0.1929, 0.141 -0.5588 0.1929, 0.1574 -0.5622 0.1929, 0.1869 -0.5622 0.1929, 0.2033 -0.5588 0.1929, 0.1344 -0.532 0.1929, 0.1443 -0.5387 0.1929, 0.1574 -0.5421 0.1929, 0.1869 -0.5421 0.1929, 0.2001 -0.5387 0.1929, 0.2099 -0.532 0.1929, 0.2165 -0.522 0.1929, 0.2197 -0.5086 0.1929, 0.2197 -0.4583 0.1929, 0.2165 -0.4449 0.1929, 0.2099 -0.4348 0.1929, 0.2001 -0.4281 0.1929, 0.1869 -0.4248 0.1929, 0.1574 -0.4248 0.1929, 0.1443 -0.4281 0.1929, 0.1344 -0.4348 0.1929, 0.1312 -0.4449 0.1929, 0.1115 -0.4449 0.1929, 0.1148 -0.4281 0.1929, 0.1279 -0.4147 0.1929, 0.141 -0.408 0.1929, 0.1574 -0.4047 0.1929, 0.1869 -0.4047 0.1929, 0.2033 -0.408 0.1929, 0.2165 -0.4147 0.1929, 0.2296 -0.4281 0.1929, 0.2361 -0.4415 0.1929, 0.2394 -0.4583 0.1929, 0.2394 -0.5086 0.1929, 0.2361 -0.5253 0.1929, 0.0655 -0.5421 0.1929, -0.0329 -0.5421 0.1929, -0.0329 -0.5622 0.1929, 0.0852 -0.5622 0.1929, 0.0852 -0.4047 0.1929, -0.0329 -0.4047 0.1929, -0.0329 -0.4248 0.1929, 0.0655 -0.4248 0.1929, 0.0655 -0.4683 0.1929, -0.0198 -0.4683 0.1929, -0.0198 -0.4885 0.1929, 0.0655 -0.4885 0.1929, -0.0591 -0.4047 0.1929, -0.1379 -0.4047 0.1929, -0.1543 -0.408 0.1929, -0.1674 -0.4147 0.1929, -0.1805 -0.4281 0.1929, -0.1871 -0.4415 0.1929, -0.1904 -0.4583 0.1929, -0.1904 -0.5086 0.1929, -0.1871 -0.5253 0.1929, -0.1805 -0.5387 0.1929, -0.1674 -0.5521 0.1929, -0.1543 -0.5588 0.1929, -0.1379 -0.5622 0.1929, -0.0591 -0.5622 0.1929, -0.1379 -0.4248 0.1929, -0.0788 -0.4248 0.1929, -0.0788 -0.5421 0.1929, -0.1379 -0.5421 0.1929, -0.151 -0.5387 0.1929, -0.1608 -0.532 0.1929, -0.1674 -0.522 0.1929, -0.1707 -0.5086 0.1929, -0.1707 -0.4583 0.1929, -0.1674 -0.4449 0.1929, -0.1608 -0.4348 0.1929, -0.151 -0.4281 0.1929, -0.2691 -0.4047 0.1929, -0.2954 -0.4047 0.1929, -0.3478 -0.5622 0.1929, -0.3282 -0.5622 0.1929, -0.315 -0.522 0.1929, -0.2494 -0.522 0.1929, -0.2363 -0.5622 0.1929, -0.2166 -0.5622 0.1929, -0.3118 -0.5086 0.1929, -0.2822 -0.4181 0.1929, -0.2527 -0.5086 0.1929
            ]
        }
        coordIndex [
            0,1,2,-1,0,2,3,-1,4,5,6,-1,4,6,7,-1,7,6,8,-1,7,8,9,-1,9,8,10,-1,9,10,11,-1,11,10,12,-1,11,12,13,-1,13,12,14,-1,13,14,15,-1,15,14,5,-1,15,5,4,-1,10,14,12,-1,10,6,5,-1,10,8,6,-1,14,10,5,-1,16,17,18,-1,19,20,21,-1,22,23,24,-1,25,26,27,-1,27,28,29,-1,30,23,31,-1,32,1,24,-1,33,2,32,-1,34,2,33,-1,33,35,34,-1,18,36,37,-1,35,38,39,-1,40,41,16,-1,42,41,40,-1,43,42,40,-1,44,45,46,-1,47,48,46,-1,49,50,47,-1,21,20,49,-1,29,51,52,-1,20,50,49,-1,50,48,47,-1,48,44,46,-1,45,43,46,-1,45,42,43,-1,16,41,17,-1,17,36,18,-1,36,38,37,-1,37,38,35,-1,39,34,35,-1,32,2,1,-1,24,1,22,-1,22,31,23,-1,30,25,23,-1,30,26,25,-1,26,28,27,-1,28,51,29,-1,51,53,52,-1,54,55,56,-1,55,57,56,-1,54,58,59,-1,57,60,61,-1,62,63,64,-1,64,56,62,-1,62,56,57,-1,60,57,55,-1,55,54,59,-1,58,65,59,-1,66,67,68,-1,69,67,66,-1,69,70,67,-1,69,71,70,-1,72,73,74,-1,75,73,76,-1,77,75,76,-1,77,78,75,-1,78,77,79,-1,70,80,74,-1,81,79,82,-1,83,82,84,-1,85,86,87,-1,81,78,79,-1,88,87,89,-1,76,73,72,-1,72,74,80,-1,80,70,71,-1,88,90,68,-1,90,66,68,-1,90,88,89,-1,89,87,86,-1,91,85,83,-1,86,85,91,-1,82,83,81,-1,91,83,84,-1,92,93,94,-1,95,96,97,-1,95,98,96,-1,99,92,100,-1,94,98,100,-1,94,100,92,-1,93,101,102,-1,98,95,100,-1,93,102,94,-1,102,101,98,-1,96,98,101,-1,103,52,53,-1,103,53,104,-1,104,53,51,-1,104,51,105,-1,105,51,28,-1,105,28,106,-1,106,28,26,-1,106,26,107,-1,107,26,30,-1,107,30,108,-1,108,30,31,-1,108,31,109,-1,109,31,22,-1,109,22,110,-1,110,22,1,-1,110,1,0,-1,111,29,52,-1,111,52,103,-1,112,27,29,-1,112,29,111,-1,113,25,27,-1,113,27,112,-1,114,23,25,-1,114,25,113,-1,115,24,23,-1,115,23,114,-1,116,32,24,-1,116,24,115,-1,117,33,32,-1,117,32,116,-1,118,35,33,-1,118,33,117,-1,119,37,35,-1,119,35,118,-1,120,18,37,-1,120,37,119,-1,121,16,18,-1,121,18,120,-1,122,40,16,-1,122,16,121,-1,123,43,40,-1,123,40,122,-1,124,46,43,-1,124,43,123,-1,125,47,46,-1,125,46,124,-1,126,49,47,-1,126,47,125,-1,127,21,49,-1,127,49,126,-1,128,19,21,-1,128,21,127,-1,129,20,19,-1,129,19,128,-1,130,50,20,-1,130,20,129,-1,131,48,50,-1,131,50,130,-1,132,44,48,-1,132,48,131,-1,133,45,44,-1,133,44,132,-1,134,42,45,-1,134,45,133,-1,135,41,42,-1,135,42,134,-1,136,17,41,-1,136,41,135,-1,137,36,17,-1,137,17,136,-1,138,38,36,-1,138,36,137,-1,139,39,38,-1,139,38,138,-1,140,34,39,-1,140,39,139,-1,3,2,34,-1,3,34,140,-1,141,59,65,-1,141,65,142,-1,142,65,58,-1,142,58,143,-1,143,58,54,-1,143,54,144,-1,144,54,56,-1,144,56,145,-1,145,56,64,-1,145,64,146,-1,146,64,63,-1,146,63,147,-1,147,63,62,-1,147,62,148,-1,148,62,57,-1,148,57,149,-1,149,57,61,-1,149,61,150,-1,150,61,60,-1,150,60,151,-1,151,60,55,-1,151,55,152,-1,152,55,59,-1,152,59,141,-1,153,82,79,-1,153,79,154,-1,154,79,77,-1,154,77,155,-1,155,77,76,-1,155,76,156,-1,156,76,72,-1,156,72,157,-1,157,72,80,-1,157,80,158,-1,158,80,71,-1,158,71,159,-1,159,71,69,-1,159,69,160,-1,160,69,66,-1,160,66,161,-1,161,66,90,-1,161,90,162,-1,162,90,89,-1,162,89,163,-1,163,89,86,-1,163,86,164,-1,164,86,91,-1,164,91,165,-1,165,91,84,-1,165,84,166,-1,166,84,82,-1,166,82,153,-1,167,78,81,-1,167,81,168,-1,168,81,83,-1,168,83,169,-1,169,83,85,-1,169,85,170,-1,170,85,87,-1,170,87,171,-1,171,87,88,-1,171,88,172,-1,172,88,68,-1,172,68,173,-1,173,68,67,-1,173,67,174,-1,174,67,70,-1,174,70,175,-1,175,70,74,-1,175,74,176,-1,176,74,73,-1,176,73,177,-1,177,73,75,-1,177,75,178,-1,178,75,78,-1,178,78,167,-1,179,101,93,-1,179,93,180,-1,180,93,92,-1,180,92,181,-1,181,92,99,-1,181,99,182,-1,182,99,100,-1,182,100,183,-1,183,100,95,-1,183,95,184,-1,184,95,97,-1,184,97,185,-1,185,97,96,-1,185,96,186,-1,186,96,101,-1,186,101,179,-1,187,94,102,-1,187,102,188,-1,188,102,98,-1,188,98,189,-1,189,98,94,-1,189,94,187,-1,
        ]
    }
}
Shape{
    appearance Appearance {
        material  Material 	{
            diffuseColor 1.0 1.0 1.0
            specularColor 0.7529411764705882 0.7529411764705882 0.7529411764705882
            ambientIntensity 1.0
            transparency 1.0
            shininess 0.5
        }
    }
    geometry IndexedFaceSet {
        ccw TRUE
        solid FALSE
        coord DEF co Coordinate {
            point [
                0.367 1.0555 0.1929, 0.2992 1.1004 0.1929, 0.3625 1.0806 0.1929, -0.3388 -1.0812 0.1929, -0.3433 -1.06 0.1929, -0.2992 -1.1004 0.1929, 0.3568 1.1058 0.1929, 0.2992 0.8996 0.1929, 0.3722 1.0046 0.1929, 0.37 1.03 0.1929, 0.3733 0.979 0.1929, 0.3735 0.9535 0.1929, 0.3729 0.9279 0.1929, 0.3493 1.1304 0.1929, 0.3693 0.877 0.1929, 0.3715 0.9024 0.1929, 0.3664 0.8516 0.1929, 0.3388 1.1533 0.1929, 0.3287 1.1704 0.1929, 0.3629 0.8263 0.1929, 0.317 1.1856 0.1929, 0.3589 0.801 0.1929, 0.3545 0.7758 0.1929, 0.3498 0.7507 0.1929, 0.3447 0.7257 0.1929, 0.3379 0.6931 0.1929, 0.3246 0.628 0.1929, 0.3313 0.6606 0.1929, 0.2877 1.2101 0.1929, 0.271 1.2198 0.1929, 0.3183 0.5954 0.1929, 0.2537 1.2284 0.1929, 0.2358 1.2358 0.1929, 0.3124 0.5627 0.1929, 0.2175 1.2422 0.1929, 0.307 0.5298 0.1929, 0.199 1.248 0.1929, 0.3022 0.4969 0.1929, 0.1803 1.2531 0.1929, 0.1614 1.2575 0.1929, 0.2983 0.4639 0.1929, 0.1425 1.2616 0.1929, 0.2954 0.4308 0.1929, 0.1234 1.2652 0.1929, -0.2992 0.8996 0.1929, 0.1043 1.2684 0.1929, 0.0851 1.2712 0.1929, -0.2992 0.1004 0.1929, 0.2925 0.3644 0.1929, 0.2926 0.3311 0.1929, 0.2934 0.3976 0.1929, -0.397 -0.6284 0.1929, -0.3999 -0.6028 0.1929, -0.3478 -0.5622 0.1929, -0.3529 0.3694 0.1929, -0.3545 0.3438 0.1929, -0.4113 -0.0639 0.1929, -0.2992 -0.1004 0.1929, -0.4144 -0.0895 0.1929, -0.4027 -0.5772 0.1929, -0.4054 -0.5516 0.1929, 0.3641 -0.4047 0.1929, 0.3913 -0.2219 0.1929, 0.3979 -0.2522 0.1929, 0.1312 -0.4449 0.1929, 0.1443 -0.4281 0.1929, 0.1312 -0.522 0.1929, 0.2992 -0.8996 0.1929, 0.3155 -1.0673 0.1929, 0.2992 -1.0938 0.1929, 0.4336 -0.6219 0.1929, 0.4321 -0.6529 0.1929, 0.3838 -0.5622 0.1929, 0.3797 -0.9264 0.1929, 0.369 -0.9555 0.1929, 0.3894 -0.8969 0.1929, 0.3981 -0.8671 0.1929, 0.4124 -0.8067 0.1929, 0.4057 -0.837 0.1929, 0.4181 -0.7762 0.1929, 0.2657 -0.5622 0.1929, 0.2361 -0.5253 0.1929, 0.2657 -0.5421 0.1929, 0.4229 -0.7456 0.1929, 0.4268 -0.7147 0.1929, 0.2394 -0.5086 0.1929, 0.2394 -0.4583 0.1929, 0.2296 -0.5387 0.1929, 0.4298 -0.6839 0.1929, 0.1869 -0.5421 0.1929, 0.1574 -0.5421 0.1929, 0.1869 -0.4248 0.1929, 0.2165 -0.5521 0.1929, 0.2033 -0.5588 0.1929, 0.4318 -0.4978 0.1929, 0.4333 -0.5288 0.1929, 0.3573 -0.9842 0.1929, 0.4296 -0.4669 0.1929, 0.3444 -1.0125 0.1929, 0.2099 -0.532 0.1929, 0.2197 -0.5086 0.1929, 0.2165 -0.522 0.1929, 0.3306 -1.0402 0.1929, 0.4194 -0.3744 0.1929, 0.4234 -0.4051 0.1929, 0.3838 -0.4047 0.1929, 0.2197 -0.4583 0.1929, 0.4147 -0.3437 0.1929, 0.0852 -0.5622 0.1929, 0.0852 -0.4047 0.1929, 0.1115 -0.4449 0.1929, -0.0329 -0.4047 0.1929, -0.0591 -0.4047 0.1929, 0.2361 -0.4415 0.1929, 0.2992 -0.1004 0.1929, 0.3774 -0.1591 0.1929, -0.3063 -1.1846 0.1929, -0.3147 -1.1646 0.1929, -0.3615 0.2669 0.1929, -0.3588 0.2925 0.1929, -0.3282 -0.5622 0.1929, -0.2494 -0.522 0.1929, -0.2363 -0.5622 0.1929, 0.0968 -1.1004 0.1929, 0.2436 -1.166 0.1929, 0.2176 -1.1922 0.1929, -0.4242 -0.2692 0.1929, -0.2954 -0.4047 0.1929, 0.2033 -0.408 0.1929, 0.2165 -0.4147 0.1929, 0.3464 -0.0298 0.1929, 0.3542 -0.0622 0.1929, -0.3218 -1.1441 0.1929, -0.3912 -0.6795 0.1929, -0.3941 -0.6539 0.1929, 0.2694 -1.1355 0.1929, 0.1917 -1.2143 0.1929, 0.2948 -1.1004 0.1929, 0.1654 -1.2333 0.1929, 0.1377 -1.2496 0.1929, 0.108 -1.2637 0.1929, 0.0749 -1.2759 0.1929, 0.0386 -1.286 0.1929, -0.0006 -1.2935 0.1929, -0.1012 -1.1004 0.1929, -0.0399 -1.2979 0.1929, -0.0784 -1.2992 0.1929, -0.1136 -1.2979 0.1929, -0.1453 -1.2941 0.1929, -0.1605 -1.2916 0.1929, -0.1755 -1.2883 0.1929, -0.1902 -1.2843 0.1929, -0.2046 -1.2796 0.1929, -0.2188 -1.274 0.1929, -0.246 -1.2603 0.1929, -0.2328 -1.2678 0.1929, -0.2699 -1.2414 0.1929, -0.2583 -1.2514 0.1929, -0.2893 -1.218 0.1929, -0.2804 -1.2302 0.1929, -0.2967 -1.2041 0.1929, -0.3282 -1.1234 0.1929, -0.3338 -1.1024 0.1929, -0.3474 -1.0387 0.1929, -0.2992 -0.8996 0.1929, -0.3511 -1.0173 0.1929, -0.3545 -0.9958 0.1929, -0.3576 -0.9743 0.1929, -0.3605 -0.9528 0.1929, -0.3632 -0.9313 0.1929, -0.3657 -0.9097 0.1929, -0.3687 -0.8841 0.1929, -0.3715 -0.8585 0.1929, -0.3743 -0.833 0.1929, -0.377 -0.8074 0.1929, -0.3826 -0.7562 0.1929, -0.3798 -0.7818 0.1929, -0.3855 -0.7306 0.1929, -0.3883 -0.7051 0.1929, -0.408 -0.526 0.1929, -0.4105 -0.5004 0.1929, -0.4129 -0.4748 0.1929, -0.4151 -0.4491 0.1929, -0.4219 -0.3464 0.1929, -0.423 -0.3207 0.1929, -0.4172 -0.4235 0.1929, -0.4214 -0.1664 0.1929, -0.4227 -0.1921 0.1929, -0.4242 -0.2435 0.1929, -0.4196 -0.1407 0.1929, -0.4172 -0.1151 0.1929, -0.4236 -0.2178 0.1929, -0.4078 -0.0384 0.1929, -0.4238 -0.295 0.1929, -0.4041 -0.013 0.1929, -0.1215 1.2824 0.1929, -0.1007 1.2828 0.1929, -0.2992 1.1004 0.1929, -0.4206 -0.3721 0.1929, -0.4002 0.0125 0.1929, -0.419 -0.3978 0.1929, -0.396 0.0379 0.1929, -0.3916 0.0632 0.1929, -0.3875 0.0886 0.1929, -0.3834 0.114 0.1929, -0.3751 0.1649 0.1929, -0.3792 0.1394 0.1929, -0.3678 0.2158 0.1929, -0.3713 0.1903 0.1929, -0.3564 0.3181 0.1929, 0.1574 -0.4047 0.1929, 0.1869 -0.4047 0.1929, -0.3517 0.3951 0.1929, 0.141 -0.408 0.1929, -0.351 0.4209 0.1929, 0.2958 0.2647 0.1929, 0.2988 0.2316 0.1929, 0.2992 0.1004 0.1929, 0.2936 0.2979 0.1929, -0.1379 -0.4047 0.1929, -0.3509 0.4723 0.1929, -0.3507 0.4466 0.1929, -0.0173 1.2809 0.1929, -0.0381 1.2819 0.1929, 0.0244 1.2779 0.1929, 0.0036 1.2796 0.1929, -0.3516 0.4981 0.1929, -0.3527 0.5238 0.1929, -0.0589 1.2826 0.1929, -0.3621 0.6263 0.1929, -0.3592 0.6007 0.1929, -0.1424 1.2817 0.1929, -0.3727 0.7028 0.1929, -0.3689 0.6773 0.1929, -0.3653 0.6518 0.1929, -0.381 0.7535 0.1929, -0.3768 0.7282 0.1929, -0.2461 1.2713 0.1929, -0.2255 1.2743 0.1929, -0.4081 0.9056 0.1929, -0.2667 1.2677 0.1929, -0.3075 1.2588 0.1929, -0.3276 1.2532 0.1929, -0.3899 0.8042 0.1929, -0.3945 0.8296 0.1929, -0.4125 0.9309 0.1929, -0.4157 0.9494 0.1929, -0.3475 1.2469 0.1929, -0.4187 0.9679 0.1929, -0.4215 0.9865 0.1929, -0.3668 1.2391 0.1929, -0.3971 1.2259 0.1929, -0.3855 1.23 0.1929, -0.429 1.0423 0.1929, -0.4242 1.005 0.1929, -0.4309 1.0609 0.1929, -0.4325 1.0796 0.1929, -0.4336 1.0984 0.1929, -0.4055 1.2194 0.1929, -0.4329 1.1546 0.1929, -0.4241 1.1945 0.1929, -0.419 1.2038 0.1929, -0.4334 1.1358 0.1929, -0.4128 1.2121 0.1929, -0.4339 1.1171 0.1929, -0.4281 1.1843 0.1929, -0.4304 1.1731 0.1929, -0.4267 1.0236 0.1929, -0.4036 0.8802 0.1929, -0.399 0.8549 0.1929, -0.3854 0.7789 0.1929, -0.2048 1.2769 0.1929, -0.3566 0.5751 0.1929, -0.1632 1.2805 0.1929, -0.3544 0.5495 0.1929, -0.0798 1.2829 0.1929, 0.0451 1.2759 0.1929, 0.0659 1.2736 0.1929, -0.3645 0.2413 0.1929, -0.315 -0.522 0.1929, -0.1543 -0.408 0.1929, -0.1674 -0.4147 0.1929, -0.2166 -0.5622 0.1929, 0.3619 -0.0945 0.1929, -0.1805 -0.5387 0.1929, -0.1871 -0.5253 0.1929, 0.2296 -0.4281 0.1929, -0.1543 -0.5588 0.1929, -0.1674 -0.5521 0.1929, -0.1904 -0.5086 0.1929, -0.1904 -0.4583 0.1929, -0.2691 -0.4047 0.1929, -0.1805 -0.4281 0.1929, -0.1871 -0.4415 0.1929, -0.1379 -0.5622 0.1929, -0.0591 -0.5622 0.1929, -0.0329 -0.4248 0.1929, -0.0329 -0.5622 0.1929, 0.3845 -0.1916 0.1929, -0.0329 -0.5421 0.1929, 0.404 -0.2826 0.1929, 0.0655 -0.4248 0.1929, 0.0655 -0.4683 0.1929, -0.0198 -0.4683 0.1929, -0.0198 -0.4885 0.1929, 0.0655 -0.5421 0.1929, 0.0655 -0.4885 0.1929, 0.1115 -0.522 0.1929, 0.1148 -0.5387 0.1929, 0.1279 -0.5521 0.1929, 0.141 -0.5588 0.1929, 0.1574 -0.5622 0.1929, 0.4268 -0.436 0.1929, 0.1869 -0.5622 0.1929, 0.2001 -0.5387 0.1929, 0.2001 -0.4281 0.1929, 0.2099 -0.4348 0.1929, 0.4341 -0.5599 0.1929, 0.3641 -0.5421 0.1929, 0.4095 -0.3131 0.1929, 0.3697 -0.1268 0.1929, 0.3317 0.035 0.1929, 0.325 0.0675 0.1929, 0.3185 0.1001 0.1929, 0.3126 0.1329 0.1929, 0.3073 0.1657 0.1929, 0.1574 -0.4248 0.1929, 0.1443 -0.5387 0.1929, 0.1344 -0.4348 0.1929, 0.1279 -0.4147 0.1929, 0.1148 -0.4281 0.1929, 0.2165 -0.4449 0.1929, 0.1344 -0.532 0.1929, 0.4342 -0.5909 0.1929, 0.3388 0.0025 0.1929, 0.3027 0.1986 0.1929, -0.184 1.2789 0.1929, 0.3037 1.1991 0.1929, -0.2872 1.2636 0.1929, -0.1608 -0.532 0.1929, -0.1674 -0.522 0.1929, -0.1707 -0.5086 0.1929, -0.1379 -0.5421 0.1929, -0.0788 -0.4248 0.1929, -0.0788 -0.5421 0.1929, -0.151 -0.5387 0.1929, -0.1379 -0.4248 0.1929, -0.1707 -0.4583 0.1929, -0.151 -0.4281 0.1929, -0.1608 -0.4348 0.1929, -0.1674 -0.4449 0.1929, -0.3118 -0.5086 0.1929, -0.2822 -0.4181 0.1929, -0.2527 -0.5086 0.1929, -0.189 0.8996 0.1142, -0.1739 0.8996 0.1112, -0.2992 0.8996 0.1535, -0.2962 0.8996 0.1385, -0.2877 0.8996 0.1257, -0.2749 0.8996 0.1172, -0.2598 0.8996 0.1142, 0.1526 0.8996 0.0899, 0.1611 0.8996 0.1026, -0.1611 0.8996 0.1026, -0.1526 0.8996 0.0899, 0.1496 0.8996 0.0748, 0.1496 0.8996 -1.0315, 0.0333 0.8996 -1.1773, 0.0649 0.8996 -1.1663, -0.1496 0.8996 -1.0315, -0.1459 0.8996 -1.0648, -0.1348 0.8996 -1.0964, -0.117 0.8996 -1.1248, -0.0933 0.8996 -1.1485, -0.0649 0.8996 -1.1663, -0.0333 0.8996 -1.1773, 0.0 0.8996 -1.1811, 0.1459 0.8996 -1.0648, 0.1348 0.8996 -1.0964, 0.117 0.8996 -1.1248, 0.0933 0.8996 -1.1485, 0.189 0.8996 0.1142, 0.2598 0.8996 0.1142, -0.1496 0.8996 0.0748, 0.1739 0.8996 0.1112, 0.2877 0.8996 0.1257, 0.2992 0.8996 0.1535, 0.2962 0.8996 0.1385, 0.2749 0.8996 0.1172, 0.2992 1.1004 0.1535, 0.189 1.1004 0.1142, 0.1739 1.1004 0.1112, 0.2962 1.1004 0.1385, 0.2877 1.1004 0.1257, 0.2749 1.1004 0.1172, 0.2598 1.1004 0.1142, -0.1526 1.1004 0.0899, -0.1611 1.1004 0.1026, 0.1611 1.1004 0.1026, 0.1526 1.1004 0.0899, -0.1496 1.1004 0.0748, -0.1496 1.1004 -1.0315, -0.0333 1.1004 -1.1773, -0.0649 1.1004 -1.1663, 0.1496 1.1004 -1.0315, 0.1459 1.1004 -1.0648, 0.1348 1.1004 -1.0964, 0.117 1.1004 -1.1248, 0.0933 1.1004 -1.1485, 0.0649 1.1004 -1.1663, 0.0333 1.1004 -1.1773, 0.0 1.1004 -1.1811, -0.1459 1.1004 -1.0648, -0.1348 1.1004 -1.0964, -0.117 1.1004 -1.1248, -0.0933 1.1004 -1.1485, -0.189 1.1004 0.1142, -0.2598 1.1004 0.1142, 0.1496 1.1004 0.0748, -0.1739 1.1004 0.1112, -0.2877 1.1004 0.1257, -0.2992 1.1004 0.1535, -0.2962 1.1004 0.1385, -0.2749 1.1004 0.1172, -0.189 -0.1004 0.1142, -0.1739 -0.1004 0.1112, -0.2992 -0.1004 0.1535, -0.2962 -0.1004 0.1385, -0.2877 -0.1004 0.1257, -0.2749 -0.1004 0.1172, -0.2598 -0.1004 0.1142, 0.1526 -0.1004 0.0899, 0.1611 -0.1004 0.1026, -0.1611 -0.1004 0.1026, -0.1526 -0.1004 0.0899, 0.1496 -0.1004 0.0748, 0.1496 -0.1004 -1.0315, 0.0333 -0.1004 -1.1773, 0.0649 -0.1004 -1.1663, -0.1496 -0.1004 -1.0315, -0.1459 -0.1004 -1.0648, -0.1348 -0.1004 -1.0964, -0.117 -0.1004 -1.1248, -0.0933 -0.1004 -1.1485, -0.0649 -0.1004 -1.1663, -0.0333 -0.1004 -1.1773, 0.0 -0.1004 -1.1811, 0.1459 -0.1004 -1.0648, 0.1348 -0.1004 -1.0964, 0.117 -0.1004 -1.1248, 0.0933 -0.1004 -1.1485, 0.189 -0.1004 0.1142, 0.2598 -0.1004 0.1142, -0.1496 -0.1004 0.0748, 0.1739 -0.1004 0.1112, 0.2877 -0.1004 0.1257, 0.2992 -0.1004 0.1535, 0.2962 -0.1004 0.1385, 0.2749 -0.1004 0.1172, 0.2992 0.1004 0.1535, 0.189 0.1004 0.1142, 0.1739 0.1004 0.1112, 0.2962 0.1004 0.1385, 0.2877 0.1004 0.1257, 0.2749 0.1004 0.1172, 0.2598 0.1004 0.1142, -0.1526 0.1004 0.0899, -0.1611 0.1004 0.1026, 0.1611 0.1004 0.1026, 0.1526 0.1004 0.0899, -0.1496 0.1004 0.0748, -0.1496 0.1004 -1.0315, -0.0333 0.1004 -1.1773, -0.0649 0.1004 -1.1663, 0.1496 0.1004 -1.0315, 0.1459 0.1004 -1.0648, 0.1348 0.1004 -1.0964, 0.117 0.1004 -1.1248, 0.0933 0.1004 -1.1485, 0.0649 0.1004 -1.1663, 0.0333 0.1004 -1.1773, 0.0 0.1004 -1.1811, -0.1459 0.1004 -1.0648, -0.1348 0.1004 -1.0964, -0.117 0.1004 -1.1248, -0.0933 0.1004 -1.1485, -0.189 0.1004 0.1142, -0.2598 0.1004 0.1142, 0.1496 0.1004 0.0748, -0.1739 0.1004 0.1112, -0.2877 0.1004 0.1257, -0.2992 0.1004 0.1535, -0.2962 0.1004 0.1385, -0.2749 0.1004 0.1172, -0.4538 -0.0578 0.1963, -0.4501 -0.0311 0.1963, -0.4197 -0.8125 0.1963, -0.4227 -0.7852 0.1963, -0.4625 -0.1375 0.1963, -0.4645 -0.1641 0.1963, -0.4498 -0.5407 0.1963, -0.4525 -0.5137 0.1963, -0.46 -0.1109 0.1963, -0.4571 -0.0844 0.1963, -0.4999 -0.0793 0.2067, -0.4965 -0.0521 0.2067, -0.466 -0.1907 0.1963, -0.4669 -0.2174 0.1963, -0.4673 -0.271 0.1963, -0.4411 -0.6221 0.1963, -0.4674 -0.2442 0.1963, -0.4649 -0.3517 0.1963, -0.4617 -0.4056 0.1963, -0.4634 -0.3786 0.1963, -0.466 -0.3248 0.1963, -0.4669 -0.2979 0.1963, -0.51 -0.2988 0.2067, -0.5105 -0.2714 0.2067, -0.4078 -0.9209 0.1963, -0.4045 -0.9478 0.1963, -0.4575 -0.4596 0.1963, -0.4597 -0.4326 0.1963, -0.5047 -0.4086 0.2067, -0.5027 -0.4359 0.2067, -0.4551 -0.4866 0.1963, -0.447 -0.5678 0.1963, -0.4899 -0.5724 0.2067, -0.4927 -0.5451 0.2067, -0.4441 -0.5949 0.1963, -0.4318 -0.7035 0.1963, -0.4288 -0.7308 0.1963, -0.438 -0.6492 0.1963, -0.4349 -0.6764 0.1963, -0.4257 -0.758 0.1963, -0.4686 -0.7628 0.2067, -0.4656 -0.7899 0.2067, -0.5091 -0.1889 0.2067, -0.5076 -0.1615 0.2067, -0.4168 -0.8397 0.1963, -0.4139 -0.8669 0.1963, -0.4109 -0.8939 0.1963, -0.4461 -0.0044 0.1963, -0.4473 -0.9532 0.2067, -0.4506 -0.926 0.2067, -0.393 -1.0277 0.1963, -0.3884 -1.0539 0.1963, -0.3972 -1.0012 0.1963, -0.401 -0.9746 0.1963, -0.3832 -1.0799 0.1963, -0.3236 -1.2433 0.1963, -0.4808 -1.0138 0.2242, -0.4356 -1.0348 0.2067, -0.4764 -1.0416 0.2242, -0.3774 -1.1055 0.1963, -0.3709 -1.1307 0.1963, -0.3552 -1.1792 0.1963, -0.3635 -1.1554 0.1963, -0.5416 -1.0826 0.2777, -0.5357 -1.1122 0.2777, -0.5679 -1.0906 0.311, -0.3458 -1.2021 0.1963, -0.3353 -1.2236 0.1963, -0.5211 -1.1724 0.2777, -0.5119 -1.2031 0.2777, -0.5462 -1.1844 0.311, -0.3597 -1.267 0.2067, -0.3733 -1.244 0.2067, -0.3763 -1.3143 0.2242, -0.3944 -1.2897 0.2242, -0.3443 -1.2881 0.2067, -0.2821 -1.2882 0.1963, -0.2973 -1.2755 0.1963, -0.3109 -1.2607 0.1963, -0.2644 -1.2997 0.1963, -0.2445 -1.31 0.1963, -0.3077 -1.3229 0.2067, -0.327 -1.3067 0.2067, -0.1854 -1.3743 0.2067, -0.1763 -1.3321 0.1963, -0.1521 -1.3376 0.1965, -0.3549 -1.3869 0.2483, -0.4047 -1.3882 0.2777, -0.3818 -1.3642 0.2483, -0.2 -1.3262 0.1963, -0.2229 -1.3188 0.1963, -0.2797 -1.3869 0.2242, -0.3068 -1.373 0.2242, -0.2624 -1.3492 0.2067, -0.2092 -1.4844 0.2777, -0.2426 -1.4761 0.2777, -0.2022 -1.452 0.2483, -0.2039 -1.5135 0.311, -0.1758 -1.4898 0.2769, -0.1801 -1.5176 0.311, -0.2335 -1.4441 0.2483, -0.1942 -1.4148 0.2242, -0.2506 -1.5022 0.311, -0.2274 -1.5083 0.311, -0.2761 -1.4653 0.2777, -0.2735 -1.495 0.311, -0.2961 -1.4869 0.311, -0.1587 -1.38 0.207, -0.3094 -1.4517 0.2777, -0.2956 -1.4215 0.2483, -0.2647 -1.4341 0.2483, -0.165 -1.4201 0.2242, -0.48 0.0564 0.2067, -0.4755 0.0834 0.2067, -0.4375 0.0493 0.1963, -0.4419 0.0224 0.1963, -0.4284 0.1034 0.1963, -0.433 0.0763 0.1963, -0.424 0.1305 0.1963, -0.4197 0.1577 0.1963, -0.4155 0.185 0.1963, -0.4116 0.2124 0.1963, -0.408 0.2398 0.1963, -0.4047 0.2673 0.1963, -0.4017 0.295 0.1963, -0.3992 0.3227 0.1963, -0.3971 0.3504 0.1963, -0.3955 0.3783 0.1963, -0.3944 0.4061 0.1963, -0.3938 0.4341 0.1963, -0.3938 0.462 0.1963, -0.3944 0.49 0.1963, -0.3956 0.5179 0.1963, -0.3974 0.5458 0.1963, -0.3997 0.5736 0.1963, -0.4026 0.6013 0.1963, -0.4058 0.6289 0.1963, -0.4486 0.6235 0.2067, -0.4522 0.6505 0.2067, -0.4095 0.6564 0.1963, -0.4134 0.6838 0.1963, -0.4177 0.7111 0.1963, -0.4222 0.7384 0.1963, -0.4268 0.7655 0.1963, -0.4316 0.7926 0.1963, -0.4364 0.8196 0.1963, -0.4413 0.8465 0.1963, -0.4461 0.8734 0.1963, -0.4509 0.9002 0.1963, -0.4934 0.8928 0.2067, -0.4981 0.9198 0.2067, -0.4555 0.927 0.1963, -0.46 0.9537 0.1963, -0.4641 0.9803 0.1963, -0.4679 1.0069 0.1963, -0.5983 1.0783 0.2483, -0.5604 1.0807 0.2242, -0.5582 1.052 0.2242, -0.4712 1.0334 0.1963, -0.4739 1.0597 0.1963, -0.476 1.0859 0.1963, -0.6262 1.2113 0.2777, -0.6553 1.202 0.311, -0.6511 1.2256 0.311, -0.4771 1.1117 0.1963, -0.4771 1.137 0.1963, -0.56 1.1689 0.2242, -0.5935 1.2055 0.2483, -0.5561 1.1989 0.2242, -0.4757 1.1614 0.1963, -0.5153 1.1917 0.2067, -0.5094 1.2167 0.2067, -0.4728 1.1842 0.1963, -0.4681 1.2042 0.1963, -0.5011 1.2385 0.2067, -0.4622 1.2198 0.1963, -0.4558 1.2308 0.1963, -0.4904 1.2564 0.2067, -0.4759 1.2724 0.2067, -0.5043 1.3026 0.2242, -0.4808 1.3218 0.2242, -0.4463 1.241 0.1963, -0.455 1.338 0.2242, -0.4736 1.3712 0.2483, -0.4318 1.2528 0.1963, -0.4136 1.2643 0.1963, -0.4108 1.314 0.2067, -0.4347 1.3019 0.2067, -0.3928 1.2747 0.1963, -0.3704 1.284 0.1963, -0.3313 1.4575 0.2777, -0.3241 1.425 0.2483, -0.3539 1.4178 0.2483, -0.3469 1.2922 0.1963, -0.3225 1.2993 0.1963, -0.2875 1.3937 0.2242, -0.2647 1.4361 0.2483, -0.259 1.3984 0.2242, -0.2975 1.3053 0.1963, -0.2721 1.3105 0.1963, -0.2464 1.3148 0.1963, -0.1982 1.3641 0.2067, -0.2021 1.4054 0.2242, -0.1736 1.4077 0.2242, -0.2204 1.3183 0.1963, -0.1942 1.3212 0.1963, -0.1679 1.3233 0.1963, -0.1414 1.3248 0.1963, -0.1434 1.3679 0.2067, -0.1159 1.3688 0.2067, -0.1149 1.3257 0.1963, -0.0884 1.326 0.1963, -0.0618 1.3257 0.1963, -0.0334 1.368 0.2067, -0.0059 1.3666 0.2067, -0.0352 1.3249 0.1963, 0.0215 1.3647 0.2067, -0.0086 1.3235 0.1963, 0.053 1.4034 0.2242, 0.0489 1.3622 0.2067, -0.0034 1.408 0.2242, -0.0011 1.4459 0.2483, 0.0279 1.4439 0.2483, 0.0568 1.4413 0.2483, 0.0248 1.406 0.2242, 0.0601 1.4743 0.2777, 0.093 1.4981 0.311, 0.0896 1.4703 0.2769, 0.0691 1.5008 0.311, 0.0446 1.3192 0.1963, 0.018 1.3216 0.1963, 0.0711 1.3173 0.1965, -0.2376 -1.3594 0.2067, -0.2118 -1.3677 0.2067, -0.286 -1.3371 0.2067, -0.4058 -1.3384 0.2483, -0.4315 -1.3595 0.2777, -0.4881 -1.2657 0.2777, -0.5233 -1.2528 0.311, -0.501 -1.2342 0.2777, -0.3852 -1.2197 0.2067, -0.3956 -1.1945 0.2067, -0.4046 -1.1686 0.2067, -0.4125 -1.1423 0.2067, -0.4194 -1.1157 0.2067, -0.4254 -1.0888 0.2067, -0.4308 -1.0619 0.2067, -0.4399 -1.0076 0.2067, -0.4438 -0.9804 0.2067, -0.4538 -0.8988 0.2067, -0.4949 -0.9034 0.2242, -0.498 -0.876 0.2242, -0.4568 -0.8715 0.2067, -0.4597 -0.8443 0.2067, -0.4626 -0.8171 0.2067, -0.4716 -0.7356 0.2067, -0.4747 -0.7084 0.2067, -0.5159 -0.7131 0.2242, -0.519 -0.6859 0.2242, -0.4778 -0.6812 0.2067, -0.4809 -0.654 0.2067, -0.4839 -0.6268 0.2067, -0.487 -0.5996 0.2067, -0.4955 -0.5179 0.2067, -0.5367 -0.5219 0.2242, -0.5393 -0.4944 0.2242, -0.4981 -0.4906 0.2067, -0.5005 -0.4633 0.2067, -0.5065 -0.3812 0.2067, -0.5478 -0.3836 0.2242, -0.5493 -0.3558 0.2242, -0.5079 -0.3538 0.2067, -0.5091 -0.3263 0.2067, -0.5515 -0.2154 0.2242, -0.552 -0.2436 0.2242, -0.5895 -0.2145 0.2483, -0.5105 -0.2439 0.2067, -0.5101 -0.2164 0.2067, -0.5442 -0.1026 0.2242, -0.5468 -0.1307 0.2242, -0.582 -0.0988 0.2483, -0.5055 -0.1341 0.2067, -0.5029 -0.1067 0.2067, -0.4928 -0.0248 0.2067, -0.5338 -0.0188 0.2242, -0.5297 0.0087 0.2242, -0.4888 0.0023 0.2067, -0.4845 0.0294 0.2067, -0.471 0.1104 0.2067, -0.4666 0.1374 0.2067, -0.5075 0.1439 0.2242, -0.5032 0.1707 0.2242, -0.4623 0.1643 0.2067, -0.4582 0.1913 0.2067, -0.4544 0.2182 0.2067, -0.4508 0.2452 0.2067, -0.4476 0.2722 0.2067, -0.4447 0.2992 0.2067, -0.4422 0.3263 0.2067, -0.4401 0.3533 0.2067, -0.4386 0.3804 0.2067, -0.4375 0.4074 0.2067, -0.4369 0.4345 0.2067, -0.4369 0.4615 0.2067, -0.4375 0.4886 0.2067, -0.4387 0.5156 0.2067, -0.4404 0.5426 0.2067, -0.4427 0.5696 0.2067, -0.4455 0.5966 0.2067, -0.4561 0.6774 0.2067, -0.4603 0.7043 0.2067, -0.4647 0.7312 0.2067, -0.4693 0.7581 0.2067, -0.5101 0.751 0.2242, -0.5148 0.7778 0.2242, -0.4741 0.785 0.2067, -0.4789 0.8119 0.2067, -0.4837 0.8388 0.2067, -0.4886 0.8658 0.2067, -0.5026 0.9468 0.2067, -0.5435 0.9403 0.2242, -0.5478 0.9678 0.2242, -0.5068 0.974 0.2067, -0.5106 1.0012 0.2067, -0.5141 1.0284 0.2067, -0.5169 1.0558 0.2067, -0.519 1.0832 0.2067, -0.5202 1.1107 0.2067, -0.5202 1.1381 0.2067, -0.5187 1.1652 0.2067, -0.6026 1.2875 0.2777, -0.5727 1.273 0.2483, -0.5855 1.2396 0.2483, -0.5809 1.3233 0.2777, -0.5542 1.3036 0.2483, -0.5532 1.3545 0.2777, -0.5304 1.3303 0.2483, -0.4568 1.288 0.2067, -0.4256 1.4298 0.2777, -0.4074 1.4652 0.311, -0.3939 1.4408 0.2777, -0.3857 1.3244 0.2067, -0.3599 1.3333 0.2067, -0.3335 1.341 0.2067, -0.3069 1.3475 0.2067, -0.2799 1.3529 0.2067, -0.2528 1.3575 0.2067, -0.2256 1.3612 0.2067, -0.1708 1.3663 0.2067, -0.06 1.4103 0.2242, -0.0884 1.4105 0.2242, -0.0593 1.4483 0.2483, -0.0884 1.3691 0.2067, -0.0609 1.3688 0.2067, 0.0856 1.4374 0.2477, 0.0763 1.3599 0.207, -0.1707 -1.4571 0.2477, -0.2517 -1.3983 0.2242, -0.2232 -1.4076 0.2242, -0.3746 -1.4136 0.2777, -0.3812 -1.4424 0.311, -0.4004 -1.4281 0.311, -0.3323 -1.3563 0.2242, -0.3556 -1.3367 0.2242, -0.4726 -1.2973 0.2777, -0.4539 -1.3288 0.2777, -0.4925 -1.3181 0.311, -0.4099 -1.2636 0.2242, -0.4231 -1.2366 0.2242, -0.4344 -1.2091 0.2242, -0.4441 -1.1813 0.2242, -0.4524 -1.1534 0.2242, -0.4596 -1.1254 0.2242, -0.466 -1.0974 0.2242, -0.4715 -1.0695 0.2242, -0.5861 -0.9718 0.311, -0.5591 -0.9673 0.2777, -0.5554 -0.9957 0.2777, -0.4848 -0.9861 0.2242, -0.4884 -0.9584 0.2242, -0.4918 -0.9308 0.2242, -0.5387 -0.8528 0.2483, -0.5009 -0.8488 0.2242, -0.5038 -0.8216 0.2242, -0.5068 -0.7944 0.2242, -0.5098 -0.7673 0.2242, -0.5128 -0.7402 0.2242, -0.5599 -0.663 0.2483, -0.5221 -0.6587 0.2242, -0.5251 -0.6314 0.2242, -0.5281 -0.6041 0.2242, -0.5311 -0.5768 0.2242, -0.534 -0.5494 0.2242, -0.5797 -0.47 0.2483, -0.5418 -0.4668 0.2242, -0.544 -0.4391 0.2242, -0.546 -0.4114 0.2242, -0.5886 -0.3292 0.2483, -0.5506 -0.3278 0.2242, -0.5514 -0.2998 0.2242, -0.5519 -0.2717 0.2242, -0.5505 -0.1872 0.2242, -0.5489 -0.159 0.2242, -0.5411 -0.0745 0.2242, -0.5376 -0.0466 0.2242, -0.5629 0.0422 0.2483, -0.5254 0.0361 0.2242, -0.5209 0.0633 0.2242, -0.5164 0.0903 0.2242, -0.5119 0.1172 0.2242, -0.4992 0.1973 0.2242, -0.4954 0.2239 0.2242, -0.5296 0.2552 0.2483, -0.4919 0.2504 0.2242, -0.4887 0.2769 0.2242, -0.4859 0.3033 0.2242, -0.4835 0.3298 0.2242, -0.4815 0.3561 0.2242, -0.48 0.3824 0.2242, -0.4789 0.4087 0.2242, -0.4784 0.4349 0.2242, -0.4784 0.4611 0.2242, -0.4789 0.4872 0.2242, -0.48 0.5134 0.2242, -0.4817 0.5396 0.2242, -0.484 0.5658 0.2242, -0.4866 0.592 0.2242, -0.4898 0.6183 0.2242, -0.4933 0.6448 0.2242, -0.4971 0.6712 0.2242, -0.5012 0.6978 0.2242, -0.5056 0.7244 0.2242, -0.5197 0.8046 0.2242, -0.562 0.8247 0.2483, -0.5245 0.8315 0.2242, -0.5294 0.8585 0.2242, -0.5342 0.8856 0.2242, -0.5389 0.9128 0.2242, -0.6528 1.0102 0.311, -0.626 1.0155 0.2777, -0.6223 0.9862 0.2777, -0.5517 0.9956 0.2242, -0.5552 1.0237 0.2242, -0.5616 1.1097 0.2242, -0.5616 1.1391 0.2242, -0.5491 1.2286 0.2242, -0.5384 1.2565 0.2242, -0.5237 1.281 0.2242, -0.4898 1.4002 0.2777, -0.517 1.4161 0.311, -0.496 1.428 0.311, -0.428 1.3517 0.2242, -0.4004 1.3631 0.2242, -0.3724 1.3728 0.2242, -0.3442 1.381 0.2242, -0.3159 1.3879 0.2242, -0.2306 1.4023 0.2242, -0.123 1.5087 0.311, -0.1184 1.4815 0.2777, -0.1484 1.4805 0.2777, -0.1452 1.4093 0.2242, -0.1168 1.4102 0.2242, -0.0317 1.4094 0.2242, 0.0812 1.4003 0.2242, -0.3258 -1.4059 0.2483, -0.4262 -1.3106 0.2483, -0.4434 -1.2816 0.2483, -0.4578 -1.2521 0.2483, -0.47 -1.2225 0.2483, -0.4803 -1.1929 0.2483, -0.489 -1.1635 0.2483, -0.4966 -1.1343 0.2483, -0.5032 -1.1053 0.2483, -0.5089 -1.0765 0.2483, -0.514 -1.0479 0.2483, -0.5185 -1.0194 0.2483, -0.5225 -0.9912 0.2483, -0.5262 -0.9631 0.2483, -0.5296 -0.9353 0.2483, -0.5327 -0.9076 0.2483, -0.5358 -0.8801 0.2483, -0.5416 -0.8256 0.2483, -0.5806 -0.7752 0.2777, -0.5776 -0.8022 0.2777, -0.6075 -0.7807 0.311, -0.5446 -0.7986 0.2483, -0.5476 -0.7715 0.2483, -0.5506 -0.7445 0.2483, -0.5537 -0.7174 0.2483, -0.5568 -0.6902 0.2483, -0.5629 -0.6357 0.2483, -0.602 -0.5843 0.2777, -0.599 -0.6119 0.2777, -0.6288 -0.5895 0.311, -0.566 -0.6083 0.2483, -0.5689 -0.5808 0.2483, -0.5718 -0.5532 0.2483, -0.5746 -0.5256 0.2483, -0.5772 -0.4979 0.2483, -0.6171 -0.4163 0.2777, -0.6151 -0.4447 0.2777, -0.644 -0.4219 0.311, -0.5819 -0.4421 0.2483, -0.584 -0.414 0.2483, -0.5858 -0.3859 0.2483, -0.5873 -0.3576 0.2483, -0.6232 -0.2723 0.2777, -0.6227 -0.3014 0.2777, -0.6502 -0.2778 0.311, -0.5895 -0.3007 0.2483, -0.59 -0.272 0.2483, -0.59 -0.2433 0.2483, -0.62 -0.1547 0.2777, -0.6217 -0.1842 0.2777, -0.6474 -0.1576 0.311, -0.5885 -0.1856 0.2483, -0.5869 -0.1567 0.2483, -0.5847 -0.1277 0.2483, -0.6082 -0.0371 0.2777, -0.6118 -0.0662 0.2777, -0.6359 -0.038 0.311, -0.5788 -0.0701 0.2483, -0.5753 -0.0415 0.2483, -0.5714 -0.0133 0.2483, -0.5673 0.0146 0.2483, -0.5867 0.102 0.2777, -0.5912 0.075 0.2777, -0.6143 0.1047 0.311, -0.5585 0.0695 0.2483, -0.5539 0.0965 0.2483, -0.5494 0.1234 0.2483, -0.5451 0.15 0.2483, -0.5408 0.1765 0.2483, -0.5368 0.2028 0.2483, -0.5331 0.2291 0.2483, -0.5265 0.2812 0.2483, -0.5238 0.3071 0.2483, -0.5214 0.3329 0.2483, -0.5194 0.3587 0.2483, -0.5179 0.3843 0.2483, -0.5169 0.4098 0.2483, -0.5164 0.4353 0.2483, -0.5164 0.4606 0.2483, -0.5169 0.486 0.2483, -0.518 0.5114 0.2483, -0.5197 0.5368 0.2483, -0.5244 0.5878 0.2483, -0.5218 0.5622 0.2483, -0.5575 0.5842 0.2777, -0.5275 0.6136 0.2483, -0.5309 0.6395 0.2483, -0.5347 0.6656 0.2483, -0.5388 0.6918 0.2483, -0.5431 0.7181 0.2483, -0.5476 0.7445 0.2483, -0.5523 0.7711 0.2483, -0.5571 0.7978 0.2483, -0.6044 0.8732 0.2777, -0.5995 0.8459 0.2777, -0.6311 0.8676 0.311, -0.5668 0.8517 0.2483, -0.5717 0.879 0.2483, -0.5764 0.9065 0.2483, -0.581 0.9342 0.2483, -0.5854 0.9622 0.2483, -0.5894 0.9906 0.2483, -0.593 1.0193 0.2483, -0.5961 1.0486 0.2483, -0.6329 1.108 0.2777, -0.5997 1.1088 0.2483, -0.5997 1.14 0.2483, -0.5979 1.1723 0.2483, -0.6455 1.2489 0.311, -0.6174 1.2491 0.2777, -0.5028 1.3528 0.2483, -0.4746 1.4389 0.311, -0.4576 1.4165 0.2777, -0.4438 1.3863 0.2483, -0.4138 1.3987 0.2483, -0.3838 1.4091 0.2483, -0.2944 1.4311 0.2483, -0.2391 1.473 0.2777, -0.2351 1.4401 0.2483, -0.2057 1.4432 0.2483, -0.1762 1.4456 0.2483, -0.1469 1.4473 0.2483, -0.1176 1.4483 0.2483, -0.0884 1.4486 0.2483, 0.0009 1.4791 0.2777, -0.0288 1.4806 0.2777, -0.0028 1.5066 0.311, -0.0302 1.4474 0.2483, -0.3425 -1.4347 0.2777, -0.4359 -1.3956 0.311, -0.5289 -1.1421 0.2777, -0.5467 -1.0533 0.2777, -0.5513 -1.0244 0.2777, -0.5626 -0.9392 0.2777, -0.5658 -0.9113 0.2777, -0.5688 -0.8837 0.2777, -0.5717 -0.8564 0.2777, -0.5746 -0.8292 0.2777, -0.5836 -0.7482 0.2777, -0.5867 -0.7211 0.2777, -0.5898 -0.694 0.2777, -0.5929 -0.6667 0.2777, -0.5959 -0.6394 0.2777, -0.6049 -0.5566 0.2777, -0.6076 -0.5288 0.2777, -0.6103 -0.5009 0.2777, -0.6128 -0.4729 0.2777, -0.6189 -0.3878 0.2777, -0.6205 -0.3592 0.2777, -0.6218 -0.3304 0.2777, -0.6232 -0.2431 0.2777, -0.6227 -0.2137 0.2777, -0.6178 -0.1251 0.2777, -0.615 -0.0955 0.2777, -0.6043 -0.0084 0.2777, -0.6001 0.0198 0.2777, -0.5957 0.0476 0.2777, -0.5822 0.1288 0.2777, -0.5778 0.1553 0.2777, -0.5737 0.1816 0.2777, -0.5697 0.2077 0.2777, -0.566 0.2336 0.2777, -0.5626 0.2594 0.2777, -0.5595 0.285 0.2777, -0.5568 0.3104 0.2777, -0.5545 0.3357 0.2777, -0.5526 0.3609 0.2777, -0.5511 0.3859 0.2777, -0.5501 0.4108 0.2777, -0.5496 0.4356 0.2777, -0.5496 0.4603 0.2777, -0.5501 0.4849 0.2777, -0.5512 0.5096 0.2777, -0.5528 0.5343 0.2777, -0.5549 0.5591 0.2777, -0.5605 0.6094 0.2777, -0.5906 0.6306 0.311, -0.5638 0.6349 0.2777, -0.5676 0.6606 0.2777, -0.5716 0.6865 0.2777, -0.5758 0.7126 0.2777, -0.5803 0.7388 0.2777, -0.585 0.7653 0.2777, -0.5898 0.7919 0.2777, -0.5946 0.8188 0.2777, -0.6092 0.9009 0.2777, -0.6138 0.9289 0.2777, -0.6182 0.9573 0.2777, -0.6291 1.0455 0.2777, -0.6315 1.0763 0.2777, -0.6591 1.082 0.311, -0.6329 1.1409 0.2777, -0.631 1.1752 0.2777, -0.6386 1.272 0.311, -0.6184 1.3154 0.311, -0.5908 1.3546 0.311, -0.522 1.3799 0.2777, -0.3625 1.4499 0.2777, -0.3611 1.4785 0.311, -0.3004 1.4637 0.2777, -0.2697 1.4689 0.2777, -0.2668 1.497 0.311, -0.2088 1.4763 0.2777, -0.1785 1.4788 0.2777, -0.0884 1.4818 0.2777, -0.0586 1.4815 0.2777, 0.0305 1.477 0.2777, -0.3183 -1.4776 0.311, -0.3399 -1.4671 0.311, -0.3609 -1.4554 0.311, -0.4187 -1.4124 0.311, -0.4518 -1.3776 0.311, -0.4666 -1.3585 0.311, -0.4801 -1.3387 0.311, -0.5037 -1.2966 0.311, -0.514 -1.275 0.311, -0.5316 -1.2301 0.311, -0.5393 -1.2074 0.311, -0.5524 -1.1611 0.311, -0.5581 -1.1377 0.311, -0.5632 -1.1142 0.311, -0.5722 -1.067 0.311, -0.5761 -1.0433 0.311, -0.5797 -1.0195 0.311, -0.583 -0.9957 0.311, -0.589 -0.9479 0.311, -0.5918 -0.9241 0.311, -0.5944 -0.9002 0.311, -0.5971 -0.8763 0.311, -0.5997 -0.8524 0.311, -0.6023 -0.8285 0.311, -0.6049 -0.8046 0.311, -0.6102 -0.7568 0.311, -0.6128 -0.7329 0.311, -0.6155 -0.709 0.311, -0.6182 -0.6851 0.311, -0.6209 -0.6612 0.311, -0.6236 -0.6373 0.311, -0.6262 -0.6134 0.311, -0.6313 -0.5656 0.311, -0.6338 -0.5417 0.311, -0.6361 -0.5177 0.311, -0.6383 -0.4938 0.311, -0.6403 -0.4698 0.311, -0.6422 -0.4459 0.311, -0.6456 -0.3979 0.311, -0.647 -0.3739 0.311, -0.6483 -0.3499 0.311, -0.6492 -0.3259 0.311, -0.6498 -0.3018 0.311, -0.6503 -0.2537 0.311, -0.6502 -0.2297 0.311, -0.6497 -0.2057 0.311, -0.6487 -0.1816 0.311, -0.6457 -0.1336 0.311, -0.6437 -0.1097 0.311, -0.6415 -0.0857 0.311, -0.6388 -0.0618 0.311, -0.6326 -0.0141 0.311, -0.6292 0.0097 0.311, -0.6257 0.0335 0.311, -0.6221 0.0572 0.311, -0.6183 0.081 0.311, -0.6103 0.1284 0.311, -0.6065 0.1521 0.311, -0.6027 0.1759 0.311, -0.5991 0.1997 0.311, -0.5955 0.2234 0.311, -0.592 0.2472 0.311, -0.5888 0.271 0.311, -0.5859 0.2949 0.311, -0.5834 0.3188 0.311, -0.5812 0.3428 0.311, -0.5795 0.3668 0.311, -0.5782 0.3908 0.311, -0.5773 0.4148 0.311, -0.5769 0.4388 0.311, -0.577 0.4629 0.311, -0.5776 0.4869 0.311, -0.5787 0.5109 0.311, -0.5803 0.5349 0.311, -0.5823 0.5589 0.311, -0.5847 0.5828 0.311, -0.5875 0.6067 0.311, -0.594 0.6544 0.311, -0.5977 0.6782 0.311, -0.6015 0.7019 0.311, -0.6056 0.7256 0.311, -0.6098 0.7493 0.311, -0.614 0.7729 0.311, -0.6183 0.7966 0.311, -0.6226 0.8203 0.311, -0.6268 0.8439 0.311, -0.6351 0.8913 0.311, -0.6391 0.915 0.311, -0.643 0.9387 0.311, -0.6465 0.9625 0.311, -0.6498 0.9863 0.311, -0.6554 1.0341 0.311, -0.6575 1.058 0.311, -0.66 1.106 0.311, -0.6603 1.1301 0.311, -0.6596 1.1541 0.311, -0.6579 1.178 0.311, -0.6294 1.2941 0.311, -0.6055 1.3359 0.311, -0.5742 1.3721 0.311, -0.5561 1.3883 0.311, -0.5372 1.4029 0.311, -0.4525 1.4486 0.311, -0.4301 1.4573 0.311, -0.3843 1.4722 0.311, -0.3377 1.4841 0.311, -0.3141 1.4889 0.311, -0.2905 1.4933 0.311, -0.2429 1.5001 0.311, -0.219 1.5028 0.311, -0.1951 1.5049 0.311, -0.1711 1.5066 0.311, -0.1471 1.5079 0.311, -0.099 1.509 0.311, -0.0749 1.509 0.311, -0.0509 1.5086 0.311, -0.0269 1.5078 0.311, 0.0212 1.5051 0.311, 0.0451 1.5031 0.311, 0.353 0.5441 0.1963, 0.3725 0.6469 0.1963, 0.3657 0.6128 0.1963, 0.3794 0.6807 0.1963, 0.3591 0.5786 0.1963, 0.3863 0.7144 0.1963, 0.399 0.7813 0.1963, 0.3929 0.7479 0.1963, 0.4148 0.6382 0.2067, 0.408 0.6045 0.2067, 0.3475 0.5094 0.1963, 0.4353 0.7398 0.2067, 0.476 0.732 0.2242, 0.4692 0.6976 0.2242, 0.4092 0.8477 0.1963, 0.4128 0.8808 0.1963, 0.4045 0.8145 0.1963, 0.4152 0.9138 0.1963, 0.4164 0.9467 0.1963, 0.5525 0.7543 0.2777, 0.5586 0.7909 0.2777, 0.5804 0.7547 0.311, 0.4163 0.9796 0.1963, 0.4147 1.0123 0.1963, 0.4116 1.0446 0.1963, 0.568 0.8664 0.2777, 0.5708 0.9051 0.2777, 0.5956 0.8695 0.311, 0.4003 1.1073 0.1963, 0.4069 1.0763 0.1963, 0.3917 1.1369 0.1963, 0.537 1.0209 0.2482, 0.5721 0.9836 0.2777, 0.5389 0.9827 0.2482, 0.3143 1.2447 0.1963, 0.3681 1.1896 0.1963, 0.3809 1.1648 0.1963, 0.5276 1.098 0.2482, 0.5663 1.0633 0.2777, 0.5334 1.0593 0.2482, 0.3532 1.2107 0.1963, 0.3358 1.2285 0.1963, 0.4405 1.2333 0.2242, 0.4581 1.1992 0.2242, 0.405 1.2119 0.2067, 0.508 1.1759 0.2482, 0.5515 1.1449 0.2777, 0.5193 1.1369 0.2482, 0.2892 1.2593 0.1963, 0.2615 1.272 0.1963, 0.3642 1.261 0.2067, 0.3864 1.2382 0.2067, 0.3381 1.2807 0.2067, 0.232 1.2829 0.1963, 0.3609 1.3153 0.2242, 0.3279 1.3345 0.2242, 0.3818 1.3471 0.2482, 0.2011 1.2921 0.1963, 0.1694 1.2999 0.1963, 0.3453 1.3683 0.2482, 0.308 1.3855 0.2482, 0.3605 1.3979 0.2777, 0.137 1.3064 0.1963, 0.1105 1.3545 0.2067, 0.1166 1.3955 0.2242, 0.1959 1.4196 0.2482, 0.159 1.427 0.2482, 0.2031 1.452 0.2777, 0.1503 1.49 0.311, 0.1788 1.4849 0.311, 0.1649 1.4597 0.2777, 0.1217 1.4944 0.311, 0.1271 1.466 0.2777, 0.1222 1.4331 0.2482, 0.3182 1.4464 0.311, 0.345 1.4354 0.311, 0.3206 1.4162 0.2777, 0.1042 1.3118 0.1963, 0.3429 0.4745 0.1963, 0.3393 0.4394 0.1963, 0.3368 0.404 0.1963, 0.3355 0.3686 0.1963, 0.3355 0.3331 0.1963, 0.3367 0.2977 0.1963, 0.339 0.2624 0.1963, 0.3425 0.2273 0.1963, 0.3468 0.1924 0.1963, 0.352 0.1576 0.1963, 0.3579 0.123 0.1963, 0.3644 0.0886 0.1963, 0.4209 0.0298 0.2067, 0.3714 0.0544 0.1963, 0.4136 0.0634 0.2067, 0.3788 0.0204 0.1963, 0.3866 -0.0135 0.1963, 0.3946 -0.0472 0.1963, 0.4026 -0.0809 0.1963, 0.4107 -0.1144 0.1963, 0.5089 -0.1623 0.2242, 0.5166 -0.1965 0.2242, 0.4685 -0.1715 0.2067, 0.4187 -0.1478 0.1963, 0.4265 -0.1812 0.1963, 0.4339 -0.2145 0.1963, 0.5804 -0.3295 0.2482, 0.5428 -0.3352 0.2242, 0.5371 -0.3002 0.2242, 0.441 -0.2478 0.1963, 0.4476 -0.2811 0.1963, 0.4537 -0.3144 0.1963, 0.4591 -0.3478 0.1963, 0.4639 -0.3813 0.1963, 0.5067 -0.3757 0.2067, 0.5108 -0.4101 0.2067, 0.4679 -0.4148 0.1963, 0.4713 -0.4484 0.1963, 0.4739 -0.482 0.1963, 0.633 -0.5834 0.2777, 0.6598 -0.617 0.311, 0.6324 -0.6209 0.2777, 0.4757 -0.5157 0.1963, 0.4769 -0.5493 0.1963, 0.4772 -0.583 0.1963, 0.6247 -0.7339 0.2777, 0.6283 -0.6962 0.2777, 0.6526 -0.7326 0.311, 0.4766 -0.6165 0.1963, 0.4753 -0.6501 0.1963, 0.473 -0.6835 0.1963, 0.6141 -0.8093 0.2777, 0.6349 -0.8471 0.311, 0.6071 -0.8468 0.2777, 0.4698 -0.7168 0.1963, 0.4656 -0.75 0.1963, 0.5784 -0.9586 0.2777, 0.5892 -0.9216 0.2777, 0.6067 -0.9594 0.311, 0.4605 -0.7829 0.1963, 0.4544 -0.8157 0.1963, 0.4472 -0.8482 0.1963, 0.4389 -0.8804 0.1963, 0.5218 -1.0196 0.2482, 0.5349 -0.9843 0.2482, 0.5527 -1.0317 0.2777, 0.4296 -0.9122 0.1963, 0.4192 -0.9437 0.1963, 0.5036 -1.1381 0.2777, 0.5215 -1.1031 0.2777, 0.5301 -1.1468 0.311, 0.4076 -0.9747 0.1963, 0.4916 -1.0886 0.2482, 0.4744 -1.1225 0.2482, 0.4573 -1.0721 0.2242, 0.395 -1.0053 0.1963, 0.4043 -1.085 0.2067, 0.3812 -1.0353 0.1963, 0.42 -1.0541 0.2067, 0.3873 -1.1152 0.2067, 0.4229 -1.1363 0.2242, 0.4556 -1.1557 0.2482, 0.4627 -1.2063 0.2772, 0.4353 -1.1883 0.2483, 0.4408 -1.1045 0.2242, 0.4842 -1.1727 0.2777, 0.5014 -1.1971 0.311, 0.4859 -1.2216 0.311, 0.3663 -1.0646 0.1963, 0.3502 -1.0931 0.1963, 0.3356 -1.1225 0.1968, 0.2992 -1.0962 0.1929, 0.2992 -1.0985 0.1929, 0.1787 1.342 0.2067, 0.2124 1.3338 0.2067, 0.1448 1.3489 0.2067, 0.2455 1.3238 0.2067, 0.2778 1.3119 0.2067, 0.3089 1.2977 0.2067, 0.4165 1.3207 0.2482, 0.3915 1.2921 0.2242, 0.5015 1.2701 0.2777, 0.4731 1.2529 0.2482, 0.4476 1.2889 0.2482, 0.4203 1.1824 0.2067, 0.4326 1.1506 0.2067, 0.4422 1.1177 0.2067, 0.4493 1.084 0.2067, 0.4545 1.0498 0.2067, 0.4578 1.0153 0.2067, 0.4594 0.9807 0.2067, 0.4595 0.946 0.2067, 0.4583 0.9114 0.2067, 0.4558 0.8768 0.2067, 0.452 0.8423 0.2067, 0.4472 0.808 0.2067, 0.4415 0.7738 0.2067, 0.4286 0.7058 0.2067, 0.4217 0.672 0.2067, 0.4015 0.5707 0.2067, 0.4422 0.5632 0.2242, 0.4364 0.5301 0.2242, 0.3955 0.537 0.2067, 0.3902 0.5032 0.2067, 0.3857 0.4694 0.2067, 0.3822 0.4356 0.2067, 0.3799 0.4017 0.2067, 0.3787 0.3678 0.2067, 0.3786 0.3339 0.2067, 0.3798 0.3 0.2067, 0.382 0.266 0.2067, 0.3853 0.2321 0.2067, 0.3896 0.1982 0.2067, 0.3946 0.1644 0.2067, 0.4003 0.1307 0.2067, 0.4067 0.097 0.2067, 0.4286 -0.0037 0.2067, 0.469 0.0057 0.2242, 0.4768 -0.0276 0.2242, 0.4365 -0.0372 0.2067, 0.4446 -0.0707 0.2067, 0.4527 -0.1043 0.2067, 0.4607 -0.1378 0.2067, 0.4761 -0.2053 0.2067, 0.4833 -0.2391 0.2067, 0.49 -0.2731 0.2067, 0.4962 -0.3072 0.2067, 0.5018 -0.3414 0.2067, 0.6581 -0.5012 0.311, 0.6314 -0.5087 0.2777, 0.6294 -0.4715 0.2777, 0.5142 -0.4446 0.2067, 0.5169 -0.4791 0.2067, 0.5188 -0.5138 0.2067, 0.52 -0.5484 0.2067, 0.5203 -0.5831 0.2067, 0.5198 -0.6178 0.2067, 0.5184 -0.6524 0.2067, 0.516 -0.687 0.2067, 0.5127 -0.7215 0.2067, 0.5084 -0.7559 0.2067, 0.503 -0.7902 0.2067, 0.4966 -0.8243 0.2067, 0.4891 -0.8582 0.2067, 0.4805 -0.8918 0.2067, 0.4708 -0.9251 0.2067, 0.4599 -0.958 0.2067, 0.4478 -0.9905 0.2067, 0.4345 -1.0226 0.2067, 0.1877 1.3825 0.2242, 0.2232 1.3738 0.2242, 0.1522 1.3896 0.2242, 0.2586 1.3632 0.2242, 0.2936 1.3503 0.2242, 0.4183 1.2647 0.2242, 0.5395 1.1864 0.2777, 0.5593 1.2125 0.311, 0.5687 1.1851 0.311, 0.4719 1.1638 0.2242, 0.4824 1.1277 0.2242, 0.4901 1.0913 0.2242, 0.4956 1.0547 0.2242, 0.4991 1.0182 0.2242, 0.5008 0.9817 0.2242, 0.501 0.9454 0.2242, 0.4997 0.9091 0.2242, 0.497 0.873 0.2242, 0.4931 0.8372 0.2242, 0.4881 0.8017 0.2242, 0.4824 0.7667 0.2242, 0.5525 0.6126 0.311, 0.5252 0.6157 0.2777, 0.5321 0.6493 0.2777, 0.4623 0.6636 0.2242, 0.4554 0.6299 0.2242, 0.4486 0.5965 0.2242, 0.4312 0.4972 0.2242, 0.4269 0.4645 0.2242, 0.4235 0.4319 0.2242, 0.4212 0.3995 0.2242, 0.4201 0.3671 0.2242, 0.42 0.3347 0.2242, 0.4211 0.3021 0.2242, 0.4613 0.2726 0.2482, 0.4233 0.2695 0.2242, 0.4265 0.2367 0.2242, 0.4306 0.2038 0.2242, 0.4355 0.1709 0.2242, 0.4411 0.138 0.2242, 0.4474 0.105 0.2242, 0.4541 0.072 0.2242, 0.4614 0.0389 0.2242, 0.5218 -0.052 0.2482, 0.4849 -0.061 0.2242, 0.4929 -0.0945 0.2242, 0.501 -0.1283 0.2242, 0.6267 -0.2426 0.311, 0.6008 -0.2523 0.2777, 0.5937 -0.2166 0.2777, 0.5239 -0.2309 0.2242, 0.5308 -0.2655 0.2242, 0.5477 -0.3703 0.2242, 0.552 -0.4055 0.2242, 0.5555 -0.4409 0.2242, 0.5583 -0.4763 0.2242, 0.5602 -0.5119 0.2242, 0.5614 -0.5475 0.2242, 0.5617 -0.5832 0.2242, 0.5612 -0.6189 0.2242, 0.5597 -0.6547 0.2242, 0.5573 -0.6904 0.2242, 0.5539 -0.7261 0.2242, 0.5494 -0.7617 0.2242, 0.5439 -0.7972 0.2242, 0.5372 -0.8326 0.2242, 0.5294 -0.8678 0.2242, 0.5205 -0.9027 0.2242, 0.5103 -0.9374 0.2242, 0.499 -0.9717 0.2242, 0.4864 -1.0057 0.2242, 0.4725 -1.0391 0.2242, 0.371 -1.1459 0.2075, 0.2331 1.4105 0.2482, 0.2705 1.3993 0.2482, 0.4661 1.3574 0.311, 0.4384 1.3457 0.2777, 0.4442 1.3764 0.311, 0.4863 1.3367 0.311, 0.4732 1.3101 0.2777, 0.4929 1.2147 0.2482, 0.539 0.9447 0.2482, 0.5376 0.9069 0.2482, 0.5349 0.8695 0.2482, 0.5308 0.8325 0.2482, 0.5257 0.796 0.2482, 0.5198 0.7601 0.2482, 0.5133 0.7248 0.2482, 0.5065 0.6901 0.2482, 0.4995 0.656 0.2482, 0.4926 0.6223 0.2482, 0.4859 0.5891 0.2482, 0.4796 0.5563 0.2482, 0.4739 0.5238 0.2482, 0.4688 0.4917 0.2482, 0.4646 0.46 0.2482, 0.4614 0.4286 0.2482, 0.4592 0.3974 0.2482, 0.4581 0.3664 0.2482, 0.4581 0.3354 0.2482, 0.4591 0.3041 0.2482, 0.4643 0.2409 0.2482, 0.4683 0.209 0.2482, 0.4731 0.1769 0.2482, 0.5385 0.1531 0.311, 0.5173 0.1188 0.2777, 0.5112 0.1506 0.2777, 0.4786 0.1447 0.2482, 0.4847 0.1124 0.2482, 0.4913 0.0799 0.2482, 0.4985 0.0472 0.2482, 0.506 0.0143 0.2482, 0.5138 -0.0187 0.2482, 0.5622 -0.0778 0.2777, 0.5958 -0.1012 0.311, 0.5703 -0.1118 0.2777, 0.5299 -0.0856 0.2482, 0.538 -0.1195 0.2482, 0.546 -0.1538 0.2482, 0.5537 -0.1884 0.2482, 0.5612 -0.2233 0.2482, 0.5681 -0.2584 0.2482, 0.5746 -0.2939 0.2482, 0.6184 -0.361 0.2777, 0.5855 -0.3653 0.2482, 0.5898 -0.4013 0.2482, 0.5934 -0.4375 0.2482, 0.5962 -0.4738 0.2482, 0.5982 -0.5102 0.2482, 0.5994 -0.5467 0.2482, 0.5998 -0.5833 0.2482, 0.5992 -0.62 0.2482, 0.5977 -0.6567 0.2482, 0.5952 -0.6935 0.2482, 0.5917 -0.7302 0.2482, 0.5871 -0.767 0.2482, 0.5814 -0.8036 0.2482, 0.5745 -0.8402 0.2482, 0.5664 -0.8766 0.2482, 0.5572 -0.9128 0.2482, 0.5466 -0.9487 0.2482, 0.5074 -1.0543 0.2482, 0.4045 -1.168 0.2248, 0.2418 1.4426 0.2777, 0.281 1.4308 0.2777, 0.4001 1.3748 0.2777, 0.5047 1.3144 0.311, 0.5232 1.2283 0.2777, 0.5603 1.1039 0.2777, 0.5886 1.1005 0.311, 0.5702 1.0232 0.2777, 0.5982 1.0142 0.311, 0.5722 0.9442 0.2777, 0.5638 0.8283 0.2777, 0.546 0.7186 0.2777, 0.5391 0.6836 0.2777, 0.5185 0.5827 0.2777, 0.5123 0.5502 0.2777, 0.5067 0.5183 0.2777, 0.5017 0.4869 0.2777, 0.4976 0.456 0.2777, 0.4945 0.4256 0.2777, 0.4924 0.3956 0.2777, 0.4913 0.3658 0.2777, 0.4913 0.336 0.2777, 0.4923 0.3058 0.2777, 0.4944 0.2753 0.2777, 0.4974 0.2446 0.2777, 0.5012 0.2135 0.2777, 0.5059 0.1822 0.2777, 0.5238 0.0868 0.2777, 0.5309 0.0545 0.2777, 0.5384 0.0219 0.2777, 0.5461 -0.011 0.2777, 0.5541 -0.0442 0.2777, 0.5784 -0.1464 0.2777, 0.5862 -0.1813 0.2777, 0.6073 -0.2883 0.2777, 0.6132 -0.3245 0.2777, 0.6414 -0.3283 0.311, 0.6228 -0.3977 0.2777, 0.6265 -0.4345 0.2777, 0.6326 -0.546 0.2777, 0.6309 -0.6585 0.2777, 0.62 -0.7716 0.2777, 0.5988 -0.8843 0.2777, 0.5662 -0.9954 0.2777, 0.5884 -1.0144 0.311, 0.5378 -1.0676 0.2777, 0.2072 1.4791 0.311, 0.2354 1.4725 0.311, 0.2633 1.4648 0.311, 0.291 1.4562 0.311, 0.3712 1.4231 0.311, 0.3965 1.4091 0.311, 0.4211 1.3937 0.311, 0.5212 1.2904 0.311, 0.5357 1.2655 0.311, 0.5483 1.2393 0.311, 0.5767 1.1572 0.311, 0.5833 1.129 0.311, 0.5929 1.0719 0.311, 0.5961 1.0431 0.311, 0.5994 0.9853 0.311, 0.5997 0.9563 0.311, 0.5992 0.9273 0.311, 0.5978 0.8984 0.311, 0.5928 0.8407 0.311, 0.5892 0.8119 0.311, 0.5851 0.7833 0.311, 0.5753 0.7262 0.311, 0.5699 0.6977 0.311, 0.5641 0.6693 0.311, 0.5584 0.6409 0.311, 0.5469 0.5842 0.311, 0.5414 0.5557 0.311, 0.5362 0.5273 0.311, 0.5314 0.4987 0.311, 0.5271 0.4701 0.311, 0.5236 0.4413 0.311, 0.5209 0.4125 0.311, 0.5192 0.3836 0.311, 0.5185 0.3546 0.311, 0.5188 0.3256 0.311, 0.5202 0.2967 0.311, 0.5225 0.2678 0.311, 0.5254 0.239 0.311, 0.5292 0.2103 0.311, 0.5336 0.1816 0.311, 0.5439 0.1246 0.311, 0.5497 0.0962 0.311, 0.5558 0.0679 0.311, 0.5622 0.0397 0.311, 0.5688 0.0115 0.311, 0.5755 -0.0167 0.311, 0.5823 -0.0448 0.311, 0.5891 -0.073 0.311, 0.6024 -0.1294 0.311, 0.6088 -0.1576 0.311, 0.615 -0.1859 0.311, 0.6211 -0.2142 0.311, 0.6321 -0.2711 0.311, 0.637 -0.2996 0.311, 0.6453 -0.357 0.311, 0.6488 -0.3857 0.311, 0.6519 -0.4145 0.311, 0.6544 -0.4433 0.311, 0.6565 -0.4722 0.311, 0.6593 -0.5301 0.311, 0.66 -0.5591 0.311, 0.6601 -0.588 0.311, 0.6589 -0.6459 0.311, 0.6574 -0.6749 0.311, 0.6553 -0.7038 0.311, 0.6492 -0.7614 0.311, 0.6451 -0.79 0.311, 0.6404 -0.8186 0.311, 0.6289 -0.8754 0.311, 0.6222 -0.9036 0.311, 0.6148 -0.9316 0.311, 0.5979 -0.987 0.311, 0.5782 -1.0415 0.311, 0.5673 -1.0683 0.311, 0.5557 -1.0949 0.311, 0.5433 -1.121 0.311, 0.5161 -1.1722 0.311, 0.2992 -1.1004 0.1535, 0.2992 -0.8996 0.1535, 0.2992 -1.1004 0.1929, 0.189 -0.8996 0.1142, 0.1739 -0.8996 0.1112, 0.2962 -0.8996 0.1385, 0.2877 -0.8996 0.1257, 0.2749 -0.8996 0.1172, 0.2598 -0.8996 0.1142, -0.1526 -0.8996 0.0899, -0.1611 -0.8996 0.1026, 0.1611 -0.8996 0.1026, 0.1526 -0.8996 0.0899, -0.1496 -0.8996 0.0748, -0.1496 -0.8996 -1.0315, -0.0333 -0.8996 -1.1773, -0.0649 -0.8996 -1.1663, 0.1496 -0.8996 -1.0315, 0.1459 -0.8996 -1.0648, 0.1348 -0.8996 -1.0964, 0.117 -0.8996 -1.1248, 0.0933 -0.8996 -1.1485, 0.0649 -0.8996 -1.1663, 0.0333 -0.8996 -1.1773, 0.0 -0.8996 -1.1811, -0.1459 -0.8996 -1.0648, -0.1348 -0.8996 -1.0964, -0.117 -0.8996 -1.1248, -0.0933 -0.8996 -1.1485, -0.189 -0.8996 0.1142, -0.2598 -0.8996 0.1142, 0.1496 -0.8996 0.0748, -0.1739 -0.8996 0.1112, -0.2877 -0.8996 0.1257, -0.2992 -0.8996 0.1535, -0.2962 -0.8996 0.1385, -0.2749 -0.8996 0.1172, -0.2992 -1.1004 0.1535, -0.189 -1.1004 0.1142, -0.1739 -1.1004 0.1112, -0.2962 -1.1004 0.1385, -0.2877 -1.1004 0.1257, -0.2749 -1.1004 0.1172, -0.2598 -1.1004 0.1142, 0.1611 -1.1004 0.1026, 0.1526 -1.1004 0.0899, -0.1496 -1.1004 0.0748, -0.1526 -1.1004 0.0899, 0.1496 -1.1004 0.0748, 0.1496 -1.1004 -1.0315, 0.0333 -1.1004 -1.1773, 0.0649 -1.1004 -1.1663, -0.1496 -1.1004 -1.0315, -0.1459 -1.1004 -1.0648, -0.1348 -1.1004 -1.0964, -0.117 -1.1004 -1.1248, -0.0933 -1.1004 -1.1485, -0.0649 -1.1004 -1.1663, -0.0333 -1.1004 -1.1773, 0.0 -1.1004 -1.1811, 0.1459 -1.1004 -1.0648, 0.1348 -1.1004 -1.0964, 0.117 -1.1004 -1.1248, 0.0933 -1.1004 -1.1485, 0.2749 -1.1004 0.1172, 0.2598 -1.1004 0.1142, 0.1739 -1.1004 0.1112, 0.189 -1.1004 0.1142, 0.2877 -1.1004 0.1257, 0.2962 -1.1004 0.1385, -0.1611 -1.1004 0.1026, -0.0542 -1.4645 0.2482, -0.0009 -1.4223 0.2242, 0.0036 -1.4601 0.2482, -0.0554 -1.4265 0.2242, -0.1124 -1.4639 0.2482, -0.1102 -1.4259 0.2242, 0.402 -1.2348 0.2482, 0.3646 -1.2791 0.2482, 0.372 -1.2115 0.2242, 0.4283 -1.2551 0.2776, 0.3891 -1.3016 0.2776, 0.4118 -1.3173 0.311, 0.4496 -1.2723 0.311, 0.2746 -1.196 0.1963, 0.2412 -1.229 0.1963, 0.0941 -1.3602 0.2067, 0.1062 -1.3998 0.2242, 0.0531 -1.4135 0.2242, 0.2051 -1.2581 0.1963, 0.1251 -1.3032 0.1963, 0.1664 -1.2829 0.1963, 0.0814 -1.319 0.1963, 0.0358 -1.3307 0.1963, -0.1055 -1.3415 0.1963, -0.0568 -1.3851 0.2067, -0.1079 -1.3846 0.2067, -0.1142 -1.497 0.2776, -0.0058 -1.3812 0.2067, -0.011 -1.3384 0.1963, -0.1255 -1.5238 0.311, -0.0582 -1.342 0.1963, 0.0446 -1.373 0.2067, 0.186 -1.4465 0.2776, 0.2428 -1.4186 0.2776, 0.2038 -1.4687 0.311, 0.3392 -1.1862 0.2067, 0.3052 -1.1598 0.1963, 0.2699 -1.2611 0.2067, 0.2303 -1.2931 0.2067, 0.3063 -1.2252 0.2067, 0.1876 -1.3205 0.2067, 0.142 -1.3429 0.2067, 0.2976 -1.2919 0.2242, 0.2546 -1.3266 0.2242, 0.3367 -1.2533 0.2242, 0.2079 -1.3566 0.2242, 0.1581 -1.381 0.2242, 0.323 -1.3202 0.2482, 0.2768 -1.3574 0.2482, 0.2265 -1.3897 0.2482, 0.173 -1.416 0.2482, 0.1174 -1.4362 0.2482, 0.0608 -1.4507 0.2482, 0.3451 -1.3449 0.2776, 0.2963 -1.3843 0.2776, 0.1271 -1.4679 0.2776, 0.0676 -1.4832 0.2776, 0.0076 -1.493 0.2776, -0.0531 -1.4977 0.2776, 0.3726 -1.3569 0.311, 0.3324 -1.3914 0.311, 0.2913 -1.4211 0.311, 0.2487 -1.4467 0.311, 0.1554 -1.4875 0.311, 0.1029 -1.5032 0.311, 0.0467 -1.5149 0.311, -0.0114 -1.5224 0.311, -0.0694 -1.5254 0.311, -1.0 0.8477 2.3062, -1.0 0.8697 2.2949, -0.9921 0.8697 2.2949, -0.9921 0.8477 2.3062, 1.0 -1.0376 2.1457, 1.0 -1.0376 2.5394, 0.9921 -1.0376 2.5394, 0.9921 -1.0376 2.1457, 1.0 -1.0868 2.1457, 0.9921 -1.0868 2.1457, 1.0 -1.0868 2.4724, 0.9921 -1.0868 2.4724, 1.0 -1.136 2.4137, 0.9921 -1.136 2.4137, 1.0 -1.136 2.4807, 0.9921 -1.136 2.4807, 1.0 -1.0868 2.5394, 0.9921 -1.0868 2.5394, 1.0 -0.7751 2.5394, 1.0 -0.8407 2.5394, 0.9921 -0.8407 2.5394, 0.9921 -0.7751 2.5394, 1.0 -0.6439 2.1457, 0.9921 -0.6439 2.1457, 1.0 -0.6931 2.1457, 0.9921 -0.6931 2.1457, 1.0 -0.7259 2.2462, 0.9921 -0.7259 2.2462, 1.0 -0.89 2.2462, 0.9921 -0.89 2.2462, 1.0 -0.9228 2.1457, 0.9921 -0.9228 2.1457, 1.0 -0.972 2.1457, 0.9921 -0.972 2.1457, 1.0 -0.8079 2.5059, 1.0 -0.7341 2.2797, 0.9921 -0.7341 2.2797, 0.9921 -0.8079 2.5059, 1.0 -0.8818 2.2797, 0.9921 -0.8818 2.2797, 1.0 -0.1846 2.1876, 1.0 -0.1846 2.1457, 0.9921 -0.1846 2.1457, 0.9921 -0.1846 2.1876, 1.0 0.0451 2.397, 0.9921 0.0451 2.397, 1.0 0.0615 2.4305, 0.9921 0.0615 2.4305, 1.0 0.0615 2.4472, 0.9921 0.0615 2.4472, 1.0 0.0451 2.4724, 0.9921 0.0451 2.4724, 1.0 0.0205 2.4891, 0.9921 0.0205 2.4891, 1.0 -0.0205 2.4975, 0.9921 -0.0205 2.4975, 1.0 -0.0533 2.4975, 0.9921 -0.0533 2.4975, 1.0 -0.0944 2.4891, 0.9921 -0.0944 2.4891, 1.0 -0.119 2.4724, 0.9921 -0.119 2.4724, 1.0 -0.1354 2.4472, 0.9921 -0.1354 2.4472, 1.0 -0.1764 2.4472, 0.9921 -0.1764 2.4472, 1.0 -0.1682 2.4807, 0.9921 -0.1682 2.4807, 1.0 -0.1354 2.5142, 0.9921 -0.1354 2.5142, 1.0 -0.1026 2.531, 0.9921 -0.1026 2.531, 1.0 -0.0451 2.5394, 0.9921 -0.0451 2.5394, 1.0 -0.0123 2.5394, 0.9921 -0.0123 2.5394, 1.0 0.0369 2.531, 0.9921 0.0369 2.531, 1.0 0.0697 2.5142, 0.9921 0.0697 2.5142, 1.0 0.1025 2.4807, 0.9921 0.1025 2.4807, 1.0 0.1107 2.4472, 0.9921 0.1107 2.4472, 1.0 0.1107 2.4305, 0.9921 0.1107 2.4305, 1.0 0.1025 2.397, 0.9921 0.1025 2.397, 1.0 0.0861 2.3718, 0.9921 0.0861 2.3718, 1.0 -0.119 2.1876, 0.9921 -0.119 2.1876, 1.0 0.1107 2.1876, 0.9921 0.1107 2.1876, 1.0 0.1107 2.1457, 0.9921 0.1107 2.1457, 1.0 0.2337 2.3216, 1.0 0.2665 2.3467, 0.9921 0.2665 2.3467, 0.9921 0.2337 2.3216, 1.0 0.1763 2.3216, 0.9921 0.1763 2.3216, 1.0 0.1763 2.5394, 0.9921 0.1763 2.5394, 1.0 0.4552 2.5394, 0.9921 0.4552 2.5394, 1.0 0.4552 2.4975, 0.9921 0.4552 2.4975, 1.0 0.2173 2.4975, 0.9921 0.2173 2.4975, 1.0 0.2173 2.3635, 0.9921 0.2173 2.3635, 1.0 0.2583 2.3886, 0.9921 0.2583 2.3886, 1.0 0.2993 2.397, 0.9921 0.2993 2.397, 1.0 0.3486 2.397, 0.9921 0.3486 2.397, 1.0 0.3896 2.3886, 0.9921 0.3896 2.3886, 1.0 0.4306 2.3635, 0.9921 0.4306 2.3635, 1.0 0.4552 2.33, 0.9921 0.4552 2.33, 1.0 0.4716 2.2881, 0.9921 0.4716 2.2881, 1.0 0.4716 2.2546, 0.9921 0.4716 2.2546, 1.0 0.4552 2.2127, 0.9921 0.4552 2.2127, 1.0 0.4306 2.1792, 0.9921 0.4306 2.1792, 1.0 0.3896 2.154, 0.9921 0.3896 2.154, 1.0 0.3486 2.1457, 0.9921 0.3486 2.1457, 1.0 0.2993 2.1457, 0.9921 0.2993 2.1457, 1.0 0.2583 2.154, 0.9921 0.2583 2.154, 1.0 0.2173 2.1792, 0.9921 0.2173 2.1792, 1.0 0.1927 2.2127, 0.9921 0.1927 2.2127, 1.0 0.1763 2.2462, 0.9921 0.1763 2.2462, 1.0 0.2255 2.2462, 0.9921 0.2255 2.2462, 1.0 0.2419 2.2127, 0.9921 0.2419 2.2127, 1.0 0.2665 2.1959, 0.9921 0.2665 2.1959, 1.0 0.2993 2.1876, 0.9921 0.2993 2.1876, 1.0 0.3486 2.1876, 0.9921 0.3486 2.1876, 1.0 0.3814 2.1959, 0.9921 0.3814 2.1959, 1.0 0.406 2.2127, 0.9921 0.406 2.2127, 1.0 0.4224 2.2378, 0.9921 0.4224 2.2378, 1.0 0.4306 2.2629, 0.9921 0.4306 2.2629, 1.0 0.4306 2.2797, 0.9921 0.4306 2.2797, 1.0 0.4224 2.3048, 0.9921 0.4224 2.3048, 1.0 0.406 2.33, 0.9921 0.406 2.33, 1.0 0.3814 2.3467, 0.9921 0.3814 2.3467, 1.0 0.3486 2.3551, 0.9921 0.3486 2.3551, 1.0 0.2993 2.3551, 0.9921 0.2993 2.3551, 1.0 0.5372 2.3802, 1.0 0.5372 2.3048, 0.9921 0.5372 2.3048, 0.9921 0.5372 2.3802, 1.0 0.5454 2.4221, 0.9921 0.5454 2.4221, 1.0 0.5536 2.4472, 0.9921 0.5536 2.4472, 1.0 0.57 2.4807, 0.9921 0.57 2.4807, 1.0 0.5946 2.5059, 0.9921 0.5946 2.5059, 1.0 0.6356 2.531, 0.9921 0.6356 2.531, 1.0 0.6848 2.5394, 0.9921 0.6848 2.5394, 1.0 0.7341 2.531, 0.9921 0.7341 2.531, 1.0 0.7751 2.5059, 0.9921 0.7751 2.5059, 1.0 0.7997 2.4807, 0.9921 0.7997 2.4807, 1.0 0.8161 2.4472, 0.9921 0.8161 2.4472, 1.0 0.8243 2.4221, 0.9921 0.8243 2.4221, 1.0 0.8325 2.3802, 0.9921 0.8325 2.3802, 1.0 0.8325 2.3048, 0.9921 0.8325 2.3048, 1.0 0.8243 2.2629, 0.9921 0.8243 2.2629, 1.0 0.8161 2.2378, 0.9921 0.8161 2.2378, 1.0 0.7997 2.2043, 0.9921 0.7997 2.2043, 1.0 0.7751 2.1792, 0.9921 0.7751 2.1792, 1.0 0.7341 2.154, 0.9921 0.7341 2.154, 1.0 0.6848 2.1457, 0.9921 0.6848 2.1457, 1.0 0.6356 2.154, 0.9921 0.6356 2.154, 1.0 0.5946 2.1792, 0.9921 0.5946 2.1792, 1.0 0.57 2.2043, 0.9921 0.57 2.2043, 1.0 0.5536 2.2378, 0.9921 0.5536 2.2378, 1.0 0.5454 2.2629, 0.9921 0.5454 2.2629, 1.0 0.5782 2.3718, 1.0 0.5864 2.4221, 0.9921 0.5864 2.4221, 0.9921 0.5782 2.3718, 1.0 0.5782 2.3132, 0.9921 0.5782 2.3132, 1.0 0.5864 2.2629, 0.9921 0.5864 2.2629, 1.0 0.6192 2.2127, 0.9921 0.6192 2.2127, 1.0 0.6438 2.1959, 0.9921 0.6438 2.1959, 1.0 0.6848 2.1876, 0.9921 0.6848 2.1876, 1.0 0.7259 2.1959, 0.9921 0.7259 2.1959, 1.0 0.7505 2.2127, 0.9921 0.7505 2.2127, 1.0 0.7833 2.2629, 0.9921 0.7833 2.2629, 1.0 0.7915 2.3132, 0.9921 0.7915 2.3132, 1.0 0.7915 2.3718, 0.9921 0.7915 2.3718, 1.0 0.7833 2.4221, 0.9921 0.7833 2.4221, 1.0 0.7505 2.4724, 0.9921 0.7505 2.4724, 1.0 0.7259 2.4891, 0.9921 0.7259 2.4891, 1.0 0.6848 2.4975, 0.9921 0.6848 2.4975, 1.0 0.6438 2.4891, 0.9921 0.6438 2.4891, 1.0 0.6192 2.4724, 0.9921 0.6192 2.4724, 1.0 1.0949 2.1457, 1.0 1.2262 2.5394, 0.9921 1.2262 2.5394, 0.9921 1.0949 2.1457, 1.0 1.0293 2.1457, 0.9921 1.0293 2.1457, 1.0 0.8981 2.5394, 0.9921 0.8981 2.5394, 1.0 0.9473 2.5394, 0.9921 0.9473 2.5394, 1.0 1.0621 2.1959, 0.9921 1.0621 2.1959, 1.0 1.177 2.5394, 0.9921 1.177 2.5394, 1.0 -0.8654 1.6728, 1.0 -0.8489 1.6979, 0.9921 -0.8489 1.6979, 0.9921 -0.8654 1.6728, 1.0 -0.89 1.656, 0.9921 -0.89 1.656, 1.0 -0.9228 1.6392, 0.9921 -0.9228 1.6392, 1.0 -0.9556 1.6309, 0.9921 -0.9556 1.6309, 1.0 -1.0212 1.6309, 0.9921 -1.0212 1.6309, 1.0 -1.054 1.6392, 0.9921 -1.054 1.6392, 1.0 -1.0868 1.656, 0.9921 -1.0868 1.656, 1.0 -1.1114 1.6728, 0.9921 -1.1114 1.6728, 1.0 -1.1278 1.6979, 0.9921 -1.1278 1.6979, 1.0 -1.136 1.723, 0.9921 -1.136 1.723, 1.0 -1.095 1.723, 0.9921 -1.095 1.723, 1.0 -1.0868 1.7063, 0.9921 -1.0868 1.7063, 1.0 -1.0704 1.6895, 0.9921 -1.0704 1.6895, 1.0 -1.054 1.6811, 0.9921 -1.054 1.6811, 1.0 -1.013 1.6728, 0.9921 -1.013 1.6728, 1.0 -0.9638 1.6728, 0.9921 -0.9638 1.6728, 1.0 -0.9228 1.6811, 0.9921 -0.9228 1.6811, 1.0 -0.9064 1.6895, 0.9921 -0.9064 1.6895, 1.0 -0.89 1.7063, 0.9921 -0.89 1.7063, 1.0 -0.8818 1.723, 0.9921 -0.8818 1.723, 1.0 -0.8818 1.7565, 0.9921 -0.8818 1.7565, 1.0 -0.8982 1.79, 0.9921 -0.8982 1.79, 1.0 -0.9228 1.8068, 0.9921 -0.9228 1.8068, 1.0 -0.972 1.8152, 0.9921 -0.972 1.8152, 1.0 -1.0048 1.8152, 0.9921 -1.0048 1.8152, 1.0 -1.0048 1.8487, 0.9921 -1.0048 1.8487, 1.0 -0.972 1.8487, 0.9921 -0.972 1.8487, 1.0 -0.9228 1.8654, 0.9921 -0.9228 1.8654, 1.0 -0.9064 1.8822, 0.9921 -0.9064 1.8822, 1.0 -0.89 1.9157, 0.9921 -0.89 1.9157, 1.0 -0.89 1.9324, 0.9921 -0.89 1.9324, 1.0 -0.9064 1.9576, 0.9921 -0.9064 1.9576, 1.0 -0.931 1.9743, 0.9921 -0.931 1.9743, 1.0 -0.972 1.9827, 0.9921 -0.972 1.9827, 1.0 -1.0048 1.9827, 0.9921 -1.0048 1.9827, 1.0 -1.0458 1.9743, 0.9921 -1.0458 1.9743, 1.0 -1.0704 1.9576, 0.9921 -1.0704 1.9576, 1.0 -1.0868 1.9324, 0.9921 -1.0868 1.9324, 1.0 -1.1278 1.9324, 0.9921 -1.1278 1.9324, 1.0 -1.1196 1.9659, 0.9921 -1.1196 1.9659, 1.0 -1.0868 1.9994, 0.9921 -1.0868 1.9994, 1.0 -1.054 2.0162, 0.9921 -1.054 2.0162, 1.0 -0.9966 2.0246, 0.9921 -0.9966 2.0246, 1.0 -0.9802 2.0246, 0.9921 -0.9802 2.0246, 1.0 -0.9228 2.0162, 0.9921 -0.9228 2.0162, 1.0 -0.89 1.9994, 0.9921 -0.89 1.9994, 1.0 -0.8572 1.9659, 0.9921 -0.8572 1.9659, 1.0 -0.8489 1.9324, 0.9921 -0.8489 1.9324, 1.0 -0.8489 1.9157, 0.9921 -0.8489 1.9157, 1.0 -0.8572 1.8822, 0.9921 -0.8572 1.8822, 1.0 -0.8736 1.857, 0.9921 -0.8736 1.857, 1.0 -0.9064 1.8319, 0.9921 -0.9064 1.8319, 1.0 -0.8654 1.8152, 0.9921 -0.8654 1.8152, 1.0 -0.8489 1.79, 0.9921 -0.8489 1.79, 1.0 -0.8407 1.7565, 0.9921 -0.8407 1.7565, 1.0 -0.8407 1.723, 0.9921 -0.8407 1.723, 1.0 -0.5783 2.0246, 1.0 -0.6439 2.0246, 0.9921 -0.6439 2.0246, 0.9921 -0.5783 2.0246, 1.0 -0.447 1.6309, 0.9921 -0.447 1.6309, 1.0 -0.4963 1.6309, 0.9921 -0.4963 1.6309, 1.0 -0.5291 1.7314, 0.9921 -0.5291 1.7314, 1.0 -0.6931 1.7314, 0.9921 -0.6931 1.7314, 1.0 -0.7259 1.6309, 0.9921 -0.7259 1.6309, 1.0 -0.7751 1.6309, 0.9921 -0.7751 1.6309, 1.0 -0.6111 1.9911, 1.0 -0.5373 1.7649, 0.9921 -0.5373 1.7649, 0.9921 -0.6111 1.9911, 1.0 -0.6849 1.7649, 0.9921 -0.6849 1.7649, 1.0 0.1107 1.6309, 1.0 0.1107 2.0246, 0.9921 0.1107 2.0246, 0.9921 0.1107 1.6309, 1.0 0.0615 1.6309, 0.9921 0.0615 1.6309, 1.0 0.0615 1.9576, 0.9921 0.0615 1.9576, 1.0 0.0123 1.8989, 0.9921 0.0123 1.8989, 1.0 0.0123 1.9659, 0.9921 0.0123 1.9659, 1.0 0.0615 2.0246, 0.9921 0.0615 2.0246, 1.0 0.1763 1.6728, 1.0 0.1763 1.6309, 0.9921 0.1763 1.6309, 0.9921 0.1763 1.6728, 1.0 0.406 1.8822, 0.9921 0.406 1.8822, 1.0 0.4224 1.9157, 0.9921 0.4224 1.9157, 1.0 0.4224 1.9324, 0.9921 0.4224 1.9324, 1.0 0.406 1.9576, 0.9921 0.406 1.9576, 1.0 0.3814 1.9743, 0.9921 0.3814 1.9743, 1.0 0.3404 1.9827, 0.9921 0.3404 1.9827, 1.0 0.3075 1.9827, 0.9921 0.3075 1.9827, 1.0 0.2665 1.9743, 0.9921 0.2665 1.9743, 1.0 0.2419 1.9576, 0.9921 0.2419 1.9576, 1.0 0.2255 1.9324, 0.9921 0.2255 1.9324, 1.0 0.1845 1.9324, 0.9921 0.1845 1.9324, 1.0 0.1927 1.9659, 0.9921 0.1927 1.9659, 1.0 0.2255 1.9994, 0.9921 0.2255 1.9994, 1.0 0.2583 2.0162, 0.9921 0.2583 2.0162, 1.0 0.3157 2.0246, 0.9921 0.3157 2.0246, 1.0 0.3486 2.0246, 0.9921 0.3486 2.0246, 1.0 0.3978 2.0162, 0.9921 0.3978 2.0162, 1.0 0.4306 1.9994, 0.9921 0.4306 1.9994, 1.0 0.4634 1.9659, 0.9921 0.4634 1.9659, 1.0 0.4716 1.9324, 0.9921 0.4716 1.9324, 1.0 0.4716 1.9157, 0.9921 0.4716 1.9157, 1.0 0.4634 1.8822, 0.9921 0.4634 1.8822, 1.0 0.447 1.857, 0.9921 0.447 1.857, 1.0 0.2419 1.6728, 0.9921 0.2419 1.6728, 1.0 0.4716 1.6728, 0.9921 0.4716 1.6728, 1.0 0.4716 1.6309, 0.9921 0.4716 1.6309, 1.0 0.5372 1.8654, 1.0 0.5372 1.79, 0.9921 0.5372 1.79, 0.9921 0.5372 1.8654, 1.0 0.5454 1.9073, 0.9921 0.5454 1.9073, 1.0 0.5536 1.9324, 0.9921 0.5536 1.9324, 1.0 0.57 1.9659, 0.9921 0.57 1.9659, 1.0 0.5946 1.9911, 0.9921 0.5946 1.9911, 1.0 0.6356 2.0162, 0.9921 0.6356 2.0162, 1.0 0.6848 2.0246, 0.9921 0.6848 2.0246, 1.0 0.7341 2.0162, 0.9921 0.7341 2.0162, 1.0 0.7751 1.9911, 0.9921 0.7751 1.9911, 1.0 0.7997 1.9659, 0.9921 0.7997 1.9659, 1.0 0.8161 1.9324, 0.9921 0.8161 1.9324, 1.0 0.8243 1.9073, 0.9921 0.8243 1.9073, 1.0 0.8325 1.8654, 0.9921 0.8325 1.8654, 1.0 0.8325 1.79, 0.9921 0.8325 1.79, 1.0 0.8243 1.7481, 0.9921 0.8243 1.7481, 1.0 0.8161 1.723, 0.9921 0.8161 1.723, 1.0 0.7997 1.6895, 0.9921 0.7997 1.6895, 1.0 0.7751 1.6644, 0.9921 0.7751 1.6644, 1.0 0.7341 1.6392, 0.9921 0.7341 1.6392, 1.0 0.6848 1.6309, 0.9921 0.6848 1.6309, 1.0 0.6356 1.6392, 0.9921 0.6356 1.6392, 1.0 0.5946 1.6644, 0.9921 0.5946 1.6644, 1.0 0.57 1.6895, 0.9921 0.57 1.6895, 1.0 0.5536 1.723, 0.9921 0.5536 1.723, 1.0 0.5454 1.7481, 0.9921 0.5454 1.7481, 1.0 0.5782 1.857, 1.0 0.5864 1.9073, 0.9921 0.5864 1.9073, 0.9921 0.5782 1.857, 1.0 0.5782 1.7984, 0.9921 0.5782 1.7984, 1.0 0.5864 1.7481, 0.9921 0.5864 1.7481, 1.0 0.6192 1.6979, 0.9921 0.6192 1.6979, 1.0 0.6438 1.6811, 0.9921 0.6438 1.6811, 1.0 0.6848 1.6728, 0.9921 0.6848 1.6728, 1.0 0.7259 1.6811, 0.9921 0.7259 1.6811, 1.0 0.7505 1.6979, 0.9921 0.7505 1.6979, 1.0 0.7833 1.7481, 0.9921 0.7833 1.7481, 1.0 0.7915 1.7984, 0.9921 0.7915 1.7984, 1.0 0.7915 1.857, 0.9921 0.7915 1.857, 1.0 0.7833 1.9073, 0.9921 0.7833 1.9073, 1.0 0.7505 1.9576, 0.9921 0.7505 1.9576, 1.0 0.7259 1.9743, 0.9921 0.7259 1.9743, 1.0 0.6848 1.9827, 0.9921 0.6848 1.9827, 1.0 0.6438 1.9743, 0.9921 0.6438 1.9743, 1.0 0.6192 1.9576, 0.9921 0.6192 1.9576, 1.0 1.0949 1.6309, 1.0 1.2262 2.0246, 0.9921 1.2262 2.0246, 0.9921 1.0949 1.6309, 1.0 1.0293 1.6309, 0.9921 1.0293 1.6309, 1.0 0.8981 2.0246, 0.9921 0.8981 2.0246, 1.0 0.9473 2.0246, 0.9921 0.9473 2.0246, 1.0 1.0621 1.6811, 0.9921 1.0621 1.6811, 1.0 1.177 2.0246, 0.9921 1.177 2.0246, -1.0 0.4648 2.565, -1.0 0.2475 2.565, -0.9921 0.2475 2.565, -0.9921 0.4648 2.565, -0.9921 0.4732 2.5622, -0.9921 0.4784 2.5551, -1.0 0.4732 2.5622, -1.0 0.4784 2.5551, -0.9921 0.4785 2.5462, -1.0 0.4785 2.5462, -1.0 0.4436 2.4371, -0.9921 0.4436 2.4371, -0.9921 0.4374 2.4263, -0.9921 0.4273 2.419, -1.0 0.4374 2.4263, -1.0 0.4273 2.419, -0.9921 0.4152 2.4164, -1.0 0.4152 2.4164, -1.0 0.2025 2.4164, -0.9921 0.2025 2.4164, -0.9921 0.1919 2.4198, -0.9921 0.1854 2.4287, -1.0 0.1919 2.4198, -1.0 0.1854 2.4287, -0.9921 0.1854 2.4398, -1.0 0.1854 2.4398, -1.0 0.2186 2.5439, -0.9921 0.2186 2.5439, -0.9921 0.2249 2.5549, -0.9921 0.2351 2.5623, -1.0 0.2249 2.5549, -1.0 0.2351 2.5623, -0.9921 0.5794 2.6566, -0.9921 0.5617 2.6599, -1.0 0.5617 2.6599, -0.9921 0.6099 2.6148, -0.9921 0.6053 2.6323, -1.0 0.6053 2.6323, -0.9921 0.5947 2.6469, -1.0 0.5794 2.6566, -1.0 0.5947 2.6469, -0.9921 0.6077 2.5969, -1.0 0.6099 2.6148, -1.0 0.6077 2.5969, -1.0 0.192 2.6599, -0.9921 0.192 2.6599, -0.9921 0.1249 2.6256, -0.9921 0.1131 2.6023, -1.0 0.1131 2.6023, -0.9921 0.1663 2.6559, -1.0 0.1663 2.6559, -0.9921 0.1432 2.644, -1.0 0.1249 2.6256, -1.0 0.1432 2.644, -1.0 -0.0146 2.2027, -0.9921 -0.0146 2.2027, -0.9921 -0.0348 2.1747, -1.0 -0.0348 2.1747, -1.0 -0.0225 2.1871, -0.9921 -0.0225 2.1871, -0.9921 -0.0504 2.1667, -1.0 -0.0504 2.1667, -0.9921 -0.0677 2.1639, -1.0 -0.0677 2.1639, -1.0 -0.0795 2.1639, -0.9921 -0.0795 2.1639, -0.9921 -0.1169 2.1876, -1.0 -0.1078 2.1751, -0.9921 -0.1078 2.1751, -0.9921 -0.0947 2.1668, -1.0 -0.0947 2.1668, -1.0 -0.1169 2.1876, -0.9921 -0.1208 2.2026, -1.0 -0.1208 2.2026, -0.9921 -0.119 2.218, -1.0 -0.119 2.218, -1.0 -0.0 2.5901, -0.9921 -0.0 2.5901, -0.9921 -0.0249 2.6426, -0.9921 -0.0405 2.6455, -1.0 -0.0405 2.6455, -0.9921 0.0019 2.6058, -0.9921 -0.0021 2.6212, -1.0 -0.0021 2.6212, -0.9921 -0.0115 2.6341, -1.0 -0.0249 2.6426, -1.0 -0.0115 2.6341, -1.0 0.0019 2.6058, -1.0 -0.07 2.6455, -0.9921 -0.07 2.6455, -0.9921 -0.1217 2.619, -0.9921 -0.1308 2.6012, -1.0 -0.1308 2.6012, -0.9921 -0.0898 2.6424, -1.0 -0.0898 2.6424, -0.9921 -0.1076 2.6333, -1.0 -0.1217 2.619, -1.0 -0.1076 2.6333, -1.0 -0.2799 2.1346, -0.9921 -0.2799 2.1346, -0.9921 -0.2398 2.0565, -0.9921 -0.2206 2.0535, -1.0 -0.2206 2.0535, -0.9921 -0.2798 2.0963, -0.9921 -0.2709 2.079, -1.0 -0.2709 2.079, -0.9921 -0.2571 2.0653, -1.0 -0.2398 2.0565, -1.0 -0.2571 2.0653, -0.9921 -0.2829 2.1155, -1.0 -0.2829 2.1155, -1.0 -0.2798 2.0963, -1.0 0.0086 2.0535, -0.9921 0.0086 2.0535, -0.9921 0.0995 2.1037, -0.9921 0.1109 2.1282, -1.0 0.1109 2.1282, -0.9921 0.0354 2.0569, -0.9921 0.0605 2.0669, -1.0 0.0605 2.0669, -0.9921 0.0824 2.0828, -1.0 0.0995 2.1037, -1.0 0.0824 2.0828, -1.0 0.0354 2.0569, -1.0 0.1759 2.3313, -0.9921 0.1759 2.3313, -1.0 0.2864 2.0947, -0.9921 0.2864 2.0947, -0.9921 0.3377 2.0507, -0.9921 0.3606 2.0474, -1.0 0.3606 2.0474, -0.9921 0.2991 2.0753, -1.0 0.2991 2.0753, -0.9921 0.3166 2.0603, -1.0 0.3377 2.0507, -1.0 0.3166 2.0603, -1.0 0.3987 2.0474, -0.9921 0.3987 2.0474, -0.9921 0.4369 2.087, -0.9921 0.4333 2.1018, -1.0 0.4333 2.1018, -0.9921 0.4136 2.0505, -0.9921 0.4262 2.0591, -1.0 0.4262 2.0591, -0.9921 0.4344 2.072, -1.0 0.4369 2.087, -1.0 0.4344 2.072, -1.0 0.4136 2.0505, -1.0 0.3406 2.3002, -0.9921 0.3406 2.3002, -0.9921 0.34 2.3061, -0.9921 0.3432 2.3111, -1.0 0.34 2.3061, -1.0 0.3432 2.3111, -0.9921 0.3487 2.313, -1.0 0.3487 2.313, -1.0 0.474 2.313, -0.9921 0.474 2.313, -0.9921 0.5217 2.3374, -0.9921 0.53 2.3539, -1.0 0.53 2.3539, -0.9921 0.4922 2.3159, -1.0 0.4922 2.3159, -0.9921 0.5087 2.3243, -1.0 0.5217 2.3374, -1.0 0.5087 2.3243, -1.0 1.0547 1.9197, -1.0 0.9246 1.9197, -0.9921 0.9246 1.9197, -0.9921 1.0547 1.9197, -1.0 1.0547 1.4813, -0.9921 1.0547 1.4813, -1.0 0.9458 1.4813, -0.9921 0.9458 1.4813, -1.0 1.0062 1.6224, -0.9921 1.0062 1.6224, -1.0 0.9419 1.717, -0.9921 0.9419 1.717, -1.0 0.9952 1.8159, -0.9921 0.9952 1.8159, -1.0 0.9158 1.4815, -1.0 0.9194 1.4926, -0.9921 0.9194 1.4926, -0.9921 0.9158 1.4815, -0.9921 0.708 1.6669, -0.9921 0.7056 1.7099, -1.0 0.708 1.6669, -1.0 0.7187 1.6252, -0.9921 0.7187 1.6252, -1.0 0.7374 1.5864, -0.9921 0.7374 1.5864, -0.9921 0.7633 1.552, -1.0 0.7633 1.552, -1.0 0.7954 1.5234, -0.9921 0.7954 1.5234, -1.0 0.8325 1.5016, -0.9921 0.8325 1.5016, -0.9921 0.8732 1.4874, -1.0 0.8732 1.4874, -1.0 0.7056 1.7099, -1.0 0.7116 1.7525, -0.9921 0.7116 1.7525, -0.9921 0.7259 1.7931, -1.0 0.7259 1.7931, -0.9921 0.7478 1.8301, -1.0 0.7478 1.8301, -1.0 0.7765 1.8622, -0.9921 0.7765 1.8622, -0.9921 0.811 1.888, -1.0 0.811 1.888, -0.9921 0.8498 1.9066, -1.0 0.8498 1.9066, -0.9921 0.8915 1.9172, -1.0 0.8915 1.9172, -1.0 0.9617 1.8141, -0.9921 0.9617 1.8141, -1.0 0.9083 1.7153, -0.9921 0.9083 1.7153, -1.0 0.9736 1.6193, -0.9921 0.9736 1.6193, -0.9921 0.879 1.4422, -0.9921 0.9246 1.4382, -1.0 0.9246 1.4382, -0.9921 0.756 1.4996, -0.9921 0.7934 1.4734, -1.0 0.7934 1.4734, -0.9921 0.8349 1.454, -1.0 0.879 1.4422, -1.0 0.8349 1.454, -1.0 0.6974 1.5694, -0.9921 0.6781 1.6108, -0.9921 0.6974 1.5694, -1.0 0.756 1.4996, -1.0 0.7237 1.5319, -0.9921 0.7237 1.5319, -0.9921 0.6623 1.7005, -1.0 0.6623 1.7005, -0.9921 0.6663 1.7461, -0.9921 0.6663 1.655, -1.0 0.6781 1.6108, -1.0 0.6663 1.655, -0.9921 0.7237 1.8691, -0.9921 0.6974 1.8317, -1.0 0.6974 1.8317, -1.0 0.6781 1.7902, -0.9921 0.6781 1.7902, -1.0 0.6663 1.7461, -0.9921 0.7934 1.9277, -0.9921 0.756 1.9015, -1.0 0.756 1.9015, -1.0 0.7237 1.8691, -1.0 0.7934 1.9277, -0.9921 0.8349 1.947, -1.0 0.8349 1.947, -0.9921 0.879 1.9588, -0.9921 0.9246 1.9628, -1.0 0.879 1.9588, -1.0 0.9246 1.9628, -1.0 1.0978 1.4382, -0.9921 1.0978 1.4382, -1.0 1.0978 1.9628, -0.9921 1.0978 1.9628, -1.0 0.6934 2.1148, -1.0 0.7264 2.1148, -0.9921 0.7264 2.1148, -0.9921 0.6934 2.1148, -1.0 0.6989 2.0866, -0.9921 0.6989 2.0866, -1.0 0.7209 2.0641, -0.9921 0.7209 2.0641, -1.0 0.743 2.0529, -0.9921 0.743 2.0529, -1.0 0.7705 2.0472, -0.9921 0.7705 2.0472, -1.0 0.8201 2.0472, -0.9921 0.8201 2.0472, -1.0 0.8477 2.0529, -0.9921 0.8477 2.0529, -1.0 0.8697 2.0641, -0.9921 0.8697 2.0641, -1.0 0.8918 2.0866, -0.9921 0.8918 2.0866, -1.0 0.9028 2.1091, -0.9921 0.9028 2.1091, -1.0 0.9083 2.1373, -0.9921 0.9083 2.1373, -1.0 0.9083 2.2217, -0.9921 0.9083 2.2217, -1.0 0.9028 2.2499, -0.9921 0.9028 2.2499, -1.0 0.8918 2.2724, -0.9921 0.8918 2.2724, -1.0 0.7319 2.0979, -0.9921 0.7319 2.0979, -1.0 0.7485 2.0866, -0.9921 0.7485 2.0866, -1.0 0.7705 2.081, -0.9921 0.7705 2.081, -1.0 0.8201 2.081, -0.9921 0.8201 2.081, -1.0 0.8422 2.0866, -0.9921 0.8422 2.0866, -1.0 0.8587 2.0979, -0.9921 0.8587 2.0979, -1.0 0.8697 2.1148, -0.9921 0.8697 2.1148, -1.0 0.8753 2.1373, -0.9921 0.8753 2.1373, -1.0 0.8753 2.2217, -0.9921 0.8753 2.2217, -1.0 0.8697 2.2442, -0.9921 0.8697 2.2442, -1.0 0.8587 2.2611, -0.9921 0.8587 2.2611, -1.0 0.8422 2.2724, -0.9921 0.8422 2.2724, -1.0 0.8201 2.278, -0.9921 0.8201 2.278, -1.0 0.7705 2.278, -0.9921 0.7705 2.278, -1.0 0.7485 2.2724, -0.9921 0.7485 2.2724, -1.0 0.7319 2.2611, -0.9921 0.7319 2.2611, -1.0 0.7264 2.2442, -0.9921 0.7264 2.2442, -1.0 0.6934 2.2442, -0.9921 0.6934 2.2442, -1.0 0.6989 2.2724, -0.9921 0.6989 2.2724, -1.0 0.7209 2.2949, -0.9921 0.7209 2.2949, -1.0 0.743 2.3062, -0.9921 0.743 2.3062, -1.0 0.7705 2.3118, -0.9921 0.7705 2.3118, -1.0 0.8201 2.3118, -0.9921 0.8201 2.3118, -1.0 -0.6859 2.1568, -1.0 -0.6859 2.3313, -0.9921 -0.6859 2.3313, -0.9921 -0.6859 2.1568, -1.0 -0.6803 2.1286, -0.9921 -0.6803 2.1286, -1.0 -0.6693 2.1061, -0.9921 -0.6693 2.1061, -1.0 -0.6473 2.0836, -0.9921 -0.6473 2.0836, -1.0 -0.6252 2.0723, -0.9921 -0.6252 2.0723, -1.0 -0.5977 2.0667, -0.9921 -0.5977 2.0667, -1.0 -0.5756 2.0667, -0.9921 -0.5756 2.0667, -1.0 -0.5481 2.0723, -0.9921 -0.5481 2.0723, -1.0 -0.526 2.0836, -0.9921 -0.526 2.0836, -1.0 -0.504 2.1061, -0.9921 -0.504 2.1061, -1.0 -0.4929 2.1286, -0.9921 -0.4929 2.1286, -1.0 -0.4874 2.1568, -0.9921 -0.4874 2.1568, -1.0 -0.4874 2.3313, -0.9921 -0.4874 2.3313, -1.0 -0.5205 2.3313, -0.9921 -0.5205 2.3313, -1.0 -0.5205 2.1568, -0.9921 -0.5205 2.1568, -1.0 -0.526 2.1342, -0.9921 -0.526 2.1342, -1.0 -0.537 2.1174, -0.9921 -0.537 2.1174, -1.0 -0.5536 2.1061, -0.9921 -0.5536 2.1061, -1.0 -0.5756 2.1005, -0.9921 -0.5756 2.1005, -1.0 -0.5977 2.1005, -0.9921 -0.5977 2.1005, -1.0 -0.6197 2.1061, -0.9921 -0.6197 2.1061, -1.0 -0.6362 2.1174, -0.9921 -0.6362 2.1174, -1.0 -0.6473 2.1342, -0.9921 -0.6473 2.1342, -1.0 -0.6528 2.1568, -0.9921 -0.6528 2.1568, -1.0 -0.6528 2.3313, -0.9921 -0.6528 2.3313, -1.0 -0.8843 2.2693, -1.0 -0.9173 2.2693, -0.9921 -0.9173 2.2693, -0.9921 -0.8843 2.2693, -1.0 -0.8788 2.2806, -0.9921 -0.8788 2.2806, -1.0 -0.8677 2.2919, -0.9921 -0.8677 2.2919, -1.0 -0.8512 2.2975, -0.9921 -0.8512 2.2975, -1.0 -0.8181 2.2975, -0.9921 -0.8181 2.2975, -1.0 -0.8016 2.2919, -0.9921 -0.8016 2.2919, -1.0 -0.7851 2.2806, -0.9921 -0.7851 2.2806, -1.0 -0.7796 2.2637, -0.9921 -0.7796 2.2637, -1.0 -0.7796 2.2525, -0.9921 -0.7796 2.2525, -1.0 -0.7851 2.2356, -0.9921 -0.7851 2.2356, -1.0 -0.8016 2.2243, -0.9921 -0.8016 2.2243, -1.0 -0.8181 2.2187, -0.9921 -0.8181 2.2187, -1.0 -0.8512 2.2187, -0.9921 -0.8512 2.2187, -1.0 -0.8788 2.213, -0.9921 -0.8788 2.213, -1.0 -0.9008 2.2018, -0.9921 -0.9008 2.2018, -1.0 -0.9229 2.1793, -0.9921 -0.9229 2.1793, -1.0 -0.9339 2.1568, -0.9921 -0.9339 2.1568, -1.0 -0.9339 2.1286, -0.9921 -0.9339 2.1286, -1.0 -0.9229 2.1061, -0.9921 -0.9229 2.1061, -1.0 -0.9008 2.0836, -0.9921 -0.9008 2.0836, -1.0 -0.8788 2.0723, -0.9921 -0.8788 2.0723, -1.0 -0.8512 2.0667, -0.9921 -0.8512 2.0667, -1.0 -0.8071 2.0667, -0.9921 -0.8071 2.0667, -1.0 -0.7796 2.0723, -0.9921 -0.7796 2.0723, -1.0 -0.752 2.0892, -0.9921 -0.752 2.0892, -1.0 -0.7355 2.1174, -0.9921 -0.7355 2.1174, -1.0 -0.7299 2.1399, -0.9921 -0.7299 2.1399, -1.0 -0.763 2.1399, -0.9921 -0.763 2.1399, -1.0 -0.7685 2.123, -0.9921 -0.7685 2.123, -1.0 -0.7851 2.1061, -0.9921 -0.7851 2.1061, -1.0 -0.8071 2.1005, -0.9921 -0.8071 2.1005, -1.0 -0.8512 2.1005, -0.9921 -0.8512 2.1005, -1.0 -0.8733 2.1061, -0.9921 -0.8733 2.1061, -1.0 -0.8898 2.1174, -0.9921 -0.8898 2.1174, -1.0 -0.9008 2.1342, -0.9921 -0.9008 2.1342, -1.0 -0.9008 2.1511, -0.9921 -0.9008 2.1511, -1.0 -0.8898 2.168, -0.9921 -0.8898 2.168, -1.0 -0.8733 2.1793, -0.9921 -0.8733 2.1793, -1.0 -0.8512 2.1849, -0.9921 -0.8512 2.1849, -1.0 -0.8181 2.1849, -0.9921 -0.8181 2.1849, -1.0 -0.7961 2.1905, -0.9921 -0.7961 2.1905, -1.0 -0.774 2.2018, -0.9921 -0.774 2.2018, -1.0 -0.752 2.2243, -0.9921 -0.752 2.2243, -1.0 -0.7465 2.2468, -0.9921 -0.7465 2.2468, -1.0 -0.7465 2.2693, -0.9921 -0.7465 2.2693, -1.0 -0.752 2.2919, -0.9921 -0.752 2.2919, -1.0 -0.774 2.3144, -0.9921 -0.774 2.3144, -1.0 -0.7961 2.3256, -0.9921 -0.7961 2.3256, -1.0 -0.8181 2.3313, -0.9921 -0.8181 2.3313, -1.0 -0.8457 2.3313, -0.9921 -0.8457 2.3313, -1.0 -0.8733 2.3256, -0.9921 -0.8733 2.3256, -1.0 -0.8953 2.3087, -0.9921 -0.8953 2.3087, -1.0 -0.9118 2.2862, -0.9921 -0.9118 2.2862, -1.0 0.2655 1.6765, -1.0 0.2655 1.6086, -0.9921 0.2655 1.6086, -0.9921 0.2655 1.6765, -1.0 0.2596 1.7142, -0.9921 0.2596 1.7142, -1.0 0.2537 1.7368, -0.9921 0.2537 1.7368, -1.0 0.2419 1.767, -0.9921 0.2419 1.767, -1.0 0.2241 1.7896, -0.9921 0.2241 1.7896, -1.0 0.1946 1.8122, -0.9921 0.1946 1.8122, -1.0 0.1592 1.8197, -0.9921 0.1592 1.8197, -1.0 0.1237 1.8122, -0.9921 0.1237 1.8122, -1.0 0.0942 1.7896, -0.9921 0.0942 1.7896, -1.0 0.0765 1.767, -0.9921 0.0765 1.767, -1.0 0.0647 1.7368, -0.9921 0.0647 1.7368, -1.0 0.0588 1.7142, -0.9921 0.0588 1.7142, -1.0 0.0529 1.6765, -0.9921 0.0529 1.6765, -1.0 0.0529 1.6086, -0.9921 0.0529 1.6086, -1.0 0.0588 1.5709, -0.9921 0.0588 1.5709, -1.0 0.0647 1.5483, -0.9921 0.0647 1.5483, -1.0 0.0765 1.5182, -0.9921 0.0765 1.5182, -1.0 0.0942 1.4955, -0.9921 0.0942 1.4955, -1.0 0.1237 1.4729, -0.9921 0.1237 1.4729, -1.0 0.1592 1.4654, -0.9921 0.1592 1.4654, -1.0 0.1946 1.4729, -0.9921 0.1946 1.4729, -1.0 0.2241 1.4955, -0.9921 0.2241 1.4955, -1.0 0.2419 1.5182, -0.9921 0.2419 1.5182, -1.0 0.2537 1.5483, -0.9921 0.2537 1.5483, -1.0 0.2596 1.5709, -0.9921 0.2596 1.5709, -1.0 0.236 1.6689, -1.0 0.23 1.7142, -0.9921 0.23 1.7142, -0.9921 0.236 1.6689, -1.0 0.236 1.6162, -0.9921 0.236 1.6162, -1.0 0.23 1.5709, -0.9921 0.23 1.5709, -1.0 0.2064 1.5257, -0.9921 0.2064 1.5257, -1.0 0.1887 1.5106, -0.9921 0.1887 1.5106, -1.0 0.1592 1.5031, -0.9921 0.1592 1.5031, -1.0 0.1297 1.5106, -0.9921 0.1297 1.5106, -1.0 0.1119 1.5257, -0.9921 0.1119 1.5257, -1.0 0.0883 1.5709, -0.9921 0.0883 1.5709, -1.0 0.0824 1.6162, -0.9921 0.0824 1.6162, -1.0 0.0824 1.6689, -0.9921 0.0824 1.6689, -1.0 0.0883 1.7142, -0.9921 0.0883 1.7142, -1.0 0.1119 1.7594, -0.9921 0.1119 1.7594, -1.0 0.1297 1.7745, -0.9921 0.1297 1.7745, -1.0 0.1592 1.782, -0.9921 0.1592 1.782, -1.0 0.1887 1.7745, -0.9921 0.1887 1.7745, -1.0 0.2064 1.7594, -0.9921 0.2064 1.7594, -1.0 0.0056 1.5031, -1.0 0.0056 1.4654, -0.9921 0.0056 1.4654, -0.9921 0.0056 1.5031, -1.0 -0.1597 1.6916, -0.9921 -0.1597 1.6916, -1.0 -0.1715 1.7217, -0.9921 -0.1715 1.7217, -1.0 -0.1715 1.7368, -0.9921 -0.1715 1.7368, -1.0 -0.1597 1.7594, -0.9921 -0.1597 1.7594, -1.0 -0.142 1.7745, -0.9921 -0.142 1.7745, -1.0 -0.1125 1.782, -0.9921 -0.1125 1.782, -1.0 -0.0889 1.782, -0.9921 -0.0889 1.782, -1.0 -0.0593 1.7745, -0.9921 -0.0593 1.7745, -1.0 -0.0416 1.7594, -0.9921 -0.0416 1.7594, -1.0 -0.0298 1.7368, -0.9921 -0.0298 1.7368, -1.0 -0.0003 1.7368, -0.9921 -0.0003 1.7368, -1.0 -0.0062 1.767, -0.9921 -0.0062 1.767, -1.0 -0.0298 1.7971, -0.9921 -0.0298 1.7971, -1.0 -0.0534 1.8122, -0.9921 -0.0534 1.8122, -1.0 -0.0948 1.8197, -0.9921 -0.0948 1.8197, -1.0 -0.1184 1.8197, -0.9921 -0.1184 1.8197, -1.0 -0.1538 1.8122, -0.9921 -0.1538 1.8122, -1.0 -0.1774 1.7971, -0.9921 -0.1774 1.7971, -1.0 -0.2011 1.767, -0.9921 -0.2011 1.767, -1.0 -0.207 1.7368, -0.9921 -0.207 1.7368, -1.0 -0.207 1.7217, -0.9921 -0.207 1.7217, -1.0 -0.2011 1.6916, -0.9921 -0.2011 1.6916, -1.0 -0.1892 1.6689, -0.9921 -0.1892 1.6689, -1.0 -0.0416 1.5031, -0.9921 -0.0416 1.5031, -1.0 -0.207 1.5031, -0.9921 -0.207 1.5031, -1.0 -0.207 1.4654, -0.9921 -0.207 1.4654, -1.0 -0.2542 1.5031, -1.0 -0.2542 1.4654, -0.9921 -0.2542 1.4654, -0.9921 -0.2542 1.5031, -1.0 -0.4196 1.6916, -0.9921 -0.4196 1.6916, -1.0 -0.4314 1.7217, -0.9921 -0.4314 1.7217, -1.0 -0.4314 1.7368, -0.9921 -0.4314 1.7368, -1.0 -0.4196 1.7594, -0.9921 -0.4196 1.7594, -1.0 -0.4018 1.7745, -0.9921 -0.4018 1.7745, -1.0 -0.3723 1.782, -0.9921 -0.3723 1.782, -1.0 -0.3487 1.782, -0.9921 -0.3487 1.782, -1.0 -0.3192 1.7745, -0.9921 -0.3192 1.7745, -1.0 -0.3014 1.7594, -0.9921 -0.3014 1.7594, -1.0 -0.2896 1.7368, -0.9921 -0.2896 1.7368, -1.0 -0.2601 1.7368, -0.9921 -0.2601 1.7368, -1.0 -0.266 1.767, -0.9921 -0.266 1.767, -1.0 -0.2896 1.7971, -0.9921 -0.2896 1.7971, -1.0 -0.3133 1.8122, -0.9921 -0.3133 1.8122, -1.0 -0.3546 1.8197, -0.9921 -0.3546 1.8197, -1.0 -0.3782 1.8197, -0.9921 -0.3782 1.8197, -1.0 -0.4137 1.8122, -0.9921 -0.4137 1.8122, -1.0 -0.4373 1.7971, -0.9921 -0.4373 1.7971, -1.0 -0.4609 1.767, -0.9921 -0.4609 1.767, -1.0 -0.4668 1.7368, -0.9921 -0.4668 1.7368, -1.0 -0.4668 1.7217, -0.9921 -0.4668 1.7217, -1.0 -0.4609 1.6916, -0.9921 -0.4609 1.6916, -1.0 -0.4491 1.6689, -0.9921 -0.4491 1.6689, -1.0 -0.3014 1.5031, -0.9921 -0.3014 1.5031, -1.0 -0.4668 1.5031, -0.9921 -0.4668 1.5031, -1.0 -0.4668 1.4654, -0.9921 -0.4668 1.4654
            ]
        }
        coordIndex [
            0,1,2,-1,3,4,5,-1,1,6,2,-1,0,7,1,-1,8,7,9,-1,0,9,7,-1,10,11,7,-1,7,8,10,-1,12,7,11,-1,13,6,1,-1,14,7,15,-1,7,12,15,-1,14,16,7,-1,13,1,17,-1,17,1,18,-1,19,7,16,-1,1,20,18,-1,19,21,7,-1,22,7,21,-1,23,7,22,-1,7,24,25,-1,23,24,7,-1,26,7,27,-1,28,1,29,-1,30,7,26,-1,31,1,32,-1,30,33,7,-1,34,32,1,-1,7,33,35,-1,1,36,34,-1,7,35,37,-1,36,1,38,-1,39,38,1,-1,37,40,7,-1,1,41,39,-1,42,7,40,-1,41,1,43,-1,7,42,44,-1,45,1,46,-1,43,1,45,-1,47,48,49,-1,50,44,42,-1,51,52,53,-1,54,47,55,-1,56,57,58,-1,59,60,53,-1,61,62,63,-1,64,65,66,-1,67,68,69,-1,70,71,72,-1,67,73,74,-1,75,67,76,-1,77,78,72,-1,76,67,72,-1,72,79,77,-1,80,81,82,-1,83,72,84,-1,82,81,85,-1,82,85,86,-1,81,80,87,-1,72,88,84,-1,83,79,72,-1,80,72,67,-1,72,71,88,-1,89,90,91,-1,92,67,93,-1,94,95,72,-1,73,67,75,-1,67,74,96,-1,72,97,94,-1,98,67,96,-1,99,100,101,-1,98,102,67,-1,103,104,105,-1,68,67,102,-1,99,106,100,-1,103,105,107,-1,108,109,110,-1,111,112,57,-1,113,114,61,-1,114,115,61,-1,116,117,5,-1,118,119,47,-1,120,121,122,-1,123,124,125,-1,126,57,127,-1,128,114,129,-1,114,130,131,-1,132,5,117,-1,53,133,134,-1,123,135,124,-1,136,123,125,-1,123,137,135,-1,138,139,123,-1,138,123,136,-1,140,141,123,-1,140,123,139,-1,142,143,123,-1,142,123,141,-1,144,143,145,-1,143,144,123,-1,144,146,147,-1,145,146,144,-1,147,148,144,-1,144,149,150,-1,148,149,144,-1,144,151,152,-1,150,151,144,-1,5,144,153,-1,152,153,144,-1,154,5,155,-1,5,153,155,-1,156,5,157,-1,5,154,157,-1,158,5,159,-1,5,156,159,-1,116,5,160,-1,5,158,160,-1,5,132,161,-1,162,3,5,-1,162,5,161,-1,4,163,164,-1,5,4,164,-1,165,166,164,-1,165,164,163,-1,167,168,164,-1,167,164,166,-1,169,170,164,-1,169,164,168,-1,171,164,170,-1,172,164,171,-1,173,174,164,-1,173,164,172,-1,53,120,175,-1,176,164,174,-1,177,178,53,-1,53,175,177,-1,52,59,53,-1,134,51,53,-1,179,180,53,-1,53,60,179,-1,181,182,53,-1,181,53,180,-1,127,183,184,-1,185,53,182,-1,186,57,187,-1,126,188,57,-1,189,190,57,-1,58,57,190,-1,57,191,187,-1,191,57,188,-1,192,57,56,-1,186,189,57,-1,127,193,126,-1,194,57,192,-1,195,196,197,-1,127,184,193,-1,183,127,198,-1,57,194,199,-1,127,200,198,-1,199,201,57,-1,53,185,127,-1,57,201,202,-1,47,203,204,-1,47,202,203,-1,205,47,206,-1,47,204,206,-1,207,47,208,-1,47,205,208,-1,119,209,47,-1,120,176,175,-1,209,55,47,-1,210,114,211,-1,54,212,47,-1,210,213,114,-1,214,47,212,-1,215,216,217,-1,215,217,218,-1,57,112,219,-1,50,47,44,-1,220,47,221,-1,222,197,223,-1,224,197,225,-1,226,227,44,-1,223,197,228,-1,229,44,230,-1,231,195,197,-1,232,44,233,-1,234,233,44,-1,235,44,236,-1,197,237,238,-1,239,197,44,-1,197,240,237,-1,241,197,242,-1,44,243,244,-1,197,245,246,-1,247,242,197,-1,248,249,250,-1,197,246,248,-1,251,252,253,-1,252,250,254,-1,255,256,251,-1,256,257,258,-1,259,260,261,-1,262,263,264,-1,265,260,259,-1,265,259,266,-1,261,263,262,-1,261,262,259,-1,257,263,258,-1,257,264,263,-1,251,256,258,-1,267,253,252,-1,255,251,253,-1,250,249,254,-1,252,254,267,-1,247,197,250,-1,197,248,250,-1,44,268,239,-1,239,245,197,-1,269,268,44,-1,44,270,243,-1,44,244,269,-1,44,232,236,-1,44,235,270,-1,44,229,234,-1,271,197,238,-1,230,44,272,-1,197,273,231,-1,44,227,274,-1,274,272,44,-1,275,228,197,-1,196,275,197,-1,220,226,44,-1,47,220,44,-1,57,202,47,-1,1,197,224,-1,47,218,217,-1,1,224,276,-1,50,48,47,-1,49,218,47,-1,1,277,46,-1,276,277,1,-1,207,278,47,-1,211,114,128,-1,185,200,127,-1,178,133,53,-1,120,279,121,-1,176,120,164,-1,280,281,57,-1,164,120,122,-1,164,122,282,-1,114,131,283,-1,284,282,285,-1,114,113,286,-1,287,164,288,-1,282,289,285,-1,280,57,219,-1,282,290,289,-1,127,57,291,-1,291,290,282,-1,291,57,292,-1,293,291,292,-1,291,293,290,-1,284,288,282,-1,282,288,164,-1,287,294,164,-1,294,295,164,-1,295,112,296,-1,295,297,164,-1,62,61,298,-1,299,297,295,-1,111,296,112,-1,164,297,67,-1,63,300,61,-1,297,108,67,-1,213,109,114,-1,301,302,303,-1,111,57,114,-1,295,296,299,-1,304,296,303,-1,296,304,299,-1,301,303,296,-1,305,299,304,-1,305,304,306,-1,108,307,308,-1,109,111,114,-1,108,308,309,-1,309,310,108,-1,64,307,110,-1,108,310,67,-1,61,86,113,-1,67,310,311,-1,105,104,312,-1,67,311,313,-1,314,315,316,-1,67,313,93,-1,317,72,95,-1,82,61,318,-1,97,105,312,-1,72,105,97,-1,319,105,300,-1,105,319,107,-1,320,114,283,-1,114,320,115,-1,286,129,114,-1,106,99,316,-1,321,114,322,-1,114,217,322,-1,322,217,323,-1,323,217,324,-1,325,324,217,-1,65,326,327,-1,65,64,328,-1,329,109,213,-1,64,66,307,-1,330,109,329,-1,108,110,307,-1,109,330,110,-1,90,327,326,-1,331,106,316,-1,99,314,316,-1,314,89,315,-1,89,91,315,-1,90,326,91,-1,65,327,66,-1,66,327,332,-1,317,333,72,-1,70,72,333,-1,105,61,300,-1,86,61,82,-1,298,61,115,-1,76,72,78,-1,80,92,87,-1,67,92,80,-1,47,278,118,-1,292,57,281,-1,321,334,114,-1,114,334,130,-1,216,335,217,-1,325,217,335,-1,221,47,214,-1,225,197,222,-1,197,271,336,-1,273,197,336,-1,1,31,29,-1,25,27,7,-1,28,337,1,-1,20,1,337,-1,241,338,197,-1,240,197,338,-1,339,340,341,-1,342,343,344,-1,339,341,345,-1,342,345,341,-1,346,341,347,-1,348,347,349,-1,347,350,349,-1,347,348,346,-1,342,341,346,-1,342,346,343,-1,351,352,353,-1,44,354,355,-1,356,357,358,-1,44,358,359,-1,358,44,356,-1,359,360,44,-1,360,354,44,-1,361,362,363,-1,361,363,364,-1,362,355,363,-1,365,361,364,-1,366,367,368,-1,369,370,371,-1,372,373,369,-1,372,369,371,-1,374,375,369,-1,374,369,373,-1,367,366,376,-1,376,369,375,-1,377,366,378,-1,379,366,380,-1,366,368,380,-1,379,378,366,-1,369,376,366,-1,381,382,7,-1,366,383,369,-1,366,365,383,-1,384,355,362,-1,383,365,364,-1,384,44,355,-1,7,385,386,-1,386,385,387,-1,7,388,385,-1,381,7,384,-1,7,382,388,-1,7,44,384,-1,7,386,389,-1,7,389,1,-1,1,390,391,-1,389,392,393,-1,1,393,394,-1,393,1,389,-1,394,395,1,-1,395,390,1,-1,396,397,398,-1,396,398,399,-1,397,391,398,-1,400,396,399,-1,401,402,403,-1,404,405,406,-1,407,408,404,-1,407,404,406,-1,409,410,404,-1,409,404,408,-1,402,401,411,-1,411,404,410,-1,412,401,413,-1,414,401,415,-1,401,403,415,-1,414,413,401,-1,404,411,401,-1,416,417,197,-1,401,418,404,-1,401,400,418,-1,419,391,397,-1,418,400,399,-1,419,1,391,-1,197,420,421,-1,421,420,422,-1,197,423,420,-1,416,197,419,-1,197,417,423,-1,197,1,419,-1,197,421,356,-1,197,356,44,-1,358,420,423,-1,417,359,423,-1,358,423,359,-1,360,359,417,-1,357,420,358,-1,422,357,356,-1,357,422,420,-1,422,356,421,-1,395,381,390,-1,381,395,382,-1,416,354,360,-1,416,360,417,-1,393,385,388,-1,382,394,388,-1,393,388,394,-1,395,394,382,-1,392,385,393,-1,387,392,389,-1,392,387,385,-1,387,389,386,-1,384,362,398,-1,384,391,381,-1,391,384,398,-1,381,391,390,-1,399,398,362,-1,361,418,399,-1,399,362,361,-1,361,365,418,-1,404,365,366,-1,365,404,418,-1,410,376,411,-1,410,409,367,-1,367,376,410,-1,368,409,408,-1,409,368,367,-1,407,380,408,-1,368,408,380,-1,407,406,379,-1,379,380,407,-1,378,406,405,-1,406,378,379,-1,404,377,405,-1,378,405,377,-1,366,377,404,-1,375,411,376,-1,374,402,375,-1,411,375,402,-1,374,373,403,-1,403,402,374,-1,415,373,372,-1,373,415,403,-1,371,414,372,-1,415,372,414,-1,371,370,413,-1,413,414,371,-1,412,370,369,-1,370,412,413,-1,412,369,401,-1,369,400,401,-1,400,369,383,-1,419,397,363,-1,419,355,416,-1,355,419,363,-1,416,355,354,-1,364,363,397,-1,396,383,364,-1,364,397,396,-1,396,400,383,-1,57,424,425,-1,426,427,428,-1,57,428,429,-1,428,57,426,-1,429,430,57,-1,430,424,57,-1,431,432,433,-1,431,433,434,-1,432,425,433,-1,435,431,434,-1,436,437,438,-1,439,440,441,-1,442,443,439,-1,442,439,441,-1,444,445,439,-1,444,439,443,-1,437,436,446,-1,446,439,445,-1,447,436,448,-1,449,436,450,-1,436,438,450,-1,449,448,436,-1,439,446,436,-1,451,452,114,-1,436,453,439,-1,436,435,453,-1,454,425,432,-1,453,435,434,-1,454,57,425,-1,114,455,456,-1,456,455,457,-1,114,458,455,-1,451,114,454,-1,114,452,458,-1,114,57,454,-1,114,456,459,-1,114,459,217,-1,217,460,461,-1,459,462,463,-1,217,463,464,-1,463,217,459,-1,464,465,217,-1,465,460,217,-1,466,467,468,-1,466,468,469,-1,467,461,468,-1,470,466,469,-1,471,472,473,-1,474,475,476,-1,477,478,474,-1,477,474,476,-1,479,480,474,-1,479,474,478,-1,472,471,481,-1,481,474,480,-1,482,471,483,-1,484,471,485,-1,471,473,485,-1,484,483,471,-1,474,481,471,-1,486,487,47,-1,471,488,474,-1,471,470,488,-1,489,461,467,-1,488,470,469,-1,489,217,461,-1,47,490,491,-1,491,490,492,-1,47,493,490,-1,486,47,489,-1,47,487,493,-1,47,217,489,-1,47,491,426,-1,47,426,57,-1,428,490,493,-1,487,429,493,-1,428,493,429,-1,430,429,487,-1,427,490,428,-1,492,427,426,-1,427,492,490,-1,492,426,491,-1,465,451,460,-1,451,465,452,-1,486,424,430,-1,486,430,487,-1,463,455,458,-1,452,464,458,-1,463,458,464,-1,465,464,452,-1,462,455,463,-1,457,462,459,-1,462,457,455,-1,457,459,456,-1,454,432,468,-1,454,461,451,-1,461,454,468,-1,451,461,460,-1,469,468,432,-1,431,488,469,-1,469,432,431,-1,431,435,488,-1,474,435,436,-1,435,474,488,-1,480,446,481,-1,480,479,437,-1,437,446,480,-1,438,479,478,-1,479,438,437,-1,477,450,478,-1,438,478,450,-1,477,476,449,-1,449,450,477,-1,448,476,475,-1,476,448,449,-1,474,447,475,-1,448,475,447,-1,436,447,474,-1,445,481,446,-1,444,472,445,-1,481,445,472,-1,444,443,473,-1,473,472,444,-1,485,443,442,-1,443,485,473,-1,441,484,442,-1,485,442,484,-1,441,440,483,-1,483,484,441,-1,482,440,439,-1,440,482,483,-1,482,439,471,-1,439,470,471,-1,470,439,453,-1,489,467,433,-1,489,425,486,-1,425,489,433,-1,486,425,424,-1,434,433,467,-1,466,453,434,-1,434,467,466,-1,466,470,453,-1,494,495,56,-1,496,497,174,-1,494,56,58,-1,498,186,499,-1,179,500,501,-1,502,189,498,-1,502,503,190,-1,189,502,190,-1,504,505,503,-1,58,190,503,-1,189,186,498,-1,506,499,187,-1,58,503,494,-1,191,188,507,-1,187,191,506,-1,191,507,506,-1,508,126,193,-1,509,52,51,-1,126,508,510,-1,507,188,510,-1,126,510,188,-1,511,183,198,-1,512,513,200,-1,184,183,514,-1,515,516,517,-1,514,183,511,-1,184,514,515,-1,515,508,193,-1,184,515,193,-1,513,511,198,-1,513,198,200,-1,518,169,519,-1,496,174,173,-1,181,520,182,-1,520,521,182,-1,521,185,182,-1,521,512,185,-1,522,521,523,-1,60,500,179,-1,180,524,181,-1,180,179,501,-1,520,181,524,-1,524,180,501,-1,525,526,527,-1,60,525,500,-1,528,525,59,-1,52,528,59,-1,509,528,52,-1,525,60,59,-1,529,133,178,-1,178,530,529,-1,531,509,51,-1,133,532,134,-1,532,531,134,-1,134,531,51,-1,530,178,177,-1,133,529,532,-1,533,530,177,-1,177,175,533,-1,533,175,497,-1,176,174,497,-1,176,497,175,-1,200,185,512,-1,534,497,535,-1,518,170,169,-1,536,537,506,-1,173,172,538,-1,171,539,172,-1,173,538,496,-1,540,539,171,-1,538,172,539,-1,518,540,170,-1,171,170,540,-1,168,519,169,-1,187,499,186,-1,192,495,194,-1,56,495,192,-1,495,541,194,-1,519,542,543,-1,165,163,544,-1,163,545,544,-1,167,546,547,-1,166,165,546,-1,167,166,546,-1,165,544,546,-1,168,167,547,-1,545,163,4,-1,3,548,4,-1,158,159,549,-1,550,551,552,-1,3,162,553,-1,554,162,161,-1,553,548,3,-1,117,555,132,-1,162,554,553,-1,556,132,555,-1,557,558,559,-1,556,161,132,-1,555,117,116,-1,116,560,555,-1,161,556,554,-1,560,160,561,-1,160,560,116,-1,561,158,549,-1,562,563,564,-1,565,566,549,-1,158,561,160,-1,567,568,569,-1,157,570,571,-1,571,156,157,-1,572,549,159,-1,572,159,156,-1,156,571,572,-1,573,155,574,-1,153,574,155,-1,573,570,154,-1,570,575,576,-1,155,573,154,-1,577,578,579,-1,580,581,582,-1,151,583,152,-1,153,152,584,-1,584,574,153,-1,585,586,587,-1,588,589,590,-1,154,570,157,-1,591,592,593,-1,590,594,595,-1,596,589,597,-1,598,599,600,-1,588,591,597,-1,548,545,4,-1,595,577,601,-1,602,603,604,-1,168,547,519,-1,601,577,579,-1,148,579,149,-1,605,595,601,-1,578,149,579,-1,151,150,583,-1,606,607,608,-1,199,194,541,-1,199,609,201,-1,609,199,541,-1,609,608,201,-1,202,201,608,-1,610,203,611,-1,611,202,608,-1,610,612,204,-1,611,203,202,-1,206,612,613,-1,203,610,204,-1,614,205,613,-1,206,204,612,-1,614,615,208,-1,613,205,206,-1,207,615,616,-1,205,614,208,-1,617,278,616,-1,207,208,615,-1,617,618,118,-1,616,278,207,-1,119,618,619,-1,278,617,118,-1,619,55,209,-1,119,118,618,-1,620,55,619,-1,619,209,119,-1,620,54,55,-1,620,621,54,-1,54,621,212,-1,212,621,622,-1,214,212,622,-1,623,214,622,-1,623,221,214,-1,623,624,221,-1,221,624,220,-1,220,624,625,-1,226,220,625,-1,626,226,625,-1,626,227,226,-1,626,627,227,-1,227,627,274,-1,274,627,628,-1,272,274,628,-1,628,230,272,-1,628,629,230,-1,630,631,632,-1,229,629,630,-1,629,229,230,-1,633,234,630,-1,229,630,234,-1,633,634,233,-1,233,234,633,-1,232,634,635,-1,634,232,233,-1,636,236,635,-1,232,635,236,-1,636,637,235,-1,235,236,636,-1,270,637,638,-1,637,270,235,-1,639,243,638,-1,270,638,243,-1,639,244,243,-1,639,640,244,-1,244,640,269,-1,269,640,641,-1,268,269,641,-1,642,643,644,-1,641,642,239,-1,239,268,641,-1,245,642,645,-1,642,245,239,-1,246,245,645,-1,646,246,645,-1,646,248,246,-1,646,647,248,-1,647,648,254,-1,647,249,248,-1,649,650,651,-1,249,647,254,-1,648,652,267,-1,267,254,648,-1,253,652,653,-1,652,253,267,-1,256,653,654,-1,253,653,255,-1,655,656,657,-1,256,255,653,-1,257,654,658,-1,654,257,256,-1,659,264,658,-1,257,658,264,-1,659,262,264,-1,660,661,662,-1,259,659,663,-1,659,259,262,-1,664,665,666,-1,663,666,259,-1,667,266,666,-1,259,666,266,-1,667,265,266,-1,665,668,667,-1,265,667,260,-1,260,667,669,-1,669,670,261,-1,668,671,669,-1,672,673,674,-1,260,669,261,-1,670,263,261,-1,670,675,263,-1,263,675,258,-1,676,674,677,-1,678,679,251,-1,675,678,258,-1,680,679,681,-1,258,678,251,-1,679,252,251,-1,679,682,252,-1,252,682,250,-1,250,682,683,-1,247,250,683,-1,684,685,686,-1,242,687,688,-1,247,683,687,-1,689,690,691,-1,242,247,687,-1,241,688,692,-1,688,241,242,-1,693,338,692,-1,241,692,338,-1,694,237,693,-1,240,338,693,-1,695,696,697,-1,693,237,240,-1,698,238,694,-1,237,694,238,-1,698,699,271,-1,271,238,698,-1,271,699,336,-1,336,699,700,-1,273,336,700,-1,701,702,703,-1,701,231,273,-1,273,700,701,-1,231,701,195,-1,195,701,704,-1,196,195,704,-1,705,196,704,-1,705,275,196,-1,705,706,275,-1,275,706,228,-1,707,708,709,-1,223,228,709,-1,706,709,228,-1,708,710,711,-1,710,712,713,-1,714,715,716,-1,717,712,718,-1,222,223,709,-1,716,719,717,-1,720,721,722,-1,222,711,225,-1,711,222,709,-1,276,224,723,-1,225,711,724,-1,277,276,725,-1,723,224,724,-1,150,578,583,-1,578,150,149,-1,584,726,587,-1,583,584,152,-1,583,578,727,-1,574,587,728,-1,584,583,726,-1,573,728,575,-1,574,584,587,-1,729,582,730,-1,573,574,728,-1,571,576,569,-1,570,573,575,-1,572,569,565,-1,576,571,570,-1,731,732,733,-1,572,571,569,-1,561,566,734,-1,549,572,565,-1,734,735,560,-1,566,561,549,-1,735,736,555,-1,734,560,561,-1,556,736,737,-1,555,560,735,-1,737,738,554,-1,736,556,555,-1,553,738,739,-1,737,554,556,-1,548,739,740,-1,553,554,738,-1,740,551,545,-1,739,548,553,-1,551,741,544,-1,740,545,548,-1,741,742,546,-1,551,544,545,-1,547,742,542,-1,741,546,544,-1,743,744,745,-1,742,547,546,-1,543,743,518,-1,542,519,547,-1,743,746,540,-1,543,518,519,-1,539,746,747,-1,743,540,518,-1,538,747,748,-1,746,539,540,-1,496,748,535,-1,747,538,539,-1,749,533,534,-1,748,496,538,-1,750,751,752,-1,535,497,496,-1,749,750,530,-1,534,533,497,-1,750,753,529,-1,749,530,533,-1,532,753,754,-1,750,529,530,-1,531,754,755,-1,753,532,529,-1,509,755,756,-1,754,531,532,-1,528,756,526,-1,755,509,531,-1,757,758,759,-1,756,528,509,-1,500,527,757,-1,526,525,528,-1,501,757,760,-1,527,500,525,-1,524,760,761,-1,757,501,500,-1,520,761,523,-1,524,501,760,-1,762,763,764,-1,761,520,524,-1,522,762,512,-1,523,521,520,-1,762,765,513,-1,522,512,521,-1,511,765,766,-1,762,513,512,-1,514,766,516,-1,511,513,765,-1,767,768,769,-1,766,514,511,-1,517,770,508,-1,516,515,514,-1,770,771,510,-1,517,508,515,-1,507,771,536,-1,510,508,770,-1,772,773,774,-1,771,507,510,-1,537,775,499,-1,536,506,507,-1,775,776,498,-1,537,499,506,-1,502,776,504,-1,498,499,775,-1,777,778,779,-1,776,502,498,-1,505,777,494,-1,504,503,502,-1,777,780,495,-1,505,494,503,-1,780,781,541,-1,777,495,494,-1,609,781,606,-1,541,495,780,-1,782,611,607,-1,781,609,541,-1,783,784,785,-1,606,608,609,-1,610,782,783,-1,607,611,608,-1,612,783,786,-1,782,610,611,-1,613,786,787,-1,783,612,610,-1,614,787,788,-1,786,613,612,-1,615,788,789,-1,787,614,613,-1,616,789,790,-1,788,615,614,-1,617,790,791,-1,789,616,615,-1,618,791,792,-1,790,617,616,-1,619,792,793,-1,617,791,618,-1,793,794,620,-1,618,792,619,-1,621,794,795,-1,619,793,620,-1,622,795,796,-1,620,794,621,-1,623,796,797,-1,621,795,622,-1,624,797,798,-1,622,796,623,-1,625,798,799,-1,623,797,624,-1,626,799,800,-1,624,798,625,-1,627,800,801,-1,625,799,626,-1,628,801,802,-1,626,800,627,-1,629,802,631,-1,801,628,627,-1,803,633,632,-1,802,629,628,-1,804,634,803,-1,631,630,629,-1,805,635,804,-1,632,633,630,-1,806,807,808,-1,803,634,633,-1,805,806,636,-1,804,635,634,-1,806,809,637,-1,805,636,635,-1,809,810,638,-1,806,637,636,-1,639,810,811,-1,809,638,637,-1,640,811,812,-1,810,639,638,-1,641,812,643,-1,811,640,639,-1,813,814,815,-1,812,641,640,-1,644,813,645,-1,643,642,641,-1,646,813,816,-1,644,645,642,-1,816,817,647,-1,813,646,645,-1,648,817,818,-1,816,647,646,-1,818,819,652,-1,817,648,647,-1,819,820,653,-1,818,652,648,-1,654,820,821,-1,653,652,819,-1,821,822,658,-1,820,654,653,-1,659,822,823,-1,658,654,821,-1,823,664,663,-1,822,659,658,-1,824,825,826,-1,663,659,823,-1,827,828,825,-1,666,663,664,-1,829,830,828,-1,667,666,665,-1,670,671,672,-1,669,667,668,-1,675,672,831,-1,670,669,671,-1,678,831,681,-1,675,670,672,-1,832,833,834,-1,678,675,831,-1,682,680,835,-1,681,679,678,-1,683,835,836,-1,682,679,680,-1,687,836,837,-1,835,683,682,-1,688,837,838,-1,687,683,836,-1,838,839,692,-1,837,688,687,-1,839,840,693,-1,838,692,688,-1,694,840,841,-1,693,692,839,-1,841,695,698,-1,840,694,693,-1,699,695,842,-1,841,698,694,-1,700,842,702,-1,699,698,695,-1,843,844,845,-1,842,700,699,-1,704,703,846,-1,702,701,700,-1,705,846,847,-1,703,704,701,-1,706,847,707,-1,705,704,846,-1,717,848,712,-1,706,705,847,-1,713,723,724,-1,709,706,707,-1,225,724,224,-1,708,711,709,-1,723,849,725,-1,724,710,713,-1,725,276,723,-1,727,578,577,-1,605,850,590,-1,726,851,585,-1,727,726,583,-1,852,727,577,-1,853,854,855,-1,851,726,727,-1,728,586,856,-1,587,726,585,-1,575,856,857,-1,728,587,586,-1,576,857,567,-1,856,575,728,-1,858,859,860,-1,576,575,857,-1,565,568,861,-1,569,576,567,-1,566,861,862,-1,568,565,569,-1,734,862,863,-1,566,565,861,-1,863,864,735,-1,862,734,566,-1,736,864,865,-1,863,735,734,-1,737,865,866,-1,864,736,735,-1,866,867,738,-1,865,737,736,-1,739,867,868,-1,866,738,737,-1,740,868,552,-1,867,739,738,-1,869,870,871,-1,868,740,739,-1,741,550,872,-1,552,551,740,-1,742,872,873,-1,550,741,551,-1,542,873,874,-1,741,872,742,-1,543,874,744,-1,873,542,742,-1,875,876,745,-1,874,543,542,-1,745,876,746,-1,744,743,543,-1,747,876,877,-1,745,746,743,-1,748,877,878,-1,876,747,746,-1,535,878,879,-1,747,877,748,-1,534,879,880,-1,748,878,535,-1,749,880,751,-1,879,534,535,-1,881,882,752,-1,880,749,534,-1,752,882,753,-1,751,750,749,-1,882,883,754,-1,752,753,750,-1,755,883,884,-1,882,754,753,-1,756,884,885,-1,754,883,755,-1,526,885,886,-1,755,884,756,-1,527,886,758,-1,885,526,756,-1,887,888,759,-1,886,527,526,-1,759,888,760,-1,758,757,527,-1,761,888,889,-1,759,760,757,-1,523,889,890,-1,760,888,761,-1,522,890,763,-1,889,523,761,-1,891,892,764,-1,890,522,523,-1,764,892,765,-1,763,762,522,-1,766,892,893,-1,764,765,762,-1,516,893,894,-1,765,892,766,-1,517,894,768,-1,893,516,766,-1,768,767,770,-1,894,517,516,-1,771,767,895,-1,768,770,517,-1,536,895,896,-1,770,767,771,-1,537,896,773,-1,895,536,771,-1,773,772,775,-1,896,537,536,-1,776,772,897,-1,773,775,537,-1,504,897,898,-1,775,772,776,-1,505,898,778,-1,897,504,776,-1,899,900,779,-1,898,505,504,-1,779,900,780,-1,778,777,505,-1,781,900,901,-1,779,780,777,-1,606,901,902,-1,780,900,781,-1,607,902,903,-1,781,901,606,-1,782,903,784,-1,902,607,606,-1,904,786,785,-1,903,782,607,-1,905,787,904,-1,784,783,782,-1,906,907,905,-1,785,786,783,-1,905,907,788,-1,904,787,786,-1,907,908,789,-1,905,788,787,-1,908,909,790,-1,907,789,788,-1,791,909,910,-1,908,790,789,-1,792,910,911,-1,909,791,790,-1,793,911,912,-1,791,910,792,-1,794,912,913,-1,792,911,793,-1,795,913,914,-1,793,912,794,-1,796,914,915,-1,794,913,795,-1,797,915,916,-1,795,914,796,-1,798,916,917,-1,796,915,797,-1,799,917,918,-1,797,916,798,-1,800,918,919,-1,798,917,799,-1,801,919,920,-1,799,918,800,-1,802,920,921,-1,800,919,801,-1,631,921,922,-1,801,920,802,-1,632,922,923,-1,802,921,631,-1,803,923,924,-1,631,922,632,-1,804,924,925,-1,632,923,803,-1,805,925,807,-1,924,804,803,-1,926,809,808,-1,925,805,804,-1,927,928,926,-1,807,806,805,-1,926,928,810,-1,808,809,806,-1,811,928,929,-1,926,810,809,-1,812,929,930,-1,810,928,811,-1,643,930,931,-1,811,929,812,-1,644,931,814,-1,930,643,812,-1,932,933,934,-1,931,644,643,-1,816,815,935,-1,814,813,644,-1,817,935,936,-1,815,816,813,-1,818,936,651,-1,935,817,816,-1,651,650,819,-1,936,818,817,-1,820,650,937,-1,651,819,818,-1,821,937,938,-1,650,820,819,-1,822,938,660,-1,937,821,820,-1,823,660,662,-1,938,822,821,-1,664,662,939,-1,823,822,660,-1,665,939,940,-1,664,823,662,-1,668,940,941,-1,665,664,939,-1,671,941,673,-1,940,668,665,-1,942,943,944,-1,941,671,668,-1,831,674,676,-1,672,671,673,-1,681,676,945,-1,831,672,674,-1,945,946,680,-1,676,681,831,-1,835,946,947,-1,945,680,681,-1,836,947,948,-1,946,835,680,-1,837,948,949,-1,947,836,835,-1,838,949,689,-1,948,837,836,-1,689,691,839,-1,949,838,837,-1,840,691,950,-1,689,839,838,-1,841,950,696,-1,691,840,839,-1,951,952,953,-1,950,841,840,-1,842,697,954,-1,696,695,841,-1,702,954,955,-1,697,842,695,-1,703,955,844,-1,954,702,842,-1,844,843,846,-1,955,703,702,-1,847,843,956,-1,844,846,703,-1,707,956,714,-1,846,843,847,-1,708,714,718,-1,707,847,956,-1,708,707,714,-1,713,957,849,-1,711,710,724,-1,718,712,710,-1,849,723,713,-1,595,852,577,-1,589,588,597,-1,604,851,852,-1,852,851,727,-1,594,604,852,-1,603,585,851,-1,604,603,851,-1,958,586,585,-1,603,958,585,-1,580,856,586,-1,958,580,586,-1,582,857,856,-1,580,582,856,-1,729,567,857,-1,729,857,582,-1,959,568,567,-1,729,959,567,-1,960,861,568,-1,959,960,568,-1,961,862,861,-1,960,961,861,-1,962,863,862,-1,961,962,862,-1,963,864,863,-1,962,963,863,-1,964,865,864,-1,864,963,964,-1,965,866,865,-1,964,965,865,-1,966,867,866,-1,965,966,866,-1,967,868,867,-1,867,966,967,-1,968,552,868,-1,868,967,968,-1,969,550,552,-1,968,969,552,-1,970,872,550,-1,969,970,550,-1,971,873,872,-1,872,970,971,-1,972,874,873,-1,873,971,972,-1,973,744,874,-1,874,972,973,-1,974,745,744,-1,973,974,744,-1,876,975,877,-1,974,875,745,-1,976,977,978,-1,875,975,876,-1,979,878,877,-1,877,975,979,-1,980,879,878,-1,878,979,980,-1,981,880,879,-1,879,980,981,-1,982,751,880,-1,880,981,982,-1,983,752,751,-1,982,983,751,-1,882,984,883,-1,983,881,752,-1,985,986,987,-1,881,984,882,-1,988,884,883,-1,883,984,988,-1,989,885,884,-1,884,988,989,-1,990,886,885,-1,885,989,990,-1,991,758,886,-1,886,990,991,-1,992,759,758,-1,991,992,758,-1,993,994,995,-1,992,887,759,-1,996,889,888,-1,888,887,996,-1,997,890,889,-1,889,996,997,-1,998,763,890,-1,890,997,998,-1,999,764,763,-1,998,999,763,-1,1000,1001,1002,-1,999,891,764,-1,1003,893,892,-1,892,891,1003,-1,1004,894,893,-1,893,1003,1004,-1,1005,768,894,-1,1004,1005,894,-1,1006,1007,1008,-1,1005,769,768,-1,1009,895,767,-1,769,1009,767,-1,1010,896,895,-1,895,1009,1010,-1,1011,773,896,-1,1010,1011,896,-1,1012,1013,1014,-1,1011,774,773,-1,1015,897,772,-1,774,1015,772,-1,1016,898,897,-1,897,1015,1016,-1,1017,778,898,-1,898,1016,1017,-1,1018,779,778,-1,1017,1018,778,-1,1019,1020,1021,-1,1018,899,779,-1,1022,901,900,-1,900,899,1022,-1,1023,902,901,-1,901,1022,1023,-1,1024,903,902,-1,902,1023,1024,-1,1025,784,903,-1,903,1024,1025,-1,1026,785,784,-1,784,1025,1026,-1,1027,904,785,-1,785,1026,1027,-1,1028,905,904,-1,1027,1028,904,-1,907,1029,908,-1,1028,906,905,-1,908,1030,909,-1,906,1029,907,-1,909,1031,910,-1,1029,1030,908,-1,911,910,1032,-1,1030,1031,909,-1,912,911,1033,-1,1031,1032,910,-1,913,912,1034,-1,1032,1033,911,-1,914,913,1035,-1,912,1033,1034,-1,915,914,1036,-1,913,1034,1035,-1,916,915,1037,-1,914,1035,1036,-1,917,916,1038,-1,915,1036,1037,-1,918,917,1039,-1,916,1037,1038,-1,1040,1041,1042,-1,917,1038,1039,-1,1041,919,918,-1,918,1039,1041,-1,1040,920,919,-1,919,1041,1040,-1,1043,921,920,-1,920,1040,1043,-1,1044,922,921,-1,921,1043,1044,-1,1045,923,922,-1,922,1044,1045,-1,1046,924,923,-1,923,1045,1046,-1,1047,925,924,-1,924,1046,1047,-1,1048,807,925,-1,925,1047,1048,-1,1049,808,807,-1,807,1048,1049,-1,1050,926,808,-1,1049,1050,808,-1,1051,1052,1053,-1,1050,927,926,-1,1054,929,928,-1,927,1054,928,-1,1055,930,929,-1,929,1054,1055,-1,1056,931,930,-1,930,1055,1056,-1,1057,814,931,-1,931,1056,1057,-1,1058,815,814,-1,1057,1058,814,-1,1059,935,815,-1,1058,1059,815,-1,1060,936,935,-1,935,1059,1060,-1,1061,651,936,-1,1060,1061,936,-1,1062,1063,649,-1,1061,649,651,-1,1063,937,650,-1,650,649,1063,-1,1064,938,937,-1,1063,1064,937,-1,1065,660,938,-1,1064,1065,938,-1,1066,1067,655,-1,1065,661,660,-1,826,939,662,-1,661,826,662,-1,825,940,939,-1,826,825,939,-1,828,941,940,-1,828,940,825,-1,830,673,941,-1,830,941,828,-1,1068,674,673,-1,830,1068,673,-1,1069,1070,942,-1,1068,677,674,-1,1071,945,676,-1,677,1071,676,-1,1072,946,945,-1,1071,1072,945,-1,1073,947,946,-1,946,1072,1073,-1,686,948,947,-1,1073,686,947,-1,685,949,948,-1,948,686,685,-1,1074,689,949,-1,685,1074,949,-1,1075,1076,690,-1,1074,690,689,-1,1076,950,691,-1,691,690,1076,-1,1077,696,950,-1,950,1076,1077,-1,1078,697,696,-1,1077,1078,696,-1,1079,954,697,-1,1078,1079,697,-1,1080,955,954,-1,954,1079,1080,-1,1081,844,955,-1,1080,1081,955,-1,1082,1083,1084,-1,1081,845,844,-1,1085,956,843,-1,843,845,1085,-1,715,714,956,-1,956,1085,715,-1,716,718,714,-1,712,957,713,-1,708,718,710,-1,718,716,717,-1,848,957,712,-1,605,590,595,-1,588,850,592,-1,604,594,598,-1,595,594,852,-1,594,589,598,-1,602,598,600,-1,598,602,604,-1,958,603,1086,-1,602,1086,603,-1,580,958,853,-1,958,1086,853,-1,581,853,855,-1,580,853,581,-1,581,1087,730,-1,581,730,582,-1,959,729,859,-1,730,859,729,-1,960,959,858,-1,959,859,858,-1,961,960,731,-1,858,731,960,-1,962,961,733,-1,961,731,733,-1,963,962,563,-1,733,563,962,-1,964,963,562,-1,963,563,562,-1,965,964,1088,-1,964,562,1088,-1,966,965,558,-1,1088,558,965,-1,967,966,557,-1,966,558,557,-1,968,967,1089,-1,967,557,1089,-1,969,968,1090,-1,968,1089,1090,-1,970,969,871,-1,1090,871,969,-1,971,970,870,-1,970,871,870,-1,972,971,1091,-1,971,870,1091,-1,973,972,1092,-1,972,1091,1092,-1,974,973,1093,-1,973,1092,1093,-1,875,974,1094,-1,974,1093,1094,-1,975,875,1095,-1,875,1094,1095,-1,977,979,975,-1,975,1095,977,-1,980,979,976,-1,979,977,976,-1,981,980,1096,-1,980,976,1096,-1,982,981,1097,-1,981,1096,1097,-1,983,982,1098,-1,982,1097,1098,-1,881,983,1099,-1,983,1098,1099,-1,984,881,1100,-1,881,1099,1100,-1,986,988,984,-1,1100,986,984,-1,989,988,985,-1,988,986,985,-1,990,989,1101,-1,989,985,1101,-1,991,990,1102,-1,990,1101,1102,-1,992,991,1103,-1,991,1102,1103,-1,887,992,1104,-1,992,1103,1104,-1,994,996,887,-1,1104,994,887,-1,997,996,993,-1,996,994,993,-1,998,997,1105,-1,997,993,1105,-1,999,998,1106,-1,998,1105,1106,-1,891,999,1107,-1,999,1106,1107,-1,1001,1003,891,-1,1107,1001,891,-1,1004,1003,1000,-1,1003,1001,1000,-1,1005,1004,1108,-1,1004,1000,1108,-1,769,1005,1109,-1,1005,1108,1109,-1,1009,769,1007,-1,1109,1007,769,-1,1010,1009,1006,-1,1009,1007,1006,-1,1011,1010,1110,-1,1010,1006,1110,-1,774,1011,1111,-1,1011,1110,1111,-1,1015,774,1013,-1,1111,1013,774,-1,1016,1015,1012,-1,1015,1013,1012,-1,1017,1016,1112,-1,1016,1012,1112,-1,1018,1017,1113,-1,1017,1112,1113,-1,899,1018,1114,-1,1018,1113,1114,-1,1020,1022,899,-1,1114,1020,899,-1,1023,1022,1019,-1,1022,1020,1019,-1,1024,1023,1115,-1,1023,1019,1115,-1,1025,1024,1116,-1,1024,1115,1116,-1,1026,1025,1117,-1,1025,1116,1117,-1,1027,1026,1118,-1,1026,1117,1118,-1,1028,1027,1119,-1,1027,1118,1119,-1,906,1028,1120,-1,1028,1119,1120,-1,1029,906,1121,-1,906,1120,1121,-1,1030,1029,1122,-1,1029,1121,1122,-1,1031,1030,1123,-1,1030,1122,1123,-1,1032,1031,1124,-1,1031,1123,1124,-1,1033,1032,1125,-1,1032,1124,1125,-1,1126,1034,1033,-1,1033,1125,1126,-1,1127,1035,1034,-1,1034,1126,1127,-1,1128,1036,1035,-1,1035,1127,1128,-1,1129,1037,1036,-1,1036,1128,1129,-1,1130,1038,1037,-1,1037,1129,1130,-1,1131,1039,1038,-1,1038,1130,1131,-1,1132,1041,1039,-1,1131,1132,1039,-1,1040,1133,1043,-1,1041,1132,1042,-1,1133,1134,1135,-1,1040,1042,1133,-1,1044,1043,1135,-1,1043,1133,1135,-1,1045,1044,1136,-1,1044,1135,1136,-1,1046,1045,1137,-1,1045,1136,1137,-1,1047,1046,1138,-1,1046,1137,1138,-1,1048,1047,1139,-1,1047,1138,1139,-1,1049,1048,1140,-1,1048,1139,1140,-1,1050,1049,1141,-1,1049,1140,1141,-1,927,1050,1142,-1,1050,1141,1142,-1,1054,927,1052,-1,1142,1052,927,-1,1055,1054,1051,-1,1054,1052,1051,-1,1056,1055,1143,-1,1055,1051,1143,-1,1057,1056,1144,-1,1056,1143,1144,-1,1058,1057,1145,-1,1057,1144,1145,-1,1059,1058,934,-1,1145,934,1058,-1,1060,1059,933,-1,1059,934,933,-1,1061,1060,1146,-1,1060,933,1146,-1,649,1061,1147,-1,1061,1146,1147,-1,1062,1147,1148,-1,1147,1062,649,-1,1064,1063,1149,-1,1063,1062,1149,-1,1065,1064,1150,-1,1149,1150,1064,-1,661,1065,655,-1,1150,655,1065,-1,826,661,1067,-1,661,655,1067,-1,824,1067,1151,-1,1067,824,826,-1,824,1152,827,-1,824,827,825,-1,827,1153,829,-1,827,829,828,-1,1068,830,1154,-1,829,1154,830,-1,677,1068,942,-1,1154,942,1068,-1,1071,677,1070,-1,677,942,1070,-1,1072,1071,832,-1,1070,832,1071,-1,1073,1072,834,-1,1072,832,834,-1,686,1073,1155,-1,1073,834,1155,-1,684,1155,1156,-1,1155,684,686,-1,1074,685,1157,-1,685,684,1157,-1,690,1074,1158,-1,1074,1157,1158,-1,1075,1158,1159,-1,1158,1075,690,-1,1077,1076,1160,-1,1076,1075,1160,-1,1078,1077,1161,-1,1077,1160,1161,-1,1079,1078,953,-1,1161,953,1078,-1,1080,1079,952,-1,1079,953,952,-1,1081,1080,1162,-1,1080,952,1162,-1,845,1081,1163,-1,1081,1162,1163,-1,1083,1085,845,-1,1163,1083,845,-1,715,1085,1082,-1,1085,1083,1082,-1,716,715,1164,-1,715,1082,1164,-1,717,719,721,-1,1164,719,716,-1,721,848,717,-1,850,588,590,-1,591,588,592,-1,599,589,596,-1,590,589,594,-1,599,598,589,-1,600,1165,602,-1,1165,1166,602,-1,1166,1167,1086,-1,1166,1086,602,-1,854,1086,1167,-1,854,853,1086,-1,581,855,1168,-1,1168,1087,581,-1,1087,1169,730,-1,1169,1170,730,-1,1170,1171,859,-1,1170,859,730,-1,860,859,1171,-1,860,1172,858,-1,1172,1173,731,-1,1172,731,858,-1,732,731,1173,-1,732,1174,733,-1,1174,1175,563,-1,1174,563,733,-1,564,563,1175,-1,564,1176,562,-1,1176,1177,1088,-1,1176,1088,562,-1,1177,1178,558,-1,1177,558,1088,-1,559,558,1178,-1,559,1179,557,-1,557,1179,1089,-1,1179,1180,1089,-1,1180,1181,1090,-1,1180,1090,1089,-1,1181,1182,871,-1,1181,871,1090,-1,869,871,1182,-1,869,1183,870,-1,870,1183,1091,-1,1183,1184,1091,-1,1184,1185,1092,-1,1184,1092,1091,-1,1185,1186,1093,-1,1185,1093,1092,-1,1186,1187,1094,-1,1186,1094,1093,-1,1187,1188,1095,-1,1187,1095,1094,-1,977,1188,1189,-1,1188,977,1095,-1,978,977,1189,-1,978,1190,976,-1,976,1190,1096,-1,1190,1191,1096,-1,1096,1191,1097,-1,1191,1192,1097,-1,1192,1193,1098,-1,1192,1098,1097,-1,1193,1194,1099,-1,1193,1099,1098,-1,1194,1195,1100,-1,1194,1100,1099,-1,1195,1196,986,-1,1195,986,1100,-1,987,986,1196,-1,987,1197,985,-1,985,1197,1101,-1,1197,1198,1101,-1,1198,1199,1102,-1,1198,1102,1101,-1,1199,1200,1103,-1,1199,1103,1102,-1,1200,1201,1104,-1,1200,1104,1103,-1,1201,1202,994,-1,1201,994,1104,-1,995,994,1202,-1,995,1203,993,-1,993,1203,1105,-1,1203,1204,1105,-1,1204,1205,1106,-1,1204,1106,1105,-1,1205,1206,1107,-1,1205,1107,1106,-1,1206,1207,1001,-1,1206,1001,1107,-1,1002,1001,1207,-1,1002,1208,1000,-1,1208,1209,1108,-1,1208,1108,1000,-1,1209,1210,1109,-1,1209,1109,1108,-1,1210,1211,1007,-1,1210,1007,1109,-1,1008,1007,1211,-1,1008,1212,1006,-1,1212,1213,1110,-1,1212,1110,1006,-1,1213,1214,1111,-1,1213,1111,1110,-1,1214,1215,1013,-1,1214,1013,1111,-1,1014,1013,1215,-1,1014,1216,1012,-1,1012,1216,1112,-1,1216,1217,1112,-1,1217,1218,1113,-1,1217,1113,1112,-1,1218,1219,1114,-1,1218,1114,1113,-1,1219,1220,1020,-1,1219,1020,1114,-1,1021,1020,1220,-1,1021,1221,1019,-1,1019,1221,1115,-1,1221,1222,1115,-1,1115,1222,1116,-1,1222,1223,1116,-1,1223,1224,1117,-1,1223,1117,1116,-1,1224,1225,1118,-1,1224,1118,1117,-1,1225,1226,1119,-1,1225,1119,1118,-1,1226,1227,1120,-1,1226,1120,1119,-1,1227,1228,1121,-1,1227,1121,1120,-1,1228,1229,1122,-1,1228,1122,1121,-1,1229,1230,1123,-1,1229,1123,1122,-1,1230,1231,1124,-1,1230,1124,1123,-1,1231,1232,1125,-1,1231,1125,1124,-1,1232,1233,1126,-1,1232,1126,1125,-1,1233,1234,1127,-1,1233,1127,1126,-1,1234,1235,1128,-1,1234,1128,1127,-1,1235,1236,1129,-1,1235,1129,1128,-1,1236,1237,1130,-1,1236,1130,1129,-1,1237,1238,1131,-1,1237,1131,1130,-1,1238,1239,1132,-1,1238,1132,1131,-1,1042,1239,1240,-1,1239,1042,1132,-1,1241,1042,1240,-1,1042,1241,1133,-1,1134,1133,1241,-1,1134,1242,1135,-1,1135,1242,1136,-1,1242,1243,1136,-1,1136,1243,1137,-1,1243,1244,1137,-1,1137,1244,1138,-1,1244,1245,1138,-1,1138,1245,1139,-1,1245,1246,1139,-1,1246,1247,1140,-1,1246,1140,1139,-1,1247,1248,1141,-1,1247,1141,1140,-1,1248,1249,1142,-1,1248,1142,1141,-1,1249,1250,1052,-1,1249,1052,1142,-1,1053,1052,1250,-1,1053,1251,1051,-1,1051,1251,1143,-1,1251,1252,1143,-1,1252,1253,1144,-1,1252,1144,1143,-1,1253,1254,1145,-1,1253,1145,1144,-1,1254,1255,934,-1,1254,934,1145,-1,932,934,1255,-1,932,1256,933,-1,933,1256,1146,-1,1256,1257,1146,-1,1257,1148,1147,-1,1257,1147,1146,-1,1148,1258,1062,-1,1258,1259,1062,-1,1259,1260,1149,-1,1259,1149,1062,-1,1260,1261,1150,-1,1260,1150,1149,-1,656,1150,1261,-1,656,655,1150,-1,1066,655,657,-1,1066,1151,1067,-1,1151,1262,824,-1,1262,1152,824,-1,1152,1263,827,-1,1263,1153,827,-1,1153,1264,829,-1,1264,1265,829,-1,1265,1266,1154,-1,1265,1154,829,-1,943,1154,1266,-1,943,942,1154,-1,1069,942,944,-1,1069,1267,1070,-1,1267,1268,832,-1,1267,832,1070,-1,833,832,1268,-1,833,1269,834,-1,1269,1156,1155,-1,1269,1155,834,-1,1156,1270,684,-1,1270,1271,684,-1,684,1271,1157,-1,1271,1272,1157,-1,1272,1159,1158,-1,1272,1158,1157,-1,1159,1273,1075,-1,1273,1274,1075,-1,1075,1274,1160,-1,1274,1275,1160,-1,1275,1276,1161,-1,1275,1161,1160,-1,1276,1277,953,-1,1276,953,1161,-1,951,953,1277,-1,951,1278,952,-1,1278,1279,1162,-1,1278,1162,952,-1,1279,1280,1163,-1,1279,1163,1162,-1,1280,1281,1083,-1,1280,1083,1163,-1,1084,1083,1281,-1,1084,1282,1082,-1,1282,1283,1164,-1,1282,1164,1082,-1,1283,722,719,-1,1283,719,1164,-1,722,721,719,-1,1284,35,33,-1,1285,1286,26,-1,1287,1285,27,-1,1286,1288,30,-1,1288,1284,33,-1,1286,30,26,-1,1285,26,27,-1,24,23,1289,-1,27,25,1287,-1,1289,25,24,-1,22,21,1290,-1,1290,1291,22,-1,23,1291,1289,-1,22,1291,23,-1,25,1289,1287,-1,1292,1293,1285,-1,1284,1294,35,-1,1288,33,30,-1,1295,1296,1297,-1,16,14,1298,-1,15,1299,14,-1,1298,1300,19,-1,12,1301,15,-1,15,1301,1299,-1,19,16,1298,-1,1298,14,1299,-1,11,1302,12,-1,1303,1304,1305,-1,19,1300,21,-1,1306,8,1307,-1,1300,1290,21,-1,1307,8,9,-1,10,8,1306,-1,10,1306,11,-1,1306,1302,11,-1,1308,1307,9,-1,1309,1310,1311,-1,1312,2,6,-1,0,2,1313,-1,1314,6,13,-1,2,1312,1313,-1,1313,1308,0,-1,1315,1316,1317,-1,28,1318,337,-1,0,1308,9,-1,1319,1320,17,-1,18,1319,17,-1,1320,13,17,-1,1321,1322,1323,-1,1314,13,1320,-1,1324,1319,18,-1,337,1325,20,-1,1326,1327,1328,-1,1324,18,20,-1,1329,1330,1331,-1,20,1325,1324,-1,1318,28,29,-1,1325,337,1318,-1,1332,31,1333,-1,1318,29,1332,-1,31,1332,29,-1,1334,1335,1325,-1,1334,1318,1336,-1,6,1314,1312,-1,1333,31,32,-1,1337,34,36,-1,34,1337,32,-1,32,1337,1333,-1,1338,1339,1340,-1,1337,36,1341,-1,38,39,1342,-1,1341,38,1342,-1,1342,39,41,-1,1343,1344,1345,-1,1346,1342,41,-1,38,1341,36,-1,41,43,1346,-1,1347,849,1348,-1,1349,1350,1351,-1,1352,1353,1354,-1,721,1355,1356,-1,1354,1357,1356,-1,720,1355,721,-1,1358,1359,1360,-1,725,1361,46,-1,1350,1348,1357,-1,277,725,46,-1,1347,725,849,-1,1361,1346,45,-1,1361,45,46,-1,12,1302,1301,-1,1294,37,35,-1,1294,1362,37,-1,37,1362,40,-1,40,1362,1363,-1,1364,42,1363,-1,42,40,1363,-1,50,1364,1365,-1,1364,50,42,-1,1366,48,1365,-1,50,1365,48,-1,1366,1367,49,-1,49,48,1366,-1,215,218,1367,-1,1367,218,49,-1,216,1368,1369,-1,215,1367,1368,-1,1370,335,1369,-1,216,215,1368,-1,1370,1371,325,-1,1369,335,216,-1,324,1371,1372,-1,335,1370,325,-1,1373,323,1372,-1,324,325,1371,-1,1374,1375,1376,-1,1372,323,324,-1,1375,322,1373,-1,323,1373,322,-1,1375,1377,321,-1,321,322,1375,-1,334,1377,1378,-1,1377,334,321,-1,1379,130,1378,-1,334,1378,130,-1,1379,131,130,-1,1379,1380,131,-1,131,1380,283,-1,283,1380,1381,-1,320,283,1381,-1,1382,1383,1384,-1,1385,115,320,-1,320,1381,1385,-1,115,1386,298,-1,1386,115,1385,-1,62,298,1387,-1,1386,1387,298,-1,1388,1389,1390,-1,63,62,1387,-1,63,1391,300,-1,1391,63,1387,-1,1392,1393,319,-1,1391,1392,300,-1,107,1393,1394,-1,300,1392,319,-1,1395,1396,1397,-1,107,319,1393,-1,103,1394,1395,-1,1394,103,107,-1,104,103,1395,-1,1398,104,1395,-1,1398,312,104,-1,1398,1399,312,-1,312,1399,97,-1,97,1399,1400,-1,94,97,1400,-1,1401,1402,1403,-1,95,1404,1405,-1,94,1400,1404,-1,1406,317,1405,-1,95,94,1404,-1,1407,1408,1409,-1,1405,317,95,-1,1410,333,1406,-1,317,1406,333,-1,1410,1411,70,-1,70,333,1410,-1,70,1411,71,-1,71,1411,1412,-1,88,71,1412,-1,1413,1414,1415,-1,1416,84,88,-1,88,1412,1416,-1,84,1417,83,-1,1417,84,1416,-1,1418,1419,1420,-1,1417,1421,83,-1,1422,79,1421,-1,83,1421,79,-1,1422,1423,77,-1,77,79,1422,-1,76,78,1423,-1,1423,78,77,-1,1424,76,1423,-1,1425,1426,1427,-1,1424,1428,75,-1,75,76,1424,-1,73,1428,1429,-1,1428,73,75,-1,74,73,1429,-1,1430,1431,1432,-1,1433,96,74,-1,74,1429,1433,-1,1434,1435,1436,-1,1437,96,1433,-1,1438,1439,1440,-1,1441,1438,1442,-1,1443,1444,1445,-1,1442,1446,1443,-1,1437,98,96,-1,1447,1443,1435,-1,1437,1439,98,-1,1448,1449,1444,-1,1450,102,1439,-1,98,1439,102,-1,68,1451,69,-1,1438,1441,1450,-1,69,1452,1453,-1,1452,1454,1453,-1,1357,957,848,-1,45,1346,43,-1,1347,1361,725,-1,1455,1456,1342,-1,1457,1346,1361,-1,1341,1456,1458,-1,1342,1346,1455,-1,1458,1459,1337,-1,1341,1342,1456,-1,1333,1459,1460,-1,1337,1341,1458,-1,1460,1336,1332,-1,1333,1337,1459,-1,1461,1462,1338,-1,1332,1333,1460,-1,1463,1464,1465,-1,1318,1332,1336,-1,1324,1335,1328,-1,1325,1318,1334,-1,1319,1328,1466,-1,1324,1325,1335,-1,1320,1466,1467,-1,1319,1324,1328,-1,1314,1467,1468,-1,1320,1319,1466,-1,1312,1468,1469,-1,1467,1314,1320,-1,1313,1469,1470,-1,1312,1314,1468,-1,1470,1471,1308,-1,1469,1313,1312,-1,1307,1471,1472,-1,1308,1313,1470,-1,1472,1473,1306,-1,1471,1307,1308,-1,1302,1473,1474,-1,1472,1306,1307,-1,1301,1474,1475,-1,1302,1306,1473,-1,1475,1476,1299,-1,1474,1301,1302,-1,1476,1477,1298,-1,1475,1299,1301,-1,1300,1477,1478,-1,1298,1299,1476,-1,1478,1295,1290,-1,1477,1300,1298,-1,1295,1479,1291,-1,1478,1290,1300,-1,1479,1480,1289,-1,1295,1291,1290,-1,1287,1480,1292,-1,1289,1291,1479,-1,1481,1482,1483,-1,1480,1287,1289,-1,1293,1481,1286,-1,1292,1285,1287,-1,1288,1481,1484,-1,1293,1286,1285,-1,1284,1484,1485,-1,1481,1288,1286,-1,1294,1485,1486,-1,1484,1284,1288,-1,1362,1486,1487,-1,1485,1294,1284,-1,1363,1487,1488,-1,1486,1362,1294,-1,1488,1489,1364,-1,1487,1363,1362,-1,1489,1490,1365,-1,1488,1364,1363,-1,1490,1491,1366,-1,1489,1365,1364,-1,1491,1492,1367,-1,1490,1366,1365,-1,1492,1493,1368,-1,1491,1367,1366,-1,1369,1493,1494,-1,1492,1368,1367,-1,1370,1494,1495,-1,1493,1369,1368,-1,1371,1495,1496,-1,1494,1370,1369,-1,1372,1496,1497,-1,1370,1495,1371,-1,1373,1497,1376,-1,1496,1372,1371,-1,1498,1499,1500,-1,1497,1373,1372,-1,1374,1498,1377,-1,1376,1375,1373,-1,1498,1501,1378,-1,1374,1377,1375,-1,1379,1501,1502,-1,1498,1378,1377,-1,1380,1502,1503,-1,1501,1379,1378,-1,1381,1503,1504,-1,1502,1380,1379,-1,1504,1384,1385,-1,1503,1381,1380,-1,1384,1505,1386,-1,1504,1385,1381,-1,1505,1506,1387,-1,1384,1386,1385,-1,1391,1506,1507,-1,1387,1386,1505,-1,1507,1508,1392,-1,1506,1391,1387,-1,1393,1508,1509,-1,1507,1392,1391,-1,1394,1509,1396,-1,1393,1392,1508,-1,1510,1511,1512,-1,1509,1394,1393,-1,1398,1397,1513,-1,1396,1395,1394,-1,1399,1513,1514,-1,1397,1398,1395,-1,1400,1514,1515,-1,1399,1398,1513,-1,1404,1515,1516,-1,1514,1400,1399,-1,1405,1516,1517,-1,1515,1404,1400,-1,1406,1517,1518,-1,1405,1404,1516,-1,1518,1519,1410,-1,1517,1406,1405,-1,1411,1519,1520,-1,1518,1410,1406,-1,1412,1520,1521,-1,1411,1410,1519,-1,1521,1522,1416,-1,1520,1412,1411,-1,1522,1523,1417,-1,1521,1416,1412,-1,1421,1523,1524,-1,1417,1416,1522,-1,1524,1525,1422,-1,1523,1421,1417,-1,1525,1526,1423,-1,1524,1422,1421,-1,1424,1526,1527,-1,1423,1422,1525,-1,1527,1528,1428,-1,1526,1424,1423,-1,1528,1529,1429,-1,1428,1424,1527,-1,1529,1530,1433,-1,1528,1429,1428,-1,1530,1440,1437,-1,1433,1429,1529,-1,1441,1451,1450,-1,1437,1433,1530,-1,102,1450,68,-1,1437,1440,1439,-1,1441,1452,1451,-1,69,1451,1452,-1,68,1450,1451,-1,1347,1457,1361,-1,957,1348,849,-1,1455,1531,1532,-1,1457,1455,1346,-1,1533,1457,1347,-1,1532,1534,1456,-1,1531,1455,1457,-1,1458,1534,1535,-1,1456,1455,1532,-1,1535,1339,1459,-1,1534,1458,1456,-1,1460,1339,1338,-1,1459,1458,1535,-1,1336,1338,1462,-1,1460,1459,1339,-1,1334,1462,1536,-1,1336,1460,1338,-1,1335,1536,1326,-1,1462,1334,1336,-1,1537,1538,1539,-1,1536,1335,1334,-1,1466,1327,1540,-1,1328,1335,1326,-1,1467,1540,1541,-1,1327,1466,1328,-1,1468,1541,1542,-1,1540,1467,1466,-1,1469,1542,1543,-1,1541,1468,1467,-1,1470,1543,1544,-1,1542,1469,1468,-1,1471,1544,1545,-1,1543,1470,1469,-1,1472,1545,1546,-1,1471,1470,1544,-1,1546,1547,1473,-1,1545,1472,1471,-1,1474,1547,1548,-1,1546,1473,1472,-1,1475,1548,1549,-1,1547,1474,1473,-1,1549,1550,1476,-1,1548,1475,1474,-1,1477,1550,1551,-1,1549,1476,1475,-1,1478,1551,1296,-1,1550,1477,1476,-1,1552,1553,1554,-1,1551,1478,1477,-1,1297,1555,1479,-1,1296,1295,1478,-1,1480,1555,1556,-1,1297,1479,1295,-1,1292,1556,1557,-1,1479,1555,1480,-1,1293,1557,1482,-1,1556,1292,1480,-1,1558,1484,1483,-1,1557,1293,1292,-1,1559,1485,1558,-1,1482,1481,1293,-1,1560,1486,1559,-1,1483,1484,1481,-1,1561,1487,1560,-1,1558,1485,1484,-1,1562,1488,1561,-1,1559,1486,1485,-1,1563,1489,1562,-1,1560,1487,1486,-1,1564,1490,1563,-1,1561,1488,1487,-1,1565,1566,1564,-1,1562,1489,1488,-1,1564,1566,1491,-1,1563,1490,1489,-1,1566,1567,1492,-1,1564,1491,1490,-1,1567,1568,1493,-1,1566,1492,1491,-1,1568,1569,1494,-1,1567,1493,1492,-1,1495,1569,1570,-1,1568,1494,1493,-1,1496,1570,1571,-1,1569,1495,1494,-1,1497,1571,1572,-1,1495,1570,1496,-1,1376,1572,1573,-1,1496,1571,1497,-1,1374,1573,1499,-1,1572,1376,1497,-1,1574,1575,1500,-1,1573,1374,1376,-1,1500,1575,1501,-1,1499,1498,1374,-1,1502,1575,1576,-1,1500,1501,1498,-1,1503,1576,1577,-1,1575,1502,1501,-1,1504,1577,1382,-1,1576,1503,1502,-1,1578,1579,1580,-1,1577,1504,1503,-1,1383,1581,1505,-1,1382,1384,1504,-1,1506,1581,1582,-1,1383,1505,1384,-1,1507,1582,1390,-1,1581,1506,1505,-1,1390,1389,1508,-1,1582,1507,1506,-1,1509,1389,1583,-1,1390,1508,1507,-1,1396,1583,1584,-1,1508,1389,1509,-1,1397,1584,1585,-1,1583,1396,1509,-1,1585,1586,1513,-1,1584,1397,1396,-1,1514,1586,1587,-1,1585,1513,1397,-1,1515,1587,1588,-1,1586,1514,1513,-1,1588,1589,1516,-1,1587,1515,1514,-1,1517,1589,1590,-1,1588,1516,1515,-1,1518,1590,1591,-1,1589,1517,1516,-1,1591,1592,1519,-1,1590,1518,1517,-1,1520,1592,1593,-1,1591,1519,1518,-1,1521,1593,1594,-1,1592,1520,1519,-1,1594,1595,1522,-1,1593,1521,1520,-1,1523,1595,1596,-1,1594,1522,1521,-1,1524,1596,1597,-1,1595,1523,1522,-1,1597,1598,1525,-1,1596,1524,1523,-1,1526,1598,1599,-1,1597,1525,1524,-1,1527,1599,1600,-1,1598,1526,1525,-1,1528,1600,1601,-1,1599,1527,1526,-1,1529,1601,1602,-1,1528,1527,1600,-1,1602,1436,1530,-1,1601,1529,1528,-1,1440,1436,1446,-1,1529,1602,1530,-1,1440,1530,1436,-1,1442,1603,1441,-1,1439,1438,1450,-1,1438,1446,1442,-1,1452,1441,1603,-1,1348,1533,1347,-1,1354,1356,1352,-1,1349,1531,1533,-1,1533,1531,1457,-1,1350,1349,1533,-1,1604,1532,1531,-1,1349,1604,1531,-1,1605,1534,1532,-1,1604,1605,1532,-1,1344,1535,1534,-1,1605,1344,1534,-1,1343,1339,1535,-1,1344,1343,1535,-1,1606,1607,1608,-1,1343,1340,1339,-1,1609,1610,1607,-1,1340,1461,1338,-1,1465,1536,1462,-1,1461,1465,1462,-1,1464,1326,1536,-1,1464,1536,1465,-1,1611,1327,1326,-1,1464,1611,1326,-1,1329,1540,1327,-1,1611,1329,1327,-1,1331,1541,1540,-1,1540,1329,1331,-1,1321,1542,1541,-1,1331,1321,1541,-1,1323,1543,1542,-1,1542,1321,1323,-1,1315,1544,1543,-1,1323,1315,1543,-1,1317,1545,1544,-1,1315,1317,1544,-1,1612,1546,1545,-1,1317,1612,1545,-1,1613,1547,1546,-1,1612,1613,1546,-1,1614,1548,1547,-1,1547,1613,1614,-1,1615,1549,1548,-1,1614,1615,1548,-1,1616,1550,1549,-1,1615,1616,1549,-1,1617,1551,1550,-1,1550,1616,1617,-1,1618,1296,1551,-1,1551,1617,1618,-1,1619,1297,1296,-1,1618,1619,1296,-1,1620,1555,1297,-1,1619,1620,1297,-1,1621,1556,1555,-1,1555,1620,1621,-1,1622,1557,1556,-1,1556,1621,1622,-1,1623,1482,1557,-1,1557,1622,1623,-1,1624,1483,1482,-1,1482,1623,1624,-1,1625,1558,1483,-1,1483,1624,1625,-1,1626,1559,1558,-1,1558,1625,1626,-1,1627,1560,1559,-1,1559,1626,1627,-1,1628,1561,1560,-1,1560,1627,1628,-1,1629,1562,1561,-1,1561,1628,1629,-1,1630,1563,1562,-1,1562,1629,1630,-1,1631,1564,1563,-1,1630,1631,1563,-1,1566,1632,1567,-1,1631,1565,1564,-1,1567,1633,1568,-1,1565,1632,1566,-1,1568,1634,1569,-1,1632,1633,1567,-1,1635,1636,1637,-1,1633,1634,1568,-1,1638,1570,1569,-1,1634,1638,1569,-1,1639,1571,1570,-1,1570,1638,1639,-1,1640,1572,1571,-1,1571,1639,1640,-1,1641,1573,1572,-1,1572,1640,1641,-1,1642,1499,1573,-1,1573,1641,1642,-1,1643,1500,1499,-1,1642,1643,1499,-1,1644,1645,1646,-1,1643,1574,1500,-1,1647,1576,1575,-1,1574,1647,1575,-1,1648,1577,1576,-1,1576,1647,1648,-1,1649,1382,1577,-1,1577,1648,1649,-1,1650,1383,1382,-1,1649,1650,1382,-1,1651,1581,1383,-1,1650,1651,1383,-1,1652,1582,1581,-1,1581,1651,1652,-1,1653,1390,1582,-1,1652,1653,1582,-1,1654,1655,1388,-1,1653,1388,1390,-1,1655,1583,1389,-1,1388,1655,1389,-1,1656,1584,1583,-1,1583,1655,1656,-1,1657,1585,1584,-1,1656,1657,1584,-1,1658,1586,1585,-1,1657,1658,1585,-1,1659,1587,1586,-1,1586,1658,1659,-1,1660,1588,1587,-1,1659,1660,1587,-1,1661,1589,1588,-1,1660,1661,1588,-1,1662,1590,1589,-1,1589,1661,1662,-1,1663,1591,1590,-1,1662,1663,1590,-1,1664,1592,1591,-1,1663,1664,1591,-1,1665,1593,1592,-1,1592,1664,1665,-1,1666,1594,1593,-1,1665,1666,1593,-1,1667,1595,1594,-1,1666,1667,1594,-1,1668,1596,1595,-1,1595,1667,1668,-1,1669,1597,1596,-1,1668,1669,1596,-1,1670,1598,1597,-1,1669,1670,1597,-1,1671,1599,1598,-1,1598,1670,1671,-1,1426,1600,1599,-1,1671,1426,1599,-1,1425,1601,1600,-1,1426,1425,1600,-1,1672,1602,1601,-1,1425,1672,1601,-1,1434,1436,1602,-1,1672,1434,1602,-1,1446,1436,1435,-1,1442,1445,1673,-1,1440,1446,1438,-1,1435,1443,1446,-1,1603,1442,1673,-1,957,1357,1348,-1,1356,848,721,-1,1354,1353,1351,-1,1348,1350,1533,-1,1354,1351,1350,-1,1604,1349,1674,-1,1349,1351,1674,-1,1605,1604,1675,-1,1674,1675,1604,-1,1344,1605,1360,-1,1605,1675,1360,-1,1360,1359,1345,-1,1360,1345,1344,-1,1340,1343,1676,-1,1345,1676,1343,-1,1461,1340,1607,-1,1676,1607,1340,-1,1465,1461,1610,-1,1461,1607,1610,-1,1610,1677,1463,-1,1610,1463,1465,-1,1611,1464,1678,-1,1463,1678,1464,-1,1329,1611,1537,-1,1611,1678,1537,-1,1330,1537,1539,-1,1329,1537,1330,-1,1321,1331,1679,-1,1331,1330,1679,-1,1322,1679,1680,-1,1321,1679,1322,-1,1315,1323,1681,-1,1323,1322,1681,-1,1681,1682,1316,-1,1681,1316,1315,-1,1612,1317,1683,-1,1317,1316,1683,-1,1613,1612,1310,-1,1683,1310,1612,-1,1614,1613,1309,-1,1613,1310,1309,-1,1615,1614,1684,-1,1614,1309,1684,-1,1616,1615,1304,-1,1684,1304,1615,-1,1617,1616,1303,-1,1616,1304,1303,-1,1618,1617,1685,-1,1617,1303,1685,-1,1619,1618,1686,-1,1618,1685,1686,-1,1620,1619,1554,-1,1686,1554,1619,-1,1621,1620,1553,-1,1620,1554,1553,-1,1622,1621,1687,-1,1621,1553,1687,-1,1623,1622,1688,-1,1622,1687,1688,-1,1624,1623,1689,-1,1623,1688,1689,-1,1625,1624,1690,-1,1624,1689,1690,-1,1626,1625,1691,-1,1625,1690,1691,-1,1627,1626,1692,-1,1626,1691,1692,-1,1628,1627,1693,-1,1627,1692,1693,-1,1629,1628,1694,-1,1628,1693,1694,-1,1630,1629,1695,-1,1629,1694,1695,-1,1631,1630,1696,-1,1630,1695,1696,-1,1565,1631,1697,-1,1631,1696,1697,-1,1632,1565,1698,-1,1565,1697,1698,-1,1633,1632,1699,-1,1632,1698,1699,-1,1634,1633,1700,-1,1633,1699,1700,-1,1638,1634,1637,-1,1700,1637,1634,-1,1639,1638,1636,-1,1638,1637,1636,-1,1640,1639,1701,-1,1639,1636,1701,-1,1641,1640,1702,-1,1640,1701,1702,-1,1642,1641,1703,-1,1641,1702,1703,-1,1643,1642,1704,-1,1642,1703,1704,-1,1574,1643,1705,-1,1643,1704,1705,-1,1647,1574,1644,-1,1705,1644,1574,-1,1648,1647,1646,-1,1647,1644,1646,-1,1649,1648,1706,-1,1648,1646,1706,-1,1650,1649,1707,-1,1649,1706,1707,-1,1651,1650,1580,-1,1707,1580,1650,-1,1652,1651,1579,-1,1651,1580,1579,-1,1653,1652,1708,-1,1652,1579,1708,-1,1388,1653,1709,-1,1653,1708,1709,-1,1709,1710,1654,-1,1709,1654,1388,-1,1656,1655,1711,-1,1655,1654,1711,-1,1657,1656,1712,-1,1656,1711,1712,-1,1658,1657,1512,-1,1712,1512,1657,-1,1659,1658,1511,-1,1658,1512,1511,-1,1660,1659,1713,-1,1659,1511,1713,-1,1661,1660,1401,-1,1713,1401,1660,-1,1662,1661,1403,-1,1661,1401,1403,-1,1663,1662,1714,-1,1662,1403,1714,-1,1664,1663,1408,-1,1714,1408,1663,-1,1665,1664,1407,-1,1664,1408,1407,-1,1666,1665,1715,-1,1665,1407,1715,-1,1667,1666,1413,-1,1715,1413,1666,-1,1668,1667,1415,-1,1667,1413,1415,-1,1669,1668,1716,-1,1668,1415,1716,-1,1670,1669,1419,-1,1716,1419,1669,-1,1671,1670,1418,-1,1670,1419,1418,-1,1426,1671,1717,-1,1671,1418,1717,-1,1717,1718,1427,-1,1717,1427,1426,-1,1672,1425,1719,-1,1425,1427,1719,-1,1434,1672,1431,-1,1719,1431,1672,-1,1435,1434,1430,-1,1434,1431,1430,-1,1443,1447,1444,-1,1430,1447,1435,-1,1445,1442,1443,-1,1356,1357,848,-1,1355,1352,1356,-1,1353,1720,1351,-1,1357,1354,1350,-1,1720,1721,1351,-1,1721,1722,1674,-1,1721,1674,1351,-1,1722,1723,1675,-1,1722,1675,1674,-1,1358,1675,1723,-1,1358,1360,1675,-1,1359,1724,1345,-1,1724,1725,1345,-1,1725,1726,1676,-1,1725,1676,1345,-1,1608,1676,1726,-1,1608,1607,1676,-1,1609,1607,1606,-1,1609,1677,1610,-1,1677,1727,1463,-1,1727,1728,1463,-1,1728,1729,1678,-1,1728,1678,1463,-1,1538,1678,1729,-1,1538,1537,1678,-1,1330,1539,1730,-1,1730,1731,1330,-1,1731,1680,1679,-1,1731,1679,1330,-1,1322,1680,1732,-1,1732,1733,1322,-1,1733,1682,1681,-1,1733,1681,1322,-1,1682,1734,1316,-1,1734,1735,1316,-1,1735,1736,1683,-1,1735,1683,1316,-1,1736,1737,1310,-1,1736,1310,1683,-1,1311,1310,1737,-1,1311,1738,1309,-1,1738,1739,1684,-1,1738,1684,1309,-1,1739,1740,1304,-1,1739,1304,1684,-1,1305,1304,1740,-1,1305,1741,1303,-1,1741,1742,1685,-1,1741,1685,1303,-1,1742,1743,1686,-1,1742,1686,1685,-1,1743,1744,1554,-1,1743,1554,1686,-1,1552,1554,1744,-1,1552,1745,1553,-1,1553,1745,1687,-1,1745,1746,1687,-1,1687,1746,1688,-1,1746,1747,1688,-1,1747,1748,1689,-1,1747,1689,1688,-1,1748,1749,1690,-1,1748,1690,1689,-1,1749,1750,1691,-1,1749,1691,1690,-1,1750,1751,1692,-1,1750,1692,1691,-1,1751,1752,1693,-1,1751,1693,1692,-1,1752,1753,1694,-1,1752,1694,1693,-1,1753,1754,1695,-1,1753,1695,1694,-1,1754,1755,1696,-1,1754,1696,1695,-1,1755,1756,1697,-1,1755,1697,1696,-1,1756,1757,1698,-1,1756,1698,1697,-1,1757,1758,1699,-1,1757,1699,1698,-1,1758,1759,1700,-1,1758,1700,1699,-1,1759,1635,1637,-1,1759,1637,1700,-1,1636,1635,1760,-1,1760,1761,1636,-1,1636,1761,1701,-1,1761,1762,1701,-1,1701,1762,1702,-1,1762,1763,1702,-1,1702,1763,1703,-1,1763,1764,1703,-1,1764,1765,1704,-1,1764,1704,1703,-1,1765,1766,1705,-1,1765,1705,1704,-1,1766,1767,1644,-1,1766,1644,1705,-1,1645,1644,1767,-1,1645,1768,1646,-1,1646,1768,1706,-1,1768,1769,1706,-1,1769,1770,1707,-1,1769,1707,1706,-1,1770,1771,1580,-1,1770,1580,1707,-1,1578,1580,1771,-1,1578,1772,1579,-1,1772,1773,1708,-1,1772,1708,1579,-1,1773,1710,1709,-1,1773,1709,1708,-1,1710,1774,1654,-1,1774,1775,1654,-1,1654,1775,1711,-1,1775,1776,1711,-1,1776,1777,1712,-1,1776,1712,1711,-1,1777,1778,1512,-1,1777,1512,1712,-1,1510,1512,1778,-1,1510,1779,1511,-1,1779,1780,1713,-1,1779,1713,1511,-1,1780,1781,1401,-1,1780,1401,1713,-1,1402,1401,1781,-1,1402,1782,1403,-1,1782,1783,1714,-1,1782,1714,1403,-1,1783,1784,1408,-1,1783,1408,1714,-1,1409,1408,1784,-1,1409,1785,1407,-1,1785,1786,1715,-1,1785,1715,1407,-1,1786,1787,1413,-1,1786,1413,1715,-1,1414,1413,1787,-1,1414,1788,1415,-1,1788,1789,1716,-1,1788,1716,1415,-1,1789,1790,1419,-1,1789,1419,1716,-1,1420,1419,1790,-1,1420,1791,1418,-1,1791,1718,1717,-1,1791,1717,1418,-1,1718,1792,1427,-1,1792,1793,1427,-1,1427,1793,1719,-1,1793,1794,1719,-1,1794,1795,1431,-1,1794,1431,1719,-1,1432,1431,1795,-1,1432,1796,1430,-1,1796,1448,1447,-1,1796,1447,1430,-1,1448,1444,1447,-1,1797,69,1453,-1,69,1797,1798,-1,1453,1454,1797,-1,1454,1799,1797,-1,69,1798,67,-1,67,1800,1801,-1,1798,1802,1803,-1,67,1803,1804,-1,1803,67,1798,-1,1804,1805,67,-1,1805,1800,67,-1,1806,1807,1808,-1,1806,1808,1809,-1,1807,1801,1808,-1,1810,1806,1809,-1,1811,1812,1813,-1,1814,1815,1816,-1,1817,1818,1814,-1,1817,1814,1816,-1,1819,1820,1814,-1,1819,1814,1818,-1,1812,1811,1821,-1,1821,1814,1820,-1,1822,1811,1823,-1,1824,1811,1825,-1,1811,1813,1825,-1,1824,1823,1811,-1,1814,1821,1811,-1,1826,1827,164,-1,1811,1828,1814,-1,1811,1810,1828,-1,1829,1801,1807,-1,1828,1810,1809,-1,1829,67,1801,-1,164,1830,1831,-1,1831,1830,1832,-1,164,1833,1830,-1,1826,164,1829,-1,164,1827,1833,-1,164,67,1829,-1,164,1831,1834,-1,164,1834,5,-1,1835,1836,144,-1,1834,1837,1838,-1,5,1838,1839,-1,1838,5,1834,-1,1839,1840,5,-1,1840,1835,5,-1,1841,123,1842,-1,123,144,1843,-1,144,1844,1843,-1,1842,123,1845,-1,1846,1847,1848,-1,1849,1850,1851,-1,1852,1853,1849,-1,1852,1849,1851,-1,1854,1855,1849,-1,1854,1849,1853,-1,1847,1846,1856,-1,1856,1849,1855,-1,1857,1846,1858,-1,1859,1846,1860,-1,1846,1848,1860,-1,1859,1858,1846,-1,1849,1856,1846,-1,1861,137,1862,-1,1846,1843,1849,-1,1846,1845,1843,-1,123,1841,1863,-1,1845,123,1843,-1,1863,1864,123,-1,137,1797,1799,-1,1797,1865,1866,-1,1865,1797,137,-1,137,1864,1862,-1,1861,1865,137,-1,123,1864,137,-1,144,5,1835,-1,1844,144,1867,-1,1867,144,1836,-1,1868,1869,1870,-1,1452,1799,1454,-1,1871,1872,1873,-1,1874,1875,1876,-1,1877,1878,1874,-1,1877,1879,1878,-1,1880,1879,1877,-1,1449,1880,1444,-1,1881,1882,125,-1,1883,1884,1885,-1,1886,136,1882,-1,140,139,1887,-1,1888,139,138,-1,142,1889,1890,-1,140,1887,141,-1,1891,147,146,-1,1892,1873,1893,-1,1894,1872,1868,-1,1890,143,142,-1,1895,1892,1896,-1,592,1897,593,-1,1898,1891,146,-1,1898,145,1896,-1,147,579,148,-1,1889,1899,1890,-1,141,1889,142,-1,1890,1896,143,-1,141,1887,1889,-1,1886,138,136,-1,1887,139,1888,-1,1882,136,125,-1,1886,1888,138,-1,1900,1901,1902,-1,1881,125,124,-1,124,135,1881,-1,1603,1876,1903,-1,1799,1904,135,-1,1881,135,1904,-1,1799,135,137,-1,1799,1452,1904,-1,1603,1903,1452,-1,1874,1878,1875,-1,1903,1904,1452,-1,1905,1906,1882,-1,1907,1881,1904,-1,1886,1906,1908,-1,1905,1882,1881,-1,1888,1908,1909,-1,1886,1882,1906,-1,1909,1883,1887,-1,1908,1888,1886,-1,1883,1899,1889,-1,1909,1887,1888,-1,1890,1899,1895,-1,1889,1887,1883,-1,1898,1893,1891,-1,145,1898,146,-1,143,1896,145,-1,1895,1896,1890,-1,1891,601,579,-1,1898,1892,1893,-1,579,147,1891,-1,1903,1907,1904,-1,1673,1876,1603,-1,1905,1910,1911,-1,1907,1905,1881,-1,1912,1907,1903,-1,1911,1913,1906,-1,1910,1905,1907,-1,1908,1913,1914,-1,1911,1906,1905,-1,1909,1914,1884,-1,1913,1908,1906,-1,1870,1869,1885,-1,1914,1909,1908,-1,1885,1869,1899,-1,1884,1883,1909,-1,1869,1871,1895,-1,1899,1883,1885,-1,1899,1869,1895,-1,1893,605,601,-1,1896,1892,1898,-1,1871,1873,1892,-1,601,1891,1893,-1,1876,1912,1903,-1,1445,1874,1673,-1,1915,1910,1912,-1,1912,1910,1907,-1,1912,1875,1915,-1,1916,1911,1910,-1,1915,1916,1910,-1,1917,1913,1911,-1,1916,1917,1911,-1,1918,1914,1913,-1,1913,1917,1918,-1,1919,1884,1914,-1,1914,1918,1919,-1,1920,1885,1884,-1,1919,1920,1884,-1,1869,1868,1871,-1,1920,1870,1885,-1,1872,850,1873,-1,1873,605,1893,-1,1895,1871,1892,-1,1871,1868,1872,-1,850,605,1873,-1,1673,1874,1876,-1,1877,1445,1444,-1,1915,1875,1921,-1,1876,1875,1912,-1,1875,1878,1921,-1,1916,1915,1922,-1,1915,1921,1922,-1,1917,1916,1901,-1,1922,1901,1916,-1,1918,1917,1900,-1,1917,1901,1900,-1,1919,1918,1923,-1,1918,1900,1923,-1,1920,1919,1924,-1,1919,1923,1924,-1,1870,1920,1925,-1,1920,1924,1925,-1,1868,1870,1926,-1,1870,1925,1926,-1,1872,1894,592,-1,1926,1894,1868,-1,592,850,1872,-1,1445,1877,1874,-1,1444,1880,1877,-1,1879,1927,1878,-1,1878,1927,1921,-1,1927,1928,1921,-1,1928,1929,1922,-1,1928,1922,1921,-1,1929,1930,1901,-1,1929,1901,1922,-1,1902,1901,1930,-1,1902,1931,1900,-1,1900,1931,1923,-1,1931,1932,1923,-1,1932,1933,1924,-1,1932,1924,1923,-1,1933,1934,1925,-1,1933,1925,1924,-1,1934,1935,1926,-1,1934,1926,1925,-1,1935,1897,1894,-1,1935,1894,1926,-1,1897,592,1894,-1,1803,1865,1861,-1,1862,1804,1861,-1,1803,1861,1804,-1,1805,1804,1862,-1,1802,1865,1803,-1,1866,1802,1798,-1,1802,1866,1865,-1,1866,1798,1797,-1,1805,1864,1800,-1,1864,1805,1862,-1,1826,1835,1840,-1,1826,1840,1827,-1,1863,1841,1808,-1,1863,1801,1864,-1,1801,1863,1808,-1,1864,1801,1800,-1,1809,1808,1841,-1,1842,1828,1809,-1,1809,1841,1842,-1,1842,1845,1828,-1,1814,1845,1846,-1,1845,1814,1828,-1,1820,1856,1821,-1,1820,1819,1847,-1,1847,1856,1820,-1,1848,1819,1818,-1,1819,1848,1847,-1,1817,1860,1818,-1,1848,1818,1860,-1,1817,1816,1859,-1,1859,1860,1817,-1,1858,1816,1815,-1,1816,1858,1859,-1,1814,1857,1815,-1,1858,1815,1857,-1,1846,1857,1814,-1,1855,1821,1856,-1,1854,1812,1855,-1,1821,1855,1812,-1,1854,1853,1813,-1,1813,1812,1854,-1,1825,1853,1852,-1,1853,1825,1813,-1,1851,1824,1852,-1,1825,1852,1824,-1,1851,1850,1823,-1,1823,1824,1851,-1,1822,1850,1849,-1,1850,1822,1823,-1,1822,1849,1811,-1,1849,1810,1811,-1,1810,1849,1843,-1,1829,1807,1867,-1,1829,1836,1826,-1,1836,1829,1867,-1,1826,1836,1835,-1,1844,1867,1807,-1,1806,1843,1844,-1,1844,1807,1806,-1,1806,1810,1843,-1,1838,1830,1833,-1,1827,1839,1833,-1,1838,1833,1839,-1,1840,1839,1827,-1,1837,1830,1838,-1,1832,1837,1834,-1,1837,1832,1830,-1,1832,1834,1831,-1,1936,1937,1938,-1,1938,1939,1936,-1,1940,1941,1942,-1,1942,1943,1940,-1,1944,1940,1943,-1,1943,1945,1944,-1,1946,1944,1945,-1,1945,1947,1946,-1,1948,1946,1947,-1,1947,1949,1948,-1,1950,1948,1949,-1,1949,1951,1950,-1,1952,1950,1951,-1,1951,1953,1952,-1,1941,1952,1953,-1,1953,1942,1941,-1,1954,1955,1956,-1,1956,1957,1954,-1,1958,1954,1957,-1,1957,1959,1958,-1,1960,1958,1959,-1,1959,1961,1960,-1,1962,1960,1961,-1,1961,1963,1962,-1,1964,1962,1963,-1,1963,1965,1964,-1,1966,1964,1965,-1,1965,1967,1966,-1,1968,1966,1967,-1,1967,1969,1968,-1,1955,1968,1969,-1,1969,1956,1955,-1,1970,1971,1972,-1,1972,1973,1970,-1,1974,1970,1973,-1,1973,1975,1974,-1,1971,1974,1975,-1,1975,1972,1971,-1,1976,1977,1978,-1,1978,1979,1976,-1,1980,1976,1979,-1,1979,1981,1980,-1,1982,1980,1981,-1,1981,1983,1982,-1,1984,1982,1983,-1,1983,1985,1984,-1,1986,1984,1985,-1,1985,1987,1986,-1,1988,1986,1987,-1,1987,1989,1988,-1,1990,1988,1989,-1,1989,1991,1990,-1,1992,1990,1991,-1,1991,1993,1992,-1,1994,1992,1993,-1,1993,1995,1994,-1,1996,1994,1995,-1,1995,1997,1996,-1,1998,1996,1997,-1,1997,1999,1998,-1,2000,1998,1999,-1,1999,2001,2000,-1,2002,2000,2001,-1,2001,2003,2002,-1,2004,2002,2003,-1,2003,2005,2004,-1,2006,2004,2005,-1,2005,2007,2006,-1,2008,2006,2007,-1,2007,2009,2008,-1,2010,2008,2009,-1,2009,2011,2010,-1,2012,2010,2011,-1,2011,2013,2012,-1,2014,2012,2013,-1,2013,2015,2014,-1,2016,2014,2015,-1,2015,2017,2016,-1,2018,2016,2017,-1,2017,2019,2018,-1,2020,2018,2019,-1,2019,2021,2020,-1,2022,2020,2021,-1,2021,2023,2022,-1,2024,2022,2023,-1,2023,2025,2024,-1,2026,2024,2025,-1,2025,2027,2026,-1,2028,2026,2027,-1,2027,2029,2028,-1,2030,2028,2029,-1,2029,2031,2030,-1,1977,2030,2031,-1,2031,1978,1977,-1,2032,2033,2034,-1,2034,2035,2032,-1,2036,2032,2035,-1,2035,2037,2036,-1,2038,2036,2037,-1,2037,2039,2038,-1,2040,2038,2039,-1,2039,2041,2040,-1,2042,2040,2041,-1,2041,2043,2042,-1,2044,2042,2043,-1,2043,2045,2044,-1,2046,2044,2045,-1,2045,2047,2046,-1,2048,2046,2047,-1,2047,2049,2048,-1,2050,2048,2049,-1,2049,2051,2050,-1,2052,2050,2051,-1,2051,2053,2052,-1,2054,2052,2053,-1,2053,2055,2054,-1,2056,2054,2055,-1,2055,2057,2056,-1,2058,2056,2057,-1,2057,2059,2058,-1,2060,2058,2059,-1,2059,2061,2060,-1,2062,2060,2061,-1,2061,2063,2062,-1,2064,2062,2063,-1,2063,2065,2064,-1,2066,2064,2065,-1,2065,2067,2066,-1,2068,2066,2067,-1,2067,2069,2068,-1,2070,2068,2069,-1,2069,2071,2070,-1,2072,2070,2071,-1,2071,2073,2072,-1,2074,2072,2073,-1,2073,2075,2074,-1,2076,2074,2075,-1,2075,2077,2076,-1,2078,2076,2077,-1,2077,2079,2078,-1,2080,2078,2079,-1,2079,2081,2080,-1,2082,2080,2081,-1,2081,2083,2082,-1,2084,2082,2083,-1,2083,2085,2084,-1,2086,2084,2085,-1,2085,2087,2086,-1,2088,2086,2087,-1,2087,2089,2088,-1,2090,2088,2089,-1,2089,2091,2090,-1,2092,2090,2091,-1,2091,2093,2092,-1,2094,2092,2093,-1,2093,2095,2094,-1,2096,2094,2095,-1,2095,2097,2096,-1,2098,2096,2097,-1,2097,2099,2098,-1,2100,2098,2099,-1,2099,2101,2100,-1,2102,2100,2101,-1,2101,2103,2102,-1,2104,2102,2103,-1,2103,2105,2104,-1,2106,2104,2105,-1,2105,2107,2106,-1,2108,2106,2107,-1,2107,2109,2108,-1,2110,2108,2109,-1,2109,2111,2110,-1,2033,2110,2111,-1,2111,2034,2033,-1,2112,2113,2114,-1,2114,2115,2112,-1,2116,2112,2115,-1,2115,2117,2116,-1,2118,2116,2117,-1,2117,2119,2118,-1,2120,2118,2119,-1,2119,2121,2120,-1,2122,2120,2121,-1,2121,2123,2122,-1,2124,2122,2123,-1,2123,2125,2124,-1,2126,2124,2125,-1,2125,2127,2126,-1,2128,2126,2127,-1,2127,2129,2128,-1,2130,2128,2129,-1,2129,2131,2130,-1,2132,2130,2131,-1,2131,2133,2132,-1,2134,2132,2133,-1,2133,2135,2134,-1,2136,2134,2135,-1,2135,2137,2136,-1,2138,2136,2137,-1,2137,2139,2138,-1,2140,2138,2139,-1,2139,2141,2140,-1,2142,2140,2141,-1,2141,2143,2142,-1,2144,2142,2143,-1,2143,2145,2144,-1,2146,2144,2145,-1,2145,2147,2146,-1,2148,2146,2147,-1,2147,2149,2148,-1,2150,2148,2149,-1,2149,2151,2150,-1,2152,2150,2151,-1,2151,2153,2152,-1,2154,2152,2153,-1,2153,2155,2154,-1,2156,2154,2155,-1,2155,2157,2156,-1,2158,2156,2157,-1,2157,2159,2158,-1,2160,2158,2159,-1,2159,2161,2160,-1,2162,2160,2161,-1,2161,2163,2162,-1,2113,2162,2163,-1,2163,2114,2113,-1,2164,2165,2166,-1,2166,2167,2164,-1,2168,2164,2167,-1,2167,2169,2168,-1,2170,2168,2169,-1,2169,2171,2170,-1,2172,2170,2171,-1,2171,2173,2172,-1,2174,2172,2173,-1,2173,2175,2174,-1,2176,2174,2175,-1,2175,2177,2176,-1,2178,2176,2177,-1,2177,2179,2178,-1,2180,2178,2179,-1,2179,2181,2180,-1,2182,2180,2181,-1,2181,2183,2182,-1,2184,2182,2183,-1,2183,2185,2184,-1,2186,2184,2185,-1,2185,2187,2186,-1,2188,2186,2187,-1,2187,2189,2188,-1,2190,2188,2189,-1,2189,2191,2190,-1,2192,2190,2191,-1,2191,2193,2192,-1,2194,2192,2193,-1,2193,2195,2194,-1,2196,2194,2195,-1,2195,2197,2196,-1,2198,2196,2197,-1,2197,2199,2198,-1,2165,2198,2199,-1,2199,2166,2165,-1,2200,2201,2202,-1,2202,2203,2200,-1,2204,2200,2203,-1,2203,2205,2204,-1,2206,2204,2205,-1,2205,2207,2206,-1,2208,2206,2207,-1,2207,2209,2208,-1,2210,2208,2209,-1,2209,2211,2210,-1,2212,2210,2211,-1,2211,2213,2212,-1,2201,2212,2213,-1,2213,2202,2201,-1,2214,2215,2216,-1,2216,2217,2214,-1,2218,2214,2217,-1,2217,2219,2218,-1,2220,2218,2219,-1,2219,2221,2220,-1,2222,2220,2221,-1,2221,2223,2222,-1,2224,2222,2223,-1,2223,2225,2224,-1,2226,2224,2225,-1,2225,2227,2226,-1,2228,2226,2227,-1,2227,2229,2228,-1,2230,2228,2229,-1,2229,2231,2230,-1,2232,2230,2231,-1,2231,2233,2232,-1,2234,2232,2233,-1,2233,2235,2234,-1,2236,2234,2235,-1,2235,2237,2236,-1,2238,2236,2237,-1,2237,2239,2238,-1,2240,2238,2239,-1,2239,2241,2240,-1,2242,2240,2241,-1,2241,2243,2242,-1,2244,2242,2243,-1,2243,2245,2244,-1,2246,2244,2245,-1,2245,2247,2246,-1,2248,2246,2247,-1,2247,2249,2248,-1,2250,2248,2249,-1,2249,2251,2250,-1,2252,2250,2251,-1,2251,2253,2252,-1,2254,2252,2253,-1,2253,2255,2254,-1,2256,2254,2255,-1,2255,2257,2256,-1,2258,2256,2257,-1,2257,2259,2258,-1,2260,2258,2259,-1,2259,2261,2260,-1,2262,2260,2261,-1,2261,2263,2262,-1,2264,2262,2263,-1,2263,2265,2264,-1,2266,2264,2265,-1,2265,2267,2266,-1,2268,2266,2267,-1,2267,2269,2268,-1,2270,2268,2269,-1,2269,2271,2270,-1,2272,2270,2271,-1,2271,2273,2272,-1,2274,2272,2273,-1,2273,2275,2274,-1,2276,2274,2275,-1,2275,2277,2276,-1,2278,2276,2277,-1,2277,2279,2278,-1,2280,2278,2279,-1,2279,2281,2280,-1,2282,2280,2281,-1,2281,2283,2282,-1,2284,2282,2283,-1,2283,2285,2284,-1,2286,2284,2285,-1,2285,2287,2286,-1,2288,2286,2287,-1,2287,2289,2288,-1,2290,2288,2289,-1,2289,2291,2290,-1,2292,2290,2291,-1,2291,2293,2292,-1,2294,2292,2293,-1,2293,2295,2294,-1,2296,2294,2295,-1,2295,2297,2296,-1,2298,2296,2297,-1,2297,2299,2298,-1,2300,2298,2299,-1,2299,2301,2300,-1,2302,2300,2301,-1,2301,2303,2302,-1,2304,2302,2303,-1,2303,2305,2304,-1,2306,2304,2305,-1,2305,2307,2306,-1,2308,2306,2307,-1,2307,2309,2308,-1,2310,2308,2309,-1,2309,2311,2310,-1,2312,2310,2311,-1,2311,2313,2312,-1,2314,2312,2313,-1,2313,2315,2314,-1,2316,2314,2315,-1,2315,2317,2316,-1,2318,2316,2317,-1,2317,2319,2318,-1,2320,2318,2319,-1,2319,2321,2320,-1,2322,2320,2321,-1,2321,2323,2322,-1,2324,2322,2323,-1,2323,2325,2324,-1,2326,2324,2325,-1,2325,2327,2326,-1,2215,2326,2327,-1,2327,2216,2215,-1,2328,2329,2330,-1,2330,2331,2328,-1,2332,2328,2331,-1,2331,2333,2332,-1,2334,2332,2333,-1,2333,2335,2334,-1,2336,2334,2335,-1,2335,2337,2336,-1,2338,2336,2337,-1,2337,2339,2338,-1,2340,2338,2339,-1,2339,2341,2340,-1,2342,2340,2341,-1,2341,2343,2342,-1,2329,2342,2343,-1,2343,2330,2329,-1,2344,2345,2346,-1,2346,2347,2344,-1,2348,2344,2347,-1,2347,2349,2348,-1,2345,2348,2349,-1,2349,2346,2345,-1,2350,2351,2352,-1,2352,2353,2350,-1,2354,2350,2353,-1,2353,2355,2354,-1,2356,2354,2355,-1,2355,2357,2356,-1,2358,2356,2357,-1,2357,2359,2358,-1,2360,2358,2359,-1,2359,2361,2360,-1,2362,2360,2361,-1,2361,2363,2362,-1,2351,2362,2363,-1,2363,2352,2351,-1,2364,2365,2366,-1,2366,2367,2364,-1,2368,2364,2367,-1,2367,2369,2368,-1,2370,2368,2369,-1,2369,2371,2370,-1,2372,2370,2371,-1,2371,2373,2372,-1,2374,2372,2373,-1,2373,2375,2374,-1,2376,2374,2375,-1,2375,2377,2376,-1,2378,2376,2377,-1,2377,2379,2378,-1,2380,2378,2379,-1,2379,2381,2380,-1,2382,2380,2381,-1,2381,2383,2382,-1,2384,2382,2383,-1,2383,2385,2384,-1,2386,2384,2385,-1,2385,2387,2386,-1,2388,2386,2387,-1,2387,2389,2388,-1,2390,2388,2389,-1,2389,2391,2390,-1,2392,2390,2391,-1,2391,2393,2392,-1,2394,2392,2393,-1,2393,2395,2394,-1,2396,2394,2395,-1,2395,2397,2396,-1,2398,2396,2397,-1,2397,2399,2398,-1,2400,2398,2399,-1,2399,2401,2400,-1,2402,2400,2401,-1,2401,2403,2402,-1,2404,2402,2403,-1,2403,2405,2404,-1,2406,2404,2405,-1,2405,2407,2406,-1,2408,2406,2407,-1,2407,2409,2408,-1,2410,2408,2409,-1,2409,2411,2410,-1,2412,2410,2411,-1,2411,2413,2412,-1,2414,2412,2413,-1,2413,2415,2414,-1,2416,2414,2415,-1,2415,2417,2416,-1,2418,2416,2417,-1,2417,2419,2418,-1,2365,2418,2419,-1,2419,2366,2365,-1,2420,2421,2422,-1,2422,2423,2420,-1,2424,2420,2423,-1,2423,2425,2424,-1,2426,2424,2425,-1,2425,2427,2426,-1,2428,2426,2427,-1,2427,2429,2428,-1,2430,2428,2429,-1,2429,2431,2430,-1,2432,2430,2431,-1,2431,2433,2432,-1,2434,2432,2433,-1,2433,2435,2434,-1,2436,2434,2435,-1,2435,2437,2436,-1,2438,2436,2437,-1,2437,2439,2438,-1,2440,2438,2439,-1,2439,2441,2440,-1,2442,2440,2441,-1,2441,2443,2442,-1,2444,2442,2443,-1,2443,2445,2444,-1,2446,2444,2445,-1,2445,2447,2446,-1,2448,2446,2447,-1,2447,2449,2448,-1,2450,2448,2449,-1,2449,2451,2450,-1,2452,2450,2451,-1,2451,2453,2452,-1,2454,2452,2453,-1,2453,2455,2454,-1,2456,2454,2455,-1,2455,2457,2456,-1,2458,2456,2457,-1,2457,2459,2458,-1,2460,2458,2459,-1,2459,2461,2460,-1,2462,2460,2461,-1,2461,2463,2462,-1,2464,2462,2463,-1,2463,2465,2464,-1,2466,2464,2465,-1,2465,2467,2466,-1,2468,2466,2467,-1,2467,2469,2468,-1,2470,2468,2469,-1,2469,2471,2470,-1,2421,2470,2471,-1,2471,2422,2421,-1,2472,2473,2474,-1,2474,2475,2472,-1,2476,2472,2475,-1,2475,2477,2476,-1,2478,2476,2477,-1,2477,2479,2478,-1,2480,2478,2479,-1,2479,2481,2480,-1,2482,2480,2481,-1,2481,2483,2482,-1,2484,2482,2483,-1,2483,2485,2484,-1,2486,2484,2485,-1,2485,2487,2486,-1,2488,2486,2487,-1,2487,2489,2488,-1,2490,2488,2489,-1,2489,2491,2490,-1,2492,2490,2491,-1,2491,2493,2492,-1,2494,2492,2493,-1,2493,2495,2494,-1,2496,2494,2495,-1,2495,2497,2496,-1,2498,2496,2497,-1,2497,2499,2498,-1,2500,2498,2499,-1,2499,2501,2500,-1,2502,2500,2501,-1,2501,2503,2502,-1,2504,2502,2503,-1,2503,2505,2504,-1,2506,2504,2505,-1,2505,2507,2506,-1,2473,2506,2507,-1,2507,2474,2473,-1,2508,2509,2510,-1,2510,2511,2508,-1,2512,2508,2511,-1,2511,2513,2512,-1,2514,2512,2513,-1,2513,2515,2514,-1,2516,2514,2515,-1,2515,2517,2516,-1,2518,2516,2517,-1,2517,2519,2518,-1,2520,2518,2519,-1,2519,2521,2520,-1,2509,2520,2521,-1,2521,2510,2509,-1,2522,2523,2524,-1,2524,2525,2522,-1,2526,2527,2528,-1,2522,2525,2526,-1,2526,2528,2522,-1,2528,2527,2529,-1,2527,2530,2529,-1,2529,2530,2531,-1,2532,2531,2530,-1,2530,2533,2532,-1,2534,2535,2536,-1,2532,2533,2534,-1,2534,2536,2532,-1,2536,2535,2537,-1,2535,2538,2537,-1,2537,2538,2539,-1,2540,2539,2538,-1,2538,2541,2540,-1,2542,2543,2544,-1,2540,2541,2542,-1,2542,2544,2540,-1,2544,2543,2545,-1,2543,2546,2545,-1,2545,2546,2547,-1,2548,2547,2546,-1,2546,2549,2548,-1,2550,2551,2552,-1,2548,2549,2550,-1,2550,2552,2548,-1,2552,2551,2553,-1,2551,2524,2553,-1,2553,2524,2523,-1,2554,2555,2556,-1,2557,2558,2559,-1,2560,2561,2562,-1,2563,2564,2565,-1,2564,2563,2557,-1,2559,2558,2562,-1,2564,2557,2559,-1,2560,2554,2561,-1,2558,2560,2562,-1,2556,2561,2554,-1,2566,2556,2555,-1,2555,2567,2566,-1,2568,2569,2570,-1,2567,2571,2572,-1,2573,2574,2575,-1,2566,2567,2572,-1,2573,2575,2571,-1,2572,2571,2575,-1,2568,2570,2574,-1,2573,2568,2574,-1,2576,2569,2577,-1,2576,2570,2569,-1,2578,2579,2580,-1,2576,2581,2580,-1,2578,2580,2581,-1,2577,2581,2576,-1,2582,2579,2578,-1,2583,2582,2584,-1,2582,2583,2579,-1,2583,2584,2585,-1,2586,2585,2584,-1,2584,2587,2586,-1,2588,2589,2590,-1,2591,2590,2592,-1,2589,2592,2590,-1,2586,2587,2591,-1,2591,2592,2586,-1,2589,2588,2593,-1,2593,2594,2595,-1,2594,2593,2588,-1,2594,2596,2595,-1,2595,2596,2597,-1,2598,2597,2596,-1,2596,2599,2598,-1,2600,2601,2602,-1,2603,2604,2605,-1,2606,2607,2608,-1,2599,2609,2598,-1,2609,2599,2603,-1,2605,2604,2608,-1,2609,2603,2605,-1,2606,2600,2607,-1,2604,2606,2608,-1,2602,2607,2600,-1,2610,2602,2601,-1,2601,2611,2610,-1,2612,2613,2614,-1,2611,2615,2616,-1,2617,2618,2619,-1,2610,2611,2616,-1,2617,2619,2615,-1,2616,2615,2619,-1,2612,2614,2618,-1,2617,2612,2618,-1,2620,2614,2613,-1,2613,2621,2620,-1,2622,2623,2624,-1,2625,2626,2627,-1,2628,2629,2630,-1,2621,2631,2632,-1,2633,2632,2631,-1,2620,2621,2632,-1,2633,2625,2627,-1,2633,2631,2625,-1,2626,2628,2630,-1,2627,2626,2630,-1,2622,2624,2629,-1,2628,2622,2629,-1,2634,2624,2623,-1,2623,2635,2634,-1,2636,2637,2638,-1,2639,2640,2641,-1,2642,2643,2644,-1,2635,2645,2634,-1,2645,2635,2639,-1,2641,2640,2644,-1,2645,2639,2641,-1,2642,2636,2643,-1,2640,2642,2644,-1,2638,2643,2636,-1,2646,2638,2637,-1,2637,2647,2646,-1,2648,2646,2647,-1,2647,2649,2648,-1,2650,2651,2652,-1,2649,2653,2654,-1,2655,2656,2657,-1,2648,2649,2654,-1,2655,2657,2653,-1,2654,2653,2657,-1,2650,2652,2656,-1,2655,2650,2656,-1,2658,2652,2651,-1,2651,2659,2658,-1,2660,2661,2662,-1,2663,2664,2665,-1,2666,2667,2668,-1,2659,2669,2658,-1,2669,2659,2663,-1,2665,2664,2668,-1,2669,2663,2665,-1,2666,2660,2667,-1,2664,2666,2668,-1,2662,2667,2660,-1,2670,2662,2661,-1,2661,2671,2670,-1,2672,2673,2674,-1,2670,2671,2672,-1,2672,2674,2670,-1,2674,2673,2675,-1,2673,2676,2675,-1,2675,2676,2677,-1,2678,2677,2676,-1,2676,2679,2678,-1,2680,2681,2682,-1,2679,2683,2684,-1,2685,2686,2687,-1,2678,2679,2684,-1,2685,2687,2683,-1,2684,2683,2687,-1,2680,2682,2686,-1,2685,2680,2686,-1,2565,2682,2681,-1,2681,2563,2565,-1,2688,2689,2690,-1,2690,2691,2688,-1,2692,2688,2691,-1,2691,2693,2692,-1,2694,2692,2693,-1,2693,2695,2694,-1,2696,2694,2695,-1,2695,2697,2696,-1,2698,2696,2697,-1,2697,2699,2698,-1,2700,2698,2699,-1,2699,2701,2700,-1,2689,2700,2701,-1,2701,2690,2689,-1,2702,2703,2704,-1,2704,2705,2702,-1,2706,2707,2708,-1,2709,2710,2706,-1,2706,2708,2709,-1,2710,2711,2712,-1,2711,2710,2709,-1,2713,2712,2714,-1,2711,2714,2712,-1,2715,2716,2713,-1,2713,2714,2715,-1,2716,2717,2718,-1,2717,2716,2715,-1,2719,2718,2720,-1,2717,2720,2718,-1,2702,2705,2719,-1,2719,2720,2702,-1,2708,2707,2721,-1,2722,2721,2723,-1,2707,2723,2721,-1,2724,2725,2722,-1,2722,2723,2724,-1,2725,2726,2727,-1,2726,2725,2724,-1,2728,2727,2729,-1,2726,2729,2727,-1,2730,2731,2728,-1,2728,2729,2730,-1,2731,2732,2733,-1,2732,2731,2730,-1,2732,2734,2733,-1,2733,2734,2735,-1,2736,2734,2737,-1,2736,2735,2734,-1,2738,2736,2737,-1,2737,2739,2738,-1,2740,2738,2739,-1,2739,2741,2740,-1,2703,2740,2741,-1,2741,2704,2703,-1,2742,2743,2744,-1,2745,2746,2747,-1,2748,2749,2750,-1,2751,2752,2753,-1,2754,2755,2756,-1,2757,2758,2759,-1,2760,2761,2762,-1,2763,2764,2765,-1,2766,2767,2768,-1,2769,2770,2771,-1,2772,2771,2770,-1,2769,2773,2774,-1,2773,2769,2771,-1,2775,2776,2774,-1,2774,2773,2775,-1,2777,2776,2778,-1,2775,2778,2776,-1,2779,2777,2778,-1,2772,2763,2765,-1,2772,2770,2763,-1,2764,2767,2766,-1,2765,2764,2766,-1,2759,2758,2768,-1,2767,2759,2768,-1,2760,2762,2757,-1,2757,2762,2758,-1,2751,2761,2752,-1,2752,2761,2760,-1,2755,2753,2756,-1,2755,2751,2753,-1,2754,2745,2747,-1,2754,2756,2745,-1,2746,2748,2750,-1,2747,2746,2750,-1,2742,2744,2749,-1,2748,2742,2749,-1,2780,2744,2743,-1,2743,2781,2780,-1,2782,2780,2781,-1,2781,2783,2782,-1,2779,2782,2783,-1,2783,2777,2779,-1,2784,2785,2786,-1,2786,2787,2784,-1,2788,2784,2787,-1,2787,2789,2788,-1,2790,2788,2789,-1,2789,2791,2790,-1,2792,2790,2791,-1,2791,2793,2792,-1,2794,2792,2793,-1,2793,2795,2794,-1,2796,2794,2795,-1,2795,2797,2796,-1,2798,2796,2797,-1,2797,2799,2798,-1,2800,2798,2799,-1,2799,2801,2800,-1,2802,2800,2801,-1,2801,2803,2802,-1,2804,2802,2803,-1,2803,2805,2804,-1,2806,2804,2805,-1,2805,2807,2806,-1,2808,2806,2807,-1,2807,2809,2808,-1,2810,2808,2809,-1,2809,2811,2810,-1,2812,2810,2811,-1,2811,2813,2812,-1,1937,2812,2813,-1,2813,1938,1937,-1,2785,2814,2815,-1,2815,2786,2785,-1,2814,2816,2817,-1,2817,2815,2814,-1,2816,2818,2819,-1,2819,2817,2816,-1,2818,2820,2821,-1,2821,2819,2818,-1,2820,2822,2823,-1,2823,2821,2820,-1,2822,2824,2825,-1,2825,2823,2822,-1,2824,2826,2827,-1,2827,2825,2824,-1,2826,2828,2829,-1,2829,2827,2826,-1,2828,2830,2831,-1,2831,2829,2828,-1,2830,2832,2833,-1,2833,2831,2830,-1,2832,2834,2835,-1,2835,2833,2832,-1,2834,2836,2837,-1,2837,2835,2834,-1,2836,2838,2839,-1,2839,2837,2836,-1,2838,2840,2841,-1,2841,2839,2838,-1,2840,2842,2843,-1,2843,2841,2840,-1,2842,2844,2845,-1,2845,2843,2842,-1,2844,2846,2847,-1,2847,2845,2844,-1,2846,2848,2849,-1,2849,2847,2846,-1,2848,2850,2851,-1,2851,2849,2848,-1,2850,2852,2853,-1,2853,2851,2850,-1,2852,2854,2855,-1,2855,2853,2852,-1,2854,2856,2857,-1,2857,2855,2854,-1,2856,2858,2859,-1,2859,2857,2856,-1,2858,1936,1939,-1,1939,2859,2858,-1,2860,2861,2862,-1,2862,2863,2860,-1,2864,2860,2863,-1,2863,2865,2864,-1,2866,2864,2865,-1,2865,2867,2866,-1,2868,2866,2867,-1,2867,2869,2868,-1,2870,2868,2869,-1,2869,2871,2870,-1,2872,2870,2871,-1,2871,2873,2872,-1,2874,2872,2873,-1,2873,2875,2874,-1,2876,2874,2875,-1,2875,2877,2876,-1,2878,2876,2877,-1,2877,2879,2878,-1,2880,2878,2879,-1,2879,2881,2880,-1,2882,2880,2881,-1,2881,2883,2882,-1,2884,2882,2883,-1,2883,2885,2884,-1,2886,2884,2885,-1,2885,2887,2886,-1,2888,2886,2887,-1,2887,2889,2888,-1,2890,2888,2889,-1,2889,2891,2890,-1,2892,2890,2891,-1,2891,2893,2892,-1,2894,2892,2893,-1,2893,2895,2894,-1,2896,2894,2895,-1,2895,2897,2896,-1,2898,2896,2897,-1,2897,2899,2898,-1,2900,2898,2899,-1,2899,2901,2900,-1,2902,2900,2901,-1,2901,2903,2902,-1,2904,2902,2903,-1,2903,2905,2904,-1,2906,2904,2905,-1,2905,2907,2906,-1,2908,2906,2907,-1,2907,2909,2908,-1,2910,2908,2909,-1,2909,2911,2910,-1,2861,2910,2911,-1,2911,2862,2861,-1,2912,2913,2914,-1,2914,2915,2912,-1,2916,2912,2915,-1,2915,2917,2916,-1,2918,2916,2917,-1,2917,2919,2918,-1,2920,2918,2919,-1,2919,2921,2920,-1,2922,2920,2921,-1,2921,2923,2922,-1,2924,2922,2923,-1,2923,2925,2924,-1,2926,2924,2925,-1,2925,2927,2926,-1,2928,2926,2927,-1,2927,2929,2928,-1,2930,2928,2929,-1,2929,2931,2930,-1,2932,2930,2931,-1,2931,2933,2932,-1,2934,2932,2933,-1,2933,2935,2934,-1,2936,2934,2935,-1,2935,2937,2936,-1,2938,2936,2937,-1,2937,2939,2938,-1,2940,2938,2939,-1,2939,2941,2940,-1,2942,2940,2941,-1,2941,2943,2942,-1,2944,2942,2943,-1,2943,2945,2944,-1,2946,2944,2945,-1,2945,2947,2946,-1,2948,2946,2947,-1,2947,2949,2948,-1,2950,2948,2949,-1,2949,2951,2950,-1,2952,2950,2951,-1,2951,2953,2952,-1,2954,2952,2953,-1,2953,2955,2954,-1,2956,2954,2955,-1,2955,2957,2956,-1,2958,2956,2957,-1,2957,2959,2958,-1,2960,2958,2959,-1,2959,2961,2960,-1,2962,2960,2961,-1,2961,2963,2962,-1,2964,2962,2963,-1,2963,2965,2964,-1,2966,2964,2965,-1,2965,2967,2966,-1,2968,2966,2967,-1,2967,2969,2968,-1,2970,2968,2969,-1,2969,2971,2970,-1,2972,2970,2971,-1,2971,2973,2972,-1,2974,2972,2973,-1,2973,2975,2974,-1,2976,2974,2975,-1,2975,2977,2976,-1,2978,2976,2977,-1,2977,2979,2978,-1,2980,2978,2979,-1,2979,2981,2980,-1,2982,2980,2981,-1,2981,2983,2982,-1,2984,2982,2983,-1,2983,2985,2984,-1,2986,2984,2985,-1,2985,2987,2986,-1,2988,2986,2987,-1,2987,2989,2988,-1,2990,2988,2989,-1,2989,2991,2990,-1,2992,2990,2991,-1,2991,2993,2992,-1,2994,2992,2993,-1,2993,2995,2994,-1,2996,2994,2995,-1,2995,2997,2996,-1,2998,2996,2997,-1,2997,2999,2998,-1,3000,2998,2999,-1,2999,3001,3000,-1,3002,3000,3001,-1,3001,3003,3002,-1,3004,3002,3003,-1,3003,3005,3004,-1,3006,3004,3005,-1,3005,3007,3006,-1,3008,3006,3007,-1,3007,3009,3008,-1,3010,3008,3009,-1,3009,3011,3010,-1,3012,3010,3011,-1,3011,3013,3012,-1,3014,3012,3013,-1,3013,3015,3014,-1,3016,3014,3015,-1,3015,3017,3016,-1,3018,3016,3017,-1,3017,3019,3018,-1,2913,3018,3019,-1,3019,2914,2913,-1,3020,3021,3022,-1,3022,3023,3020,-1,3024,3020,3023,-1,3023,3025,3024,-1,3026,3024,3025,-1,3025,3027,3026,-1,3028,3026,3027,-1,3027,3029,3028,-1,3030,3028,3029,-1,3029,3031,3030,-1,3032,3030,3031,-1,3031,3033,3032,-1,3034,3032,3033,-1,3033,3035,3034,-1,3036,3034,3035,-1,3035,3037,3036,-1,3038,3036,3037,-1,3037,3039,3038,-1,3040,3038,3039,-1,3039,3041,3040,-1,3042,3040,3041,-1,3041,3043,3042,-1,3044,3042,3043,-1,3043,3045,3044,-1,3046,3044,3045,-1,3045,3047,3046,-1,3048,3046,3047,-1,3047,3049,3048,-1,3050,3048,3049,-1,3049,3051,3050,-1,3052,3050,3051,-1,3051,3053,3052,-1,3054,3052,3053,-1,3053,3055,3054,-1,3056,3054,3055,-1,3055,3057,3056,-1,3058,3056,3057,-1,3057,3059,3058,-1,3060,3058,3059,-1,3059,3061,3060,-1,3062,3060,3061,-1,3061,3063,3062,-1,3064,3062,3063,-1,3063,3065,3064,-1,3066,3064,3065,-1,3065,3067,3066,-1,3068,3066,3067,-1,3067,3069,3068,-1,3070,3068,3069,-1,3069,3071,3070,-1,3021,3070,3071,-1,3071,3022,3021,-1,3072,3073,3074,-1,3074,3075,3072,-1,3076,3072,3075,-1,3075,3077,3076,-1,3078,3076,3077,-1,3077,3079,3078,-1,3080,3078,3079,-1,3079,3081,3080,-1,3082,3080,3081,-1,3081,3083,3082,-1,3084,3082,3083,-1,3083,3085,3084,-1,3086,3084,3085,-1,3085,3087,3086,-1,3088,3086,3087,-1,3087,3089,3088,-1,3090,3088,3089,-1,3089,3091,3090,-1,3092,3090,3091,-1,3091,3093,3092,-1,3094,3092,3093,-1,3093,3095,3094,-1,3096,3094,3095,-1,3095,3097,3096,-1,3098,3096,3097,-1,3097,3099,3098,-1,3100,3098,3099,-1,3099,3101,3100,-1,3102,3100,3101,-1,3101,3103,3102,-1,3104,3102,3103,-1,3103,3105,3104,-1,3106,3104,3105,-1,3105,3107,3106,-1,3073,3106,3107,-1,3107,3074,3073,-1,3108,3109,3110,-1,3110,3111,3108,-1,3112,3108,3111,-1,3111,3113,3112,-1,3114,3112,3113,-1,3113,3115,3114,-1,3116,3114,3115,-1,3115,3117,3116,-1,3118,3116,3117,-1,3117,3119,3118,-1,3120,3118,3119,-1,3119,3121,3120,-1,3122,3120,3121,-1,3121,3123,3122,-1,3124,3122,3123,-1,3123,3125,3124,-1,3126,3124,3125,-1,3125,3127,3126,-1,3128,3126,3127,-1,3127,3129,3128,-1,3130,3128,3129,-1,3129,3131,3130,-1,3132,3130,3131,-1,3131,3133,3132,-1,3134,3132,3133,-1,3133,3135,3134,-1,3136,3134,3135,-1,3135,3137,3136,-1,3138,3136,3137,-1,3137,3139,3138,-1,3140,3138,3139,-1,3139,3141,3140,-1,3142,3140,3141,-1,3141,3143,3142,-1,3144,3142,3143,-1,3143,3145,3144,-1,3146,3144,3145,-1,3145,3147,3146,-1,3148,3146,3147,-1,3147,3149,3148,-1,3150,3148,3149,-1,3149,3151,3150,-1,3152,3150,3151,-1,3151,3153,3152,-1,3154,3152,3153,-1,3153,3155,3154,-1,3156,3154,3155,-1,3155,3157,3156,-1,3158,3156,3157,-1,3157,3159,3158,-1,3160,3158,3159,-1,3159,3161,3160,-1,3162,3160,3161,-1,3161,3163,3162,-1,3109,3162,3163,-1,3163,3110,3109,-1,3164,3165,3166,-1,3166,3167,3164,-1,3168,3164,3167,-1,3167,3169,3168,-1,3170,3168,3169,-1,3169,3171,3170,-1,3172,3170,3171,-1,3171,3173,3172,-1,3174,3172,3173,-1,3173,3175,3174,-1,3176,3174,3175,-1,3175,3177,3176,-1,3178,3176,3177,-1,3177,3179,3178,-1,3180,3178,3179,-1,3179,3181,3180,-1,3182,3180,3181,-1,3181,3183,3182,-1,3184,3182,3183,-1,3183,3185,3184,-1,3186,3184,3185,-1,3185,3187,3186,-1,3188,3186,3187,-1,3187,3189,3188,-1,3190,3188,3189,-1,3189,3191,3190,-1,3192,3190,3191,-1,3191,3193,3192,-1,3194,3192,3193,-1,3193,3195,3194,-1,3196,3194,3195,-1,3195,3197,3196,-1,3198,3196,3197,-1,3197,3199,3198,-1,3200,3198,3199,-1,3199,3201,3200,-1,3202,3200,3201,-1,3201,3203,3202,-1,3204,3202,3203,-1,3203,3205,3204,-1,3206,3204,3205,-1,3205,3207,3206,-1,3208,3206,3207,-1,3207,3209,3208,-1,3210,3208,3209,-1,3209,3211,3210,-1,3212,3210,3211,-1,3211,3213,3212,-1,3214,3212,3213,-1,3213,3215,3214,-1,3216,3214,3215,-1,3215,3217,3216,-1,3218,3216,3217,-1,3217,3219,3218,-1,3165,3218,3219,-1,3219,3166,3165,-1,
        ]
    }
}
Shape{
    appearance Appearance {
        material  Material 	{
            diffuseColor 0.6862745098039216 0.20392156862745098 0.1843137254901961
            specularColor 0.7529411764705882 0.7529411764705882 0.7529411764705882
            ambientIntensity 1.0
            transparency 1.0
            shininess 0.5
        }
    }
    geometry IndexedFaceSet {
        ccw TRUE
        solid FALSE
        coord DEF co Coordinate {
            point [
                -0.7638 -0.9843 0.311, -0.685 -1.2854 0.311, -1.0 -1.2854 0.311, 0.685 -1.2854 0.311, 0.5884 -1.0144 0.311, 0.7638 -0.9843 0.311, 0.5979 -0.987 0.311, 0.5314 0.4987 0.311, 0.5362 0.5273 0.311, 0.5336 0.1816 0.311, 1.0 -0.9843 0.311, 1.0 -1.2854 0.311, 0.685 1.6004 0.311, 0.3965 1.4091 0.311, 0.3712 1.4231 0.311, 1.0 1.2854 0.311, 0.7638 0.9843 0.311, 0.685 1.2854 0.311, 1.0 0.9843 0.311, -0.685 1.6004 0.311, -0.1711 1.5066 0.311, -0.1951 1.5049 0.311, -0.7638 0.9843 0.311, -0.5991 0.1997 0.311, -0.6027 0.1759 0.311, -1.0 1.2854 0.311, -1.0 0.9843 0.311, 0.5357 1.2655 0.311, 0.5212 1.2904 0.311, -0.685 1.2854 0.311, 0.5994 0.9853 0.311, 0.5982 1.0142 0.311, -1.0 -0.9843 0.311, -0.6553 1.202 0.311, -0.6579 1.178 0.311, -0.6487 -0.1816 0.311, -0.6497 -0.2057 0.311, 0.1503 1.49 0.311, 0.1217 1.4944 0.311, 0.093 1.4981 0.311, 0.2072 1.4791 0.311, 0.1788 1.4849 0.311, 0.2633 1.4648 0.311, 0.2354 1.4725 0.311, 0.3182 1.4464 0.311, 0.291 1.4562 0.311, 0.345 1.4354 0.311, 0.4442 1.3764 0.311, 0.4211 1.3937 0.311, 0.4863 1.3367 0.311, 0.4661 1.3574 0.311, 0.5047 1.3144 0.311, 0.5593 1.2125 0.311, 0.5483 1.2393 0.311, 0.5767 1.1572 0.311, 0.5687 1.1851 0.311, 0.5886 1.1005 0.311, 0.5833 1.129 0.311, 0.5929 1.0719 0.311, 0.5961 1.0431 0.311, 0.5992 0.9273 0.311, 0.5997 0.9563 0.311, 0.5956 0.8695 0.311, 0.5978 0.8984 0.311, 0.5892 0.8119 0.311, 0.5928 0.8407 0.311, 0.5804 0.7547 0.311, 0.5851 0.7833 0.311, 0.5699 0.6977 0.311, 0.5753 0.7262 0.311, 0.5584 0.6409 0.311, 0.5641 0.6693 0.311, 0.5469 0.5842 0.311, 0.5525 0.6126 0.311, 0.5254 0.239 0.311, 0.5292 0.2103 0.311, 0.5414 0.5557 0.311, 0.5185 0.3546 0.311, 0.5236 0.4413 0.311, 0.5202 0.2967 0.311, 0.5225 0.2678 0.311, 0.5192 0.3836 0.311, 0.5209 0.4125 0.311, 0.5271 0.4701 0.311, 0.5188 0.3256 0.311, -0.6422 -0.4459 0.311, -0.644 -0.4219 0.311, 0.5385 0.1531 0.311, -0.685 -1.6004 0.311, -0.3812 -1.4424 0.311, -0.3609 -1.4554 0.311, 0.6601 -0.588 0.311, 0.66 -0.5591 0.311, 0.5439 0.1246 0.311, -0.5393 -1.2074 0.311, -0.5316 -1.2301 0.311, -0.514 -1.275 0.311, -0.5233 -1.2528 0.311, 0.6414 -0.3283 0.311, 0.637 -0.2996 0.311, 0.5497 0.0962 0.311, -0.4925 -1.3181 0.311, -0.5037 -1.2966 0.311, -0.4801 -1.3387 0.311, 0.5622 0.0397 0.311, 0.5558 0.0679 0.311, 0.5755 -0.0167 0.311, 0.5688 0.0115 0.311, 0.5891 -0.073 0.311, 0.5823 -0.0448 0.311, 0.6024 -0.1294 0.311, 0.5958 -0.1012 0.311, 0.615 -0.1859 0.311, 0.6088 -0.1576 0.311, 0.6267 -0.2426 0.311, 0.6211 -0.2142 0.311, 0.6321 -0.2711 0.311, 0.6488 -0.3857 0.311, 0.6453 -0.357 0.311, 0.6519 -0.4145 0.311, 0.6565 -0.4722 0.311, 0.6544 -0.4433 0.311, 0.6593 -0.5301 0.311, 0.6581 -0.5012 0.311, 0.6589 -0.6459 0.311, 0.6598 -0.617 0.311, 0.6553 -0.7038 0.311, 0.6574 -0.6749 0.311, 0.6492 -0.7614 0.311, 0.6526 -0.7326 0.311, 0.6404 -0.8186 0.311, 0.6451 -0.79 0.311, 0.6289 -0.8754 0.311, 0.6349 -0.8471 0.311, 0.6148 -0.9316 0.311, 0.6222 -0.9036 0.311, 0.6067 -0.9594 0.311, -0.0694 -1.5254 0.311, 0.685 -1.6004 0.311, 0.5673 -1.0683 0.311, 0.5782 -1.0415 0.311, 0.5433 -1.121 0.311, 0.5557 -1.0949 0.311, 0.5161 -1.1722 0.311, 0.5301 -1.1468 0.311, 0.4859 -1.2216 0.311, 0.5014 -1.1971 0.311, 0.4496 -1.2723 0.311, 0.3726 -1.3569 0.311, 0.4118 -1.3173 0.311, 0.2913 -1.4211 0.311, 0.3324 -1.3914 0.311, 0.2038 -1.4687 0.311, 0.2487 -1.4467 0.311, 0.1029 -1.5032 0.311, 0.1554 -1.4875 0.311, -0.0114 -1.5224 0.311, 0.0467 -1.5149 0.311, -0.1255 -1.5238 0.311, -0.2039 -1.5135 0.311, -0.1801 -1.5176 0.311, -0.2506 -1.5022 0.311, -0.2274 -1.5083 0.311, -0.2961 -1.4869 0.311, -0.2735 -1.495 0.311, -0.3399 -1.4671 0.311, -0.3183 -1.4776 0.311, -0.4187 -1.4124 0.311, -0.4004 -1.4281 0.311, -0.4518 -1.3776 0.311, -0.4359 -1.3956 0.311, -0.4666 -1.3585 0.311, -0.5524 -1.1611 0.311, -0.5462 -1.1844 0.311, -0.5632 -1.1142 0.311, -0.5581 -1.1377 0.311, -0.5722 -1.067 0.311, -0.5679 -1.0906 0.311, -0.5761 -1.0433 0.311, -0.583 -0.9957 0.311, -0.5797 -1.0195 0.311, -0.589 -0.9479 0.311, -0.5861 -0.9718 0.311, -0.5944 -0.9002 0.311, -0.5918 -0.9241 0.311, -0.5997 -0.8524 0.311, -0.5971 -0.8763 0.311, -0.6049 -0.8046 0.311, -0.6023 -0.8285 0.311, -0.6102 -0.7568 0.311, -0.6075 -0.7807 0.311, -0.6155 -0.709 0.311, -0.6128 -0.7329 0.311, -0.6209 -0.6612 0.311, -0.6182 -0.6851 0.311, -0.6262 -0.6134 0.311, -0.6236 -0.6373 0.311, -0.6313 -0.5656 0.311, -0.6288 -0.5895 0.311, -0.6361 -0.5177 0.311, -0.6338 -0.5417 0.311, -0.6403 -0.4698 0.311, -0.6383 -0.4938 0.311, -0.647 -0.3739 0.311, -0.6456 -0.3979 0.311, -0.6492 -0.3259 0.311, -0.6483 -0.3499 0.311, -0.6502 -0.2778 0.311, -0.6498 -0.3018 0.311, -0.6502 -0.2297 0.311, -0.6503 -0.2537 0.311, -0.6474 -0.1576 0.311, -0.6437 -0.1097 0.311, -0.6457 -0.1336 0.311, -0.6388 -0.0618 0.311, -0.6415 -0.0857 0.311, -0.6326 -0.0141 0.311, -0.6359 -0.038 0.311, -0.6257 0.0335 0.311, -0.6292 0.0097 0.311, -0.6183 0.081 0.311, -0.6221 0.0572 0.311, -0.6103 0.1284 0.311, -0.6143 0.1047 0.311, -0.6065 0.1521 0.311, -0.5955 0.2234 0.311, -0.5888 0.271 0.311, -0.592 0.2472 0.311, -0.5834 0.3188 0.311, -0.5859 0.2949 0.311, -0.5795 0.3668 0.311, -0.5812 0.3428 0.311, -0.5773 0.4148 0.311, -0.5782 0.3908 0.311, -0.577 0.4629 0.311, -0.5769 0.4388 0.311, -0.5787 0.5109 0.311, -0.5776 0.4869 0.311, -0.5823 0.5589 0.311, -0.5803 0.5349 0.311, -0.5875 0.6067 0.311, -0.5847 0.5828 0.311, -0.594 0.6544 0.311, -0.5906 0.6306 0.311, -0.6575 1.058 0.311, -0.6554 1.0341 0.311, -0.5977 0.6782 0.311, -0.6056 0.7256 0.311, -0.6015 0.7019 0.311, -0.614 0.7729 0.311, -0.6098 0.7493 0.311, -0.6226 0.8203 0.311, -0.6183 0.7966 0.311, -0.6311 0.8676 0.311, -0.6268 0.8439 0.311, -0.6391 0.915 0.311, -0.6351 0.8913 0.311, -0.6465 0.9625 0.311, -0.643 0.9387 0.311, -0.6528 1.0102 0.311, -0.6498 0.9863 0.311, -0.66 1.106 0.311, -0.6591 1.082 0.311, -0.6596 1.1541 0.311, -0.6603 1.1301 0.311, -0.6511 1.2256 0.311, -0.6386 1.272 0.311, -0.6455 1.2489 0.311, -0.6184 1.3154 0.311, -0.6294 1.2941 0.311, -0.6055 1.3359 0.311, -0.5742 1.3721 0.311, -0.5908 1.3546 0.311, -0.5372 1.4029 0.311, -0.5561 1.3883 0.311, -0.496 1.428 0.311, -0.517 1.4161 0.311, -0.4525 1.4486 0.311, -0.4746 1.4389 0.311, -0.4074 1.4652 0.311, -0.4301 1.4573 0.311, -0.3611 1.4785 0.311, -0.3843 1.4722 0.311, -0.3141 1.4889 0.311, -0.3377 1.4841 0.311, -0.2668 1.497 0.311, -0.2905 1.4933 0.311, -0.219 1.5028 0.311, -0.2429 1.5001 0.311, -0.1471 1.5079 0.311, -0.099 1.509 0.311, -0.123 1.5087 0.311, -0.0509 1.5086 0.311, -0.0749 1.509 0.311, -0.0269 1.5078 0.311, 0.0212 1.5051 0.311, -0.0028 1.5066 0.311, 0.0691 1.5008 0.311, 0.0451 1.5031 0.311, -0.7638 0.689 0.9409, -0.7638 -0.689 0.9409, -0.8819 -0.8366 0.626, -1.0 -0.8366 0.626, -0.8819 -0.689 0.9409, -0.8819 0.689 0.9409, -1.0 -0.689 0.9409, -1.0 0.689 0.9409, -1.0 -0.689 1.3346, -0.8819 -0.689 1.3346, -1.0 0.689 1.3346, -0.8819 0.689 1.3346, -0.8819 1.378 2.9488, -0.8819 -1.378 0.626, -0.8819 -1.378 2.9488, -0.8819 1.378 0.626, -0.8819 0.8366 0.626, 1.0 -1.4823 2.9488, 0.9842 -1.5413 2.9488, 0.996 -1.5129 2.9488, -1.0 1.4823 2.9488, -0.9654 1.5658 2.9488, 0.9654 -1.5658 2.9488, 0.8819 -1.378 2.9488, 0.9409 -1.5846 2.9488, 0.9125 -1.5964 2.9488, 0.8819 -1.6004 2.9488, -0.9125 -1.5964 2.9488, -0.8819 -1.6004 2.9488, -1.0 -1.4823 2.9488, -0.9842 -1.5413 2.9488, -0.9654 -1.5658 2.9488, -0.996 -1.5129 2.9488, -0.9409 -1.5846 2.9488, -1.0 -1.378 2.9488, -0.996 1.5129 2.9488, -0.9842 1.5413 2.9488, 0.8819 1.378 2.9488, -1.0 1.378 2.9488, -0.9409 1.5846 2.9488, -0.9125 1.5964 2.9488, 0.8819 1.6004 2.9488, -0.8819 1.6004 2.9488, 0.9125 1.5964 2.9488, 0.9842 1.5413 2.9488, 0.9654 1.5658 2.9488, 1.0 1.4823 2.9488, 0.996 1.5129 2.9488, 0.9409 1.5846 2.9488, 1.0 1.378 2.9488, 1.0 -1.378 2.9488, 0.8819 -0.689 0.9409, 0.8819 -1.378 0.626, 0.8819 -0.8366 0.626, 0.8819 -0.689 1.3346, 0.8819 0.689 0.9409, 0.8819 0.8366 0.626, 0.8819 1.378 0.626, 0.8819 0.689 1.3346, 1.0 1.378 0.626, 1.0 -1.4823 -0.0827, 1.0 -1.378 0.626, 1.0 -1.2854 -0.0827, 1.0 -0.8366 0.626, 1.0 1.4823 -0.0827, 1.0 0.8366 0.626, 1.0 1.2854 -0.0827, 0.7638 -0.689 0.9409, 1.0 -0.689 0.9409, 0.7638 0.689 0.9409, 1.0 0.689 0.9409, 1.0 0.689 1.3346, 1.0 -0.689 1.3346, 0.685 -1.2854 -0.0827, 0.685 -1.6004 -0.0827, -0.8819 -1.6004 -0.0827, -0.685 -1.6004 -0.0827, 0.8819 -1.6004 -0.0827, 0.9125 -1.5964 -0.0827, 0.9842 -1.5413 -0.0827, 0.9654 -1.5658 -0.0827, 0.9409 -1.5846 -0.0827, 0.996 -1.5129 -0.0827, 0.685 1.2854 -0.0827, 0.685 1.6004 -0.0827, 0.8819 1.6004 -0.0827, 0.9409 1.5846 -0.0827, 0.9125 1.5964 -0.0827, 0.9654 1.5658 -0.0827, 0.996 1.5129 -0.0827, 0.9842 1.5413 -0.0827, -0.8819 1.6004 -0.0827, -0.685 1.6004 -0.0827, -0.685 1.2854 -0.0827, -1.0 1.4823 -0.0827, -1.0 1.2854 -0.0827, -0.9125 1.5964 -0.0827, -0.9842 1.5413 -0.0827, -0.9409 1.5846 -0.0827, -0.996 1.5129 -0.0827, -0.9654 1.5658 -0.0827, -0.685 -1.2854 -0.0827, -1.0 -1.4823 -0.0827, -1.0 -1.2854 -0.0827, -0.9409 -1.5846 -0.0827, -0.9654 -1.5658 -0.0827, -0.9125 -1.5964 -0.0827, -0.9842 -1.5413 -0.0827, -0.996 -1.5129 -0.0827, -1.0 1.378 0.626, -1.0 0.8366 0.626, -1.0 -1.378 0.626
            ]
        }
        coordIndex [
            0,1,2,-1,3,4,5,-1,6,5,4,-1,7,8,9,-1,10,11,5,-1,5,11,3,-1,12,13,14,-1,15,16,17,-1,16,15,18,-1,19,20,21,-1,22,23,24,-1,25,22,26,-1,17,27,28,-1,29,22,25,-1,16,30,31,-1,2,32,0,-1,33,34,29,-1,35,36,0,-1,37,38,12,-1,12,38,39,-1,40,41,12,-1,12,41,37,-1,42,43,12,-1,12,43,40,-1,44,45,12,-1,12,45,42,-1,12,14,46,-1,12,46,44,-1,12,47,48,-1,13,12,48,-1,12,49,50,-1,47,12,50,-1,12,28,51,-1,49,12,51,-1,12,17,28,-1,17,52,53,-1,27,17,53,-1,17,54,55,-1,52,17,55,-1,17,56,57,-1,54,17,57,-1,16,58,17,-1,56,17,58,-1,16,31,59,-1,16,59,58,-1,16,60,61,-1,30,16,61,-1,16,62,63,-1,60,16,63,-1,16,64,65,-1,62,16,65,-1,16,66,67,-1,64,16,67,-1,16,68,69,-1,66,16,69,-1,16,70,71,-1,68,16,71,-1,16,72,73,-1,70,16,73,-1,74,7,75,-1,72,16,76,-1,77,78,79,-1,79,78,80,-1,77,81,78,-1,81,82,78,-1,80,78,83,-1,77,79,84,-1,7,74,83,-1,80,83,74,-1,85,0,86,-1,9,8,87,-1,9,75,7,-1,88,89,90,-1,5,91,92,-1,76,87,8,-1,76,16,93,-1,93,87,76,-1,1,94,95,-1,96,1,97,-1,98,99,16,-1,16,100,93,-1,101,1,102,-1,101,103,88,-1,104,105,16,-1,16,105,100,-1,106,107,16,-1,16,107,104,-1,108,109,16,-1,16,109,106,-1,110,111,16,-1,16,111,108,-1,112,113,16,-1,16,113,110,-1,114,115,16,-1,16,115,112,-1,16,99,116,-1,16,116,114,-1,16,117,118,-1,98,16,118,-1,119,117,5,-1,16,5,117,-1,120,121,5,-1,5,121,119,-1,122,123,5,-1,5,123,120,-1,5,92,122,-1,5,124,125,-1,91,5,125,-1,5,126,127,-1,124,5,127,-1,5,128,129,-1,126,5,129,-1,5,130,131,-1,128,5,131,-1,5,132,133,-1,130,5,133,-1,5,134,135,-1,132,5,135,-1,5,6,136,-1,134,5,136,-1,137,138,88,-1,3,139,140,-1,4,3,140,-1,3,141,142,-1,139,3,142,-1,3,143,144,-1,141,3,144,-1,3,145,146,-1,143,3,146,-1,138,147,3,-1,145,3,147,-1,148,149,138,-1,138,149,147,-1,150,151,138,-1,138,151,148,-1,152,153,138,-1,138,153,150,-1,154,155,138,-1,138,155,152,-1,156,157,138,-1,138,157,154,-1,138,137,156,-1,88,158,137,-1,159,160,88,-1,88,160,158,-1,161,162,88,-1,88,162,159,-1,163,164,88,-1,88,164,161,-1,165,166,88,-1,88,166,163,-1,88,90,165,-1,88,167,168,-1,89,88,168,-1,88,169,170,-1,167,88,170,-1,171,88,103,-1,169,88,171,-1,101,88,1,-1,102,1,96,-1,97,1,95,-1,1,172,173,-1,94,1,173,-1,1,174,175,-1,172,1,175,-1,1,176,177,-1,174,1,177,-1,178,176,0,-1,1,0,176,-1,179,180,0,-1,0,180,178,-1,181,182,0,-1,0,182,179,-1,183,184,0,-1,0,184,181,-1,185,186,0,-1,0,186,183,-1,187,188,0,-1,0,188,185,-1,189,190,0,-1,0,190,187,-1,191,192,0,-1,0,192,189,-1,193,194,0,-1,0,194,191,-1,195,196,0,-1,0,196,193,-1,197,198,0,-1,0,198,195,-1,199,200,0,-1,0,200,197,-1,201,202,0,-1,0,202,199,-1,0,85,201,-1,0,203,204,-1,86,0,204,-1,0,205,206,-1,203,0,206,-1,0,207,208,-1,205,0,208,-1,0,209,210,-1,207,0,210,-1,209,0,36,-1,211,35,22,-1,0,22,35,-1,212,213,22,-1,22,213,211,-1,214,215,22,-1,22,215,212,-1,216,217,22,-1,22,217,214,-1,218,219,22,-1,22,219,216,-1,220,221,22,-1,22,221,218,-1,222,223,22,-1,22,223,220,-1,24,224,22,-1,22,224,222,-1,23,22,225,-1,22,226,227,-1,225,22,227,-1,22,228,229,-1,226,22,229,-1,22,230,231,-1,228,22,231,-1,22,232,233,-1,230,22,233,-1,22,234,235,-1,232,22,235,-1,22,236,237,-1,234,22,237,-1,22,238,239,-1,236,22,239,-1,22,240,241,-1,238,22,241,-1,22,242,243,-1,240,22,243,-1,22,244,245,-1,22,246,242,-1,247,248,22,-1,22,248,246,-1,249,250,22,-1,22,250,247,-1,251,252,22,-1,22,252,249,-1,253,254,22,-1,22,254,251,-1,255,256,22,-1,22,256,253,-1,257,258,22,-1,22,258,255,-1,259,260,22,-1,22,260,257,-1,22,245,259,-1,22,261,262,-1,244,22,262,-1,22,263,264,-1,261,22,264,-1,34,263,29,-1,22,29,263,-1,33,29,265,-1,29,266,267,-1,265,29,267,-1,29,268,269,-1,266,29,269,-1,19,270,29,-1,268,29,270,-1,271,272,19,-1,19,272,270,-1,273,274,19,-1,19,274,271,-1,275,276,19,-1,19,276,273,-1,277,278,19,-1,19,278,275,-1,279,280,19,-1,19,280,277,-1,281,282,19,-1,19,282,279,-1,283,284,19,-1,19,284,281,-1,285,286,19,-1,19,286,283,-1,287,288,19,-1,19,288,285,-1,20,19,289,-1,19,21,287,-1,19,290,291,-1,289,19,291,-1,19,292,293,-1,290,19,293,-1,294,292,12,-1,19,12,292,-1,295,296,12,-1,12,296,294,-1,297,298,12,-1,12,298,295,-1,39,297,12,-1,299,0,300,-1,299,22,0,-1,301,300,0,-1,32,302,301,-1,301,303,300,-1,32,301,0,-1,303,304,299,-1,305,304,303,-1,306,304,305,-1,303,299,300,-1,307,305,303,-1,303,308,307,-1,305,309,306,-1,305,307,309,-1,308,309,307,-1,308,310,309,-1,310,306,309,-1,310,304,306,-1,308,311,310,-1,312,303,301,-1,303,312,308,-1,308,312,313,-1,310,311,314,-1,304,314,315,-1,314,304,310,-1,308,313,311,-1,316,317,318,-1,319,311,320,-1,316,321,317,-1,321,322,323,-1,323,322,324,-1,316,322,321,-1,325,324,322,-1,313,326,327,-1,328,329,330,-1,331,329,328,-1,330,332,313,-1,313,328,330,-1,313,333,328,-1,332,326,313,-1,325,313,327,-1,311,313,322,-1,334,319,335,-1,311,322,336,-1,320,335,319,-1,311,319,337,-1,338,311,339,-1,311,338,320,-1,340,341,336,-1,341,339,311,-1,336,342,340,-1,343,344,345,-1,343,345,346,-1,347,336,344,-1,345,344,336,-1,336,348,345,-1,342,336,347,-1,341,311,336,-1,349,322,316,-1,325,322,313,-1,350,351,352,-1,353,336,322,-1,354,355,356,-1,350,353,351,-1,353,357,336,-1,351,353,322,-1,336,357,356,-1,356,357,354,-1,358,336,356,-1,358,348,336,-1,359,11,360,-1,11,359,361,-1,362,360,10,-1,360,349,316,-1,10,360,11,-1,316,359,360,-1,358,345,348,-1,358,363,345,-1,358,364,18,-1,15,365,363,-1,358,18,15,-1,15,363,358,-1,349,351,322,-1,349,360,351,-1,360,362,352,-1,352,351,360,-1,356,364,358,-1,356,355,364,-1,352,362,10,-1,352,366,350,-1,352,10,5,-1,352,5,366,-1,367,350,354,-1,366,368,350,-1,350,368,354,-1,367,354,369,-1,357,370,369,-1,357,369,354,-1,370,367,369,-1,367,370,371,-1,353,371,370,-1,353,370,357,-1,350,367,371,-1,350,371,353,-1,355,18,364,-1,368,355,354,-1,18,355,16,-1,355,368,16,-1,368,366,5,-1,368,5,16,-1,11,361,372,-1,11,372,3,-1,3,372,373,-1,3,373,138,-1,374,88,327,-1,88,374,375,-1,376,325,138,-1,88,138,327,-1,138,325,327,-1,138,373,376,-1,377,325,376,-1,378,321,379,-1,380,323,324,-1,359,318,381,-1,317,381,318,-1,316,318,359,-1,317,321,378,-1,317,378,381,-1,379,323,380,-1,321,323,379,-1,377,324,325,-1,380,324,377,-1,382,363,365,-1,382,383,384,-1,385,384,386,-1,382,384,363,-1,363,384,387,-1,385,387,384,-1,388,363,389,-1,363,387,389,-1,390,391,392,-1,392,393,390,-1,392,394,393,-1,395,396,397,-1,390,393,398,-1,395,398,396,-1,396,399,397,-1,398,395,390,-1,400,375,374,-1,401,402,400,-1,400,374,401,-1,374,403,404,-1,374,405,403,-1,406,401,404,-1,374,404,401,-1,401,406,407,-1,372,376,373,-1,372,361,359,-1,381,376,359,-1,372,359,376,-1,380,378,379,-1,378,380,377,-1,376,381,377,-1,381,378,377,-1,342,384,340,-1,343,387,344,-1,347,385,386,-1,345,388,346,-1,389,346,388,-1,363,388,345,-1,389,387,343,-1,389,343,346,-1,344,385,347,-1,387,385,344,-1,342,386,384,-1,347,386,342,-1,384,12,340,-1,12,384,383,-1,390,341,19,-1,12,19,340,-1,19,341,340,-1,19,391,390,-1,399,320,338,-1,339,397,338,-1,399,338,397,-1,339,341,395,-1,395,397,339,-1,341,390,395,-1,396,320,399,-1,396,398,335,-1,335,320,396,-1,334,398,393,-1,398,334,335,-1,334,393,319,-1,393,25,408,-1,25,393,394,-1,409,408,26,-1,408,337,319,-1,26,408,25,-1,319,393,408,-1,410,328,333,-1,410,401,328,-1,410,302,32,-1,2,402,401,-1,410,32,2,-1,2,401,410,-1,311,337,408,-1,311,408,314,-1,410,312,301,-1,410,301,302,-1,409,314,408,-1,314,409,315,-1,312,410,333,-1,312,333,313,-1,315,409,26,-1,299,304,315,-1,26,22,315,-1,315,22,299,-1,25,394,392,-1,25,392,29,-1,29,392,391,-1,29,391,19,-1,330,329,404,-1,406,329,331,-1,329,406,404,-1,328,407,331,-1,406,331,407,-1,401,407,328,-1,403,330,404,-1,403,405,332,-1,332,330,403,-1,326,405,374,-1,405,326,332,-1,326,374,327,-1,1,400,402,-1,1,402,2,-1,88,375,400,-1,88,400,1,-1,12,383,382,-1,12,382,17,-1,17,382,365,-1,17,365,15,-1,
        ]
    }
}
Shape{
    appearance Appearance {
        material  Material 	{
            diffuseColor 0.8196078431372549 0.8196078431372549 0.8196078431372549
            specularColor 0.7529411764705882 0.7529411764705882 0.7529411764705882
            ambientIntensity 1.0
            transparency 1.0
            shininess 0.5
        }
    }
    geometry IndexedFaceSet {
        ccw TRUE
        solid FALSE
        coord DEF co Coordinate {
            point [
                -1.0 0.7301 0.9458, -1.0 0.6693 0.6483, -1.0 0.719 0.9238, -1.0 0.3843 0.6483, -1.0 0.3843 0.8914, -1.0 0.6553 0.8914, -1.0 -0.9008 2.2018, -1.0 -0.9229 2.1793, -1.0 -0.9173 2.2693, -1.0 0.734 0.9701, -1.0 0.734 1.2972, -1.0 1.0978 1.4382, -1.0 -0.719 1.3435, -1.0 -0.7301 1.3215, -1.0 -0.9008 2.0836, -1.0 0.6796 0.8952, -1.0 0.7015 0.9064, -1.0 1.3386 1.3176, -1.0 0.8349 1.454, -1.0 0.7301 1.3215, -1.0 0.719 1.3435, -1.0 0.6553 1.3759, -1.0 0.6974 1.5694, -1.0 0.7237 1.5319, -1.0 0.7015 1.3609, -1.0 0.6796 1.3721, -1.0 0.7934 1.4734, -1.0 0.2864 2.0947, -1.0 0.2991 2.0753, -1.0 0.0824 2.0828, -1.0 0.2537 1.5483, -1.0 0.6781 1.6108, -1.0 0.6663 1.7461, -1.0 0.2537 1.7368, -1.0 0.6781 1.7902, -1.0 -0.9229 2.1061, -1.0 -0.3843 0.6483, -1.0 -0.6553 0.8914, -1.0 -0.3843 0.8914, -1.0 -0.4609 1.6916, -1.0 -0.4668 1.5031, -1.0 -0.6553 1.3759, -1.0 -1.3386 0.6483, -1.0 -0.9339 2.1286, -1.0 -1.3386 2.9882, -1.0 -0.9339 2.1568, -1.0 -0.734 1.2972, -1.0 -0.7301 0.9458, -1.0 -0.734 0.9701, -1.0 -0.719 0.9238, -1.0 -0.7015 0.9064, -1.0 -0.6796 0.8952, -1.0 -0.2011 1.6916, -1.0 -0.2601 1.7368, -1.0 -0.207 1.7217, -1.0 -0.2542 1.4654, -1.0 -0.207 1.4654, -1.0 -0.4018 1.7745, -1.0 -0.3723 1.782, -1.0 -0.4196 1.7594, -1.0 -0.4314 1.7368, -1.0 -0.4314 1.7217, -1.0 -0.7015 1.3609, -1.0 -0.8788 2.0723, -1.0 -0.4491 1.6689, -1.0 -0.4196 1.6916, -1.0 -0.3487 1.782, -1.0 -0.3014 1.7594, -1.0 -0.3192 1.7745, -1.0 -0.2896 1.7368, -1.0 -0.207 1.5031, -1.0 -0.1892 1.6689, -1.0 -0.266 1.767, -1.0 -0.2011 1.767, -1.0 -0.1125 1.782, -1.0 -0.1597 1.7594, -1.0 -0.142 1.7745, -1.0 -0.5756 2.0667, -1.0 -0.4137 1.8122, -1.0 -0.4373 1.7971, -1.0 -0.207 1.7368, -1.0 -0.0948 1.8197, -1.0 -0.1184 1.8197, -1.0 0.0086 2.0535, -1.0 -0.8512 2.2975, -1.0 -0.8843 2.2693, -1.0 -0.8788 2.2806, -1.0 -0.8677 2.2919, -1.0 -0.7796 2.2525, -1.0 -0.8016 2.2243, -1.0 -0.7796 2.2637, -1.0 -0.8016 2.2919, -1.0 -0.8181 2.2187, -1.0 -0.6796 1.3721, -1.0 -0.4668 1.7217, -1.0 -0.4668 1.4654, -1.0 -0.3014 1.5031, -1.0 0.0056 1.4654, -1.0 -0.2542 1.5031, -1.0 0.0588 1.5709, -1.0 0.0647 1.5483, -1.0 0.0056 1.5031, -1.0 -0.1538 1.8122, -1.0 -0.1774 1.7971, -1.0 -0.2896 1.7971, -1.0 -0.1715 1.7217, -1.0 -0.1715 1.7368, -1.0 -0.5481 2.0723, -1.0 -0.526 2.0836, -1.0 -0.1597 1.6916, -1.0 -0.0889 1.782, -1.0 -0.3133 1.8122, -1.0 -0.0416 1.7594, -1.0 -0.0593 1.7745, -1.0 -0.0298 1.7368, -1.0 0.0529 1.6765, -1.0 -0.0003 1.7368, -1.0 0.0529 1.6086, -1.0 0.0588 1.7142, -1.0 -0.0062 1.767, -1.0 -0.0298 1.7971, -1.0 0.0942 1.7896, -1.0 0.0765 1.5182, -1.0 0.0942 1.4955, -1.0 0.0647 1.7368, -1.0 -0.7851 2.2806, -1.0 -0.9118 2.2862, -1.0 -0.8181 2.2975, -1.0 -0.0416 1.5031, -1.0 0.1237 1.8122, -1.0 -0.0534 1.8122, -1.0 0.1592 1.8197, -1.0 0.3166 2.0603, -1.0 0.3606 2.0474, -1.0 0.2241 1.7896, -1.0 0.3377 2.0507, -1.0 0.1946 1.8122, -1.0 0.0765 1.767, -1.0 0.2655 1.6086, -1.0 0.2596 1.5709, -1.0 0.0354 2.0569, -1.0 0.7209 2.0641, -1.0 0.756 1.9015, -1.0 0.7237 1.8691, -1.0 0.9246 1.4382, -1.0 0.879 1.4422, -1.0 0.1237 1.4729, -1.0 0.1592 1.4654, -1.0 0.1946 1.4729, -1.0 0.2241 1.4955, -1.0 0.2419 1.5182, -1.0 0.2655 1.6765, -1.0 0.6663 1.655, -1.0 0.8201 2.0472, -1.0 0.8477 2.0529, -1.0 0.879 1.9588, -1.0 0.756 1.4996, -1.0 0.7705 2.0472, -1.0 0.7934 1.9277, -1.0 0.743 2.0529, -1.0 0.8349 1.947, -1.0 0.2419 1.767, -1.0 0.3987 2.0474, -1.0 0.2596 1.7142, -1.0 0.6623 1.7005, -1.0 1.3386 2.9882, -1.0 1.0978 1.9628, -1.0 -0.8512 2.0667, -1.0 -0.4668 1.7368, -1.0 -0.8071 2.0667, -1.0 -0.6473 2.0836, -1.0 -0.752 2.0892, -1.0 -0.6693 2.1061, -1.0 -0.6803 2.1286, -1.0 -0.7355 2.1174, -1.0 -0.6252 2.0723, -1.0 -0.5977 2.0667, -1.0 -0.4609 1.767, -1.0 -0.7465 2.2693, -1.0 -0.752 2.2919, -1.0 -0.6859 2.3313, -1.0 -0.7465 2.2468, -1.0 -0.774 2.2018, -1.0 -0.6859 2.1568, -1.0 -0.7299 2.1399, -1.0 -0.7851 2.2356, -1.0 -0.8512 2.2187, -1.0 -0.763 2.1399, -1.0 -0.7961 2.1905, -1.0 -0.8788 2.213, -1.0 -0.8512 2.1849, -1.0 -0.8733 2.1061, -1.0 -0.8733 2.1793, -1.0 -0.8071 2.1005, -1.0 -0.7685 2.123, -1.0 -0.7851 2.1061, -1.0 -0.8898 2.1174, -1.0 -0.8898 2.168, -1.0 -0.8512 2.1005, -1.0 -0.9008 2.1342, -1.0 -0.9008 2.1511, -1.0 -0.7796 2.0723, -1.0 -0.752 2.2243, -1.0 -0.8181 2.1849, -1.0 -0.504 2.1061, -1.0 -0.4929 2.1286, -1.0 -0.2798 2.0963, -1.0 -0.774 2.3144, -1.0 -0.7961 2.3256, -1.0 -0.1208 2.2026, -1.0 -0.0795 2.1639, -1.0 -0.1169 2.1876, -1.0 0.3487 2.313, -1.0 0.34 2.3061, -1.0 0.3432 2.3111, -1.0 -0.8181 2.3313, -1.0 -0.8457 2.3313, -1.0 -0.8733 2.3256, -1.0 -0.8953 2.3087, -1.0 -0.2571 2.0653, -1.0 -0.2398 2.0565, -1.0 -0.3546 1.8197, -1.0 -0.5205 2.1568, -1.0 -0.5756 2.1005, -1.0 -0.5977 2.1005, -1.0 -0.526 2.1342, -1.0 -0.537 2.1174, -1.0 -0.5536 2.1061, -1.0 -0.3782 1.8197, -1.0 -0.6473 2.1342, -1.0 -0.6197 2.1061, -1.0 -0.6362 2.1174, -1.0 -0.2829 2.1155, -1.0 -0.2709 2.079, -1.0 -0.4874 2.1568, -1.0 -0.2799 2.1346, -1.0 -0.0677 2.1639, -1.0 -0.119 2.218, -1.0 -0.0 2.5901, -1.0 0.1131 2.6023, -1.0 -0.0146 2.2027, -1.0 0.8201 2.3118, -1.0 0.7705 2.3118, -1.0 0.6077 2.5969, -1.0 0.743 2.3062, -1.0 -0.6528 2.1568, -1.0 -0.5205 2.3313, -1.0 -0.6528 2.3313, -1.0 0.192 2.6599, -1.0 -0.0405 2.6455, -1.0 -0.07 2.6455, -1.0 0.8587 2.0979, -1.0 0.8422 2.0866, -1.0 0.8697 2.1148, -1.0 0.6934 2.2442, -1.0 0.4333 2.1018, -1.0 0.4922 2.3159, -1.0 0.6974 1.8317, -1.0 0.4136 2.0505, -1.0 0.4262 2.0591, -1.0 0.8753 2.1373, -1.0 0.8201 2.081, -1.0 0.8697 2.0641, -1.0 0.7264 2.2442, -1.0 0.6934 2.1148, -1.0 0.9246 1.9628, -1.0 0.8918 2.0866, -1.0 0.9028 2.1091, -1.0 0.9083 2.1373, -1.0 0.9083 2.2217, -1.0 0.9028 2.2499, -1.0 0.8201 2.278, -1.0 0.8753 2.2217, -1.0 0.7264 2.1148, -1.0 0.8918 2.2724, -1.0 0.7485 2.2724, -1.0 0.7705 2.278, -1.0 0.8697 2.2949, -1.0 0.8477 2.3062, -1.0 0.7319 2.2611, -1.0 0.8422 2.2724, -1.0 0.8587 2.2611, -1.0 0.8697 2.2442, -1.0 0.0995 2.1037, -1.0 0.0605 2.0669, -1.0 0.7705 2.081, -1.0 0.7485 2.0866, -1.0 0.7319 2.0979, -1.0 0.6099 2.6148, -1.0 0.7209 2.2949, -1.0 0.6989 2.2724, -1.0 0.53 2.3539, -1.0 0.6053 2.6323, -1.0 0.5794 2.6566, -1.0 0.5947 2.6469, -1.0 0.5617 2.6599, -1.0 0.474 2.313, -1.0 0.3406 2.3002, -1.0 0.0019 2.6058, -1.0 -0.0021 2.6212, -1.0 0.1249 2.6256, -1.0 0.1663 2.6559, -1.0 -0.0249 2.6426, -1.0 -0.1308 2.6012, -1.0 -0.1217 2.619, -1.0 -0.0348 2.1747, -1.0 -0.0504 2.1667, -1.0 -0.2206 2.0535, -1.0 -0.1078 2.1751, -1.0 -0.4874 2.3313, -1.0 -0.0947 2.1668, -1.0 -0.0225 2.1871, -1.0 -0.0115 2.6341, -1.0 0.1432 2.644, -1.0 -0.1076 2.6333, -1.0 -0.0898 2.6424, -1.0 0.1109 2.1282, -1.0 0.6989 2.0866, -1.0 0.4369 2.087, -1.0 0.1759 2.3313, -1.0 0.4344 2.072, -1.0 0.5087 2.3243, -1.0 0.5217 2.3374, -1.0 0.4648 2.565, -1.0 0.4732 2.5622, -1.0 0.4784 2.5551, -1.0 0.4374 2.4263, -1.0 0.4273 2.419, -1.0 0.4152 2.4164, -1.0 0.4785 2.5462, -1.0 0.1919 2.4198, -1.0 0.1854 2.4287, -1.0 0.2025 2.4164, -1.0 0.1854 2.4398, -1.0 0.4436 2.4371, -1.0 0.2186 2.5439, -1.0 0.2475 2.565, -1.0 0.2249 2.5549, -1.0 0.2351 2.5623, -1.0 0.9419 1.717, -1.0 0.9952 1.8159, -1.0 1.0062 1.6224, -1.0 1.0547 1.9197, -1.0 1.0547 1.4813, -1.0 0.9458 1.4813, -1.0 0.9246 1.9197, -1.0 0.7116 1.7525, -1.0 0.708 1.6669, -1.0 0.7056 1.7099, -1.0 0.7765 1.8622, -1.0 0.811 1.888, -1.0 0.9083 1.7153, -1.0 0.7187 1.6252, -1.0 0.7259 1.7931, -1.0 0.7478 1.8301, -1.0 0.7374 1.5864, -1.0 0.7633 1.552, -1.0 0.7954 1.5234, -1.0 0.8915 1.9172, -1.0 0.8498 1.9066, -1.0 0.8325 1.5016, -1.0 0.8732 1.4874, -1.0 0.9617 1.8141, -1.0 0.9194 1.4926, -1.0 0.9158 1.4815, -1.0 0.9736 1.6193, -1.0 0.2064 1.5257, -1.0 0.1887 1.5106, -1.0 0.236 1.6162, -1.0 0.23 1.5709, -1.0 0.1592 1.5031, -1.0 0.236 1.6689, -1.0 0.0824 1.6162, -1.0 0.1297 1.5106, -1.0 0.1119 1.5257, -1.0 0.0883 1.5709, -1.0 0.1592 1.782, -1.0 0.0824 1.6689, -1.0 0.1297 1.7745, -1.0 0.0883 1.7142, -1.0 0.1119 1.7594, -1.0 0.2064 1.7594, -1.0 0.1887 1.7745, -1.0 0.23 1.7142, -0.9213 0.7391 3.0669, -0.9213 0.9389 3.0669, -0.9456 1.3386 3.0631, -0.9213 -0.9389 3.0669, -0.9213 -0.7391 3.0669, -0.9456 -1.3386 3.0631, -0.9213 -1.3386 3.0669, -0.9213 -1.1388 3.0669, -0.9213 1.3386 3.0669, -0.9213 1.1388 3.0669, -0.9675 1.3386 3.0519, -0.9675 -1.3386 3.0519, -0.985 1.3386 3.0345, -0.985 -1.3386 3.0345, -0.9961 1.3386 3.0125, -0.9961 -1.3386 3.0125, 1.0 -1.3386 2.9882, 0.9961 -1.3386 3.0125, 0.985 -1.3386 3.0345, 0.9675 -1.3386 3.0519, 1.0 -1.3386 1.3176, 0.9456 -1.3386 3.0631, 0.9016 -1.3386 1.3176, 0.9213 -1.3386 3.0669, 0.9213 -1.3386 2.9685, 0.9016 -1.3386 2.9685, -0.9213 -1.3386 2.9685, -0.9016 -1.3386 2.9685, -0.9016 -1.3386 0.6483, -0.9213 -1.4823 2.9685, -0.8622 -1.5846 2.9685, -0.8867 -1.5658 2.9685, 0.9213 1.3386 2.9685, 0.9016 1.3386 2.9685, 0.9213 1.4823 2.9685, 0.8622 1.5846 2.9685, -0.9054 -1.5413 2.9685, -0.9172 -1.5129 2.9685, 0.9172 1.5129 2.9685, 0.9054 1.5413 2.9685, 0.8867 1.5658 2.9685, 0.8337 1.5964 2.9685, 0.8031 1.6004 2.9685, -0.9016 1.3386 2.9685, -0.8031 1.6004 2.9685, -0.8337 1.5964 2.9685, -0.9213 1.4823 2.9685, -0.9054 1.5413 2.9685, -0.8867 1.5658 2.9685, -0.9172 1.5129 2.9685, -0.8622 1.5846 2.9685, -0.9213 1.3386 2.9685, -0.8031 -1.6004 2.9685, -0.8337 -1.5964 2.9685, 0.8031 -1.6004 2.9685, 0.8337 -1.5964 2.9685, 0.8622 -1.5846 2.9685, 0.9213 -1.4823 2.9685, 0.8867 -1.5658 2.9685, 0.9054 -1.5413 2.9685, 0.9172 -1.5129 2.9685, 0.8867 -1.5658 3.0669, 0.9054 -1.5413 3.0669, 0.9172 -1.5129 3.0669, 0.9213 -1.4823 3.0669, 0.8622 -1.5846 3.0669, 0.8337 -1.5964 3.0669, 0.8031 -1.6004 3.0669, -0.8031 -1.6004 3.0669, -0.8867 -1.5658 3.0669, -0.8622 -1.5846 3.0669, -0.8337 -1.5964 3.0669, -0.9054 -1.5413 3.0669, -0.9172 -1.5129 3.0669, -0.9213 -1.4823 3.0669, 0.6367 -0.9948 3.0669, 0.9213 -0.9389 3.0669, 0.7154 -0.9398 3.0669, 0.7894 -0.8786 3.0669, -0.6367 -0.9948 3.0669, -0.7154 -0.9398 3.0669, 0.8582 -0.8115 3.0669, 0.9213 -1.1388 3.0669, 0.3775 -1.1192 3.0669, 0.9213 -0.7391 3.0669, 0.5538 -1.0432 3.0669, 0.4672 -1.0848 3.0669, 0.2853 -1.1461 3.0669, 0.1913 -1.1655 3.0669, 0.096 -1.1772 3.0669, 0.0 -1.1811 3.0669, -0.3775 -1.1192 3.0669, -0.2853 -1.1461 3.0669, -0.1913 -1.1655 3.0669, -0.4672 -1.0848 3.0669, -0.5538 -1.0432 3.0669, -0.7894 -0.8786 3.0669, -0.8582 -0.8115 3.0669, -0.096 -1.1772 3.0669, -0.8867 1.5658 3.0669, -0.9054 1.5413 3.0669, -0.8031 1.6004 3.0669, -0.8622 1.5846 3.0669, -0.8337 1.5964 3.0669, -0.9172 1.5129 3.0669, -0.3775 1.1192 3.0669, -0.2853 1.1461 3.0669, -0.9213 1.4823 3.0669, -0.4672 1.0848 3.0669, -0.7894 0.8786 3.0669, -0.7154 0.9398 3.0669, -0.6367 0.9948 3.0669, -0.1913 1.1655 3.0669, 0.096 1.1772 3.0669, 0.1913 1.1655 3.0669, 0.8031 1.6004 3.0669, -0.0 1.1811 3.0669, -0.8582 0.8115 3.0669, -0.5538 1.0432 3.0669, -0.096 1.1772 3.0669, 0.3775 1.1192 3.0669, 0.9213 1.1388 3.0669, 0.9213 1.3386 3.0669, 0.2853 1.1461 3.0669, 0.4672 1.0848 3.0669, 0.5538 1.0432 3.0669, 0.6367 0.9948 3.0669, 0.7154 0.9398 3.0669, 0.9213 0.9389 3.0669, 0.7894 0.8786 3.0669, 0.8582 0.8115 3.0669, 0.9213 0.7391 3.0669, 0.9213 1.4823 3.0669, 0.9172 1.5129 3.0669, 0.8867 1.5658 3.0669, 0.9054 1.5413 3.0669, 0.8337 1.5964 3.0669, 0.8622 1.5846 3.0669, 0.4404 -1.0959 3.3189, 0.3459 -1.1293 3.3189, -0.9189 -0.742 3.3189, -0.9786 -0.6614 3.3189, 0.5317 -1.0546 3.3189, 0.6193 -1.0057 3.3189, 0.7023 -0.9496 3.3189, 0.7803 -0.8866 3.3189, 0.8527 -0.8173 3.3189, 0.9189 -0.742 3.3189, 0.9786 -0.6614 3.3189, 0.9804 -0.6587 3.0669, 1.0311 -0.576 3.3189, 1.0763 -0.4865 3.3189, 1.0325 -0.5736 3.0669, 1.0772 -0.4844 3.0669, 1.1136 -0.3935 3.3189, 1.1142 -0.3917 3.0669, 1.143 -0.2976 3.3189, 1.1641 -0.1996 3.3189, 1.1433 -0.2963 3.0669, 1.1643 -0.1987 3.0669, 1.1768 -0.1002 3.3189, 1.1769 -0.0997 3.0669, 1.1811 0.0 3.3189, 1.1811 0.0 3.0669, 0.2488 -1.1546 3.3189, 0.15 -1.1715 3.3189, 0.0501 -1.18 3.3189, -0.0501 -1.18 3.3189, -0.15 -1.1715 3.3189, -0.2488 -1.1546 3.3189, -0.3459 -1.1293 3.3189, -0.4404 -1.0959 3.3189, -0.5317 -1.0546 3.3189, -0.6193 -1.0057 3.3189, -0.7023 -0.9496 3.3189, -0.7803 -0.8866 3.3189, -0.8527 -0.8173 3.3189, -1.0325 -0.5736 3.0669, -0.9804 -0.6587 3.0669, -1.0311 -0.576 3.3189, -1.1433 -0.2963 3.0669, -1.1142 -0.3917 3.0669, -1.143 -0.2976 3.3189, -1.0772 -0.4844 3.0669, -1.0763 -0.4865 3.3189, -1.1136 -0.3935 3.3189, -1.1769 -0.0997 3.0669, -1.1643 -0.1987 3.0669, -1.1768 -0.1002 3.3189, -1.1641 -0.1996 3.3189, -1.1811 0.0 3.3189, -1.1811 0.0 3.0669, -0.9804 0.6587 3.0669, -1.1433 0.2963 3.0669, -1.1769 0.0997 3.0669, -1.1643 0.1987 3.0669, -1.0325 0.5736 3.0669, -1.1142 0.3917 3.0669, -1.0772 0.4844 3.0669, 1.1643 0.1987 3.0669, 1.1433 0.2963 3.0669, 1.0772 0.4844 3.0669, 1.1142 0.3917 3.0669, 1.0325 0.5736 3.0669, 0.9804 0.6587 3.0669, 1.1769 0.0997 3.0669, -0.4404 1.0959 3.3189, -0.3459 1.1293 3.3189, 0.9189 0.742 3.3189, 0.9786 0.6614 3.3189, -0.5317 1.0546 3.3189, -0.6193 1.0057 3.3189, -0.7023 0.9496 3.3189, -0.7803 0.8866 3.3189, -0.8527 0.8173 3.3189, -0.9189 0.742 3.3189, -0.9786 0.6614 3.3189, -1.0311 0.576 3.3189, -1.0763 0.4865 3.3189, -1.1136 0.3935 3.3189, -1.143 0.2976 3.3189, -1.1641 0.1996 3.3189, -1.1768 0.1002 3.3189, -0.2488 1.1546 3.3189, -0.15 1.1715 3.3189, -0.0501 1.18 3.3189, 0.0501 1.18 3.3189, 0.15 1.1715 3.3189, 0.2488 1.1546 3.3189, 0.3459 1.1293 3.3189, 0.4404 1.0959 3.3189, 0.5317 1.0546 3.3189, 0.6193 1.0057 3.3189, 0.7023 0.9496 3.3189, 0.7803 0.8866 3.3189, 0.8527 0.8173 3.3189, 1.0311 0.576 3.3189, 1.143 0.2976 3.3189, 1.0763 0.4865 3.3189, 1.1136 0.3935 3.3189, 1.1768 0.1002 3.3189, 1.1641 0.1996 3.3189, 0.4057 0.6749 3.3189, -0.7687 -0.1708 3.3189, -0.7822 -0.09 3.3189, 0.3334 0.7133 3.3189, 0.4735 0.6291 3.3189, 0.2575 0.7441 3.3189, 0.5363 0.5765 3.3189, -0.5932 0.5177 3.3189, -0.6438 0.4533 3.3189, 0.5932 0.5177 3.3189, 0.6438 0.4533 3.3189, 0.6874 0.384 3.3189, 0.7236 0.3106 3.3189, 0.7519 0.2338 3.3189, -0.2575 0.7441 3.3189, 0.7721 0.1545 3.3189, -0.7236 0.3106 3.3189, 0.7874 -0.0083 3.3189, 0.7822 -0.09 3.3189, -0.784 0.0735 3.3189, -0.7721 0.1545 3.3189, 0.7468 -0.2497 3.3189, 0.6341 -0.4668 3.3189, 0.6791 -0.3985 3.3189, -0.7168 -0.3258 3.3189, -0.7468 -0.2497 3.3189, 0.524 -0.5877 3.3189, -0.6791 -0.3985 3.3189, -0.6341 -0.4668 3.3189, 0.3913 -0.6833 3.3189, 0.3183 -0.7202 3.3189, -0.524 -0.5877 3.3189, 0.1627 -0.7704 3.3189, -0.3913 -0.6833 3.3189, -0.3183 -0.7202 3.3189, -0.0 -0.7874 3.3189, -0.0818 -0.7832 3.3189, -0.2418 -0.7494 3.3189, -0.1627 -0.7704 3.3189, -0.4601 -0.639 3.3189, 0.0818 -0.7832 3.3189, -0.5821 -0.5301 3.3189, 0.2418 -0.7494 3.3189, 0.4601 -0.639 3.3189, 0.5821 -0.5301 3.3189, -0.7874 -0.0083 3.3189, 0.7168 -0.3258 3.3189, -0.7519 0.2338 3.3189, 0.7687 -0.1708 3.3189, -0.6874 0.384 3.3189, 0.784 0.0735 3.3189, -0.4057 0.6749 3.3189, -0.4735 0.6291 3.3189, -0.5363 0.5765 3.3189, -0.3334 0.7133 3.3189, 0.0 -0.7874 3.5158, 0.0818 -0.7831 3.5158, 0.1626 -0.7704 3.5158, 0.2417 -0.7494 3.5158, 0.3182 -0.7202 3.5158, 0.3913 -0.6833 3.5158, 0.4601 -0.639 3.5158, 0.524 -0.5877 3.5158, 0.5822 -0.5302 3.5158, 0.6341 -0.4669 3.5158, 0.6791 -0.3985 3.5158, 0.7168 -0.3258 3.5158, 0.7468 -0.2496 3.5158, 0.7687 -0.1708 3.5158, 0.7822 -0.09 3.5158, 0.7874 -0.0083 3.5158, 0.784 0.0735 3.5158, 0.7721 0.1545 3.5158, 0.7519 0.2338 3.5158, 0.7236 0.3106 3.5158, 0.6874 0.384 3.5158, 0.6438 0.4533 3.5158, 0.5933 0.5177 3.5158, 0.5363 0.5765 3.5158, 0.4735 0.6291 3.5158, 0.4057 0.6749 3.5158, 0.3334 0.7133 3.5158, 0.2575 0.7441 3.5158, -0.0818 -0.7831 3.5158, -0.1626 -0.7704 3.5158, -0.2417 -0.7494 3.5158, -0.3182 -0.7202 3.5158, -0.3913 -0.6833 3.5158, -0.4601 -0.639 3.5158, -0.524 -0.5877 3.5158, -0.5822 -0.5302 3.5158, -0.6341 -0.4669 3.5158, -0.6791 -0.3985 3.5158, -0.7168 -0.3258 3.5158, -0.7468 -0.2496 3.5158, -0.7687 -0.1708 3.5158, -0.7822 -0.09 3.5158, -0.7874 -0.0083 3.5158, -0.784 0.0735 3.5158, -0.7721 0.1545 3.5158, -0.7519 0.2338 3.5158, -0.7236 0.3106 3.5158, -0.6874 0.384 3.5158, -0.6438 0.4533 3.5158, -0.5933 0.5177 3.5158, -0.5363 0.5765 3.5158, -0.4735 0.6291 3.5158, -0.4057 0.6749 3.5158, -0.3334 0.7133 3.5158, -0.2575 0.7441 3.5158, 0.4737 0.744 3.939, 0.3948 0.7441 3.8008, 0.3948 0.7441 3.9646, 0.3775 0.7441 5.4333, 0.3781 0.744 5.3677, 0.374 0.744 5.3595, -0.612 0.7441 5.3043, -0.548 0.7441 5.2611, -0.6301 0.7441 5.2926, -0.4914 0.7441 5.3476, -0.4696 0.7441 5.2334, 0.509 0.7441 5.2094, 0.4514 0.7441 5.1931, 0.4738 0.7441 5.3171, 0.6443 0.7441 4.8599, 0.557 0.744 4.8306, 0.5569 0.744 4.8935, 0.557 0.744 5.0276, 0.4738 0.744 5.0026, 0.5464 0.7441 5.0945, 0.3859 0.744 3.7979, -0.3948 0.7441 5.3732, -0.3948 0.7441 5.2093, -0.386 0.7441 5.3761, -0.3781 0.744 5.381, -0.3861 0.744 5.2059, -0.594 0.7441 5.3156, 0.3948 0.7441 3.5709, 0.4756 0.7441 3.5448, -0.4801 0.7441 5.0402, -0.4738 0.744 5.1557, -0.3948 0.7441 5.0124, -0.3783 0.744 5.2007, -0.374 0.744 5.3893, -0.374 0.7439 5.1924, -0.3948 0.7441 5.1763, -0.3859 0.744 5.1791, -0.3781 0.744 5.1842, -0.3862 0.7441 5.009, -0.557 0.744 5.1307, -0.5632 0.744 5.07, -0.6443 0.7441 5.1015, 0.5571 0.7441 3.5158, -0.4793 0.7441 4.9574, -0.3948 0.7441 4.9795, -0.4739 0.7441 4.8411, -0.3784 0.7441 5.0038, -0.3741 0.7441 4.9956, -0.3948 0.7441 4.8156, -0.386 0.7441 4.9824, -0.3782 0.7441 4.9874, -0.3861 0.7441 4.8122, -0.557 0.7441 4.8708, -0.5639 0.744 4.9317, -0.6443 0.7441 4.9046, 0.374 0.7439 3.7846, 0.3783 0.7439 3.7764, 0.3779 0.7437 3.5961, -0.4739 0.7441 4.7621, -0.3948 0.7441 4.7826, -0.4739 0.7441 4.6443, -0.3783 0.744 4.807, -0.374 0.744 4.7987, -0.3948 0.7441 4.6187, -0.386 0.744 4.7855, -0.3781 0.744 4.7905, -0.3861 0.744 4.6154, -0.557 0.7441 4.6739, -0.557 0.7441 4.7371, -0.6443 0.7441 4.7078, -0.374 0.7439 4.0114, -0.4738 0.7441 4.5652, -0.3948 0.7441 4.5858, -0.4738 0.744 4.4476, -0.3783 0.7439 4.6102, -0.374 0.7438 4.6019, -0.3948 0.7441 4.4219, -0.3859 0.744 4.5886, -0.378 0.7439 4.5936, -0.386 0.7439 4.4187, -0.5569 0.744 4.4772, -0.557 0.7441 4.5403, -0.6443 0.7441 4.5109, -0.4779 0.744 4.2522, -0.4738 0.744 4.3682, -0.3948 0.7441 4.225, -0.3781 0.7437 4.4134, -0.3738 0.7436 4.405, -0.3948 0.7441 4.3889, -0.3858 0.7438 4.3916, -0.3779 0.7437 4.3967, -0.386 0.7439 4.2218, -0.5569 0.744 4.3432, -0.5611 0.744 4.2819, -0.6443 0.7441 4.3141, 0.3738 0.7436 3.5878, -0.4779 0.744 4.17, -0.3948 0.7441 4.192, -0.4738 0.744 4.0539, -0.3782 0.7438 4.2165, -0.3739 0.7437 4.2082, -0.3948 0.7441 4.0282, -0.3858 0.7439 4.1948, -0.3779 0.7438 4.1998, -0.3861 0.744 4.0249, -0.5569 0.744 4.0836, -0.5611 0.744 4.1451, -0.6443 0.7441 4.1172, -0.4738 0.744 3.9745, -0.3948 0.7441 3.9952, -0.4739 0.7441 3.8568, -0.3783 0.7439 4.0196, -0.3948 0.7441 3.8313, -0.3861 0.744 3.828, -0.3859 0.744 3.998, -0.3783 0.744 3.8227, -0.557 0.7441 3.8865, -0.5569 0.744 3.9495, -0.6443 0.7441 3.9203, -0.374 0.744 3.6176, -0.374 0.744 3.8145, -0.4738 0.7441 3.7777, -0.3948 0.7441 3.7983, -0.4738 0.7441 3.66, -0.378 0.7439 4.0031, -0.3948 0.7441 3.6345, -0.3859 0.744 3.8012, -0.3781 0.744 3.8062, -0.3861 0.7441 3.6311, -0.557 0.7441 3.6896, -0.557 0.744 3.7528, -0.6443 0.7441 3.7235, -0.3781 0.744 3.6094, -0.6169 0.7441 3.5158, -0.4739 0.7441 3.581, -0.3784 0.744 3.6258, -0.3948 0.7441 3.6015, -0.386 0.7441 3.6044, -0.557 0.7441 3.556, -0.6305 0.7441 3.5212, -0.6443 0.7441 3.5266, 0.3858 0.7439 3.6012, 0.3948 0.7441 3.7678, 0.3948 0.7441 3.6039, 0.557 0.7441 3.8462, 0.5568 0.744 3.9093, 0.6443 0.7441 3.8756, 0.4738 0.744 3.7422, 0.3741 0.7441 4.1783, 0.374 0.744 3.9815, 0.3861 0.744 3.7711, 0.557 0.744 3.7125, 0.4739 0.7441 3.6244, 0.3782 0.7437 3.5794, 0.386 0.7439 3.5742, 0.378 0.7439 3.7929, 0.557 0.7441 3.6494, 0.6443 0.7441 3.6788, 0.374 0.7441 4.3752, 0.3948 0.7441 4.1615, 0.3948 0.7441 3.9976, 0.3859 0.744 3.9947, 0.3861 0.744 3.968, 0.3784 0.744 3.9732, 0.4739 0.7441 3.8213, 0.3784 0.7441 4.1701, 0.3781 0.744 3.9897, 0.5569 0.744 4.1062, 0.5569 0.744 4.0433, 0.4737 0.744 4.0183, 0.6443 0.7441 4.0725, 0.3738 0.7436 4.572, 0.4738 0.7441 4.1359, 0.3861 0.7441 4.1649, 0.3784 0.7441 4.367, 0.3781 0.7441 4.1865, 0.557 0.7441 4.3031, 0.557 0.744 4.2401, 0.4739 0.7441 4.2151, 0.6443 0.7441 4.2693, 0.3781 0.7437 4.7606, 0.3779 0.7437 4.5804, 0.3738 0.7436 4.7689, 0.3948 0.7441 4.1945, 0.4738 0.7441 4.3328, 0.386 0.7441 4.1915, 0.3861 0.7441 4.3618, 0.3948 0.7441 4.3583, 0.5571 0.7441 4.4999, 0.557 0.7441 4.4369, 0.4739 0.7441 4.4119, 0.6443 0.7441 4.4662, 0.3782 0.7437 4.5637, 0.3781 0.7441 4.3834, 0.3948 0.7441 4.5552, 0.3948 0.7441 4.3913, 0.386 0.7441 4.3884, 0.386 0.7439 4.5584, 0.4739 0.744 4.5295, 0.3948 0.7441 4.5882, 0.3858 0.7439 4.5855, 0.3948 0.7441 4.752, 0.6443 0.7441 4.663, 0.5571 0.7441 4.6337, 0.5569 0.744 4.6967, 0.4738 0.744 4.7263, 0.474 0.744 4.6089, 0.386 0.7439 4.7552, 0.3738 0.7437 4.9658, 0.3782 0.7437 4.9574, 0.3779 0.7437 4.7772, 0.386 0.7439 4.9521, 0.3858 0.7438 4.7823, 0.4738 0.744 4.8058, 0.3948 0.7441 4.785, 0.4738 0.744 4.9232, 0.3948 0.7441 4.9489, 0.3948 0.7441 4.9819, 0.3948 0.7441 5.1457, 0.4708 0.7441 5.1213, 0.6224 0.7441 5.0655, 0.374 0.7439 5.1626, 0.1494 0.7441 5.5088, 0.2231 0.7441 5.4909, 0.3779 0.7437 4.9741, 0.3783 0.7439 5.1543, 0.3861 0.744 5.1491, -0.0766 0.7441 5.5197, 0.0766 0.7441 5.5197, 0.3858 0.7439 4.9792, 0.6442 0.744 5.0565, 0.2987 0.7441 5.4659, 0.557 0.7441 5.2874, 0.3859 0.744 5.1759, 0.3781 0.744 5.1709, 0.3861 0.744 5.346, 0.3948 0.7441 5.3426, 0.3948 0.7441 5.1788, 0.5657 0.7441 5.227, 0.6224 0.7441 5.2459, 0.6443 0.7441 5.2536, 0.3783 0.744 5.3512, 0.3948 0.7441 5.3756, 0.4274 0.7441 5.3837, 0.3859 0.744 5.3727, 0.4608 0.7441 5.3925, -0.1421 0.7441 5.5102, -0.276 0.7441 5.4741, -0.2084 0.7441 5.495, -0.346 0.7441 5.4471, -0.3861 0.7441 5.4027, -0.3784 0.744 5.3975, -0.3948 0.7441 5.4061, -0.4069 0.7441 5.4099, -0.4192 0.7441 5.4137, 0.5549 -0.202 5.5197, 0.7186 -0.2078 5.5197, 0.5746 -0.1362 5.5197, -0.1694 -0.5657 5.5197, -0.2339 -0.5423 5.5197, -0.2694 -0.6979 5.5197, 0.6346 -0.3959 5.5197, 0.5277 -0.265 5.5197, 0.4934 -0.3245 5.5197, 0.6684 -0.3359 5.5197, 0.3527 -0.4737 5.5197, 0.3926 -0.6367 5.5197, 0.4495 -0.5979 5.5197, 0.4053 -0.4296 5.5197, 0.5514 -0.5054 5.5197, 0.4524 -0.3796 5.5197, 0.1694 -0.5657 5.5197, 0.2694 -0.6979 5.5197, 0.2339 -0.5423 5.5197, -0.6964 -0.2731 5.5197, -0.5549 -0.202 5.5197, -0.7186 -0.2079 5.5197, 0.1025 -0.5816 5.5197, 0.0343 -0.5895 5.5197, 0.0689 -0.7449 5.5197, -0.5955 -0.4526 5.5197, -0.5513 -0.5055 5.5197, -0.4524 -0.3796 5.5197, -0.137 -0.7354 5.5197, -0.1025 -0.5816 5.5197, -0.2041 -0.7197 5.5197, -0.2953 -0.5114 5.5197, -0.3324 -0.6701 5.5197, -0.0343 -0.5895 5.5197, -0.0688 -0.7449 5.5197, -0.3527 -0.4737 5.5197, -0.3926 -0.6367 5.5197, 0.0001 -0.748 5.5197, -0.5025 -0.5541 5.5197, -0.4053 -0.4296 5.5197, 0.2041 -0.7197 5.5197, 0.1371 -0.7354 5.5197, -0.6684 -0.3359 5.5197, -0.5277 -0.265 5.5197, -0.4934 -0.3245 5.5197, -0.6346 -0.3959 5.5197, 0.2953 -0.5114 5.5197, 0.3324 -0.6701 5.5197, -0.748 -0.004 5.5197, -0.7445 -0.0728 5.5197, -0.5906 0.0 5.5197, -0.5746 -0.1362 5.5197, -0.5866 -0.0686 5.5197, -0.7347 -0.1409 5.5197, 0.5955 -0.4526 5.5197, 0.5026 -0.554 5.5197, -0.5746 0.1362 5.5197, -0.7361 0.1331 5.5197, -0.5866 0.0686 5.5197, -0.7452 0.0649 5.5197, 0.6965 -0.273 5.5197, -0.7208 0.2002 5.5197, -0.6993 0.2656 5.5197, -0.5549 0.202 5.5197, -0.4494 -0.5979 5.5197, 0.7347 -0.1408 5.5197, 0.5866 -0.0686 5.5197, -0.6719 0.3288 5.5197, -0.5277 0.265 5.5197, -0.6388 0.3892 5.5197, 0.7445 -0.0727 5.5197, -0.4934 0.3245 5.5197, 0.5906 0.0 5.5197, 0.748 -0.0039 5.5197, 0.5866 0.0686 5.5197, 0.7452 0.0649 5.5197, 0.7361 0.1332 5.5197, 0.5746 0.1362 5.5197, -0.4524 0.3796 5.5197, -0.6003 0.4463 5.5197, 0.7207 0.2003 5.5197, 0.5549 0.202 5.5197, -0.4053 0.4296 5.5197, -0.5567 0.4996 5.5197, 0.6993 0.2657 5.5197, -0.4558 0.5931 5.5197, -0.5084 0.5487 5.5197, 0.6718 0.3289 5.5197, 0.5277 0.265 5.5197, -0.3993 0.6325 5.5197, -0.3527 0.4737 5.5197, 0.4934 0.3245 5.5197, 0.6387 0.3893 5.5197, -0.2953 0.5114 5.5197, 0.6002 0.4464 5.5197, 0.4524 0.3796 5.5197, -0.2339 0.5423 5.5197, -0.3395 0.6666 5.5197, 0.4053 0.4296 5.5197, 0.4557 0.5932 5.5197, 0.3527 0.4737 5.5197, 0.5567 0.4997 5.5197, 0.1694 0.5657 5.5197, 0.1447 0.7339 5.5197, 0.1025 0.5816 5.5197, -0.0343 0.5895 5.5197, 0.0343 0.5895 5.5197, 0.2766 0.695 5.5197, 0.2339 0.5423 5.5197, 0.2116 0.7175 5.5197, 0.3394 0.6666 5.5197, 0.2953 0.5114 5.5197, -0.1447 0.7339 5.5197, -0.1025 0.5816 5.5197, 0.3992 0.6326 5.5197, 0.5084 0.5487 5.5197, -0.1694 0.5657 5.5197, -0.2767 0.695 5.5197, -0.2116 0.7175 5.5197, -0.8262 -0.1124 5.4339, -0.8281 -0.0985 5.4337, -0.8298 -0.0845 5.4336, -0.8334 -0.0424 5.4332, -0.8325 -0.0565 5.4333, -0.8312 -0.0705 5.4335, -0.8342 -0.0284 5.433, -0.8347 -0.0144 5.4328, -0.835 -0.0003 5.4327, -0.8351 0.0138 5.4325, -0.8349 0.0278 5.4323, -0.8331 0.07 5.4317, -0.832 0.084 5.4315, -0.8339 0.0559 5.4319, -0.8345 0.0419 5.4321, -0.8307 0.098 5.4313, -0.8291 0.112 5.4311, -0.8274 0.1259 5.4308, -0.8254 0.1399 5.4306, -0.8232 0.1538 5.4304, -0.8207 0.1676 5.4301, -0.8152 0.1952 5.4296, -0.8181 0.1814 5.4298, -0.8087 0.2226 5.429, -0.8051 0.2361 5.4287, -0.8121 0.2089 5.4293, -0.7931 0.2766 5.4279, -0.7974 0.2632 5.4282, -0.8014 0.2497 5.4284, -0.7886 0.2899 5.4276, -0.7839 0.3032 5.4272, -0.7684 0.3424 5.4263, -0.7738 0.3294 5.4267, -0.7789 0.3163 5.427, -0.7628 0.3553 5.426, -0.637 0.5587 5.4204, -0.7571 0.3682 5.4257, -0.7184 0.443 5.4238, -0.7513 0.381 5.4254, -0.6802 0.5024 5.4221, -0.5361 0.6605 5.417, -0.5889 0.6116 5.4187, -0.4794 0.7047 5.4154, -0.8241 -0.1263 5.434, -0.7652 -0.3283 5.4348, -0.7596 -0.3412 5.4348, -0.7903 -0.2626 5.4348, -0.7946 -0.2493 5.4348, -0.7988 -0.2358 5.4348, -0.8028 -0.2223 5.4347, -0.7857 -0.2759 5.4349, -0.7809 -0.2891 5.4349, -0.6875 -0.4778 5.4303, -0.6941 -0.4655 5.4317, -0.8217 -0.1402 5.4341, -0.8192 -0.154 5.4342, -0.7706 -0.3153 5.4348, -0.7758 -0.3023 5.4349, -0.8163 -0.1678 5.4343, -0.8133 -0.1815 5.4345, -0.81 -0.1952 5.4345, -0.8065 -0.2088 5.4346, -0.7538 -0.354 5.4346, -0.7416 -0.3793 5.4344, -0.7478 -0.3667 5.4345, -0.7287 -0.4043 5.434, -0.7353 -0.3919 5.4342, -0.722 -0.4167 5.4337, -0.7152 -0.429 5.4334, -0.7082 -0.4412 5.433, -0.7012 -0.4534 5.4324, -0.3099 -0.8804 5.3344, -0.2328 -0.9021 5.3361, -0.7611 -0.5605 5.3225, -0.7095 -0.6219 5.3242, -0.6937 -0.4751 5.4267, -0.8072 -0.495 5.3209, -0.7028 -0.4644 5.4254, -0.7467 -0.4036 5.4187, -0.653 -0.6787 5.3259, -0.8476 -0.4258 5.3192, -0.7854 -0.3389 5.4122, -0.5918 -0.7305 5.3276, -0.8821 -0.3534 5.3175, -0.8183 -0.2706 5.4057, -0.9103 -0.2784 5.3158, -0.8453 -0.1993 5.3992, -0.5264 -0.7769 5.3293, -0.9321 -0.2012 5.3141, -0.8659 -0.1254 5.3927, -0.9474 -0.1225 5.3125, -0.88 -0.0495 5.3862, -0.9559 -0.0428 5.3108, -0.8874 0.0277 5.3796, -0.9578 0.0373 5.3092, -0.4573 -0.8175 5.331, -0.8881 0.1057 5.3732, -0.953 0.1174 5.3075, -0.8818 0.1838 5.3667, -0.9416 0.1967 5.3058, -0.9235 0.2748 5.3041, -0.385 -0.8521 5.3327, -0.8687 0.2616 5.3603, -0.8991 0.3511 5.3025, -0.8488 0.3383 5.3539, -0.8683 0.4252 5.3009, -0.8221 0.4134 5.3475, -0.8316 0.4964 5.2993, -0.7887 0.4862 5.3411, -0.7891 0.5644 5.2976, -0.154 -0.9171 5.3378, -0.749 0.5562 5.3346, -0.7411 0.6286 5.296, -0.0743 -0.9252 5.3396, -0.703 0.6229 5.3282, -0.688 0.6886 5.2943, 0.0059 -0.9264 5.3413, -0.6513 0.6857 5.3219, 0.0859 -0.9208 5.343, 0.165 -0.9082 5.3447, 0.2428 -0.8888 5.3464, 0.3185 -0.8626 5.3482, 0.3918 -0.83 5.3499, 0.4619 -0.7911 5.3517, 0.5283 -0.7463 5.3534, 0.5906 -0.6958 5.3551, 0.6481 -0.64 5.3568, 0.7006 -0.5794 5.3586, 0.7475 -0.5144 5.3604, 0.7885 -0.4455 5.3622, 0.8232 -0.3732 5.3639, 0.8514 -0.2982 5.3656, 0.8728 -0.2209 5.3674, 0.8872 -0.1421 5.3692, 0.8946 -0.0623 5.371, 0.8948 0.0179 5.3728, 0.8879 0.0977 5.3745, 0.8738 0.1766 5.3763, 0.8527 0.2539 5.3781, 0.8246 0.329 5.3799, 0.7899 0.4013 5.3817, 0.7489 0.4702 5.3835, 0.7018 0.535 5.3852, 0.649 0.5953 5.387, 0.5909 0.6506 5.3889, 0.528 0.7003 5.3907, 0.5814 0.695 5.2093, 0.4942 0.6821 5.1745, 0.5404 0.6461 5.1722, 0.4456 0.7148 5.1767, -0.5236 0.6598 5.2152, -0.5649 0.7118 5.2533, -0.4014 -0.8151 5.3164, -0.3721 -0.7557 5.2781, -0.3252 -0.8485 5.3193, -0.077 -0.8388 5.2897, -0.0001 -0.8423 5.2925, -0.3015 -0.7865 5.281, -0.2464 -0.8746 5.3221, 0.2283 -0.8108 5.3011, 0.3014 -0.7865 5.304, 0.5034 -0.6754 5.3126, 0.563 -0.6266 5.3154, 0.4396 -0.7185 5.3097, 0.3721 -0.7556 5.3069, 0.0769 -0.8388 5.2953, 0.1533 -0.8283 5.2982, 0.7818 -0.3134 5.3298, 0.6179 -0.5725 5.3183, 0.6676 -0.5136 5.3212, 0.7117 -0.4504 5.3241, 0.7499 -0.3835 5.327, 0.7613 0.3606 5.3555, 0.8072 -0.2406 5.3326, 0.8259 -0.1659 5.3354, 0.8375 -0.0897 5.3383, 0.8305 0.1407 5.347, 0.8422 -0.0128 5.3413, 0.8398 0.0642 5.3442, 0.8142 0.216 5.3498, 0.791 0.2895 5.3526, 0.7251 0.4286 5.3585, 0.6829 0.4931 5.3614, 0.635 0.5534 5.3642, 0.5817 0.6091 5.367, 0.5237 0.6598 5.3698, 0.4612 0.7049 5.3727, -0.1654 -0.8934 5.325, -0.2284 -0.8107 5.2839, -0.1533 -0.8282 5.2868, -0.4396 -0.7185 5.2753, -0.5034 -0.6753 5.2724, -0.4741 -0.775 5.3135, -0.543 -0.7284 5.3107, -0.563 -0.6265 5.2696, -0.6074 -0.6758 5.3078, -0.6179 -0.5724 5.2667, -0.6677 -0.5135 5.2638, -0.6666 -0.6175 5.3049, -0.7202 -0.554 5.3021, -0.7118 -0.4504 5.2609, -0.7678 -0.4859 5.2992, -0.75 -0.3834 5.258, -0.7819 -0.3133 5.2552, -0.8089 -0.4136 5.2963, -0.8434 -0.338 5.2935, -0.8072 -0.2405 5.2524, -0.8708 -0.2595 5.2906, -0.8258 -0.1658 5.2496, -0.8909 -0.1789 5.2878, -0.9035 -0.0967 5.2849, -0.8375 -0.0896 5.2467, -0.9084 -0.0138 5.282, -0.8422 -0.0127 5.2437, -0.8399 0.0643 5.2408, -0.9059 0.0693 5.2791, -0.8958 0.1519 5.2763, -0.8305 0.1408 5.238, -0.8783 0.2331 5.2734, -0.8141 0.2161 5.2352, -0.7909 0.2896 5.2324, -0.8533 0.3124 5.2706, -0.8211 0.389 5.2677, -0.7612 0.3606 5.2295, -0.7821 0.4624 5.2648, -0.7251 0.4287 5.2265, -0.6829 0.4932 5.2236, -0.7365 0.5319 5.2619, -0.6349 0.5535 5.2208, -0.5817 0.6092 5.218, -0.6849 0.5971 5.2591, -0.6275 0.6572 5.2562, -0.4611 0.7048 5.2123, -0.5747 0.6158 5.4145, -0.6264 0.5631 5.4172, -0.715 0.4453 5.4227, -0.6733 0.5061 5.42, -0.4616 0.7115 5.4123, -0.4584 0.7067 5.4089, -0.5222 0.6684 5.415, -0.5185 0.6638 5.4117, 0.4314 0.7152 5.1701, 0.4942 0.6821 5.1413, 0.5358 0.6406 5.146, 0.5404 0.6461 5.1391, 0.4851 0.6799 5.1485, 0.5341 0.6385 5.1557, 0.4851 0.6799 5.1677, 0.5358 0.6405 5.1654, 0.4314 0.7152 5.1509, 0.4835 0.6778 5.1581, 0.43 0.7129 5.1605, 0.4456 0.7148 5.1434, -0.3972 -0.735 5.2508, -0.4679 -0.692 5.2477, -0.4396 -0.7185 5.2422, -0.5949 -0.5862 5.2415, -0.563 -0.6265 5.2364, -0.534 -0.6422 5.2446, -0.6179 -0.5724 5.2335, 0.5952 -0.5863 5.2912, 0.6179 -0.5725 5.2852, 0.6501 -0.5245 5.2943, 0.563 -0.6266 5.2824, 0.2447 -0.7987 5.2757, 0.1645 -0.8191 5.2726, 0.2283 -0.8108 5.268, 0.3972 -0.7347 5.2819, 0.4396 -0.7185 5.2765, 0.468 -0.6919 5.285, -0.7408 -0.3864 5.2322, -0.75 -0.3834 5.225, -0.7118 -0.4504 5.2279, -0.6989 -0.4577 5.2353, 0.3015 -0.7865 5.2708, 0.0769 -0.8388 5.2623, 0.1533 -0.8283 5.2652, 0.0827 -0.8314 5.2695, -0.3721 -0.7557 5.2451, 0.0001 -0.8353 5.2663, -0.8258 -0.1658 5.2163, -0.8072 -0.2405 5.2192, -0.8021 -0.2329 5.226, -0.6501 -0.5245 5.2384, -0.2284 -0.8107 5.2508, -0.1644 -0.8189 5.2602, -0.2447 -0.7987 5.257, -0.7819 -0.3133 5.2221, -0.5034 -0.6753 5.2393, -0.3226 -0.7707 5.2539, -0.3015 -0.7865 5.248, -0.7995 -0.2321 5.2356, -0.7752 -0.3111 5.2291, -0.6677 -0.5135 5.2307, -0.8212 -0.1523 5.2229, -0.8141 0.2161 5.202, -0.8305 0.1408 5.2049, -0.8165 0.1765 5.2105, -0.8375 -0.0896 5.2135, -0.8399 0.0643 5.2078, -0.8301 0.0949 5.2136, -0.8324 -0.0703 5.2198, -0.8422 -0.0127 5.2107, -0.8354 0.0124 5.2167, -0.7949 0.2564 5.2074, -0.7909 0.2896 5.1991, -0.7656 0.3339 5.2043, -0.7289 0.4081 5.2011, -0.7612 0.3606 5.1963, -0.6851 0.4782 5.198, -0.7251 0.4287 5.1934, -0.6349 0.5535 5.1878, -0.5774 0.6036 5.1919, -0.5817 0.6092 5.1848, -0.6344 0.5436 5.1949, -0.6829 0.4932 5.1906, -0.5148 0.6577 5.1887, -0.5756 0.6017 5.2014, -0.4471 0.7054 5.2048, -0.5148 0.6577 5.2079, -0.4457 0.7032 5.1952, -0.5131 0.6556 5.1983, -0.4611 0.7048 5.179, -0.5236 0.6598 5.1819, -0.4471 0.7054 5.1856, -0.1533 -0.8282 5.2536, -0.0823 -0.8285 5.2728, -0.0826 -0.8311 5.2632, -0.077 -0.8388 5.2565, -0.0 -0.8423 5.2594, 0.3225 -0.7704 5.2788, 0.3721 -0.7556 5.2737, 0.5034 -0.6754 5.2795, 0.5343 -0.6423 5.2881, 0.6676 -0.5136 5.288, 0.6987 -0.4575 5.2974, 0.7406 -0.3861 5.3005, 0.7753 -0.311 5.3036, 0.7382 -0.3849 5.3101, 0.7117 -0.4504 5.2908, 0.7818 -0.3134 5.2967, 0.7499 -0.3835 5.2937, 0.8072 -0.2406 5.2996, 0.8259 -0.1659 5.3024, 0.8024 -0.2328 5.3067, 0.8375 -0.0897 5.3052, 0.8215 -0.1523 5.3098, 0.8324 -0.0703 5.3129, 0.8422 -0.0127 5.3081, 0.8398 0.0643 5.3109, 0.8351 0.0124 5.316, 0.8305 0.1407 5.3138, 0.8298 0.095 5.3191, 0.8164 0.1767 5.3222, 0.8142 0.216 5.3167, 0.791 0.2895 5.3196, 0.7951 0.2567 5.3254, 0.7658 0.334 5.3285, 0.7613 0.3606 5.3225, 0.7289 0.4081 5.3315, 0.7251 0.4286 5.3253, 0.6848 0.4781 5.3346, 0.5773 0.6037 5.3409, 0.6321 0.5418 5.3474, 0.6341 0.5436 5.3378, 0.6829 0.4931 5.3281, 0.635 0.5534 5.331, 0.5817 0.6092 5.3339, 0.5237 0.6598 5.3369, 0.5148 0.658 5.344, 0.4472 0.7057 5.3471, 0.5132 0.6559 5.3535, 0.4458 0.7034 5.3567, 0.4472 0.7057 5.3663, 0.4612 0.7049 5.3397, -0.6344 0.5436 5.2141, -0.5774 0.6036 5.211, -0.6324 0.5419 5.2045, -0.6829 0.4767 5.2076, -0.7265 0.4067 5.2108, -0.7631 0.3328 5.2138, -0.7923 0.2556 5.2169, -0.8139 0.176 5.22, -0.8274 0.0946 5.2232, -0.8327 0.0123 5.2263, -0.8297 -0.0701 5.2294, -0.8186 -0.1518 5.2325, -0.7727 -0.3102 5.2387, -0.7408 -0.3864 5.2514, -0.7752 -0.3111 5.2483, -0.7384 -0.3851 5.2418, -0.6967 -0.4562 5.2449, -0.648 -0.5228 5.248, -0.593 -0.5843 5.2511, -0.5323 -0.6402 5.2542, -0.4664 -0.6898 5.2573, -0.3959 -0.7327 5.2604, -0.3215 -0.7682 5.2635, -0.2439 -0.7961 5.2666, -0.1639 -0.8162 5.2697, 0.0001 -0.8327 5.2759, 0.0827 -0.8314 5.2886, 0.0001 -0.8353 5.2855, 0.0825 -0.8287 5.2791, 0.164 -0.8165 5.2821, 0.2439 -0.7961 5.2852, 0.3215 -0.768 5.2883, 0.3959 -0.7324 5.2915, 0.4665 -0.6897 5.2946, 0.5326 -0.6403 5.2977, 0.5933 -0.5845 5.3008, 0.648 -0.5228 5.3039, 0.6965 -0.4561 5.307, 0.7728 -0.31 5.3132, 0.8024 -0.2328 5.3259, 0.7753 -0.311 5.3228, 0.7998 -0.232 5.3163, 0.8188 -0.1518 5.3194, 0.8297 -0.0701 5.3225, 0.8325 0.0124 5.3256, 0.8271 0.0947 5.3287, 0.8138 0.1762 5.3318, 0.7925 0.2558 5.3349, 0.7633 0.333 5.338, 0.7266 0.4068 5.3411, 0.6826 0.4766 5.3443, 0.5754 0.6018 5.3504, 0.5148 0.658 5.3632, 0.5773 0.6037 5.36, -0.6851 0.4782 5.2172, -0.7289 0.4081 5.2203, -0.7656 0.3339 5.2234, -0.7949 0.2564 5.2265, -0.8165 0.1765 5.2296, -0.8301 0.0949 5.2328, -0.8354 0.0124 5.2358, -0.8324 -0.0703 5.2389, -0.8212 -0.1523 5.242, -0.8021 -0.2329 5.2452, -0.6989 -0.4577 5.2545, -0.6501 -0.5245 5.2576, -0.5949 -0.5862 5.2607, -0.534 -0.6422 5.2638, -0.4679 -0.692 5.2669, -0.3972 -0.735 5.27, -0.3226 -0.7707 5.2731, -0.2447 -0.7987 5.2762, -0.1644 -0.8189 5.2793, -0.0826 -0.8311 5.2824, 0.1645 -0.8191 5.2917, 0.2447 -0.7987 5.2948, 0.3225 -0.7704 5.298, 0.3972 -0.7347 5.3011, 0.468 -0.6919 5.3041, 0.5343 -0.6423 5.3072, 0.5952 -0.5863 5.3104, 0.6501 -0.5245 5.3135, 0.6987 -0.4575 5.3166, 0.7406 -0.3861 5.3197, 0.8215 -0.1523 5.329, 0.8324 -0.0703 5.3321, 0.8351 0.0124 5.3352, 0.8298 0.095 5.3383, 0.8164 0.1767 5.3414, 0.7951 0.2567 5.3445, 0.7658 0.334 5.3476, 0.7289 0.4081 5.3507, 0.6848 0.4781 5.3538, 0.6341 0.5436 5.3569, -0.4446 0.7074 5.3824, -0.4619 0.7044 5.376, -0.7279 0.4239 5.3905, -0.764 0.3548 5.3935, -0.7196 0.4243 5.3973, -0.81 0.2041 5.4254, -0.787 0.2803 5.4224, -0.8074 0.2034 5.4158, -0.7568 0.3539 5.4003, -0.787 0.2803 5.4033, -0.7935 0.2827 5.3963, -0.8256 0.126 5.4284, -0.823 0.1256 5.4188, -0.81 0.2041 5.4063, -0.8162 0.2081 5.3992, -0.8319 0.1317 5.402, -0.8256 0.126 5.4093, -0.8339 0.0467 5.4314, -0.8312 0.0466 5.4218, -0.8405 0.0542 5.4049, -0.8339 0.0467 5.4122, -0.832 -0.0328 5.4248, -0.842 -0.0238 5.4079, -0.8347 -0.0329 5.4152, -0.8362 -0.1015 5.4108, -0.8252 -0.1119 5.4278, -0.8279 -0.1122 5.4182, -0.8109 -0.1899 5.4308, -0.8135 -0.1905 5.4212, -0.8232 -0.1784 5.4137, -0.789 -0.2662 5.4337, -0.7916 -0.267 5.4242, -0.8032 -0.2538 5.4166, -0.7624 -0.3411 5.4272, -0.7762 -0.327 5.4195, -0.7264 -0.4122 5.4302, -0.7427 -0.3974 5.4224, -0.7845 0.2794 5.4128, -0.7544 0.3528 5.4098, -0.7568 0.3539 5.4195, -0.7196 0.4243 5.4165, -0.7173 0.423 5.4069, -0.6855 0.4894 5.3876, -0.6758 0.4908 5.3943, -0.6373 0.5507 5.3846, -0.6259 0.553 5.3913, -0.5837 0.6073 5.3817, -0.525 0.6587 5.3789, -0.5705 0.6102 5.3883, -0.5099 0.6618 5.3853, -0.5686 0.6082 5.3979, -0.4446 0.7074 5.4015, -0.4432 0.7051 5.3919, -0.5082 0.6597 5.3949, -0.5099 0.6618 5.4045, -0.5705 0.6102 5.4075, -0.6239 0.5512 5.4009, -0.6259 0.553 5.4105, -0.6736 0.4893 5.4039, -0.6758 0.4908 5.4135, 0.5814 0.695 5.1021, 0.2476 -0.8791 5.227, 0.3003 -0.9372 5.1874, 0.3269 -0.8526 5.2298, 0.1289 -0.9758 5.1816, 0.0836 -0.9096 5.2213, 0.0405 -0.9834 5.1788, 0.1663 -0.8982 5.2241, 0.2157 -0.9603 5.1845, 0.0001 -0.9133 5.2184, 0.3826 -0.9067 5.1903, 0.5398 -0.8229 5.1959, 0.4767 -0.7789 5.2356, 0.4628 -0.8685 5.1931, 0.4034 -0.8192 5.2327, 0.6125 -0.7704 5.1987, 0.546 -0.7322 5.2385, 0.7716 -0.4882 5.2499, 0.7963 -0.5784 5.2072, 0.8445 -0.5054 5.21, 0.6106 -0.6794 5.2413, 0.68 -0.7116 5.2014, 0.67 -0.6207 5.2442, 0.7414 -0.6473 5.2043, 0.7238 -0.5568 5.247, 0.9806 0.0841 5.2296, 0.9105 0.0697 5.27, 0.9842 0.0 5.2266, 0.8478 -0.3396 5.2557, 0.8131 -0.4157 5.2528, 0.8861 -0.4281 5.2129, 0.9209 -0.3469 5.2157, 0.9485 -0.2624 5.2184, 0.8754 -0.2608 5.2585, 0.9803 -0.088 5.2239, 0.913 -0.0138 5.2671, 0.9081 -0.0972 5.2643, 0.8955 -0.1798 5.2614, 0.9684 -0.1757 5.2211, 0.9004 0.1527 5.2729, 0.9697 0.1676 5.2323, 0.9518 0.2498 5.2351, 0.8828 0.2344 5.2758, 0.8254 0.391 5.2815, 0.7861 0.4647 5.2843, 0.7402 0.5346 5.2872, 0.8578 0.314 5.2786, 0.8954 0.4084 5.2403, 0.927 0.3303 5.2377, 0.8573 0.4834 5.2429, 0.6883 0.6001 5.2901, 0.6307 0.6606 5.293, 0.706 0.6857 5.251, 0.7624 0.6225 5.2482, 0.8129 0.5549 5.2455, -0.0834 -0.9093 5.2155, -0.0487 -0.983 5.1761, -0.1373 -0.9745 5.1733, -0.1661 -0.8979 5.2127, -0.2476 -0.879 5.2098, -0.2245 -0.9581 5.1706, -0.3269 -0.8528 5.2069, -0.3092 -0.9343 5.1678, -0.3911 -0.9031 5.1649, -0.4035 -0.8195 5.2041, -0.4766 -0.7792 5.2012, -0.4699 -0.8648 5.162, -0.5457 -0.7322 5.1983, -0.5451 -0.8195 5.1591, -0.616 -0.7676 5.1564, -0.6103 -0.6792 5.1955, -0.6699 -0.6206 5.1926, -0.6821 -0.7094 5.1537, -0.7428 -0.6455 5.1509, -0.7239 -0.5568 5.1897, -0.7718 -0.4885 5.1869, -0.7974 -0.5767 5.1482, -0.8132 -0.4159 5.184, -0.8457 -0.5033 5.1454, -0.8874 -0.4255 5.1424, -0.8477 -0.3399 5.1811, -0.8751 -0.2609 5.1783, -0.9221 -0.3441 5.1395, -0.8952 -0.1798 5.1754, -0.9493 -0.2601 5.1367, -0.9686 -0.1744 5.134, -0.908 -0.0972 5.1725, -0.9133 -0.0138 5.1696, -0.9802 -0.0875 5.1313, -0.9108 0.0696 5.1668, -0.9842 -0.0 5.1283, -0.9805 0.0836 5.1259, -0.9005 0.1525 5.1639, -0.8827 0.2341 5.1611, -0.9698 0.1671 5.1232, -0.9519 0.2501 5.1204, -0.9267 0.3315 5.1176, -0.8575 0.3138 5.1582, -0.8946 0.4103 5.1148, -0.8252 0.3909 5.1553, -0.7862 0.4648 5.1524, -0.856 0.4857 5.1122, -0.7405 0.5347 5.1496, -0.8113 0.557 5.1096, -0.6886 0.6001 5.1467, -0.7609 0.6241 5.107, -0.7051 0.6865 5.1044, -0.6308 0.6604 5.1439, -0.5677 0.7152 5.141, -0.8138 0.3779 5.3617, -0.7753 0.4515 5.3588, -0.7301 0.5212 5.3559, -0.6787 0.5864 5.353, -0.6216 0.6468 5.3501, -0.5592 0.7016 5.3472, 0.8582 -0.312 4.4692, 0.8825 -0.234 4.472, 0.7916 -0.2876 4.5102, 0.7451 -0.5285 4.4608, 0.7893 -0.4599 4.4636, 0.6871 -0.4873 4.5019, 0.8882 -0.424 4.4255, 0.8271 -0.3875 4.4664, 0.8469 -0.5014 4.4228, 0.6948 -0.5928 4.458, 0.799 -0.5745 4.42, 0.7279 -0.424 4.5047, 0.6408 -0.5467 4.499, 0.5893 -0.6017 4.4961, 0.6388 -0.6523 4.4552, 0.7449 -0.6431 4.4173, 0.5778 -0.7068 4.4524, 0.6851 -0.7065 4.4145, 0.5499 -0.8163 4.4087, 0.5123 -0.7557 4.4496, 0.4428 -0.7986 4.4468, 0.4728 -0.697 4.4905, 0.4087 -0.7365 4.4878, 0.6199 -0.7644 4.4116, 0.4754 -0.8618 4.4059, 0.3698 -0.8352 4.444, 0.5332 -0.6519 4.4933, 0.3413 -0.7701 4.485, 0.1987 -0.8185 4.4795, 0.2155 -0.8877 4.4384, 0.2938 -0.865 4.4412, 0.232 -0.9564 4.3978, 0.1353 -0.9032 4.4356, 0.1459 -0.9732 4.395, 0.3159 -0.9321 4.4006, 0.2711 -0.7975 4.4823, 0.1248 -0.833 4.4766, 0.7628 -0.3572 4.5074, 0.3972 -0.9005 4.4032, 0.054 -0.9116 4.4327, 0.0582 -0.9824 4.3917, 0.0498 -0.8408 4.4737, 0.9496 -0.2589 4.431, 0.9226 -0.3428 4.4282, 0.9688 -0.1732 4.4339, 0.8999 -0.1541 4.4748, 0.8141 -0.2157 4.5129, 0.9102 -0.073 4.4776, 0.9803 -0.0867 4.4368, 0.8302 -0.1421 4.5157, 0.9842 0.0 4.4392, 0.9133 0.0087 4.4804, 0.8396 -0.0673 4.5186, 0.9805 0.0835 4.4422, 0.9091 0.0902 4.4832, 0.8423 0.0079 4.5215, 0.8974 0.1709 4.486, 0.9699 0.167 4.4448, 0.8382 0.0831 4.5243, 0.952 0.2496 4.4474, 0.8783 0.2503 4.4888, 0.8274 0.1577 4.5271, 0.927 0.3308 4.45, 0.8522 0.3278 4.4917, 0.81 0.231 4.5298, 0.8194 0.4026 4.4945, 0.895 0.4095 4.4528, 0.7861 0.3024 4.5326, 0.8564 0.4849 4.4556, 0.7801 0.4743 4.4972, 0.7559 0.3715 4.5353, 0.8118 0.5564 4.4584, 0.7347 0.5423 4.5, 0.7613 0.6236 4.4611, 0.6835 0.6059 4.5028, 0.7053 0.6863 4.4637, 0.6268 0.6646 4.5057, 0.5209 0.662 4.5495, 0.4597 0.7058 4.5522, 0.7197 0.4375 4.5382, 0.6777 0.5001 4.541, 0.6304 0.5587 4.5439, 0.578 0.6128 4.5468, -0.4036 -0.8196 4.6134, -0.3587 -0.9165 4.5754, -0.3271 -0.8529 4.6163, -0.4353 -0.8826 4.5729, -0.4766 -0.7791 4.6106, 0.232 -0.9565 4.5945, 0.3155 -0.9323 4.5972, 0.2476 -0.8793 4.6364, 0.0 -0.913 4.6278, 0.0582 -0.9824 4.5886, 0.0835 -0.9094 4.6306, 0.622 -0.7626 4.6087, 0.5456 -0.732 4.6478, 0.5509 -0.8154 4.6058, 0.1663 -0.8982 4.6335, 0.077 -0.8388 4.6716, 0.3268 -0.8529 4.6393, 0.4764 -0.7788 4.645, 0.4755 -0.8616 4.603, 0.4032 -0.8193 4.6421, 0.3968 -0.9007 4.6, 0.6701 -0.6206 4.6536, 0.6879 -0.7038 4.6115, 0.7479 -0.6397 4.6141, 0.6104 -0.6791 4.6507, 0.7241 -0.557 4.6565, 0.8016 -0.5711 4.6168, 0.8487 -0.4984 4.6195, 0.7719 -0.4885 4.6593, 0.8131 -0.4159 4.6622, 0.8892 -0.4219 4.6224, 0.8749 -0.2608 4.6679, 0.9228 -0.3419 4.6252, 0.9495 -0.2588 4.6281, 0.8475 -0.3398 4.665, 0.9842 0.0 4.6361, 0.9807 0.0836 4.6389, 0.9109 0.0697 4.6794, 0.8952 -0.1797 4.6708, 0.9687 -0.1734 4.6309, 0.908 -0.0971 4.6737, 0.9803 -0.0869 4.6336, 0.9134 -0.0137 4.6765, 0.9006 0.1525 4.6822, 0.97 0.167 4.6415, 0.952 0.2496 4.6443, 0.8826 0.2341 4.6851, 0.8305 0.1408 4.7233, 0.8574 0.3138 4.688, 0.8141 0.2161 4.7261, 0.9269 0.3307 4.6471, 0.6886 0.6003 4.6995, 0.6828 0.4932 4.7376, 0.7404 0.5348 4.6966, 0.725 0.4287 4.7346, 0.7859 0.4648 4.6937, 0.825 0.3909 4.6909, 0.8564 0.4848 4.6526, 0.7611 0.3606 4.7317, 0.8118 0.5564 4.6552, 0.7614 0.6237 4.6578, 0.8949 0.4094 4.6499, 0.6309 0.6606 4.7023, 0.7054 0.6864 4.6604, 0.4611 0.7048 4.749, 0.5236 0.6598 4.7462, 0.7909 0.2896 4.7289, 0.1461 -0.9733 4.5918, -0.0835 -0.9091 4.6249, -0.0276 -0.9838 4.5862, 0.0 -0.8422 4.6687, -0.113 -0.9777 4.5834, -0.1663 -0.8977 4.622, -0.0769 -0.8387 4.6658, -0.2477 -0.879 4.6192, -0.1972 -0.9643 4.5806, -0.1532 -0.8282 4.663, -0.2793 -0.9438 4.578, -0.2283 -0.8107 4.6602, -0.3721 -0.7557 4.6545, -0.3014 -0.7865 4.6574, -0.5088 -0.8423 4.5702, -0.4395 -0.7185 4.6516, -0.5791 -0.7957 4.5675, -0.5457 -0.7321 4.6077, -0.6453 -0.743 4.5647, -0.6103 -0.679 4.6048, -0.7068 -0.6849 4.5619, -0.6698 -0.6204 4.602, -0.763 -0.6218 4.5592, -0.7239 -0.5566 4.5991, -0.8133 -0.5544 4.5565, -0.7719 -0.4882 4.5962, -0.8576 -0.4829 4.5539, -0.8134 -0.4158 4.5934, -0.8957 -0.4077 4.5513, -0.8479 -0.3398 4.5905, -0.8752 -0.2609 4.5876, -0.9273 -0.3294 4.5487, -0.8952 -0.1798 4.5848, -0.9521 -0.2491 4.546, -0.9699 -0.1671 4.5433, -0.9078 -0.0971 4.5819, -0.9129 -0.0136 4.5791, -0.9806 -0.0839 4.5405, -0.8374 -0.0897 4.6228, -0.9105 0.0699 4.5762, -0.9841 -0.0 4.5375, -0.8421 -0.0128 4.6199, -0.9807 0.0838 4.5351, -0.9006 0.1528 4.5733, -0.8398 0.0642 4.6172, -0.883 0.2344 4.5704, -0.9698 0.1675 4.5325, -0.8305 0.1407 4.6144, -0.9517 0.2504 4.5299, -0.8142 0.216 4.6115, -0.9265 0.3316 4.5272, -0.8577 0.314 4.5676, -0.8946 0.41 4.5245, -0.8252 0.3909 4.5647, -0.7859 0.4647 4.5619, -0.8564 0.4849 4.5218, -0.7401 0.5346 4.559, -0.8122 0.5559 4.519, -0.6882 0.6001 4.5561, -0.7621 0.6229 4.5163, -0.706 0.6858 4.5136, -0.6306 0.6607 4.5532, -0.5678 0.7157 4.5504, -0.5817 0.6091 4.5943, -0.5236 0.6598 4.5915, -0.4612 0.7049 4.5886, -0.6349 0.5534 4.597, -0.6828 0.493 4.5998, -0.725 0.4286 4.6027, -0.7612 0.3605 4.6057, -0.791 0.2895 4.6086, -0.8258 -0.1658 4.6257, -0.8072 -0.2406 4.6286, -0.7819 -0.3134 4.6316, -0.75 -0.3835 4.6345, -0.7117 -0.4504 4.6373, -0.6676 -0.5136 4.64, -0.6178 -0.5724 4.6428, -0.5629 -0.6265 4.6457, -0.5033 -0.6753 4.6487, 0.1533 -0.8283 4.6746, 0.2284 -0.8108 4.6775, 0.3015 -0.7865 4.6803, 0.3721 -0.7556 4.6831, 0.4396 -0.7184 4.6859, 0.5034 -0.6752 4.6887, 0.563 -0.6264 4.6917, 0.6179 -0.5724 4.6946, 0.6677 -0.5136 4.6976, 0.7118 -0.4504 4.7004, 0.7499 -0.3834 4.7032, 0.7818 -0.3133 4.7059, 0.8071 -0.2405 4.7088, 0.8258 -0.1658 4.7117, 0.8375 -0.0896 4.7146, 0.8422 -0.0127 4.7176, 0.8399 0.0643 4.7205, 0.6349 0.5535 4.7406, 0.5817 0.6092 4.7434, 0.0835 -0.9096 4.8275, 0.0409 -0.9833 4.7853, 0.13 -0.9756 4.788, -0.5458 -0.7323 4.8046, -0.6103 -0.6792 4.8017, -0.6164 -0.7671 4.7628, 0.1662 -0.8983 4.8304, 0.2174 -0.9599 4.7908, 0.2475 -0.8793 4.8332, 0.3847 -0.9059 4.7965, 0.3267 -0.8527 4.8361, 0.3023 -0.9367 4.7936, 0.4032 -0.8191 4.839, 0.4647 -0.8675 4.7995, 0.4764 -0.7788 4.8418, 0.6105 -0.6793 4.8476, 0.6814 -0.7101 4.8079, 0.6701 -0.6208 4.8504, 0.5416 -0.8217 4.8024, 0.6141 -0.769 4.8052, 0.5457 -0.732 4.8447, 0.7427 -0.6458 4.8106, 0.724 -0.5571 4.8533, 0.7976 -0.5767 4.8134, 0.8474 -0.3397 4.8619, 0.887 -0.4265 4.8191, 0.9214 -0.3457 4.822, 0.7717 -0.4885 4.8562, 0.8456 -0.5036 4.8163, 0.8129 -0.4159 4.859, 0.875 -0.2608 4.8648, 0.9486 -0.2617 4.8248, 0.9082 -0.0972 4.8705, 0.9803 -0.0879 4.8304, 0.9134 -0.0139 4.8733, 0.9684 -0.1753 4.8276, 0.8953 -0.1797 4.8676, 0.9843 0.0 4.833, 0.9108 0.0695 4.8762, 0.9806 0.0841 4.8357, 0.9698 0.1678 4.8385, 0.9004 0.1524 4.8791, 0.9518 0.2503 4.8413, 0.8304 0.1408 4.9201, 0.8825 0.2341 4.882, 0.8573 0.3138 4.8848, 0.814 0.2161 4.9229, 0.9268 0.3308 4.844, 0.6887 0.6002 4.8963, 0.6829 0.4932 4.9345, 0.7406 0.5348 4.8934, 0.8251 0.3909 4.8877, 0.8572 0.4834 4.8493, 0.7861 0.4648 4.8906, 0.725 0.4287 4.9316, 0.8129 0.5547 4.8519, 0.7611 0.3606 4.9286, 0.7909 0.2896 4.9257, 0.8952 0.4086 4.8467, 0.7062 0.6856 4.8572, 0.6309 0.6604 4.8992, 0.5236 0.6598 4.943, 0.4611 0.7048 4.9458, 0.7625 0.6223 4.8545, 0.0001 -0.9132 4.8246, -0.0486 -0.9829 4.7825, -0.0834 -0.9092 4.8218, -0.1376 -0.9744 4.7797, -0.1662 -0.8977 4.8189, -0.2249 -0.9581 4.7768, -0.2477 -0.8788 4.816, -0.3097 -0.9342 4.7739, -0.3271 -0.8527 4.8132, -0.3915 -0.9031 4.771, -0.4037 -0.8195 4.8103, -0.4701 -0.8647 4.7682, -0.4768 -0.7792 4.8074, -0.5453 -0.8193 4.7656, -0.6698 -0.6204 4.7988, -0.6828 -0.7087 4.7601, -0.7436 -0.6446 4.7572, -0.7237 -0.5566 4.7959, -0.7717 -0.4881 4.7931, -0.7982 -0.5757 4.7543, -0.6675 -0.5136 4.8369, -0.8133 -0.4157 4.7902, -0.8464 -0.5024 4.7515, -0.7117 -0.4504 4.8341, -0.8879 -0.4248 4.7486, -0.848 -0.3398 4.7874, -0.7499 -0.3835 4.8313, -0.8754 -0.2609 4.7845, -0.9223 -0.3436 4.7458, -0.7819 -0.3134 4.8285, -0.8953 -0.1798 4.7816, -0.9492 -0.2599 4.7432, -0.8072 -0.2406 4.8256, -0.9685 -0.1745 4.7404, -0.9078 -0.0972 4.7787, -0.8258 -0.1658 4.8226, -0.9128 -0.0137 4.7759, -0.9802 -0.0876 4.7377, -0.8374 -0.0897 4.8196, -0.9104 0.0698 4.773, -0.9841 -0.0 4.7343, -0.8421 -0.0128 4.8168, -0.9806 0.0838 4.7321, -0.9004 0.1528 4.7702, -0.8398 0.0642 4.8139, -0.8829 0.2344 4.7673, -0.9699 0.1675 4.7293, -0.8305 0.1407 4.8111, -0.9519 0.2505 4.7265, -0.8142 0.216 4.8084, -0.9267 0.3316 4.7239, -0.8579 0.3141 4.7644, -0.8947 0.4101 4.7213, -0.8254 0.391 4.7615, -0.786 0.4647 4.7587, -0.8564 0.4849 4.7187, -0.7401 0.5345 4.7558, -0.8121 0.5559 4.7161, -0.6881 0.6 4.753, -0.7619 0.6228 4.7134, -0.7059 0.6857 4.7106, -0.6305 0.6605 4.7501, -0.5676 0.7156 4.7472, -0.5817 0.6091 4.791, -0.5236 0.6598 4.7883, -0.4612 0.7049 4.7855, -0.6349 0.5534 4.7938, -0.6828 0.493 4.7967, -0.7251 0.4286 4.7996, -0.7612 0.3606 4.8026, -0.791 0.2895 4.8055, -0.6178 -0.5724 4.8397, -0.5629 -0.6265 4.8426, -0.5034 -0.6754 4.8456, -0.4396 -0.7186 4.8485, -0.3721 -0.7557 4.8514, -0.3014 -0.7865 4.8542, -0.2283 -0.8107 4.8569, -0.1532 -0.8282 4.8598, -0.0769 -0.8387 4.8626, 0.0 -0.8423 4.8656, 0.077 -0.8388 4.8685, 0.1533 -0.8283 4.8715, 0.2284 -0.8108 4.8743, 0.3015 -0.7865 4.877, 0.3721 -0.7556 4.8798, 0.4396 -0.7184 4.8827, 0.5034 -0.6752 4.8856, 0.563 -0.6265 4.8886, 0.618 -0.5724 4.8915, 0.6677 -0.5135 4.8944, 0.7118 -0.4504 4.8972, 0.7499 -0.3834 4.9, 0.7818 -0.3133 4.9028, 0.8071 -0.2405 4.9056, 0.8258 -0.1658 4.9086, 0.8375 -0.0896 4.9115, 0.8423 -0.0127 4.9145, 0.8399 0.0643 4.9173, 0.6349 0.5535 4.9374, 0.5817 0.6092 4.9402, 0.0711 -0.9108 5.0239, 0.1374 -0.9746 4.985, 0.1535 -0.9005 5.0268, -0.012 -0.9133 5.0211, 0.0487 -0.983 4.9823, 0.2246 -0.9583 4.9879, 0.2346 -0.8826 5.0296, 0.0654 -0.8398 5.065, -0.0949 -0.9082 5.0182, -0.0405 -0.9833 4.9796, 0.3138 -0.8574 5.0325, 0.3093 -0.9343 4.9908, 0.3905 -0.8252 5.0353, 0.2895 -0.7909 5.0734, 0.1415 -0.8304 5.0678, 0.3911 -0.9031 4.9937, 0.4641 -0.7863 5.0382, 0.4698 -0.8647 4.9965, 0.545 -0.8194 4.9993, 0.7976 -0.5766 5.0103, 0.7139 -0.5698 5.0496, 0.743 -0.6455 5.0074, 0.616 -0.7675 5.002, 0.6822 -0.7094 5.0047, 0.5991 -0.6896 5.0439, 0.5338 -0.741 5.041, 0.6593 -0.6324 5.0467, 0.8049 -0.4309 5.0553, 0.8874 -0.4254 5.0161, 0.8408 -0.3558 5.0582, 0.8458 -0.5032 5.0132, 0.7626 -0.5024 5.0524, 0.922 -0.3439 5.019, 0.9491 -0.26 5.0217, 0.8698 -0.2778 5.061, 0.8917 -0.1976 5.0639, 0.9686 -0.1744 5.0245, 0.9062 -0.1158 5.0667, 0.9803 -0.0875 5.0271, 0.9842 0.0 5.0298, 0.9129 -0.033 5.0696, 0.9807 0.0837 5.0326, 0.9119 0.05 5.0724, 0.8642 0.2943 5.0809, 0.9517 0.2503 5.0382, 0.9265 0.3316 5.0409, 0.8874 0.2144 5.0781, 0.9698 0.1673 5.0354, 0.9034 0.1327 5.0753, 0.834 0.3718 5.0838, 0.8945 0.4103 5.0436, 0.797 0.4462 5.0867, 0.8562 0.4853 5.0462, 0.8119 0.5564 5.0487, 0.7533 0.5168 5.0895, 0.7351 0.4113 5.1277, 0.2164 -0.814 5.0706, 0.7617 0.6234 5.0514, 0.7032 0.583 5.0924, 0.6472 0.6443 5.0952, 0.7057 0.6861 5.0541, 0.5969 0.5942 5.1362, 0.6947 0.4764 5.1306, 0.6485 0.5376 5.1334, -0.0112 -0.8422 5.0621, -0.1772 -0.8956 5.0154, -0.129 -0.9756 4.9768, -0.0877 -0.8377 5.0591, -0.258 -0.8758 5.0125, -0.2159 -0.9601 4.974, -0.1635 -0.8262 5.0562, -0.3005 -0.9372 4.9711, -0.3366 -0.8488 5.0096, -0.2379 -0.8079 5.0534, -0.4125 -0.8149 5.0068, -0.3829 -0.9067 4.9682, -0.3104 -0.783 5.0506, -0.4849 -0.7742 5.0039, -0.4631 -0.8685 4.9653, -0.3804 -0.7515 5.0478, -0.5401 -0.8228 4.9625, -0.5532 -0.7269 5.0011, -0.4472 -0.7139 5.045, -0.6168 -0.6735 4.9982, -0.6127 -0.7702 4.9598, -0.5102 -0.6702 5.0422, -0.6754 -0.6144 4.9954, -0.6801 -0.7113 4.957, -0.569 -0.621 5.0392, -0.7415 -0.647 4.9542, -0.7284 -0.5504 4.9925, -0.6231 -0.5667 5.0363, -0.7756 -0.4818 4.9897, -0.7964 -0.5781 4.9514, -0.672 -0.5077 5.0334, -0.8164 -0.4093 4.9868, -0.8446 -0.5051 4.9485, -0.7154 -0.4445 5.0306, -0.8863 -0.428 4.9456, -0.8504 -0.3335 4.984, -0.7529 -0.3776 5.0278, -0.8773 -0.255 4.9811, -0.9211 -0.3468 4.9427, -0.7841 -0.3076 5.025, -0.8966 -0.1742 4.9783, -0.9486 -0.2623 4.94, -0.8089 -0.2351 5.0222, -0.9683 -0.1757 4.9372, -0.9085 -0.0919 4.9754, -0.8269 -0.1605 5.0193, -0.9129 -0.0089 4.9726, -0.9802 -0.088 4.9345, -0.838 -0.0847 5.0164, -0.9099 0.0743 4.9697, -0.9841 -0.0 4.9312, -0.8422 -0.0081 5.0134, -0.9805 0.0842 4.929, -0.8995 0.1568 4.9669, -0.8394 0.0685 5.0106, -0.9698 0.1677 4.9262, -0.8298 0.1445 5.0078, -0.8818 0.238 4.964, -0.952 0.25 4.9234, -0.8567 0.3172 4.9611, -0.9271 0.3304 4.9207, -0.8954 0.4085 4.9181, -0.8243 0.3937 4.9583, -0.785 0.4668 4.9554, -0.8572 0.4834 4.9156, -0.7391 0.5362 4.9526, -0.8128 0.5548 4.913, -0.6871 0.6011 4.9497, -0.7623 0.6224 4.9103, -0.706 0.6856 4.9075, -0.6296 0.6612 4.9469, -0.5669 0.7159 4.9441, -0.523 0.6602 4.985, -0.4608 0.7051 4.9822, -0.5809 0.6099 4.9878, -0.6339 0.5545 4.9906, -0.6817 0.4946 4.9935, -0.7239 0.4306 4.9965, -0.7601 0.363 4.9994, -0.79 0.2924 5.0022, -0.8132 0.2194 5.005, 0.3602 -0.7613 5.0762, 0.4279 -0.7254 5.0791, 0.4922 -0.6835 5.082, 0.5523 -0.636 5.085, 0.6079 -0.5831 5.0878, 0.6584 -0.5254 5.0906, 0.7034 -0.4634 5.0934, 0.7425 -0.3975 5.0962, 0.7756 -0.3283 5.099, 0.8023 -0.2564 5.1019, 0.8223 -0.1825 5.1048, 0.8355 -0.107 5.1078, 0.8418 -0.0305 5.1106, 0.841 0.0461 5.1134, 0.8333 0.1224 5.1162, 0.8187 0.1977 5.119, 0.7973 0.2713 5.1219, 0.7694 0.3427 5.1248, -0.2998 -0.8623 3.9451, -0.3767 -0.8317 3.9423, -0.3473 -0.7673 3.9014, -0.4505 -0.7944 3.9394, -0.4153 -0.7328 3.8985, -0.2205 -0.886 3.9479, -0.2034 -0.8173 3.907, -0.1395 -0.9025 3.9508, -0.5206 -0.7506 3.9366, -0.4799 -0.6923 3.8955, -0.5405 -0.646 3.8927, -0.2765 -0.7956 3.9042, -0.5863 -0.7006 3.9338, -0.5967 -0.5945 3.8899, -0.796 -0.4471 3.9224, -0.7343 -0.4125 3.8815, -0.7523 -0.5173 3.9253, -0.7025 -0.5834 3.9281, -0.694 -0.4772 3.8844, -0.648 -0.5381 3.8871, -0.6471 -0.6447 3.9309, -0.7686 -0.3445 3.8786, -0.8181 -0.2005 3.8728, -0.8639 -0.2964 3.9167, -0.8873 -0.2172 3.9139, -0.8333 -0.3732 3.9196, -0.7966 -0.2736 3.8757, -0.8329 -0.1256 3.87, -0.9033 -0.1362 3.9111, -0.8408 -0.0498 3.8672, -0.836 0.1025 3.8617, -0.9061 0.1112 3.9026, -0.8233 0.1777 3.8588, -0.8418 0.0265 3.8645, -0.9126 0.0287 3.9054, -0.9117 -0.054 3.9082, -0.9802 0.0874 3.9442, -0.8434 0.3506 3.894, -0.8714 0.2728 3.8969, -0.9225 0.3427 3.9359, -0.9686 0.174 3.9413, -0.8924 0.1928 3.8997, -0.8039 0.2514 3.8559, -0.9493 0.2594 3.9386, -0.7779 0.3231 3.853, -0.7455 0.3921 3.8501, -0.8085 0.4254 3.8912, -0.8475 0.5006 3.9305, -0.7667 0.4966 3.8884, -0.707 0.4579 3.8473, -0.8885 0.4233 3.9332, -0.6627 0.5199 3.8445, -0.7185 0.5637 3.8855, -0.7734 0.6087 3.9262, -0.7455 0.6425 3.9248, -0.6646 0.6264 3.8826, -0.6129 0.5777 3.8418, -0.7162 0.675 3.9233, -0.7997 0.5738 3.9277, -0.1287 -0.8324 3.9098, -0.0574 -0.9117 3.9536, -0.0529 -0.8407 3.9125, 0.0252 -0.9132 3.9565, 0.1076 -0.907 3.9593, 0.0233 -0.842 3.9154, 0.0994 -0.8364 3.9183, 0.1891 -0.8934 3.9621, 0.1746 -0.824 3.9212, 0.2691 -0.8724 3.965, 0.347 -0.8445 3.9678, 0.2484 -0.8048 3.9241, 0.3201 -0.779 3.9269, 0.422 -0.8097 3.9706, 0.3893 -0.7469 3.9297, 0.4553 -0.7087 3.9325, 0.4937 -0.7684 3.9735, 0.5612 -0.7208 3.9763, 0.5175 -0.6646 3.9352, 0.5755 -0.6151 3.9381, 0.624 -0.6672 3.9792, 0.6287 -0.5605 3.941, 0.6816 -0.6079 3.982, 0.7336 -0.5437 3.9848, 0.6768 -0.5013 3.9439, 0.7193 -0.4381 3.9468, 0.7797 -0.475 3.9877, 0.756 -0.3712 3.9496, 0.8195 -0.4024 3.9905, 0.8527 -0.3267 3.9933, 0.7865 -0.3014 3.9524, 0.8106 -0.229 3.9551, 0.879 -0.2483 3.9962, 0.828 -0.1548 3.9579, 0.898 -0.1679 3.999, 0.9094 -0.0861 4.0018, 0.8386 -0.0793 3.9608, 0.8423 -0.0031 3.9637, 0.9132 -0.0036 4.0047, 0.9096 0.079 4.0075, 0.9805 0.0838 4.048, 0.8986 0.161 4.0104, 0.8391 0.0731 3.9666, 0.829 0.1486 3.9695, 0.8805 0.2418 4.0132, 0.8122 0.223 3.9723, 0.8552 0.3205 4.016, 0.8229 0.3966 4.0189, 0.7887 0.2955 3.975, 0.7588 0.3657 3.9778, 0.7227 0.4328 3.9806, 0.7838 0.4693 4.0217, 0.6805 0.4963 3.9835, 0.738 0.5381 4.0245, 0.6862 0.6025 4.0274, 0.6328 0.5558 3.9864, 0.5799 0.6107 3.9893, 0.6287 0.662 4.0302, 0.5223 0.6607 3.9922, 0.4604 0.7053 3.995, -0.8244 0.5377 3.9291, -0.8689 0.4624 3.9318, -0.9064 0.3834 3.9345, -0.9368 0.3013 3.9372, -0.9599 0.2169 3.94, -0.9754 0.1308 3.9428, -0.9832 0.0437 3.9456, -0.9841 0.0 3.9474, -0.9804 -0.0874 3.95, -0.9686 -0.1748 3.9528, -0.9488 -0.2614 3.9555, -0.9212 -0.3461 3.9582, -0.8862 -0.4279 3.961, -0.8442 -0.5058 3.9638, -0.7958 -0.579 3.9667, -0.7412 -0.6476 3.9696, -0.6807 -0.7109 3.9725, -0.6148 -0.7686 3.9752, -0.5439 -0.8202 3.9779, -0.4683 -0.8655 3.9806, -0.389 -0.9039 3.9834, -0.3071 -0.935 3.9862, -0.2226 -0.9586 3.9891, -0.1359 -0.9748 3.992, -0.048 -0.9831 3.9949, 0.0402 -0.9834 3.9976, 0.1276 -0.9758 4.0003, 0.2137 -0.9606 4.003, 0.2981 -0.9379 4.0058, 0.3805 -0.9076 4.0086, 0.4607 -0.8697 4.0116, 0.5376 -0.8244 4.0145, 0.6103 -0.7722 4.0174, 0.6777 -0.7137 4.0201, 0.7391 -0.6498 4.0228, 0.7942 -0.5811 4.0255, 0.8429 -0.508 4.0283, 0.8851 -0.4302 4.0313, 0.9205 -0.3482 4.0342, 0.9484 -0.2631 4.0371, 0.9684 -0.176 4.04, 0.9802 -0.088 4.0427, 0.9842 -0.0 4.0458, 0.9698 0.1672 4.0507, 0.952 0.2494 4.0535, 0.9271 0.3303 4.0563, 0.8953 0.4088 4.059, 0.8569 0.4842 4.0617, 0.8123 0.5557 4.0643, 0.7617 0.6231 4.0669, 0.7056 0.686 4.0695, -0.5676 0.715 4.075, -0.6307 0.6602 4.0779, 0.1661 -0.8978 4.1582, 0.1532 -0.8282 4.1173, 0.2475 -0.8788 4.161, 0.0769 -0.8388 4.1143, 0.546 -0.7324 4.1725, 0.4395 -0.7185 4.1286, 0.5034 -0.6754 4.1314, 0.2283 -0.8107 4.1202, 0.3269 -0.8525 4.1639, 0.3014 -0.7865 4.123, 0.4035 -0.8192 4.1668, 0.372 -0.7557 4.1258, 0.4768 -0.7791 4.1696, 0.6105 -0.6794 4.1754, 0.6178 -0.5724 4.1373, 0.7236 -0.5567 4.1811, 0.6698 -0.6207 4.1782, 0.7715 -0.4882 4.184, 0.6675 -0.5136 4.1402, 0.7117 -0.4504 4.1431, 0.563 -0.6265 4.1343, 0.7818 -0.3134 4.1487, 0.8755 -0.2609 4.1926, 0.8478 -0.3397 4.1897, 0.8073 -0.2406 4.1515, 0.8956 -0.1799 4.1954, 0.813 -0.4156 4.1868, 0.7499 -0.3835 4.1459, 0.8259 -0.1658 4.1544, 0.9081 -0.0973 4.1983, 0.8421 -0.0128 4.1603, 0.913 -0.0139 4.2012, 0.8375 -0.0897 4.1573, 0.9103 0.0696 4.204, 0.8398 0.0642 4.1632, 0.9002 0.1526 4.2069, 0.8304 0.1407 4.166, 0.8826 0.2343 4.2098, 0.9518 0.2505 4.2505, 0.8141 0.216 4.1688, 0.8578 0.314 4.2126, 0.791 0.2895 4.1716, 0.8256 0.3911 4.2155, 0.7613 0.3606 4.1744, 0.6883 0.5998 4.2241, 0.7404 0.5345 4.2212, 0.6829 0.4931 4.1803, 0.7864 0.4647 4.2184, 0.7251 0.4286 4.1773, 0.6349 0.5534 4.1832, 0.4611 0.7049 4.1917, 0.6305 0.6603 4.227, 0.5676 0.7153 4.2298, 0.5817 0.6091 4.1861, 0.5236 0.6597 4.1889, 0.0834 -0.9095 4.1553, -0.0 -0.8423 4.1114, -0.0 -0.9135 4.1524, -0.0834 -0.9097 4.1496, -0.077 -0.8388 4.1085, -0.1661 -0.8981 4.1467, -0.1533 -0.8282 4.1057, -0.2284 -0.8107 4.1029, -0.2474 -0.879 4.1438, -0.3267 -0.8525 4.141, -0.3015 -0.7864 4.1001, -0.4033 -0.8191 4.1381, -0.3721 -0.7556 4.0972, -0.4396 -0.7184 4.0943, -0.4766 -0.7789 4.1352, -0.5459 -0.7323 4.1324, -0.5034 -0.6753 4.0913, -0.6106 -0.6795 4.1295, -0.5631 -0.6265 4.0884, -0.618 -0.5724 4.0856, -0.67 -0.6209 4.1266, -0.7237 -0.557 4.1238, -0.6676 -0.5135 4.0828, -0.7714 -0.4884 4.1209, -0.7117 -0.4503 4.08, -0.7499 -0.3834 4.0772, -0.8128 -0.4157 4.118, -0.8475 -0.3396 4.1152, -0.7818 -0.3133 4.0743, -0.8752 -0.2608 4.1123, -0.8072 -0.2406 4.0713, -0.8259 -0.1658 4.0684, -0.8956 -0.1798 4.1094, -0.9083 -0.0973 4.1066, -0.8376 -0.0896 4.0655, -0.9133 -0.014 4.1037, -0.8422 -0.0127 4.0627, -0.8398 0.0643 4.0599, -0.9105 0.0695 4.1008, -0.9002 0.1524 4.098, -0.8304 0.1408 4.0571, -0.8824 0.2341 4.0951, -0.814 0.2161 4.0542, -0.7909 0.2896 4.0513, -0.9697 0.1677 4.1385, -0.8575 0.3139 4.0922, -0.7612 0.3607 4.0483, -0.7251 0.4287 4.0454, -0.8254 0.391 4.0894, -0.7864 0.4649 4.0865, -0.6829 0.4932 4.0426, -0.7407 0.5347 4.0836, -0.6349 0.5535 4.0398, -0.5816 0.6092 4.037, -0.6886 0.5999 4.0808, -0.5235 0.6597 4.0342, -0.4611 0.7048 4.0313, -0.7061 0.6855 4.1198, -0.7624 0.6225 4.1226, -0.8126 0.5554 4.1253, -0.8568 0.4844 4.1278, -0.8948 0.4096 4.1304, -0.9266 0.3315 4.133, -0.9517 0.2506 4.1357, -0.9806 0.0839 4.1412, -0.9842 0.0 4.1441, -0.9803 -0.0878 4.1468, -0.9685 -0.1749 4.1495, -0.949 -0.2605 4.1522, -0.922 -0.3441 4.155, -0.8876 -0.425 4.1578, -0.8462 -0.5024 4.1606, -0.7982 -0.5758 4.1635, -0.7435 -0.6449 4.1664, -0.6825 -0.7091 4.1692, -0.6158 -0.7677 4.172, -0.544 -0.8201 4.1747, -0.4683 -0.8655 4.1774, -0.3894 -0.9038 4.1803, -0.3075 -0.9349 4.1831, -0.2228 -0.9587 4.186, -0.1353 -0.9749 4.1889, -0.0462 -0.9831 4.1917, 0.0435 -0.9832 4.1945, 0.1327 -0.9751 4.1973, 0.2202 -0.9591 4.2, 0.305 -0.9357 4.2029, 0.387 -0.9049 4.2058, 0.4665 -0.8666 4.2087, 0.5429 -0.821 4.2116, 0.615 -0.7684 4.2143, 0.682 -0.7095 4.217, 0.7431 -0.6452 4.2198, 0.7979 -0.5761 4.2226, 0.846 -0.5028 4.2255, 0.8874 -0.4256 4.2284, 0.9218 -0.345 4.2312, 0.9489 -0.2612 4.234, 0.9685 -0.1752 4.2367, 0.9802 -0.0878 4.2394, 0.9841 -0.0 4.2427, 0.9805 0.084 4.2449, 0.9697 0.1678 4.2477, 0.9269 0.3312 4.2532, 0.8952 0.4091 4.2559, 0.8571 0.4837 4.2584, 0.8128 0.5548 4.261, 0.7625 0.6221 4.2636, 0.7062 0.6854 4.2663, -0.5677 0.7151 4.2719, -0.6308 0.6603 4.2748, 0.2283 -0.8107 4.317, 0.2476 -0.8788 4.3579, 0.1532 -0.8282 4.3141, 0.1662 -0.8977 4.355, 0.372 -0.7557 4.3226, 0.4036 -0.8194 4.3636, 0.3014 -0.7865 4.3198, 0.327 -0.8526 4.3608, 0.0769 -0.8387 4.3112, 0.0834 -0.9093 4.3522, 0.4396 -0.7186 4.3254, 0.4768 -0.7792 4.3665, 0.5034 -0.6754 4.3283, 0.5459 -0.7324 4.3694, 0.6103 -0.6793 4.3722, 0.5629 -0.6265 4.3313, 0.6178 -0.5724 4.3342, 0.6697 -0.6205 4.3751, 0.7237 -0.5566 4.378, 0.6675 -0.5136 4.3371, 0.7716 -0.4881 4.3808, 0.848 -0.3397 4.3866, 0.8132 -0.4156 4.3837, 0.7499 -0.3835 4.3427, 0.7819 -0.3134 4.3455, 0.8755 -0.2609 4.3894, 0.7117 -0.4504 4.3399, 0.8073 -0.2406 4.3483, 0.8954 -0.1799 4.3923, 0.8258 -0.1658 4.3513, 0.8375 -0.0897 4.3542, 0.9079 -0.0973 4.3952, 0.9128 -0.0138 4.398, 0.8421 -0.0128 4.3572, 0.8398 0.0642 4.36, 0.9103 0.0698 4.4009, 0.9003 0.1527 4.4037, 0.8304 0.1407 4.3628, 0.8141 0.216 4.3656, 0.8828 0.2344 4.4066, 0.8579 0.3141 4.4095, 0.791 0.2895 4.3684, 0.8255 0.391 4.4124, 0.7613 0.3606 4.3713, 0.6828 0.493 4.3772, 0.6882 0.5999 4.4209, 0.7402 0.5345 4.4181, 0.6349 0.5534 4.3801, 0.6305 0.6604 4.4238, 0.7251 0.4286 4.3743, 0.7862 0.4647 4.4152, 0.5817 0.6091 4.3829, 0.5676 0.7155 4.4267, 0.4612 0.7049 4.3885, 0.5236 0.6598 4.3857, -0.0 -0.8423 4.3083, -0.0001 -0.9133 4.3493, -0.0835 -0.9097 4.3464, -0.077 -0.8388 4.3053, -0.1661 -0.8983 4.3435, -0.1533 -0.8283 4.3025, -0.2284 -0.8107 4.2997, -0.2474 -0.8791 4.3407, -0.3266 -0.8526 4.3378, -0.3015 -0.7864 4.2969, -0.4032 -0.8191 4.335, -0.3721 -0.7556 4.2941, -0.4396 -0.7184 4.2912, -0.4765 -0.7788 4.3321, -0.5458 -0.7321 4.3292, -0.5034 -0.6753 4.2883, -0.6106 -0.6794 4.3263, -0.5631 -0.6265 4.2853, -0.618 -0.5724 4.2824, -0.6701 -0.6209 4.3235, -0.7239 -0.5571 4.3206, -0.6677 -0.5135 4.2796, -0.7716 -0.4885 4.3178, -0.7118 -0.4504 4.2768, -0.7499 -0.3834 4.274, -0.8128 -0.4158 4.3149, -0.8474 -0.3397 4.312, -0.7818 -0.3133 4.2711, -0.875 -0.2608 4.3091, -0.8072 -0.2406 4.2682, -0.8258 -0.1658 4.2653, -0.8954 -0.1797 4.3063, -0.9083 -0.0973 4.3034, -0.8376 -0.0896 4.2623, -0.9134 -0.014 4.3006, -0.8422 -0.0127 4.2595, -0.8398 0.0643 4.2567, -0.9107 0.0695 4.2977, -0.9003 0.1524 4.2948, -0.8304 0.1408 4.2539, -0.8824 0.2341 4.2919, -0.814 0.2161 4.2511, -0.7909 0.2896 4.2482, -0.9698 0.1674 4.3354, -0.8574 0.3138 4.2891, -0.7611 0.3606 4.2453, -0.7251 0.4287 4.2423, -0.8252 0.391 4.2862, -0.7863 0.4649 4.2833, -0.6829 0.4932 4.2394, -0.7407 0.5348 4.2805, -0.6349 0.5535 4.2365, -0.5817 0.6092 4.2338, -0.6887 0.6001 4.2776, -0.5235 0.6597 4.231, -0.4611 0.7048 4.2281, -0.7059 0.6859 4.3167, -0.7622 0.6228 4.3194, -0.8126 0.5552 4.322, -0.8571 0.4836 4.3246, -0.8954 0.4084 4.3272, -0.9271 0.3301 4.3299, -0.952 0.2495 4.3326, -0.9806 0.0841 4.3382, -0.9842 0.0 4.3409, -0.9802 -0.0886 4.3437, -0.9681 -0.1769 4.3464, -0.9479 -0.2644 4.3491, -0.9199 -0.3497 4.352, -0.8843 -0.4318 4.3549, -0.842 -0.5096 4.3578, -0.7931 -0.5828 4.3608, -0.7374 -0.6519 4.3635, -0.6751 -0.7161 4.3663, -0.6068 -0.7748 4.3691, -0.5333 -0.827 4.3719, -0.4556 -0.8722 4.3748, -0.3748 -0.91 4.3777, -0.2918 -0.94 4.3806, -0.2066 -0.9623 4.3835, -0.1195 -0.9769 4.3863, -0.031 -0.9837 4.389, -0.5662 0.7164 4.4687, -0.6288 0.6625 4.4715, -0.7871 -0.2998 4.4674, -0.7568 -0.3696 4.4702, -0.8204 -0.401 4.5112, -0.8531 -0.3251 4.5083, -0.7352 -0.5422 4.5169, -0.678 -0.4998 4.4758, -0.6833 -0.6063 4.5197, -0.6301 -0.559 4.4786, -0.781 -0.4735 4.514, -0.7204 -0.4365 4.473, -0.6256 -0.6653 4.5225, -0.5771 -0.6136 4.4815, -0.5628 -0.7189 4.5254, -0.5193 -0.6631 4.4844, -0.4572 -0.7073 4.4873, -0.4955 -0.7668 4.5282, -0.4241 -0.8085 4.531, -0.3915 -0.7457 4.4901, -0.3494 -0.8437 4.5338, -0.3226 -0.7781 4.4929, -0.2719 -0.872 4.5367, -0.1108 -0.9067 4.5423, -0.1921 -0.8931 4.5395, -0.1773 -0.8235 4.4984, -0.251 -0.8041 4.4956, -0.1022 -0.8361 4.5013, -0.0263 -0.8419 4.5042, -0.0285 -0.9128 4.5452, 0.054 -0.9116 4.5481, 0.0498 -0.8408 4.5071, -0.8109 -0.2275 4.4646, -0.879 -0.2467 4.5055, -0.8282 -0.1533 4.4617, -0.8979 -0.1662 4.5027, -0.9095 -0.0845 4.4998, -0.8387 -0.0779 4.4588, -0.9136 -0.0021 4.497, -0.8423 -0.0018 4.4559, -0.8391 0.0742 4.4531, -0.9099 0.0803 4.4942, -0.8289 0.1497 4.4504, -0.8119 0.224 4.4476, -0.8987 0.1621 4.4913, -0.8802 0.2426 4.4885, -0.7884 0.2964 4.4448, -0.8546 0.3211 4.4857, -0.7584 0.3664 4.4419, -0.7222 0.4334 4.439, -0.8221 0.3971 4.4828, -0.7831 0.4699 4.48, -0.6802 0.4968 4.4361, -0.7376 0.5388 4.4772, -0.6326 0.5563 4.4332, -0.5797 0.6111 4.4304, -0.6861 0.6032 4.4743, -0.5221 0.6609 4.4277, -0.4603 0.7053 4.425, -0.4471 0.7053 4.0044, -0.4611 0.7048 3.9978, -0.775 -0.3109 4.0479, -0.7404 -0.3861 4.051, -0.7725 -0.3099 4.0576, -0.8259 -0.1658 4.0353, -0.8215 -0.1524 4.0417, -0.8376 -0.0896 4.0325, -0.65 -0.5246 4.0572, -0.618 -0.5724 4.0525, -0.5951 -0.5865 4.0603, -0.8022 -0.2328 4.0448, -0.8072 -0.2406 4.0381, 0.7405 -0.386 4.1193, 0.7499 -0.3835 4.1126, 0.7818 -0.3134 4.1155, 0.7117 -0.4504 4.1096, -0.3721 -0.7556 4.0638, -0.3223 -0.7703 4.0727, -0.3971 -0.7346 4.0696, -0.468 -0.6919 4.0665, -0.5342 -0.6424 4.0634, -0.5034 -0.6753 4.0582, -0.5631 -0.6265 4.0554, 0.2283 -0.8107 4.0867, 0.3014 -0.7864 4.0896, 0.2447 -0.7984 4.0945, -0.3015 -0.7864 4.0666, -0.2445 -0.7985 4.0758, 0.8215 -0.1524 4.1286, 0.8259 -0.1658 4.1213, 0.8375 -0.0897 4.1241, 0.3226 -0.7703 4.0976, 0.372 -0.7556 4.0925, 0.3973 -0.7348 4.1007, 0.4396 -0.7185 4.0955, 0.1533 -0.8282 4.0839, 0.0826 -0.8312 4.0883, 0.077 -0.8388 4.0811, -0.077 -0.8388 4.0755, 0.0 -0.8423 4.0783, -0.0 -0.8355 4.0851, 0.7753 -0.3109 4.1224, 0.8072 -0.2406 4.1185, 0.6499 -0.5244 4.1131, 0.6178 -0.5724 4.104, 0.6675 -0.5135 4.1068, 0.8304 0.1407 4.1326, 0.8296 0.095 4.1379, 0.8398 0.0642 4.1297, 0.5034 -0.6754 4.0984, 0.563 -0.6265 4.1012, 0.5342 -0.6424 4.1069, 0.5949 -0.5863 4.11, 0.8024 -0.2328 4.1255, 0.7381 -0.3848 4.129, 0.8162 0.1767 4.141, 0.8141 0.216 4.1355, 0.8323 -0.0704 4.1317, 0.8421 -0.0128 4.1269, 0.835 0.0123 4.1348, 0.795 0.2566 4.1441, 0.7613 0.3606 4.1414, 0.7659 0.334 4.1472, 0.791 0.2895 4.1385, 0.6849 0.478 4.1535, 0.6829 0.4931 4.147, 0.6341 0.5433 4.1566, 0.7251 0.4286 4.1442, 0.729 0.4081 4.1503, 0.4611 0.7049 4.1585, 0.6349 0.5534 4.1498, 0.5771 0.6034 4.1597, 0.5817 0.6091 4.1526, 0.4457 0.7033 4.1756, 0.4471 0.7056 4.1659, 0.5752 0.6015 4.1693, 0.5146 0.6577 4.1628, 0.5236 0.6597 4.1555, 0.5129 0.6556 4.1725, 0.4471 0.7056 4.1852, 0.6986 -0.4574 4.1162, 0.4681 -0.6921 4.1038, 0.1644 -0.8187 4.0914, -0.0826 -0.8314 4.082, -0.1533 -0.8282 4.0725, -0.2283 -0.8107 4.0696, -0.1643 -0.819 4.0789, -0.0823 -0.8287 4.0917, -0.4396 -0.7184 4.061, -0.6676 -0.5135 4.0495, -0.6986 -0.4576 4.0541, -0.7117 -0.4503 4.0466, -0.7499 -0.3834 4.0437, -0.7818 -0.3133 4.0409, -0.8422 -0.0127 4.0295, -0.8325 -0.0704 4.0386, -0.8352 0.0122 4.0355, -0.8398 0.0643 4.0266, -0.8297 0.0948 4.0324, -0.8304 0.1408 4.0236, -0.8161 0.1765 4.0293, -0.7947 0.2565 4.0262, -0.814 0.2161 4.0208, -0.7656 0.3339 4.0231, -0.7909 0.2896 4.018, -0.7612 0.3607 4.0152, -0.7291 0.4081 4.0199, -0.6852 0.4782 4.0168, -0.7251 0.4287 4.0124, -0.6344 0.5434 4.0137, -0.6829 0.4932 4.0095, -0.6349 0.5535 4.0065, -0.5773 0.6034 4.0106, -0.5147 0.6575 4.0075, -0.5816 0.6091 4.0036, -0.5235 0.6597 4.0007, -0.5754 0.6014 4.0203, -0.4471 0.7053 4.0238, -0.4456 0.703 4.0141, -0.513 0.6554 4.0172, -0.5147 0.6575 4.0269, -0.6344 0.5434 4.0331, -0.5773 0.6034 4.03, -0.6323 0.5416 4.0234, -0.6829 0.4766 4.0265, -0.7267 0.4068 4.0296, -0.7631 0.3329 4.0327, -0.7921 0.2556 4.0358, -0.8135 0.1759 4.0389, -0.827 0.0945 4.0421, -0.8325 0.0122 4.0452, -0.8297 0.0948 4.0517, -0.8298 -0.0702 4.0483, -0.8188 -0.1519 4.0514, -0.7996 -0.232 4.0545, -0.7404 -0.3861 4.0704, -0.775 -0.3109 4.0673, -0.7379 -0.3849 4.0607, -0.6963 -0.4561 4.0638, -0.6479 -0.5229 4.0669, -0.5932 -0.5846 4.07, -0.65 -0.5246 4.0766, -0.5325 -0.6403 4.0731, -0.4664 -0.6896 4.0762, -0.3958 -0.7322 4.0793, -0.3213 -0.7678 4.0824, -0.2437 -0.7959 4.0855, -0.1638 -0.8163 4.0886, -0.0 -0.8328 4.0948, 0.0823 -0.8285 4.0979, 0.1644 -0.8187 4.1107, 0.0826 -0.8312 4.1076, 0.1639 -0.816 4.101, 0.2439 -0.7957 4.1041, 0.3215 -0.7678 4.1073, 0.396 -0.7324 4.1104, 0.3226 -0.7703 4.1169, 0.4666 -0.6898 4.1135, 0.5324 -0.6403 4.1166, 0.593 -0.5844 4.1197, 0.6478 -0.5227 4.1228, 0.6963 -0.4559 4.1259, 0.7728 -0.3099 4.1321, 0.7998 -0.2321 4.1352, 0.8024 -0.2328 4.1449, 0.7753 -0.3109 4.1418, 0.8188 -0.1519 4.1383, 0.8296 -0.0702 4.1414, 0.8322 0.0123 4.1445, 0.8269 0.0947 4.1476, 0.8136 0.1761 4.1507, 0.7924 0.2558 4.1538, 0.8162 0.1767 4.1604, 0.7634 0.333 4.1569, 0.7267 0.4067 4.16, 0.6827 0.4765 4.1631, 0.632 0.5416 4.1662, 0.5146 0.6577 4.1821, 0.5771 0.6034 4.179, -0.6852 0.4782 4.0362, -0.7291 0.4081 4.0393, -0.7656 0.3339 4.0424, -0.7947 0.2565 4.0455, -0.8161 0.1765 4.0486, -0.8352 0.0122 4.0548, -0.8325 -0.0704 4.0579, -0.8215 -0.1524 4.0611, -0.8022 -0.2328 4.0642, -0.6986 -0.4576 4.0735, -0.5951 -0.5865 4.0797, -0.5342 -0.6424 4.0828, -0.468 -0.6919 4.0859, -0.3971 -0.7346 4.089, -0.3223 -0.7703 4.0921, -0.2445 -0.7985 4.0952, -0.1643 -0.819 4.0983, -0.0826 -0.8314 4.1014, -0.0 -0.8355 4.1045, 0.2447 -0.7984 4.1138, 0.3973 -0.7348 4.12, 0.4681 -0.6921 4.1231, 0.5342 -0.6424 4.1263, 0.5949 -0.5863 4.1294, 0.6499 -0.5244 4.1325, 0.6986 -0.4574 4.1356, 0.7405 -0.386 4.1387, 0.8215 -0.1524 4.148, 0.8323 -0.0704 4.1511, 0.835 0.0123 4.1542, 0.8296 0.095 4.1573, 0.795 0.2566 4.1635, 0.7659 0.334 4.1666, 0.729 0.4081 4.1697, 0.6849 0.478 4.1728, 0.6341 0.5433 4.1759, -0.4447 -0.7072 3.8707, -0.4153 -0.7328 3.8652, -0.3732 -0.7471 3.8738, 0.7865 -0.3014 3.9191, 0.7798 -0.2991 3.926, 0.7466 -0.374 3.9229, 0.8106 -0.229 3.922, 0.7063 -0.4454 3.9199, 0.7193 -0.4381 3.9133, 0.6768 -0.5013 3.9105, -0.5119 -0.6604 3.8676, -0.5739 -0.6071 3.8646, -0.5405 -0.646 3.8597, 0.2484 -0.8048 3.8906, 0.3202 -0.779 3.8935, 0.2639 -0.7922 3.8984, 0.3403 -0.7626 3.9014, 0.3893 -0.7469 3.8964, 0.4135 -0.7257 3.9045, -0.5967 -0.5945 3.8568, 0.4553 -0.7086 3.8993, 0.5175 -0.6646 3.9022, 0.4827 -0.6819 3.9076, 0.0994 -0.8364 3.8851, 0.0228 -0.8352 3.8891, 0.0233 -0.842 3.8823, 0.185 -0.8144 3.8953, 0.1044 -0.8288 3.8922, 0.1746 -0.824 3.8879, -0.648 -0.5381 3.8538, -0.6304 -0.5479 3.8615, -0.6809 -0.4834 3.8584, -0.6939 -0.4772 3.8509, -0.0529 -0.8407 3.8795, -0.059 -0.8334 3.8861, -0.1287 -0.8324 3.8765, -0.3473 -0.7673 3.868, -0.2981 -0.78 3.8768, -0.2034 -0.8173 3.8736, -0.2202 -0.8055 3.8799, -0.2764 -0.7955 3.8708, -0.1403 -0.8234 3.883, -0.725 -0.4143 3.8553, -0.4799 -0.6923 3.8625, -0.7922 -0.265 3.8492, -0.7966 -0.2736 3.8426, -0.7622 -0.3413 3.8523, -0.7598 -0.3401 3.862, -0.7343 -0.4125 3.8481, -0.7686 -0.3445 3.8453, -0.8181 -0.2005 3.8398, -0.8145 -0.1863 3.8461, -0.8329 -0.1256 3.8369, -0.8408 -0.0498 3.834, -0.8349 -0.0241 3.84, -0.8418 0.0264 3.8311, -0.8288 -0.1057 3.843, -0.833 0.0578 3.8369, -0.8359 0.1025 3.8282, -0.8233 0.1392 3.8338, -0.8058 0.2193 3.8308, -0.8039 0.2514 3.8226, -0.8233 0.1777 3.8254, -0.7779 0.3231 3.8199, -0.7807 0.2972 3.8277, -0.748 0.3723 3.8246, -0.7455 0.3921 3.8171, -0.661 0.5106 3.8379, -0.6589 0.5089 3.8282, -0.7057 0.4422 3.8312, -0.708 0.4436 3.8409, -0.707 0.4579 3.8142, -0.708 0.4436 3.8215, -0.661 0.5106 3.8185, -0.6078 0.5728 3.8347, -0.6058 0.571 3.8251, -0.6078 0.5728 3.8155, -0.6129 0.5777 3.8084, -0.6627 0.5199 3.8113, -0.0588 -0.8307 3.8958, 0.5755 -0.6151 3.905, 0.5471 -0.6315 3.9107, 0.6287 -0.5605 3.9078, 0.6062 -0.5749 3.9137, 0.6594 -0.5126 3.9168, 0.7441 -0.3728 3.9326, 0.756 -0.3712 3.9162, 0.828 -0.1548 3.9249, 0.8056 -0.2214 3.9291, 0.8386 -0.0793 3.9277, 0.8235 -0.1416 3.9322, 0.8332 -0.0603 3.9352, 0.8423 -0.0031 3.9304, 0.839 0.0731 3.9332, 0.8349 0.0215 3.9383, 0.829 0.1487 3.936, 0.8286 0.1032 3.9414, 0.8145 0.184 3.9445, 0.8122 0.223 3.9389, 0.7887 0.2955 3.9418, 0.7927 0.263 3.9475, 0.7588 0.3657 3.9447, 0.7634 0.3394 3.9506, 0.7227 0.4328 3.9476, 0.6827 0.4815 3.9568, 0.7266 0.4125 3.9537, 0.6321 0.5459 3.9598, 0.6805 0.4964 3.9504, 0.5735 0.6031 3.9726, 0.5754 0.6051 3.9629, 0.5133 0.6586 3.966, 0.6328 0.5558 3.9531, 0.5799 0.6108 3.9559, 0.5223 0.6607 3.9587, 0.5116 0.6565 3.9757, 0.4464 0.7059 3.969, 0.4449 0.7036 3.9787, 0.4464 0.7059 3.9884, 0.4604 0.7053 3.9616, -0.7456 0.3711 3.8343, -0.7781 0.2963 3.8374, -0.8032 0.2186 3.8405, -0.8206 0.1388 3.8435, -0.8303 0.0576 3.8466, -0.8322 -0.024 3.8497, -0.826 -0.1054 3.8527, -0.8349 -0.0241 3.8594, -0.8119 -0.1857 3.8558, -0.7896 -0.2642 3.8589, -0.7226 -0.4129 3.865, -0.725 -0.4143 3.8747, -0.7622 -0.3413 3.8717, -0.6787 -0.4818 3.8681, -0.6284 -0.5461 3.8712, -0.5721 -0.6051 3.8743, -0.6304 -0.5479 3.8809, -0.5102 -0.6583 3.8773, -0.4432 -0.7049 3.8804, -0.372 -0.7447 3.8835, -0.2971 -0.7774 3.8865, -0.2195 -0.8029 3.8896, -0.1398 -0.8207 3.8927, 0.0227 -0.8325 3.8988, 0.104 -0.8261 3.9019, 0.185 -0.8144 3.9147, 0.1044 -0.8288 3.9116, 0.1844 -0.8117 3.905, 0.263 -0.7896 3.9081, 0.3392 -0.7601 3.9111, 0.4121 -0.7233 3.9142, 0.4811 -0.6797 3.9173, 0.4135 -0.7257 3.9239, 0.5453 -0.6295 3.9203, 0.6042 -0.573 3.9234, 0.6572 -0.5109 3.9265, 0.704 -0.444 3.9296, 0.7773 -0.2982 3.9357, 0.8056 -0.2214 3.9485, 0.7798 -0.2991 3.9454, 0.8029 -0.2207 3.9388, 0.8208 -0.1411 3.9419, 0.8305 -0.0601 3.9449, 0.8322 0.0215 3.948, 0.8259 0.1029 3.9511, 0.8119 0.1834 3.9542, 0.7901 0.2621 3.9572, 0.7609 0.3383 3.9603, 0.7927 0.263 3.9669, 0.7242 0.4112 3.9634, 0.6804 0.48 3.9664, 0.63 0.5441 3.9695, 0.5133 0.6586 3.9854, 0.5754 0.6051 3.9823, -0.748 0.3723 3.844, -0.7807 0.2972 3.8471, -0.8058 0.2193 3.8501, -0.8233 0.1392 3.8532, -0.833 0.0578 3.8563, -0.8288 -0.1057 3.8624, -0.8145 -0.1863 3.8655, -0.7922 -0.265 3.8686, -0.6809 -0.4834 3.8778, -0.5739 -0.6071 3.8839, -0.5119 -0.6604 3.887, -0.4447 -0.7072 3.8901, -0.3732 -0.7471 3.8932, -0.2981 -0.78 3.8962, -0.2202 -0.8055 3.8993, -0.1403 -0.8234 3.9024, -0.059 -0.8334 3.9055, 0.0228 -0.8352 3.9085, 0.2639 -0.7922 3.9178, 0.3403 -0.7626 3.9208, 0.4827 -0.6819 3.927, 0.5471 -0.6315 3.93, 0.6062 -0.5749 3.9331, 0.6594 -0.5126 3.9362, 0.7063 -0.4454 3.9393, 0.7466 -0.374 3.9423, 0.8235 -0.1416 3.9516, 0.8332 -0.0603 3.9546, 0.8349 0.0215 3.9577, 0.8286 0.1032 3.9608, 0.8145 0.184 3.9638, 0.7634 0.3394 3.97, 0.7266 0.4125 3.9731, 0.6827 0.4815 3.9761, 0.6321 0.5459 3.9792, -0.5631 -0.6265 4.2522, -0.5341 -0.6423 4.2603, -0.5951 -0.5864 4.2572, 0.6987 -0.4574 4.313, 0.7117 -0.4504 4.3065, 0.7407 -0.386 4.3161, -0.618 -0.5724 4.2494, -0.6501 -0.5247 4.2541, 0.6675 -0.5135 4.3036, 0.7499 -0.3835 4.3095, 0.7819 -0.3134 4.3124, 0.5034 -0.6754 4.2952, 0.4681 -0.6921 4.3006, 0.4396 -0.7186 4.2924, 0.563 -0.6265 4.298, 0.5341 -0.6423 4.3037, -0.802 -0.2328 4.2416, -0.8258 -0.1658 4.2321, -0.8072 -0.2406 4.2349, -0.7499 -0.3834 4.2406, -0.7749 -0.311 4.2447, -0.7818 -0.3133 4.2377, 0.3974 -0.7349 4.2975, 0.3227 -0.7704 4.2944, 0.372 -0.7557 4.2895, 0.1533 -0.8281 4.2807, 0.1645 -0.8186 4.2882, 0.0826 -0.831 4.2851, 0.2283 -0.8107 4.2835, 0.3014 -0.7865 4.2865, -0.6987 -0.4577 4.2509, -0.7404 -0.3862 4.2478, -0.7117 -0.4504 4.2435, -0.3721 -0.7556 4.2606, -0.3015 -0.7864 4.2635, -0.3223 -0.7704 4.2696, -0.8354 0.0122 4.2323, -0.8398 0.0643 4.2235, -0.8422 -0.0127 4.2264, -0.1644 -0.8192 4.2758, -0.2445 -0.7987 4.2727, -0.2284 -0.8107 4.2665, -0.7724 -0.31 4.2544, -0.0826 -0.8314 4.2789, -0.1533 -0.8283 4.2694, -0.6677 -0.5135 4.2465, -0.4678 -0.6918 4.2634, -0.5034 -0.6753 4.255, -0.8376 -0.0896 4.2293, -0.8214 -0.1523 4.2385, -0.8326 -0.0704 4.2354, -0.814 0.2161 4.2176, -0.7947 0.2564 4.223, -0.7909 0.2895 4.2148, -0.8299 0.0948 4.2292, -0.7655 0.3339 4.2199, -0.7612 0.3606 4.212, -0.8304 0.1408 4.2205, -0.8162 0.1764 4.2261, -0.7251 0.4287 4.2092, -0.7289 0.4081 4.2168, -0.6851 0.4782 4.2137, -0.6345 0.5436 4.2106, -0.6829 0.4932 4.2064, -0.5775 0.6035 4.2075, -0.6349 0.5535 4.2035, -0.5817 0.6092 4.2005, -0.5148 0.6575 4.2044, -0.5756 0.6015 4.2172, -0.5235 0.6597 4.1976, -0.4611 0.7048 4.1947, -0.4471 0.7052 4.2206, -0.5148 0.6575 4.2238, -0.4456 0.7029 4.211, -0.4471 0.7052 4.2013, -0.5131 0.6554 4.2141, -0.397 -0.7346 4.2665, -0.4396 -0.7184 4.2578, -0.077 -0.8388 4.2723, -0.0 -0.8326 4.2917, -0.0 -0.8353 4.282, 0.0 -0.8423 4.2751, 0.077 -0.8387 4.2779, 0.2448 -0.7984 4.2913, 0.5949 -0.5861 4.3069, 0.6178 -0.5724 4.3008, 0.6499 -0.5243 4.31, 0.7383 -0.3848 4.3258, 0.7755 -0.311 4.3193, 0.8073 -0.2406 4.3153, 0.8258 -0.1658 4.3181, 0.8024 -0.2329 4.3224, 0.8375 -0.0897 4.3209, 0.8213 -0.1523 4.3255, 0.8321 -0.0703 4.3286, 0.8421 -0.0128 4.3237, 0.8398 0.0642 4.3266, 0.8349 0.0125 4.3317, 0.8304 0.1407 4.3295, 0.8296 0.0951 4.3348, 0.8164 0.1768 4.3379, 0.8141 0.216 4.3324, 0.791 0.2895 4.3354, 0.7951 0.2567 4.341, 0.7613 0.3606 4.3382, 0.7658 0.334 4.3441, 0.7251 0.4286 4.341, 0.6848 0.478 4.3503, 0.7289 0.408 4.3472, 0.5771 0.6036 4.3565, 0.6319 0.5416 4.3631, 0.634 0.5434 4.3534, 0.6828 0.4931 4.3438, 0.6349 0.5534 4.3466, 0.5817 0.6091 4.3495, 0.5236 0.6598 4.3525, 0.513 0.6558 4.3693, 0.5147 0.6579 4.3596, 0.4472 0.7058 4.3627, 0.4457 0.7035 4.3724, 0.4472 0.7058 4.3821, 0.4611 0.7049 4.3554, -0.6345 0.5436 4.23, -0.5775 0.6035 4.2269, -0.6324 0.5418 4.2203, -0.6829 0.4767 4.2234, -0.7265 0.4068 4.2265, -0.763 0.3328 4.2296, -0.7921 0.2555 4.2327, -0.8135 0.1758 4.2358, -0.8271 0.0945 4.2389, -0.8162 0.1764 4.2455, -0.8327 0.0122 4.242, -0.8299 -0.0701 4.2451, -0.8187 -0.1518 4.2482, -0.7994 -0.232 4.2513, -0.7404 -0.3862 4.2672, -0.7749 -0.311 4.2641, -0.7379 -0.385 4.2575, -0.6964 -0.4562 4.2606, -0.648 -0.523 4.2637, -0.5932 -0.5845 4.2669, -0.5324 -0.6402 4.27, -0.4663 -0.6895 4.2731, -0.3957 -0.7322 4.2761, -0.3212 -0.7679 4.2793, -0.2437 -0.7961 4.2824, -0.1638 -0.8165 4.2855, -0.0824 -0.8287 4.2886, 0.0823 -0.8283 4.2948, 0.0826 -0.831 4.3045, -0.0 -0.8353 4.3014, 0.1639 -0.816 4.2979, 0.244 -0.7958 4.301, 0.3216 -0.7679 4.3041, 0.3961 -0.7325 4.3072, 0.3227 -0.7704 4.3138, 0.4666 -0.6898 4.3103, 0.5323 -0.6402 4.3134, 0.5929 -0.5842 4.3165, 0.6478 -0.5225 4.3196, 0.6964 -0.4559 4.3227, 0.7729 -0.31 4.3289, 0.7998 -0.2321 4.332, 0.8213 -0.1523 4.3448, 0.8024 -0.2329 4.3417, 0.8186 -0.1519 4.3352, 0.8294 -0.0701 4.3383, 0.8322 0.0124 4.3414, 0.8269 0.0948 4.3445, 0.8137 0.1762 4.3476, 0.8296 0.0951 4.3541, 0.7925 0.2559 4.3507, 0.7633 0.3329 4.3538, 0.7265 0.4067 4.3569, 0.6825 0.4764 4.36, 0.5752 0.6016 4.3662, 0.5147 0.6579 4.379, 0.5771 0.6036 4.3759, -0.6851 0.4782 4.2331, -0.7289 0.4081 4.2362, -0.7655 0.3339 4.2393, -0.7947 0.2564 4.2424, -0.8299 0.0948 4.2486, -0.8354 0.0122 4.2517, -0.8326 -0.0704 4.2548, -0.8214 -0.1523 4.2579, -0.802 -0.2328 4.261, -0.6987 -0.4577 4.2703, -0.6501 -0.5247 4.2734, -0.5951 -0.5864 4.2765, -0.5341 -0.6423 4.2796, -0.4678 -0.6918 4.2828, -0.397 -0.7346 4.2858, -0.3223 -0.7704 4.2889, -0.2445 -0.7987 4.292, -0.1644 -0.8192 4.2952, -0.0826 -0.8314 4.2983, 0.1645 -0.8186 4.3076, 0.2448 -0.7984 4.3107, 0.3974 -0.7349 4.3169, 0.4681 -0.6921 4.32, 0.5341 -0.6423 4.3231, 0.5949 -0.5861 4.3262, 0.6499 -0.5243 4.3293, 0.6987 -0.4574 4.3324, 0.7407 -0.386 4.3355, 0.7755 -0.311 4.3386, 0.8321 -0.0703 4.348, 0.8349 0.0125 4.3511, 0.8164 0.1768 4.3572, 0.7951 0.2567 4.3604, 0.7658 0.334 4.3635, 0.7289 0.408 4.3666, 0.6847 0.478 4.3697, 0.634 0.5434 4.3728, -0.4461 0.7059 4.3981, -0.4603 0.7053 4.3915, -0.7871 -0.2998 4.434, -0.7814 -0.2944 4.4409, -0.8109 -0.2275 4.4312, -0.8239 -0.137 4.4348, -0.8282 -0.1533 4.4284, -0.8064 -0.2167 4.4378, -0.749 -0.3694 4.444, -0.7568 -0.3696 4.4369, -0.7204 -0.4365 4.4398, -0.7096 -0.4408 4.447, -0.6107 -0.5701 4.4532, -0.6301 -0.559 4.4456, -0.5771 -0.6136 4.4483, -0.6634 -0.5079 4.4501, -0.678 -0.4998 4.4427, -0.5521 -0.6267 4.4562, -0.5192 -0.6631 4.451, -0.4882 -0.6775 4.4593, -0.3225 -0.778 4.4596, -0.2716 -0.79 4.4685, -0.3473 -0.7595 4.4654, -0.3915 -0.7457 4.4567, -0.4197 -0.7218 4.4623, -0.4572 -0.7073 4.4538, -0.251 -0.8041 4.4625, -0.1934 -0.8128 4.4715, -0.1773 -0.8235 4.4654, -0.1133 -0.8278 4.4746, -0.0263 -0.8419 4.4709, 0.0494 -0.8336 4.4807, -0.1928 -0.8102 4.4812, -0.1022 -0.8361 4.4682, -0.0321 -0.8347 4.4776, -0.113 -0.8251 4.4843, -0.032 -0.8319 4.4873, 0.0493 -0.8309 4.4904, 0.0494 -0.8336 4.5001, -0.0321 -0.8347 4.497, -0.7788 -0.2935 4.4506, -0.8336 -0.0561 4.4317, -0.8423 -0.0018 4.4229, -0.8387 -0.0779 4.4257, -0.8352 0.0254 4.4287, -0.8286 0.1066 4.4256, -0.839 0.0742 4.42, -0.8289 0.1497 4.4171, -0.814 0.1869 4.4226, -0.7917 0.2654 4.4195, -0.8119 0.2239 4.4142, -0.762 0.3414 4.4164, -0.7884 0.2963 4.4113, -0.7584 0.3663 4.4085, -0.7252 0.4142 4.4134, -0.6816 0.4831 4.4103, -0.7222 0.4334 4.4058, -0.6314 0.5473 4.4072, -0.6802 0.4968 4.403, -0.6326 0.5562 4.4002, -0.5749 0.6061 4.4042, -0.513 0.6591 4.4011, -0.5797 0.6111 4.3973, -0.5221 0.6609 4.3944, -0.5731 0.6041 4.4139, -0.4461 0.7059 4.4174, -0.4446 0.7036 4.4078, -0.5113 0.6569 4.4108, -0.513 0.6591 4.4205, -0.6293 0.5455 4.4169, -0.6314 0.5473 4.4267, -0.5749 0.6061 4.4236, -0.6794 0.4815 4.42, -0.7229 0.4129 4.4231, -0.7596 0.3403 4.4261, -0.7891 0.2645 4.4292, -0.8113 0.1862 4.4322, -0.8259 0.1063 4.4353, -0.814 0.1869 4.4419, -0.8324 0.0253 4.4384, -0.8309 -0.0559 4.4414, -0.8212 -0.1366 4.4445, -0.8038 -0.216 4.4476, -0.7466 -0.3682 4.4537, -0.749 -0.3694 4.4633, -0.7814 -0.2944 4.4603, -0.7073 -0.4393 4.4567, -0.6613 -0.5063 4.4598, -0.6088 -0.5682 4.4628, -0.5503 -0.6247 4.4659, -0.4866 -0.6752 4.469, -0.4183 -0.7195 4.472, -0.3461 -0.757 4.4751, -0.2707 -0.7874 4.4782, -0.3473 -0.7595 4.4848, -0.6816 0.4831 4.4297, -0.7252 0.4142 4.4328, -0.7621 0.3414 4.4358, -0.7917 0.2654 4.4389, -0.8286 0.1066 4.445, -0.8352 0.0254 4.4481, -0.8336 -0.0561 4.4511, -0.8239 -0.137 4.4542, -0.8064 -0.2167 4.4572, -0.7096 -0.4408 4.4664, -0.6634 -0.5079 4.4695, -0.6107 -0.5701 4.4726, -0.5521 -0.6267 4.4756, -0.4882 -0.6775 4.4787, -0.4197 -0.7218 4.4817, -0.2716 -0.79 4.4878, -0.1934 -0.8129 4.4909, -0.1133 -0.8278 4.494, 0.7392 -0.6499 3.8262, 0.7943 -0.5812 3.829, 0.7336 -0.5436 3.8696, -0.048 -0.9831 3.7981, 0.0402 -0.9834 3.8008, 0.0252 -0.9132 3.8412, 0.1076 -0.907 3.8441, -0.1395 -0.9025 3.8356, -0.1359 -0.9748 3.7952, -0.0574 -0.9117 3.8384, -0.2227 -0.9587 3.7924, -0.2205 -0.886 3.8327, -0.3072 -0.9351 3.7896, -0.2998 -0.8623 3.8299, -0.3891 -0.9041 3.7868, -0.3767 -0.8317 3.8271, -0.4505 -0.7944 3.8242, -0.4683 -0.8656 3.784, -0.5206 -0.7506 3.8214, -0.6148 -0.7686 3.7784, -0.5439 -0.8203 3.7812, -0.6807 -0.7109 3.7756, -0.5863 -0.7006 3.8185, -0.6471 -0.6447 3.8157, -0.7025 -0.5834 3.8129, -0.7412 -0.6476 3.7729, -0.8863 -0.428 3.7644, -0.8333 -0.3732 3.8044, -0.9214 -0.3462 3.7616, -0.796 -0.4471 3.8072, -0.8443 -0.5059 3.7673, -0.7523 -0.5173 3.81, -0.7959 -0.5791 3.7701, -0.8639 -0.2964 3.8015, -0.9841 -0.0 3.7501, -0.9804 -0.0874 3.7531, -0.9117 -0.054 3.793, -0.9033 -0.1362 3.7958, -0.9126 0.0287 3.7902, -0.9686 -0.1748 3.756, -0.8873 -0.2172 3.7987, -0.9489 -0.2614 3.7588, -0.9061 0.1112 3.7873, -0.9804 0.0874 3.7476, -0.8924 0.1928 3.7845, -0.9687 0.1741 3.7448, -0.9755 0.1309 3.7462, -0.9833 0.0438 3.749, -0.96 0.217 3.7434, -0.9494 0.2594 3.742, -0.8435 0.3506 3.7788, -0.8715 0.2728 3.7817, -0.8085 0.4254 3.776, -0.8885 0.4234 3.7364, -0.8474 0.5006 3.7337, -0.8689 0.4624 3.735, -0.9065 0.3834 3.7378, -0.7667 0.4966 3.7731, -0.9226 0.3428 3.7392, -0.937 0.3014 3.7406, -0.7996 0.5738 3.7309, -0.8244 0.5377 3.7323, -0.7185 0.5637 3.7703, -0.6646 0.6264 3.7675, -0.7456 0.6425 3.7281, -0.7163 0.6751 3.7267, 0.1276 -0.9759 3.8036, 0.1891 -0.8934 3.8469, 0.2137 -0.9608 3.8064, 0.2981 -0.938 3.8092, 0.2691 -0.8724 3.8497, 0.3806 -0.9077 3.812, 0.347 -0.8445 3.8526, 0.4221 -0.8097 3.8554, 0.4607 -0.8697 3.8148, 0.5376 -0.8244 3.8177, 0.4937 -0.7684 3.8583, 0.6103 -0.7722 3.8205, 0.5612 -0.7208 3.8611, 0.624 -0.6672 3.8639, 0.6777 -0.7138 3.8234, 0.6816 -0.6079 3.8668, 0.7797 -0.4749 3.8724, 0.843 -0.5081 3.8318, 0.8852 -0.4303 3.8346, 0.9206 -0.3482 3.8375, 0.8195 -0.4024 3.8753, 0.9484 -0.2631 3.8403, 0.8527 -0.3267 3.8781, 0.879 -0.2483 3.881, 0.9684 -0.176 3.8431, 0.898 -0.1679 3.8838, 0.9094 -0.0861 3.8866, 0.9842 0.0 3.8486, 0.9803 -0.088 3.846, 0.9132 -0.0036 3.8895, 0.9807 0.0839 3.8515, 0.9096 0.079 3.8923, 0.8986 0.1611 3.8951, 0.97 0.1672 3.8541, 0.9521 0.2494 3.8568, 0.8805 0.2418 3.898, 0.9272 0.3303 3.8595, 0.8552 0.3205 3.9008, 0.8229 0.3966 3.9037, 0.8953 0.4088 3.8622, 0.8569 0.4841 3.8649, 0.7838 0.4693 3.9065, 0.8124 0.5557 3.8676, 0.738 0.5381 3.9093, 0.7618 0.6232 3.8703, 0.6862 0.6025 3.9122, 0.7056 0.6861 3.873, 0.6287 0.662 3.915, -0.7734 0.6088 3.7295, 0.0834 -0.9095 4.0401, 0.1661 -0.8978 4.043, -0.0 -0.9135 4.0372, 0.2475 -0.8788 4.0458, -0.0834 -0.9097 4.0344, 0.4035 -0.8192 4.0516, 0.3269 -0.8525 4.0487, 0.4768 -0.7791 4.0544, 0.6105 -0.6794 4.0602, 0.546 -0.7324 4.0573, 0.6698 -0.6207 4.063, 0.813 -0.4156 4.0716, 0.7715 -0.4882 4.0688, 0.7236 -0.5567 4.0659, 0.8478 -0.3397 4.0745, 0.8755 -0.2609 4.0774, 0.8956 -0.1799 4.0802, 0.9081 -0.0973 4.0831, 0.9002 0.1526 4.0917, 0.9103 0.0696 4.0888, 0.913 -0.0139 4.086, 0.8826 0.2343 4.0946, 0.8578 0.3141 4.0974, 0.8256 0.3911 4.1003, 0.7864 0.4647 4.1032, 0.6305 0.6603 4.1118, 0.6883 0.5998 4.1089, 0.7404 0.5345 4.106, -0.1661 -0.8981 4.0315, -0.2474 -0.879 4.0286, -0.3267 -0.8525 4.0258, -0.4033 -0.8191 4.0229, -0.4766 -0.7789 4.02, -0.5459 -0.7323 4.0172, -0.6106 -0.6795 4.0143, -0.67 -0.6209 4.0114, -0.7237 -0.557 4.0086, -0.7714 -0.4884 4.0057, -0.8128 -0.4157 4.0028, -0.8475 -0.3396 4.0, -0.8752 -0.2608 3.9971, -0.8956 -0.1798 3.9942, -0.9083 -0.0974 3.9914, -0.9133 -0.014 3.9885, -0.9105 0.0695 3.9856, -0.9002 0.1524 3.9828, -0.8824 0.2341 3.9799, -0.8575 0.3139 3.977, -0.8254 0.391 3.9742, -0.7864 0.4648 3.9713, -0.7407 0.5346 3.9684, -0.6886 0.5999 3.9656, -0.6307 0.6602 3.9627, -0.693 0.6988 3.9222, -0.6689 0.7218 3.9211, -0.5676 0.715 3.9598, 0.327 -0.8526 4.2455, -0.0 -0.9133 4.2341, 0.0834 -0.9093 4.2369, -0.1661 -0.8983 4.2283, -0.2474 -0.8791 4.2255, 0.1662 -0.8977 4.2398, 0.2476 -0.8788 4.2427, 0.4036 -0.8194 4.2484, 0.5459 -0.7324 4.2541, 0.4768 -0.7792 4.2513, 0.6103 -0.6793 4.257, 0.6698 -0.6205 4.2599, 0.7716 -0.4881 4.2656, 0.7237 -0.5566 4.2628, 0.8132 -0.4156 4.2685, 0.848 -0.3397 4.2713, 0.8954 -0.1799 4.2771, 0.8755 -0.2609 4.2742, 0.9079 -0.0973 4.28, 0.9003 0.1527 4.2885, 0.9103 0.0698 4.2857, 0.9128 -0.0138 4.2828, 0.8579 0.3141 4.2943, 0.8828 0.2344 4.2914, 0.8255 0.391 4.2972, 0.7862 0.4647 4.3, 0.6305 0.6604 4.3086, 0.6882 0.5999 4.3058, 0.7402 0.5345 4.3029, -0.0835 -0.9097 4.2312, -0.3266 -0.8526 4.2226, -0.4032 -0.8191 4.2197, -0.4765 -0.7788 4.2169, -0.5458 -0.7321 4.214, -0.6106 -0.6794 4.2111, -0.6701 -0.6209 4.2083, -0.7239 -0.5571 4.2054, -0.7716 -0.4885 4.2025, -0.8128 -0.4158 4.1997, -0.8474 -0.3397 4.1968, -0.875 -0.2608 4.1939, -0.8954 -0.1798 4.1911, -0.9083 -0.0973 4.1882, -0.9134 -0.014 4.1853, -0.9107 0.0695 4.1825, -0.9003 0.1524 4.1796, -0.8824 0.234 4.1767, -0.8574 0.3138 4.1739, -0.8252 0.391 4.171, -0.7863 0.4648 4.1681, -0.7407 0.5348 4.1653, -0.6887 0.6001 4.1624, -0.6308 0.6603 4.1595, -0.5677 0.715 4.1567, -0.8204 -0.401 4.3959, -0.8531 -0.3251 4.3931, -0.781 -0.4736 4.3988, -0.7352 -0.5422 4.4016, -0.6833 -0.6063 4.4045, -0.879 -0.2467 4.3903, -0.4955 -0.7668 4.413, -0.5628 -0.7189 4.4101, -0.6256 -0.6653 4.4073, -0.4241 -0.8085 4.4158, -0.3494 -0.8437 4.4186, -0.2719 -0.872 4.4215, -0.1921 -0.8931 4.4243, -0.1108 -0.9067 4.4271, -0.0285 -0.9128 4.43, -0.8979 -0.1662 4.3874, -0.9095 -0.0845 4.3846, -0.9135 -0.0021 4.3818, -0.9099 0.0803 4.3789, -0.8987 0.1621 4.3761, -0.8802 0.2426 4.3733, -0.8546 0.3211 4.3704, -0.8221 0.3971 4.3676, -0.7831 0.4699 4.3648, -0.7377 0.5388 4.362, -0.6861 0.6032 4.3591, -0.6288 0.6625 4.3563, -0.5662 0.7164 4.3535, 0.1694 -0.8251 3.5272, 0.2563 -0.8766 3.5707, 0.1755 -0.8963 3.5678, 0.0939 -0.837 3.5244, 0.2436 -0.8064 3.53, 0.3156 -0.7809 3.5329, 0.335 -0.8496 3.5735, 0.4109 -0.8156 3.5764, 0.3851 -0.7491 3.5358, 0.6159 -0.6744 3.585, 0.552 -0.7277 3.5821, 0.514 -0.6672 3.5416, 0.4835 -0.7749 3.5792, 0.4514 -0.711 3.5387, 0.7546 -0.3742 3.5556, 0.8158 -0.4105 3.5964, 0.7176 -0.4411 3.5527, 0.6261 -0.5634 3.5471, 0.6747 -0.6155 3.5878, 0.5724 -0.6178 3.5444, 0.7279 -0.5516 3.5907, 0.6746 -0.5044 3.5499, 0.7751 -0.4831 3.5935, 0.7854 -0.3042 3.5586, 0.8767 -0.2558 3.6021, 0.8498 -0.3346 3.5992, 0.8097 -0.2318 3.5615, 0.9086 -0.0927 3.6078, 0.8964 -0.175 3.6049, 0.8274 -0.1574 3.5643, 0.8383 -0.0818 3.5671, 0.9132 -0.0097 3.6106, 0.9103 0.0735 3.6135, 0.8423 -0.0055 3.5698, 0.8394 0.0709 3.5726, 0.8999 0.156 3.6164, 0.8294 0.1467 3.5755, 0.7232 0.4317 3.587, 0.7851 0.4666 3.6278, 0.7593 0.3644 3.5842, 0.882 0.2373 3.6192, 0.8127 0.2213 3.5785, 0.8567 0.3165 3.6221, 0.9518 0.2506 3.6599, 0.7892 0.294 3.5814, 0.8243 0.3932 3.6249, 0.6334 0.5553 3.5926, 0.6876 0.6012 3.6335, 0.6811 0.4956 3.5898, 0.7394 0.5361 3.6306, 0.5227 0.6605 3.5983, 0.5672 0.7158 3.6392, 0.5804 0.6104 3.5954, 0.63 0.6612 3.6363, 0.4606 0.7051 3.6013, 0.0932 -0.9085 3.565, 0.0177 -0.8421 3.5216, 0.0101 -0.9132 3.5621, -0.0731 -0.9103 3.5593, -0.0587 -0.8402 3.5188, -0.1556 -0.9 3.5564, -0.1346 -0.8315 3.5158, -0.2107 -0.8207 3.5158, -0.2369 -0.8821 3.5535, -0.3161 -0.8568 3.5507, -0.2854 -0.8029 3.5158, -0.3928 -0.8245 3.5478, -0.3582 -0.7786 3.5158, -0.4286 -0.7478 3.5158, -0.4662 -0.7853 3.545, -0.5358 -0.7397 3.5421, -0.4959 -0.7108 3.5158, -0.6008 -0.6879 3.5393, -0.5596 -0.668 3.5158, -0.6194 -0.6198 3.5158, -0.6609 -0.6303 3.5364, -0.7155 -0.5675 3.5336, -0.6747 -0.5665 3.5158, -0.7251 -0.5086 3.5158, -0.7642 -0.5001 3.5307, -0.7432 -0.6453 3.5758, -0.7979 -0.5761 3.5729, -0.846 -0.5028 3.5701, -0.7703 -0.4465 3.5158, -0.8439 -0.3119 3.5158, -0.8874 -0.4256 3.5674, -0.9218 -0.345 3.5647, -0.9489 -0.2612 3.5619, -0.8717 -0.2404 3.5158, -0.9685 -0.1752 3.5591, -0.8935 -0.1667 3.5158, -0.9088 -0.0915 3.5158, -0.9803 -0.0879 3.5562, -0.9842 0.0 3.5535, -0.9179 -0.0152 3.5158, -0.9806 0.084 3.5507, -0.9204 0.0615 3.5158, -0.9166 0.1382 3.5158, -0.9698 0.1678 3.548, -0.9518 0.2505 3.5454, -0.9065 0.2144 3.5158, -0.9269 0.3312 3.5427, -0.8901 0.2894 3.5158, -0.8676 0.3628 3.5158, -0.8952 0.409 3.54, -0.8572 0.4836 3.5373, -0.8391 0.4341 3.5158, -0.813 0.5547 3.5346, -0.805 0.5029 3.5158, -0.7654 0.5687 3.5158, -0.7626 0.6221 3.5319, -0.7062 0.6854 3.5292, -0.7206 0.6311 3.5158, -0.671 0.6897 3.5158, -0.81 -0.3808 3.5158, -0.682 -0.7096 3.5787, -0.615 -0.7684 3.5816, -0.5428 -0.821 3.5843, -0.4664 -0.8666 3.5871, -0.3869 -0.9049 3.5899, -0.3049 -0.9358 3.5927, -0.2201 -0.9593 3.5956, -0.1326 -0.9753 3.5985, -0.0434 -0.9833 3.6013, 0.0463 -0.9831 3.6041, 0.1354 -0.9748 3.6069, 0.2229 -0.9586 3.6097, 0.3077 -0.9349 3.6125, 0.3895 -0.9039 3.6154, 0.4685 -0.8656 3.6183, 0.5441 -0.8201 3.621, 0.6158 -0.7677 3.6238, 0.6825 -0.709 3.6266, 0.7435 -0.6448 3.6294, 0.7982 -0.5758 3.6322, 0.8463 -0.5024 3.6351, 0.8877 -0.425 3.6379, 0.9221 -0.3441 3.6407, 0.9491 -0.2605 3.6434, 0.9685 -0.1748 3.6462, 0.9802 -0.0878 3.649, 0.9842 -0.0 3.6519, 0.9807 0.0839 3.6546, 0.9699 0.1677 3.6573, 0.9266 0.3315 3.6626, 0.8948 0.4097 3.6652, 0.8568 0.4842 3.6679, 0.8126 0.5552 3.6706, 0.7624 0.6225 3.6733, 0.7062 0.6856 3.6761, -0.5678 0.7154 3.6812, -0.5236 0.6598 3.6403, -0.6308 0.6605 3.6841, -0.1662 -0.898 3.7529, -0.1533 -0.8282 3.7121, -0.0834 -0.9094 3.7557, -0.3015 -0.7865 3.7063, -0.2284 -0.8107 3.7092, -0.2476 -0.8791 3.75, 0.1662 -0.898 3.7643, 0.0835 -0.9095 3.7615, 0.077 -0.8388 3.7205, 0.0 -0.9133 3.7586, -0.0 -0.8423 3.7177, -0.077 -0.8387 3.7149, 0.1533 -0.8283 3.7234, 0.3014 -0.7865 3.7293, 0.3269 -0.8528 3.7701, 0.2283 -0.8108 3.7263, 0.372 -0.7556 3.7322, 0.4395 -0.7185 3.735, 0.4766 -0.7791 3.7758, 0.4035 -0.8194 3.7729, 0.2476 -0.8791 3.7672, 0.5458 -0.7322 3.7787, 0.67 -0.6207 3.7844, 0.563 -0.6266 3.7406, 0.6179 -0.5725 3.7434, 0.5034 -0.6753 3.7378, 0.6104 -0.6793 3.7815, 0.7239 -0.5569 3.7873, 0.6676 -0.5136 3.7464, 0.7718 -0.4884 3.7902, 0.8258 -0.1658 3.7607, 0.8376 -0.0897 3.7635, 0.9081 -0.0972 3.8045, 0.7117 -0.4504 3.7493, 0.7499 -0.3835 3.7523, 0.8131 -0.4158 3.793, 0.8477 -0.3397 3.7959, 0.7818 -0.3133 3.7551, 0.8954 -0.1798 3.8016, 0.8753 -0.2609 3.7988, 0.8072 -0.2406 3.7579, 0.8422 -0.0128 3.7664, 0.9106 0.0697 3.8102, 0.9132 -0.0138 3.8074, 0.8398 0.0642 3.7694, 0.9005 0.1526 3.8131, 0.8827 0.2343 3.816, 0.8304 0.1407 3.7723, 0.8141 0.216 3.7752, 0.791 0.2895 3.778, 0.8576 0.3139 3.8188, 0.8253 0.391 3.8217, 0.7612 0.3606 3.7808, 0.6829 0.4931 3.7865, 0.635 0.5534 3.7894, 0.6884 0.6001 3.8303, 0.7251 0.4286 3.7836, 0.7404 0.5347 3.8274, 0.7862 0.4648 3.8246, 0.5817 0.6091 3.7924, 0.6307 0.6605 3.8332, 0.4611 0.7048 3.7981, 0.5236 0.6597 3.7953, 0.5677 0.7154 3.836, -0.3269 -0.8528 3.7471, -0.3721 -0.7557 3.7034, -0.4034 -0.8193 3.7443, -0.4766 -0.779 3.7414, -0.4396 -0.7185 3.7004, -0.5035 -0.6753 3.6976, -0.5458 -0.7322 3.7385, -0.6105 -0.6793 3.7357, -0.563 -0.6264 3.6948, -0.67 -0.6207 3.7328, -0.6179 -0.5723 3.692, -0.6676 -0.5135 3.6892, -0.7239 -0.5568 3.7299, -0.7717 -0.4884 3.7271, -0.7117 -0.4503 3.6863, -0.8132 -0.4158 3.7242, -0.75 -0.3834 3.6833, -0.7819 -0.3133 3.6804, -0.8478 -0.3398 3.7213, -0.8752 -0.2609 3.7185, -0.8073 -0.2406 3.6775, -0.8954 -0.1798 3.7156, -0.8258 -0.1658 3.6747, -0.8375 -0.0896 3.6719, -0.9081 -0.0972 3.7127, -0.9132 -0.0138 3.7099, -0.8421 -0.0127 3.6691, -0.9106 0.0697 3.707, -0.8398 0.0643 3.6662, -0.8304 0.1408 3.6633, -0.9004 0.1526 3.7041, -0.8827 0.2343 3.7013, -0.8141 0.2161 3.6603, -0.791 0.2896 3.6574, -0.8577 0.3139 3.6984, -0.8254 0.391 3.6955, -0.7612 0.3607 3.6546, -0.725 0.4287 3.6518, -0.7862 0.4648 3.6927, -0.6828 0.4931 3.649, -0.7404 0.5347 3.6898, -0.6885 0.6001 3.6869, -0.6349 0.5535 3.6462, -0.5816 0.6092 3.6433, -0.4612 0.7049 3.6374, -0.669 0.7219 3.7245, -0.693 0.6989 3.7256, -0.6112 0.6786 3.88, -0.5637 0.6258 3.8392, -0.5106 0.6698 3.8367, -0.4542 0.7093 3.8341, 0.8807 0.0566 3.5158, 0.8406 0.0534 3.539, 0.8781 -0.0146 3.5158, 0.8321 0.131 3.5419, 0.8777 0.1278 3.5158, 0.8419 -0.0246 3.536, 0.8689 0.1985 3.5158, 0.8163 0.2074 3.5447, 0.8696 -0.0853 3.5158, 0.836 -0.1024 3.533, 0.8554 -0.1552 3.5158, 0.8356 -0.2236 3.5158, 0.8229 -0.1794 3.5301, 0.8028 -0.2548 3.5272, 0.8101 -0.2901 3.5158, 0.7758 -0.328 3.5243, 0.7792 -0.3544 3.5158, 0.7421 -0.3984 3.5215, 0.743 -0.4158 3.5158, 0.7019 -0.4739 3.5158, 0.7021 -0.4654 3.5187, 0.6559 -0.5284 3.5157, 0.7936 0.2821 3.5475, 0.8345 0.3368 3.5158, 0.8037 0.3726 3.5254, 0.7788 0.4678 3.5158, 0.7656 0.4453 3.5283, 0.8093 0.4034 3.5158, 0.721 0.5142 3.5312, 0.728 0.4235 3.5533, 0.7433 0.5297 3.5158, 0.7031 0.5885 3.5158, 0.6703 0.5788 3.5341, 0.6857 0.4891 3.5563, 0.6139 0.6385 3.537, 0.6585 0.6441 3.5158, 0.6375 0.5505 3.5593, 0.5523 0.6927 3.54, 0.6097 0.6961 3.5158, 0.5251 0.6586 3.565, 0.4619 0.7043 3.5679, 0.8545 0.2683 3.5158, 0.7641 0.3543 3.5504, 0.5839 0.6072 3.5622, 0.0834 -0.9094 3.6465, -0.2475 -0.879 3.635, 0.1661 -0.8979 3.6493, 0.2476 -0.8789 3.6522, 0.3269 -0.8528 3.6551, 0.4035 -0.8195 3.6579, 0.4766 -0.7792 3.6608, 0.5457 -0.7323 3.6637, 0.6103 -0.6792 3.6665, 0.6698 -0.6205 3.6694, 0.7238 -0.5568 3.6723, 0.7718 -0.4884 3.6751, 0.8133 -0.4159 3.678, 0.8478 -0.3399 3.6809, 0.8751 -0.2609 3.6837, 0.8952 -0.1798 3.6866, 0.9079 -0.0972 3.6895, 0.9006 0.1526 3.6981, 0.9107 0.0697 3.6952, 0.9131 -0.0138 3.6923, 0.8828 0.2342 3.7009, 0.8575 0.3138 3.7038, 0.814 0.2161 3.7418, 0.8304 0.1408 3.7389, 0.8252 0.3909 3.7067, 0.7909 0.2896 3.7447, 0.786 0.4647 3.7095, 0.7612 0.3607 3.7476, 0.7404 0.5347 3.7124, 0.7251 0.4287 3.7506, 0.6886 0.6002 3.7153, 0.6829 0.4932 3.7534, 0.4611 0.7048 3.7647, 0.5235 0.6597 3.7618, 0.6309 0.6606 3.7181, -0.0001 -0.9133 3.6436, -0.0835 -0.9096 3.6407, -0.1662 -0.8981 3.6378, -0.4034 -0.8192 3.6293, -0.3268 -0.8526 3.6321, -0.4767 -0.7789 3.6264, -0.546 -0.7323 3.6235, -0.6106 -0.6794 3.6206, -0.5034 -0.6754 3.6645, -0.67 -0.6207 3.6178, -0.563 -0.6265 3.6616, -0.7238 -0.5568 3.6149, -0.6178 -0.5724 3.6586, -0.7716 -0.4882 3.612, -0.6675 -0.5136 3.6557, -0.8131 -0.4156 3.6092, -0.7117 -0.4504 3.6529, -0.8478 -0.3396 3.6063, -0.7499 -0.3835 3.6501, -0.8754 -0.2608 3.6034, -0.7819 -0.3134 3.6473, -0.8955 -0.1798 3.6006, -0.8073 -0.2406 3.6445, -0.9081 -0.0972 3.5977, -0.8258 -0.1658 3.6415, -0.913 -0.0138 3.5948, -0.8375 -0.0897 3.6386, -0.9104 0.0697 3.592, -0.8421 -0.0128 3.6357, -0.9003 0.1527 3.5891, -0.8398 0.0642 3.6328, -0.8828 0.2344 3.5862, -0.8304 0.1407 3.63, -0.8142 0.216 3.6272, -0.8578 0.314 3.5834, -0.8254 0.391 3.5805, -0.7861 0.4647 3.5776, -0.7402 0.5346 3.5748, -0.6883 0.6001 3.5719, -0.6306 0.6606 3.569, -0.5677 0.7155 3.5662, -0.5817 0.6091 3.6099, -0.5236 0.6598 3.6071, -0.4612 0.7049 3.6044, -0.6349 0.5534 3.6127, -0.6828 0.493 3.6156, -0.7251 0.4286 3.6186, -0.7612 0.3606 3.6215, -0.791 0.2895 3.6244, -0.4396 -0.7186 3.6674, -0.372 -0.7557 3.6702, -0.3014 -0.7865 3.673, -0.2283 -0.8107 3.6758, -0.1532 -0.8282 3.6787, -0.0769 -0.8387 3.6816, 0.0 -0.8423 3.6846, 0.077 -0.8388 3.6875, 0.1533 -0.8283 3.6903, 0.2284 -0.8107 3.6931, 0.3015 -0.7864 3.6959, 0.3721 -0.7556 3.6988, 0.4396 -0.7184 3.7017, 0.5034 -0.6753 3.7046, 0.5631 -0.6265 3.7076, 0.618 -0.5724 3.7104, 0.6677 -0.5135 3.7132, 0.7117 -0.4503 3.716, 0.7499 -0.3834 3.7188, 0.7818 -0.3133 3.7217, 0.8072 -0.2406 3.7246, 0.8258 -0.1658 3.7276, 0.8376 -0.0896 3.7305, 0.8422 -0.0127 3.7333, 0.8398 0.0643 3.7361, 0.6349 0.5535 3.7562, 0.5816 0.6092 3.759, -0.6111 0.6785 3.765, -0.5637 0.6258 3.8058, -0.5107 0.6698 3.8033, -0.4542 0.7093 3.8008, 0.4045 -0.7281 3.5157, 0.3784 -0.7418 3.5157, 0.2144 -0.805 3.5158, -0.1054 -0.8339 3.5159, -0.0468 -0.8367 3.516, -0.0761 -0.8357 3.516, 0.298 -0.7775 3.5158, 0.2705 -0.7876 3.5158, 0.0118 -0.8361 3.516, -0.0175 -0.8368 3.516, 0.1286 -0.824 3.5158, 0.0994 -0.8286 3.5159, 0.2426 -0.7967 3.5158, 0.1574 -0.8188 3.5158, 0.1861 -0.8124 3.5158, 0.0411 -0.8344 3.5159, 0.0705 -0.8319 3.5159, 0.3252 -0.7664 3.5157, 0.3521 -0.7546 3.5157, 0.455 -0.6984 3.5156, 0.5271 -0.648 3.5155, 0.5036 -0.6656 3.5155, 0.4299 -0.7137 3.5156, 0.4795 -0.6824 3.5155, 0.5723 -0.6107 3.5155, 0.55 -0.6297 3.5155, 0.5941 -0.591 3.5156, 0.6153 -0.5707 3.5156, 0.6359 -0.5498 3.5157, 0.1911 -0.8133 3.5212, 0.2695 -0.7909 3.5243, 0.3453 -0.7607 3.5273, 0.7089 -0.4422 3.5264, 0.6623 -0.5092 3.5233, 0.3442 -0.7582 3.5176, 0.4165 -0.7208 3.5207, 0.4178 -0.7231 3.5304, 0.5487 -0.6259 3.5268, 0.5505 -0.6279 3.5172, 0.6093 -0.5713 3.5202, 0.4848 -0.6765 3.5238, 0.1108 -0.8279 3.5181, 0.7461 -0.3697 3.5391, 0.7485 -0.3709 3.5294, 0.781 -0.2959 3.5325, 0.806 -0.2181 3.5355, 0.8236 -0.1383 3.5386, 0.8333 -0.0572 3.5417, 0.8351 0.0244 3.5447, 0.8288 0.1057 3.5478, 0.7921 0.2646 3.5539, 0.8143 0.1861 3.5509, 0.7623 0.3408 3.557, 0.7254 0.4137 3.5601, 0.6817 0.4827 3.5631, 0.5752 0.606 3.5693, 0.6295 0.5452 3.5759, 0.6315 0.547 3.5662, 0.4462 0.7059 3.5947, 0.5132 0.6591 3.5917, 0.4448 0.7036 3.5851, 0.5115 0.657 3.582, 0.4462 0.7059 3.5754, 0.5132 0.6591 3.5723, 0.6073 -0.5694 3.5299, 0.6602 -0.5076 3.533, 0.7066 -0.4408 3.536, 0.7784 -0.295 3.5422, 0.781 -0.2959 3.5518, 0.7485 -0.3709 3.5488, 0.8034 -0.2174 3.5452, 0.8209 -0.1379 3.5483, 0.8306 -0.057 3.5514, 0.8324 0.0243 3.5544, 0.8333 -0.0572 3.561, 0.8261 0.1054 3.5575, 0.8117 0.1855 3.5605, 0.7895 0.2638 3.5636, 0.7599 0.3396 3.5667, 0.7231 0.4123 3.5697, 0.6795 0.4811 3.5728, 0.5733 0.6041 3.5789, 0.5752 0.606 3.5886, 0.4864 -0.6787 3.5334, 0.5505 -0.6279 3.5365, 0.6093 -0.5713 3.5396, 0.6624 -0.5092 3.5426, 0.7089 -0.4422 3.5457, 0.8061 -0.2181 3.5549, 0.8236 -0.1383 3.558, 0.8351 0.0244 3.5641, 0.8288 0.1057 3.5671, 0.8144 0.1861 3.5702, 0.7921 0.2646 3.5733, 0.7623 0.3408 3.5763, 0.7255 0.4137 3.5794, 0.6817 0.4827 3.5825, 0.6315 0.547 3.5855, -0.5949 -0.5861 3.6666, -0.5341 -0.6423 3.6697, 0.775 -0.311 3.7287, 0.8022 -0.2328 3.7318, 0.5951 -0.5865 3.7163, 0.5342 -0.6423 3.7132, 0.7404 -0.3862 3.7256, -0.8024 -0.2328 3.6511, -0.7407 -0.3861 3.6573, -0.7755 -0.311 3.6542, 0.4679 -0.6919 3.7101, 0.397 -0.7346 3.707, 0.3223 -0.7704 3.7039, 0.2445 -0.7986 3.7008, -0.3227 -0.7704 3.679, -0.8213 -0.1523 3.648, -0.0826 -0.8311 3.6884, -0.2448 -0.7984 3.6821, -0.1645 -0.8187 3.6853, -0.6499 -0.5243 3.6635, -0.6987 -0.4574 3.6604, -0.8297 0.0951 3.6387, -0.8349 0.0125 3.6418, -0.8164 0.1768 3.6356, -0.8321 -0.0703 3.6449, -0.7998 -0.2321 3.6608, -0.7288 0.408 3.6263, -0.6847 0.478 3.6232, -0.7658 0.334 3.6294, -0.7951 0.2567 3.6325, -0.634 0.5435 3.62, -0.5771 0.6037 3.6169, -0.4472 0.7058 3.6107, -0.4458 0.7035 3.6204, -0.5752 0.6017 3.6266, -0.5147 0.658 3.6138, -0.4472 0.7058 3.6301, -0.5147 0.658 3.6332, -0.513 0.6558 3.6235, -0.4681 -0.6921 3.6728, -0.3974 -0.7349 3.6759, -0.0824 -0.8284 3.698, 0.0 -0.8354 3.6915, 0.0826 -0.8314 3.6946, 0.1643 -0.8191 3.6977, 0.6501 -0.5247 3.7194, 0.6986 -0.4577 3.7225, 0.738 -0.3849 3.7353, 0.8215 -0.1524 3.7349, 0.8326 -0.0704 3.738, 0.8353 0.0122 3.7411, 0.8297 0.0948 3.7442, 0.8162 0.1765 3.7473, 0.7947 0.2564 3.7505, 0.7656 0.3339 3.7536, 0.729 0.4081 3.7567, 0.6852 0.4782 3.7598, 0.6344 0.5434 3.7629, 0.5755 0.6014 3.7756, 0.5773 0.6034 3.766, 0.5147 0.6576 3.7691, 0.4456 0.7031 3.7819, 0.4471 0.7054 3.7915, 0.5147 0.6576 3.7884, 0.513 0.6554 3.7788, 0.4471 0.7054 3.7722, -0.634 0.5435 3.6394, -0.5771 0.6037 3.6363, -0.6319 0.5417 3.6297, -0.6825 0.4765 3.6328, -0.7265 0.4067 3.6359, -0.7633 0.3329 3.639, -0.7925 0.2559 3.6421, -0.7658 0.334 3.6487, -0.8138 0.1762 3.6452, -0.827 0.0948 3.6483, -0.8322 0.0124 3.6515, -0.8294 -0.07 3.6546, -0.8186 -0.1518 3.6577, -0.7729 -0.31 3.6639, -0.7383 -0.3848 3.667, -0.6987 -0.4574 3.6797, -0.7407 -0.3861 3.6766, -0.6964 -0.4559 3.6701, -0.6478 -0.5226 3.6732, -0.593 -0.5842 3.6763, -0.5324 -0.6402 3.6794, -0.5949 -0.5861 3.686, -0.4666 -0.6898 3.6825, -0.3961 -0.7325 3.6856, -0.3216 -0.7679 3.6887, -0.244 -0.7958 3.6918, -0.1639 -0.816 3.6949, 0.0 -0.8327 3.7011, 0.0823 -0.8287 3.7042, 0.0826 -0.8314 3.7139, 0.0 -0.8354 3.7108, 0.1638 -0.8164 3.7073, 0.2437 -0.796 3.7104, 0.3213 -0.7678 3.7135, 0.3957 -0.7323 3.7167, 0.4664 -0.6896 3.7198, 0.5324 -0.6403 3.7229, 0.4679 -0.6919 3.7294, 0.5932 -0.5846 3.726, 0.648 -0.523 3.7291, 0.6963 -0.4562 3.7322, 0.7725 -0.31 3.7384, 0.8022 -0.2328 3.7512, 0.775 -0.311 3.7481, 0.7995 -0.232 3.7415, 0.8188 -0.1519 3.7446, 0.8299 -0.0702 3.7477, 0.8326 0.0122 3.7508, 0.827 0.0945 3.7539, 0.8135 0.1759 3.757, 0.7922 0.2556 3.7601, 0.7631 0.3328 3.7632, 0.7267 0.4068 3.7663, 0.7656 0.3339 3.7729, 0.6829 0.4766 3.7694, 0.6323 0.5417 3.7725, 0.5773 0.6034 3.7853, -0.6847 0.478 3.6425, -0.7288 0.408 3.6456, -0.7951 0.2567 3.6518, -0.8164 0.1768 3.6549, -0.8297 0.0951 3.658, -0.8349 0.0125 3.6611, -0.8321 -0.0703 3.6642, -0.8213 -0.1523 3.6673, -0.8024 -0.2328 3.6704, -0.7755 -0.311 3.6735, -0.6499 -0.5243 3.6829, -0.5341 -0.6423 3.6891, -0.4681 -0.6921 3.6922, -0.3974 -0.7349 3.6953, -0.3227 -0.7704 3.6984, -0.2448 -0.7984 3.7015, -0.1645 -0.8187 3.7046, -0.0826 -0.8311 3.7077, 0.1643 -0.8191 3.717, 0.2445 -0.7986 3.7201, 0.3223 -0.7704 3.7232, 0.397 -0.7346 3.7263, 0.5342 -0.6423 3.7325, 0.5951 -0.5865 3.7356, 0.6501 -0.5247 3.7387, 0.6986 -0.4577 3.7418, 0.7404 -0.3862 3.7449, 0.8215 -0.1524 3.7543, 0.8326 -0.0704 3.7574, 0.8353 0.0122 3.7605, 0.8297 0.0948 3.7636, 0.8162 0.1765 3.7667, 0.7947 0.2564 3.7698, 0.729 0.4081 3.776, 0.6852 0.4782 3.7791, 0.6344 0.5434 3.7822, -0.4387 0.7107 3.8072, -0.4989 0.6696 3.8293, -0.5536 0.6215 3.8224, -0.5554 0.6236 3.832, -0.4373 0.7084 3.8169, -0.5554 0.6236 3.8127, -0.4989 0.6696 3.81, -0.4973 0.6675 3.8196, -0.4387 0.7107 3.8265, -0.4467 0.706 4.9886, -0.7783 -0.3038 5.0319, -0.6017 -0.5791 5.0442, -0.7445 -0.3787 5.0349, 0.3823 -0.7423 5.0843, 0.4536 -0.7012 5.0874, -0.542 -0.6356 5.0472, -0.4771 -0.686 5.0504, 0.796 -0.2526 5.109, 0.7647 -0.3286 5.1156, 0.7672 -0.3296 5.1059, 0.5823 -0.5992 5.0935, 0.6383 -0.5391 5.0966, -0.2566 -0.7947 5.0596, -0.1771 -0.816 5.0627, -0.4074 -0.7294 5.0534, -0.3336 -0.7657 5.0565, 0.3074 -0.7764 5.0812, -0.096 -0.8296 5.0658, -0.0139 -0.8352 5.0689, -0.0957 -0.8269 5.0755, 0.688 -0.4736 5.0997, 0.5205 -0.6534 5.0905, 0.2296 -0.8031 5.0781, 0.1496 -0.822 5.075, 0.0682 -0.8328 5.0719, 0.7311 -0.4036 5.1028, 0.8208 0.1536 5.1244, 0.8172 -0.1731 5.112, 0.8321 0.0721 5.1213, 0.8305 -0.092 5.1152, 0.8354 -0.01 5.1182, 0.7407 0.3862 5.1337, 0.7749 0.3114 5.1306, 0.8016 0.2336 5.1275, 0.6993 0.4572 5.1367, 0.6511 0.5236 5.1398, 0.6971 0.4557 5.1464, 0.5963 0.5849 5.1429, 0.6489 0.5219 5.1495, 0.5944 0.583 5.1526, 0.5963 0.5849 5.1623, 0.5969 0.5942 5.1695, -0.6557 -0.517 5.0411, -0.7034 -0.45 5.038, -0.8044 -0.2259 5.0287, -0.8226 -0.1457 5.0257, -0.7758 -0.3028 5.0415, -0.8327 -0.0641 5.0226, -0.8348 0.0181 5.0195, -0.829 0.1002 5.0164, -0.8153 0.1813 5.0133, -0.7938 0.2606 5.0102, -0.7644 0.3374 5.0072, -0.7274 0.4107 5.0041, -0.6833 0.4801 5.001, -0.6327 0.545 4.9979, -0.576 0.6046 4.9948, -0.5138 0.6585 4.9917, -0.5741 0.6026 5.0045, -0.4467 0.706 5.008, -0.4453 0.7037 4.9983, -0.5121 0.6564 5.0014, -0.5138 0.6585 5.0111, -0.4608 0.7051 5.0154, -0.6327 0.545 5.0173, -0.576 0.6046 5.0142, -0.6306 0.5432 5.0076, -0.6811 0.4786 5.0107, -0.725 0.4094 5.0138, -0.7619 0.3363 5.0169, -0.7274 0.4107 5.0235, -0.7912 0.2598 5.0199, -0.8127 0.1807 5.023, -0.8263 0.0999 5.0261, -0.8321 0.0181 5.0292, -0.8299 -0.0639 5.0323, -0.8199 -0.1453 5.0354, -0.8018 -0.2251 5.0385, -0.742 -0.3774 5.0446, -0.7034 -0.45 5.0574, -0.7445 -0.3787 5.0543, -0.7011 -0.4485 5.0477, -0.6536 -0.5153 5.0508, -0.5998 -0.5772 5.0539, -0.5402 -0.6336 5.057, -0.6017 -0.5791 5.0636, -0.4755 -0.6837 5.06, -0.406 -0.7271 5.0631, -0.3325 -0.7632 5.0662, -0.2558 -0.7921 5.0693, -0.1766 -0.8133 5.0724, -0.0139 -0.8325 5.0785, 0.068 -0.83 5.0817, 0.1496 -0.822 5.0944, 0.0682 -0.8328 5.0913, 0.1491 -0.8193 5.0847, 0.2289 -0.8004 5.0878, 0.3064 -0.7739 5.0909, 0.3811 -0.7399 5.094, 0.4521 -0.6989 5.0971, 0.5188 -0.6512 5.1002, 0.4536 -0.7012 5.1068, 0.5804 -0.5973 5.1032, 0.6362 -0.5373 5.1063, 0.6857 -0.4721 5.1094, 0.7287 -0.4023 5.1125, 0.7934 -0.2517 5.1187, 0.8172 -0.1731 5.1315, 0.796 -0.2526 5.1283, 0.8146 -0.1726 5.1217, 0.8277 -0.0917 5.1248, 0.8327 -0.01 5.1279, 0.8294 0.0719 5.131, 0.8181 0.1531 5.1341, 0.799 0.2329 5.1372, 0.7723 0.3104 5.1403, 0.7383 0.385 5.1433, 0.7749 0.3114 5.15, -0.523 0.6602 5.0183, -0.5808 0.6099 5.0212, -0.6833 0.4801 5.0204, -0.7644 0.3374 5.0265, -0.7938 0.2606 5.0296, -0.8153 0.1813 5.0327, -0.829 0.1002 5.0358, -0.8348 0.0181 5.0389, -0.8327 -0.0641 5.042, -0.8226 -0.1457 5.045, -0.8044 -0.2259 5.0482, -0.7783 -0.3038 5.0512, -0.7841 -0.3076 5.0581, -0.7154 -0.4445 5.064, -0.6557 -0.517 5.0605, -0.542 -0.6356 5.0667, -0.4771 -0.686 5.0697, -0.4074 -0.7294 5.0728, -0.3336 -0.7657 5.0759, -0.2566 -0.7947 5.079, -0.1771 -0.816 5.0821, -0.096 -0.8296 5.0852, -0.0139 -0.8352 5.0883, -0.0112 -0.8422 5.0952, 0.1415 -0.8304 5.1009, 0.2296 -0.8031 5.0975, 0.3074 -0.7764 5.1006, 0.3823 -0.7423 5.1037, 0.5205 -0.6534 5.1098, 0.5823 -0.5992 5.113, 0.6383 -0.5391 5.116, 0.688 -0.4736 5.1191, 0.7311 -0.4036 5.1222, 0.7672 -0.3296 5.1253, 0.7756 -0.3283 5.1325, 0.8305 -0.092 5.1345, 0.8354 -0.01 5.1376, 0.8321 0.0721 5.1407, 0.8208 0.1536 5.1438, 0.8016 0.2336 5.1469, 0.7407 0.3862 5.153, 0.6993 0.4572 5.1561, 0.6511 0.5236 5.1592, -0.6339 0.5545 5.0241, -0.6817 0.4946 5.0269, -0.7239 0.4306 5.0296, -0.7601 0.363 5.0324, -0.79 0.2924 5.0353, -0.8132 0.2194 5.0382, -0.8297 0.1445 5.0411, -0.8394 0.0685 5.0441, -0.8422 -0.0081 5.0469, -0.838 -0.0847 5.0497, -0.8269 -0.1605 5.0524, -0.8089 -0.2351 5.0552, -0.7529 -0.3776 5.0611, -0.672 -0.5077 5.0669, -0.6231 -0.5667 5.0697, -0.569 -0.621 5.0724, -0.5102 -0.6702 5.0752, -0.4472 -0.7139 5.0781, -0.3804 -0.7515 5.081, -0.3105 -0.7829 5.0839, -0.238 -0.8079 5.0869, -0.1635 -0.8262 5.0897, -0.0877 -0.8377 5.0925, 0.0654 -0.8398 5.098, 0.2164 -0.814 5.1038, 0.2895 -0.7909 5.1068, 0.3602 -0.7613 5.1097, 0.4279 -0.7254 5.1125, 0.4922 -0.6835 5.1153, 0.5523 -0.636 5.118, 0.6079 -0.5831 5.1208, 0.6583 -0.5254 5.1237, 0.7033 -0.4634 5.1267, 0.7425 -0.3975 5.1296, 0.8023 -0.2565 5.1353, 0.8223 -0.1825 5.138, 0.8355 -0.107 5.1408, 0.8418 -0.0305 5.1437, 0.841 0.0461 5.1466, 0.8333 0.1224 5.1496, 0.8187 0.1977 5.1525, 0.7973 0.2713 5.1553, 0.7694 0.3427 5.1581, 0.7351 0.4113 5.1608, 0.6947 0.4764 5.1636, 0.6485 0.5376 5.1665, 0.7849 -0.2855 4.5171, 0.7538 -0.3602 4.5141, 0.7155 -0.4315 4.5111, 0.8087 -0.2081 4.5202, 0.7823 -0.2846 4.5268, 0.6704 -0.4985 4.508, 0.6189 -0.5609 4.505, 0.5615 -0.618 4.5019, 0.499 -0.6695 4.4989, 0.4318 -0.7148 4.4959, 0.3607 -0.7534 4.4928, 0.2863 -0.785 4.4898, 0.1299 -0.8251 4.5031, 0.1295 -0.8224 4.4934, 0.2084 -0.8063 4.4965, 0.2091 -0.8089 4.5061, 0.2091 -0.8089 4.4868, 0.1299 -0.8251 4.4837, 0.1248 -0.833 4.5098, 0.1987 -0.8186 4.5125, 0.8251 -0.1288 4.5232, 0.8338 -0.0483 4.5262, 0.8348 0.0326 4.5293, 0.8279 0.1132 4.5323, 0.8129 0.1926 4.5354, 0.7902 0.2703 4.5384, 0.7602 0.3455 4.5414, 0.7232 0.4175 4.5445, 0.6794 0.4857 4.5475, 0.6294 0.5493 4.5505, 0.5735 0.6077 4.5535, 0.6274 0.5475 4.5602, 0.4456 0.7064 4.5596, 0.4442 0.7041 4.5693, 0.5103 0.658 4.5663, 0.4456 0.7064 4.579, 0.512 0.6602 4.576, 0.4597 0.7058 4.5855, 0.512 0.6602 4.5566, 0.2854 -0.7824 4.4995, 0.3596 -0.751 4.5025, 0.4304 -0.7125 4.5056, 0.4973 -0.6673 4.5086, 0.5597 -0.616 4.5117, 0.6168 -0.5591 4.5147, 0.6682 -0.4969 4.5177, 0.6189 -0.5609 4.5244, 0.7132 -0.43 4.5208, 0.7513 -0.359 4.5238, 0.806 -0.2074 4.5298, 0.8087 -0.2081 4.5396, 0.7849 -0.2855 4.5365, 0.8224 -0.1284 4.5329, 0.8311 -0.0481 4.5359, 0.8321 0.0325 4.539, 0.8338 -0.0483 4.5456, 0.8252 0.1128 4.542, 0.8103 0.192 4.545, 0.7877 0.2694 4.5481, 0.7577 0.3444 4.5511, 0.7208 0.4161 4.5541, 0.6772 0.4841 4.5572, 0.5716 0.6057 4.5633, 0.5735 0.6077 4.573, 0.2863 -0.785 4.5092, 0.3607 -0.7534 4.5122, 0.4318 -0.7148 4.5153, 0.499 -0.6695 4.5183, 0.5615 -0.618 4.5213, 0.6704 -0.4985 4.5274, 0.7155 -0.4315 4.5304, 0.7538 -0.3602 4.5335, 0.7916 -0.2876 4.5435, 0.8251 -0.1288 4.5426, 0.8348 0.0326 4.5487, 0.8279 0.1132 4.5517, 0.8129 0.1926 4.5547, 0.7902 0.2703 4.5578, 0.7602 0.3455 4.5608, 0.7232 0.4175 4.5639, 0.6794 0.4857 4.5669, 0.6294 0.5493 4.5699, 0.578 0.6128 4.5798, 0.2711 -0.7975 4.5153, 0.3413 -0.7701 4.5182, 0.4087 -0.7365 4.5211, 0.4728 -0.697 4.5239, 0.5332 -0.6519 4.5268, 0.5893 -0.6017 4.5295, 0.6407 -0.5467 4.5322, 0.6871 -0.4873 4.5349, 0.7279 -0.424 4.5377, 0.7628 -0.3572 4.5406, 0.8141 -0.2157 4.5463, 0.8301 -0.1421 4.5492, 0.8396 -0.0673 4.5519, 0.8423 0.0079 4.5546, 0.8382 0.0831 4.5574, 0.8274 0.1577 4.5602, 0.81 0.231 4.5631, 0.7861 0.3024 4.5659, 0.7559 0.3714 4.5688, 0.7197 0.4375 4.5716, 0.6777 0.5001 4.5743, 0.6304 0.5587 4.577, 0.5209 0.6619 4.5826, -0.6501 -0.5242 4.6478, -0.0824 -0.8282 4.6823, -0.0827 -0.8309 4.6726, 0.0 -0.8351 4.6757, 0.775 -0.3111 4.713, -0.6989 -0.4575 4.6446, -0.7409 -0.3862 4.6415, 0.534 -0.642 4.6974, 0.4677 -0.6917 4.6943, -0.7754 -0.3111 4.6384, 0.6503 -0.5246 4.7036, 0.5951 -0.5862 4.7006, -0.1646 -0.8187 4.6695, 0.397 -0.7347 4.6912, -0.832 -0.0702 4.6291, -0.2449 -0.7986 4.6664, 0.0827 -0.8312 4.6788, -0.3227 -0.7707 4.6633, -0.835 0.0126 4.626, -0.8299 0.0952 4.6229, -0.8022 -0.2328 4.6353, -0.3973 -0.735 4.6602, -0.4679 -0.6919 4.657, -0.5949 -0.586 4.6509, -0.7995 -0.2321 4.645, -0.7286 0.4079 4.6105, -0.6846 0.4781 4.6074, -0.8211 -0.1522 4.6322, -0.8166 0.1768 4.6198, -0.7951 0.2566 4.6167, -0.7656 0.3339 4.6136, -0.634 0.5436 4.6043, -0.5772 0.6038 4.6012, -0.5148 0.6581 4.5981, -0.4458 0.7034 4.6046, -0.4472 0.7057 4.595, -0.5131 0.6559 4.6078, -0.4472 0.7057 4.6143, -0.4612 0.7049 4.6216, -0.5148 0.6581 4.6174, -0.5753 0.6019 4.6109, -0.5339 -0.6421 4.654, 0.1645 -0.8191 4.6819, 0.2447 -0.7989 4.685, 0.3224 -0.7706 4.6881, 0.6989 -0.4578 4.7067, 0.7406 -0.3864 4.7098, 0.8019 -0.2328 4.7161, 0.7725 -0.3101 4.7226, 0.8211 -0.1522 4.7192, 0.8324 -0.0702 4.7223, 0.8354 0.0124 4.7254, 0.8301 0.0949 4.7285, 0.8164 0.1765 4.7316, 0.7948 0.2564 4.7347, 0.7654 0.3338 4.7378, 0.7286 0.408 4.7409, 0.6849 0.4782 4.744, 0.5775 0.6038 4.7502, 0.6323 0.542 4.7568, 0.6344 0.5437 4.7471, 0.4471 0.7053 4.7758, 0.5149 0.6577 4.7727, 0.4457 0.703 4.7661, 0.5132 0.6556 4.763, 0.4471 0.7053 4.7564, 0.4611 0.7048 4.7824, 0.5149 0.6577 4.7533, -0.6319 0.5418 4.614, -0.634 0.5436 4.6237, -0.5772 0.6038 4.6206, -0.6824 0.4765 4.6171, -0.7263 0.4066 4.6202, -0.7631 0.3328 4.6233, -0.7925 0.2558 4.6264, -0.7656 0.3339 4.633, -0.8139 0.1762 4.6295, -0.8272 0.0949 4.6326, -0.8323 0.0125 4.6357, -0.8293 -0.0699 4.6388, -0.8184 -0.1517 4.6419, -0.7729 -0.3101 4.6481, -0.7385 -0.385 4.6512, -0.6989 -0.4575 4.664, -0.7409 -0.3862 4.6609, -0.6967 -0.456 4.6543, -0.6479 -0.5225 4.6574, -0.5929 -0.5841 4.6606, -0.5322 -0.64 4.6637, -0.4664 -0.6897 4.6667, -0.5339 -0.6421 4.6733, -0.396 -0.7326 4.6698, -0.3217 -0.7682 4.673, -0.2441 -0.796 4.6761, -0.1641 -0.816 4.6792, 0.0 -0.8324 4.6854, 0.0827 -0.8312 4.6982, 0.0 -0.8351 4.6951, 0.0824 -0.8285 4.6885, 0.164 -0.8165 4.6916, 0.2439 -0.7963 4.6947, 0.3213 -0.7681 4.6978, 0.3957 -0.7323 4.7009, 0.4662 -0.6895 4.704, 0.5322 -0.6399 4.7071, 0.5931 -0.5843 4.7102, 0.534 -0.642 4.7168, 0.6481 -0.5229 4.7133, 0.6967 -0.4563 4.7164, 0.7382 -0.3851 4.7195, 0.8019 -0.2328 4.7354, 0.775 -0.3111 4.7323, 0.7993 -0.232 4.7258, 0.8184 -0.1517 4.7289, 0.8296 -0.07 4.732, 0.8327 0.0124 4.735, 0.8274 0.0946 4.7382, 0.8138 0.1759 4.7413, 0.7922 0.2555 4.7444, 0.7629 0.3327 4.7475, 0.7263 0.4067 4.7506, 0.6826 0.4767 4.7537, 0.5756 0.6018 4.7599, 0.5775 0.6038 4.7696, -0.5236 0.6598 4.6245, -0.5817 0.6091 4.6274, -0.6846 0.4781 4.6268, -0.7286 0.4079 4.6298, -0.7951 0.2566 4.6361, -0.8166 0.1768 4.6392, -0.8299 0.0952 4.6423, -0.835 0.0126 4.6454, -0.832 -0.0702 4.6485, -0.8211 -0.1522 4.6516, -0.8022 -0.2328 4.6547, -0.7754 -0.3111 4.6578, -0.8072 -0.2406 4.6619, -0.75 -0.3835 4.6675, -0.6501 -0.5242 4.6671, -0.5949 -0.586 4.6702, -0.4679 -0.6919 4.6764, -0.3973 -0.735 4.6795, -0.3227 -0.7707 4.6826, -0.2449 -0.7986 4.6858, -0.1646 -0.8187 4.6889, -0.0827 -0.8309 4.692, -0.077 -0.8387 4.6993, 0.077 -0.8388 4.7049, 0.1645 -0.8191 4.7013, 0.2447 -0.7989 4.7044, 0.3224 -0.7706 4.7075, 0.397 -0.7347 4.7106, 0.4677 -0.6917 4.7137, 0.5951 -0.5862 4.7199, 0.6503 -0.5246 4.723, 0.6989 -0.4578 4.7261, 0.7406 -0.3864 4.7292, 0.7818 -0.3133 4.7394, 0.8211 -0.1522 4.7385, 0.8324 -0.0702 4.7417, 0.8354 0.0124 4.7447, 0.8301 0.0949 4.7478, 0.8164 0.1765 4.7509, 0.7948 0.2564 4.7541, 0.7654 0.3338 4.7572, 0.7286 0.408 4.7603, 0.6849 0.4782 4.7634, 0.6344 0.5437 4.7665, 0.5817 0.6092 4.7765, -0.6349 0.5534 4.6304, -0.6828 0.493 4.6333, -0.725 0.4286 4.6362, -0.7612 0.3605 4.639, -0.791 0.2895 4.6417, -0.8142 0.216 4.6445, -0.8305 0.1407 4.6474, -0.8398 0.0642 4.6504, -0.8421 -0.0128 4.6533, -0.8374 -0.0897 4.6563, -0.8258 -0.1658 4.6591, -0.7819 -0.3134 4.6646, -0.7117 -0.4504 4.6704, -0.6676 -0.5136 4.6734, -0.6178 -0.5724 4.6763, -0.5629 -0.6265 4.6792, -0.5033 -0.6753 4.682, -0.4395 -0.7185 4.6847, -0.3721 -0.7557 4.6876, -0.3014 -0.7865 4.6904, -0.2283 -0.8107 4.6934, -0.1533 -0.8282 4.6963, -0.0 -0.8422 4.7021, 0.1533 -0.8283 4.7076, 0.2284 -0.8108 4.7105, 0.3015 -0.7865 4.7134, 0.3721 -0.7556 4.7164, 0.4396 -0.7184 4.7193, 0.5034 -0.6752 4.7222, 0.563 -0.6264 4.725, 0.6179 -0.5724 4.7278, 0.6677 -0.5136 4.7306, 0.7118 -0.4504 4.7335, 0.7499 -0.3834 4.7364, 0.8071 -0.2406 4.7422, 0.8257 -0.1658 4.7451, 0.8375 -0.0896 4.7479, 0.8422 -0.0127 4.7507, 0.8399 0.0643 4.7535, 0.8305 0.1408 4.7564, 0.8141 0.2161 4.7594, 0.7909 0.2895 4.7623, 0.7611 0.3606 4.7652, 0.725 0.4287 4.768, 0.6828 0.4932 4.7708, 0.6349 0.5535 4.7736, 0.5236 0.6598 4.7794, -0.5948 -0.586 4.8477, -0.6499 -0.5242 4.8446, 0.7749 -0.311 4.9098, 0.8212 -0.1523 4.916, -0.7408 -0.3861 4.8384, -0.1645 -0.8186 4.8663, 0.5341 -0.6422 4.8943, -0.8023 -0.2329 4.8322, 0.4678 -0.6917 4.8912, 0.5951 -0.5864 4.8974, 0.0827 -0.8314 4.8756, 0.3223 -0.7705 4.885, -0.7755 -0.311 4.8353, -0.6988 -0.4574 4.8415, 0.0 -0.8352 4.8726, -0.0824 -0.8282 4.8791, -0.0826 -0.8309 4.8695, -0.468 -0.6921 4.8539, -0.534 -0.6422 4.8508, -0.8321 -0.0702 4.826, -0.8349 0.0125 4.8229, -0.8297 0.0952 4.8198, -0.7997 -0.2321 4.8419, -0.8212 -0.1523 4.8291, -0.8165 0.1768 4.8167, -0.7658 0.334 4.8104, -0.6847 0.478 4.8043, -0.7951 0.2567 4.8135, -0.7288 0.408 4.8073, -0.5771 0.6037 4.798, -0.5147 0.658 4.7949, -0.6339 0.5435 4.8011, -0.4472 0.7058 4.7918, -0.4458 0.7035 4.8015, -0.4612 0.7049 4.8185, -0.5752 0.6017 4.8077, -0.513 0.6559 4.8046, -0.4472 0.7058 4.8112, -0.5147 0.658 4.8143, -0.3974 -0.735 4.857, -0.3227 -0.7705 4.8601, -0.2448 -0.7985 4.8632, 0.1644 -0.8192 4.8787, 0.2446 -0.7988 4.8819, 0.3969 -0.7346 4.8881, 0.6988 -0.4578 4.9036, 0.6502 -0.5247 4.9005, 0.7404 -0.3863 4.9067, 0.802 -0.2327 4.9129, 0.7724 -0.31 4.9195, 0.8325 -0.0703 4.9191, 0.8355 0.0123 4.9222, 0.83 0.0948 4.9253, 0.8163 0.1764 4.9284, 0.7947 0.2564 4.9315, 0.7654 0.3338 4.9346, 0.7288 0.4081 4.9378, 0.6851 0.4783 4.9409, 0.6345 0.5436 4.9439, 0.5756 0.6016 4.9567, 0.5775 0.6036 4.947, 0.5148 0.6576 4.9502, 0.4471 0.7052 4.9726, 0.5148 0.6576 4.9695, 0.4456 0.7029 4.963, 0.5131 0.6554 4.9598, 0.4471 0.7052 4.9533, 0.4611 0.7048 4.9793, -0.6339 0.5435 4.8205, -0.5771 0.6037 4.8174, -0.6319 0.5417 4.8108, -0.6824 0.4765 4.8139, -0.7264 0.4066 4.817, -0.7633 0.3329 4.8201, -0.7925 0.2559 4.8232, -0.7658 0.334 4.8298, -0.8138 0.1762 4.8263, -0.827 0.0948 4.8295, -0.8322 0.0125 4.8326, -0.8294 -0.07 4.8357, -0.8185 -0.1518 4.8388, -0.773 -0.31 4.845, -0.7384 -0.3848 4.8481, -0.6988 -0.4574 4.8609, -0.7408 -0.3861 4.8578, -0.6965 -0.4559 4.8512, -0.6478 -0.5225 4.8543, -0.5929 -0.5841 4.8574, -0.5323 -0.6401 4.8605, -0.4665 -0.6898 4.8636, -0.534 -0.6422 4.8702, -0.3961 -0.7326 4.8667, -0.3217 -0.768 4.8698, -0.244 -0.7959 4.8729, -0.164 -0.816 4.876, 0.0 -0.8325 4.8822, 0.0827 -0.8314 4.895, 0.0 -0.8352 4.8919, 0.0824 -0.8286 4.8853, 0.1639 -0.8165 4.8884, 0.2438 -0.7962 4.8915, 0.3212 -0.7679 4.8946, 0.3956 -0.7322 4.8978, 0.4662 -0.6895 4.9009, 0.5323 -0.6401 4.904, 0.5932 -0.5844 4.9071, 0.5341 -0.6422 4.9137, 0.6481 -0.523 4.9102, 0.6965 -0.4563 4.9133, 0.738 -0.385 4.9164, 0.802 -0.2327 4.9323, 0.7749 -0.311 4.9292, 0.7993 -0.232 4.9226, 0.8186 -0.1518 4.9257, 0.8298 -0.0701 4.9288, 0.8327 0.0123 4.9319, 0.8273 0.0945 4.935, 0.8136 0.1758 4.9381, 0.7921 0.2555 4.9412, 0.7629 0.3327 4.9443, 0.7264 0.4067 4.9474, 0.6828 0.4767 4.9506, 0.6324 0.5419 4.9536, 0.5775 0.6036 4.9664, -0.5236 0.6598 4.8214, -0.5817 0.6091 4.8244, -0.6847 0.478 4.8236, -0.7288 0.408 4.8267, -0.7951 0.2567 4.8329, -0.8165 0.1768 4.836, -0.8297 0.0952 4.8391, -0.8349 0.0125 4.8422, -0.8321 -0.0702 4.8454, -0.8212 -0.1523 4.8485, -0.8023 -0.2329 4.8515, -0.7755 -0.311 4.8546, -0.8072 -0.2406 4.8586, -0.7819 -0.3134 4.8615, -0.65 -0.5242 4.864, -0.5948 -0.586 4.8671, -0.468 -0.6921 4.8733, -0.3974 -0.735 4.8764, -0.3227 -0.7705 4.8795, -0.2448 -0.7985 4.8826, -0.1645 -0.8186 4.8857, -0.0826 -0.8309 4.8888, -0.077 -0.8387 4.8961, 0.077 -0.8388 4.9017, 0.1644 -0.8192 4.8981, 0.2446 -0.7988 4.9012, 0.3223 -0.7705 4.9043, 0.3969 -0.7346 4.9074, 0.4678 -0.6917 4.9106, 0.5951 -0.5864 4.9168, 0.6502 -0.5247 4.9198, 0.6988 -0.4578 4.923, 0.7404 -0.3863 4.9261, 0.7818 -0.3133 4.9362, 0.8212 -0.1523 4.9354, 0.8325 -0.0703 4.9385, 0.8355 0.0123 4.9416, 0.83 0.0948 4.9447, 0.8163 0.1764 4.9478, 0.7947 0.2564 4.9509, 0.7654 0.3338 4.954, 0.7288 0.4081 4.9571, 0.6851 0.4783 4.9602, 0.6345 0.5436 4.9633, 0.5817 0.6092 4.9733, -0.6349 0.5534 4.8273, -0.6828 0.493 4.8302, -0.725 0.4286 4.833, -0.7612 0.3606 4.8358, -0.791 0.2895 4.8385, -0.8142 0.216 4.8414, -0.8304 0.1407 4.8444, -0.8398 0.0642 4.8473, -0.8421 -0.0128 4.8502, -0.8374 -0.0897 4.8531, -0.8258 -0.1658 4.8559, -0.7499 -0.3835 4.8644, -0.7117 -0.4504 4.8674, -0.6675 -0.5135 4.8703, -0.6178 -0.5724 4.8732, -0.5629 -0.6265 4.876, -0.5034 -0.6754 4.8787, -0.4396 -0.7186 4.8815, -0.3721 -0.7557 4.8844, -0.3014 -0.7865 4.8874, -0.2283 -0.8107 4.8903, -0.1533 -0.8281 4.8932, -0.0 -0.8423 4.8989, 0.1533 -0.8283 4.9045, 0.2284 -0.8108 4.9074, 0.3015 -0.7865 4.9104, 0.3721 -0.7556 4.9133, 0.4396 -0.7184 4.9162, 0.5034 -0.6752 4.919, 0.563 -0.6265 4.9218, 0.618 -0.5724 4.9245, 0.6677 -0.5135 4.9274, 0.7118 -0.4504 4.9304, 0.7499 -0.3834 4.9333, 0.8071 -0.2406 4.9391, 0.8258 -0.1658 4.9419, 0.8375 -0.0896 4.9446, 0.8423 -0.0127 4.9475, 0.8399 0.0643 4.9504, 0.8304 0.1408 4.9533, 0.814 0.2161 4.9563, 0.7909 0.2895 4.9592, 0.7611 0.3606 4.962, 0.725 0.4287 4.9648, 0.6829 0.4932 4.9676, 0.6349 0.5535 4.9704, 0.5236 0.6597 4.9763, 0.8271 -0.3875 4.5816, 0.7893 -0.4599 4.5788, 0.8582 -0.312 4.5845, 0.8825 -0.234 4.5872, 0.7451 -0.5285 4.576, 0.6947 -0.5928 4.5732, 0.6388 -0.6523 4.5704, 0.5778 -0.7068 4.5676, 0.5123 -0.7557 4.5648, 0.3698 -0.8352 4.5592, 0.4428 -0.7986 4.562, 0.2938 -0.865 4.5564, 0.2154 -0.8877 4.5536, 0.1353 -0.9032 4.5508, 0.8999 -0.1541 4.59, 0.9102 -0.073 4.5928, 0.9133 0.0086 4.5956, 0.9091 0.0902 4.5985, 0.8974 0.1709 4.6013, 0.8783 0.2503 4.6041, 0.8522 0.3277 4.6069, 0.8194 0.4026 4.6096, 0.7801 0.4743 4.6125, 0.7347 0.5423 4.6153, 0.6835 0.6059 4.6181, 0.6268 0.6646 4.6209, -0.5678 0.7157 4.6656, -0.6306 0.6607 4.6684, 0.0 -0.913 4.743, -0.1663 -0.8977 4.7372, -0.0835 -0.9091 4.7401, 0.3268 -0.8529 4.7545, 0.2476 -0.8794 4.7516, 0.0835 -0.9094 4.7459, 0.4032 -0.8193 4.7573, 0.5456 -0.732 4.7631, 0.4764 -0.7788 4.7602, 0.6104 -0.6791 4.7659, 0.6701 -0.6207 4.7688, 0.7719 -0.4886 4.7745, 0.813 -0.4159 4.7774, 0.7241 -0.557 4.7717, 0.8475 -0.3398 4.7802, 0.8749 -0.2608 4.7831, 0.908 -0.0971 4.7889, 0.8952 -0.1797 4.786, 0.9134 -0.0138 4.7917, 0.9006 0.1525 4.7974, 0.8826 0.2341 4.8003, 0.9109 0.0697 4.7946, 0.6886 0.6003 4.8146, 0.7404 0.5348 4.8118, 0.825 0.3909 4.8061, 0.8574 0.3138 4.8032, 0.786 0.4648 4.8089, 0.6309 0.6606 4.8175, 0.5678 0.7153 4.8204, 0.1663 -0.8982 4.7487, -0.2478 -0.879 4.7344, -0.3271 -0.8529 4.7315, -0.4036 -0.8196 4.7287, -0.4766 -0.7791 4.7258, -0.5457 -0.7321 4.7229, -0.6103 -0.679 4.72, -0.6698 -0.6204 4.7172, -0.7239 -0.5566 4.7143, -0.7719 -0.4882 4.7115, -0.8134 -0.4158 4.7086, -0.8479 -0.3398 4.7057, -0.8752 -0.2609 4.7028, -0.8952 -0.1797 4.7, -0.9078 -0.0971 4.6971, -0.9129 -0.0136 4.6943, -0.9105 0.0699 4.6914, -0.9006 0.1528 4.6885, -0.883 0.2344 4.6856, -0.8577 0.314 4.6828, -0.8252 0.3909 4.6799, -0.7859 0.4647 4.677, -0.7401 0.5346 4.6742, -0.6882 0.6001 4.6713, -0.5676 0.7156 4.8624, -0.6305 0.6605 4.8653, 0.0 -0.9132 4.9398, -0.0834 -0.9092 4.937, -0.2477 -0.8788 4.9312, -0.1662 -0.8977 4.9341, 0.2475 -0.8793 4.9484, 0.0835 -0.9096 4.9427, 0.4032 -0.8191 4.9542, 0.3267 -0.8528 4.9513, 0.4764 -0.7788 4.957, 0.6105 -0.6793 4.9628, 0.6701 -0.6208 4.9656, 0.5457 -0.732 4.9599, 0.724 -0.5571 4.9685, 0.8129 -0.4159 4.9743, 0.7717 -0.4885 4.9714, 0.8474 -0.3397 4.9771, 0.8953 -0.1797 4.9828, 0.8749 -0.2608 4.98, 0.9082 -0.0972 4.9857, 0.9134 -0.0139 4.9886, 0.9004 0.1524 4.9943, 0.9108 0.0695 4.9915, 0.8825 0.234 4.9972, 0.8251 0.3909 5.0029, 0.7861 0.4648 5.0058, 0.8573 0.3138 5.0, 0.7406 0.5348 5.0086, 0.6887 0.6002 5.0115, 0.6309 0.6604 5.0144, 0.5678 0.7151 5.0172, 0.1662 -0.8983 4.9456, -0.3271 -0.8527 4.9283, -0.4037 -0.8195 4.9255, -0.4768 -0.7792 4.9226, -0.5458 -0.7323 4.9198, -0.6103 -0.6792 4.9169, -0.6698 -0.6204 4.914, -0.7237 -0.5565 4.9112, -0.7717 -0.4881 4.9083, -0.8133 -0.4157 4.9054, -0.848 -0.3398 4.9026, -0.8754 -0.2609 4.8997, -0.8953 -0.1798 4.8968, -0.9078 -0.0972 4.894, -0.9128 -0.0137 4.8911, -0.9104 0.0698 4.8882, -0.9004 0.1528 4.8854, -0.8829 0.2344 4.8825, -0.8578 0.3141 4.8796, -0.8254 0.391 4.8768, -0.786 0.4647 4.8739, -0.7401 0.5345 4.871, -0.6881 0.6 4.8682, -0.6296 0.6612 5.0621, -0.0949 -0.9082 5.1334, -0.1772 -0.8956 5.1306, 0.1535 -0.9005 5.142, 0.2346 -0.8826 5.1448, 0.0711 -0.9108 5.1391, 0.3905 -0.8252 5.1506, 0.5338 -0.741 5.1563, 0.3138 -0.8574 5.1477, 0.464 -0.7863 5.1534, 0.5991 -0.6896 5.1591, 0.7625 -0.5024 5.1676, 0.6593 -0.6324 5.162, 0.7139 -0.5698 5.1648, 0.8408 -0.3558 5.1733, 0.8049 -0.4309 5.1705, 0.8698 -0.2778 5.1762, 0.8917 -0.1976 5.1791, 0.9062 -0.1158 5.1819, 0.9129 -0.0331 5.1848, 0.9119 0.05 5.1876, 0.9034 0.1327 5.1905, 0.8874 0.2144 5.1933, 0.8642 0.2943 5.1962, 0.8341 0.3718 5.1991, 0.797 0.4462 5.2019, 0.7032 0.583 5.2076, 0.7533 0.5168 5.2047, 0.6472 0.6443 5.2104, -0.012 -0.9133 5.1363, -0.258 -0.8758 5.1277, -0.3366 -0.8488 5.1249, -0.4125 -0.8149 5.122, -0.4849 -0.7742 5.1192, -0.5532 -0.7269 5.1163, -0.6168 -0.6735 5.1135, -0.6754 -0.6144 5.1106, -0.7284 -0.5503 5.1078, -0.7756 -0.4818 5.1049, -0.8164 -0.4093 5.102, -0.8504 -0.3335 5.0992, -0.8773 -0.255 5.0963, -0.8966 -0.1742 5.0935, -0.9085 -0.0919 5.0906, -0.9129 -0.0089 5.0878, -0.9099 0.0743 5.0849, -0.8995 0.1568 5.0821, -0.8818 0.238 5.0792, -0.8567 0.3172 5.0764, -0.8243 0.3937 5.0735, -0.785 0.4668 5.0707, -0.7391 0.5362 5.0678, -0.6871 0.6011 5.065, -0.5669 0.7159 5.0593, 0.5866 0.0686 4.7323, 0.5906 -0.0 4.7323, 0.5277 0.265 4.7323, 0.5549 0.202 4.7323, 0.5746 0.1362 4.7323, 0.4053 0.4296 4.7323, 0.4524 0.3796 4.7323, 0.4934 0.3245 4.7323, 0.2953 0.5114 4.7323, 0.2339 0.5423 4.7323, 0.3527 0.4737 4.7323, 0.0343 0.5896 4.7323, 0.1025 0.5816 4.7323, 0.1694 0.5657 4.7323, -0.1694 0.5657 4.7323, -0.1025 0.5816 4.7323, -0.0343 0.5896 4.7323, -0.2953 0.5114 4.7323, -0.3527 0.4737 4.7323, -0.2339 0.5423 4.7323, -0.4524 0.3796 4.7323, -0.4053 0.4296 4.7323, -0.4934 0.3245 4.7323, -0.5277 0.265 4.7323, -0.5549 0.202 4.7323, -0.5746 0.1362 4.7323, -0.5866 0.0686 4.7323, -0.5906 -0.0 4.7323, -0.5866 -0.0686 4.7323, -0.5277 -0.265 4.7323, -0.5549 -0.202 4.7323, -0.5746 -0.1362 4.7323, -0.4053 -0.4296 4.7323, -0.4524 -0.3796 4.7323, -0.4934 -0.3245 4.7323, -0.2953 -0.5114 4.7323, -0.2339 -0.5423 4.7323, -0.3527 -0.4737 4.7323, -0.0343 -0.5896 4.7323, -0.1025 -0.5816 4.7323, -0.1694 -0.5657 4.7323, 0.1694 -0.5657 4.7323, 0.1025 -0.5816 4.7323, 0.0343 -0.5896 4.7323, 0.2953 -0.5114 4.7323, 0.3527 -0.4737 4.7323, 0.2339 -0.5423 4.7323, 0.4524 -0.3796 4.7323, 0.4053 -0.4296 4.7323, 0.4934 -0.3245 4.7323, 0.5277 -0.265 4.7323, 0.5549 -0.202 4.7323, 0.5746 -0.1362 4.7323, 0.5866 -0.0686 4.7323, -0.1507 -0.3637 4.7323, -0.2783 0.2784 4.7323, -0.1969 -0.3409 4.7323, -0.1019 -0.3803 4.7323, 0.3637 -0.1507 4.7323, 0.3803 -0.1019 4.7323, -0.2397 -0.3123 4.7323, -0.0514 -0.3903 4.7323, 0.0 -0.3937 4.7323, -0.2784 -0.2783 4.7323, -0.3124 -0.2396 4.7323, 0.0514 -0.3903 4.7323, -0.341 -0.1968 4.7323, -0.3903 -0.0514 4.7323, 0.1506 -0.3638 4.7323, 0.1018 -0.3803 4.7323, -0.3903 0.0514 4.7323, -0.3803 0.1019 4.7323, 0.3409 -0.1969 4.7323, 0.3123 -0.2397 4.7323, -0.3123 0.2397 4.7323, -0.3409 0.1969 4.7323, 0.3937 -0.0 4.7323, 0.3903 -0.0514 4.7323, -0.2396 0.3124 4.7323, 0.3803 0.1018 4.7323, -0.1506 0.3638 4.7323, -0.1018 0.3803 4.7323, 0.341 0.1968 4.7323, 0.3124 0.2396 4.7323, 0.0 0.3937 4.7323, 0.0514 0.3903 4.7323, 0.2397 0.3123 4.7323, 0.1969 0.3409 4.7323, 0.1019 0.3803 4.7323, 0.1507 0.3637 4.7323, -0.0514 0.3903 4.7323, 0.2784 0.2783 4.7323, -0.1968 0.341 4.7323, 0.3638 0.1506 4.7323, 0.3903 0.0514 4.7323, -0.3637 0.1507 4.7323, -0.3937 0.0 4.7323, 0.2783 -0.2784 4.7323, -0.3638 -0.1506 4.7323, -0.3803 -0.1018 4.7323, 0.1968 -0.341 4.7323, 0.2396 -0.3124 4.7323, -0.4876 -0.0264 8.7288, -0.4819 -0.0789 8.7288, -0.4876 0.0265 8.7288, -0.4819 0.0791 8.7288, -0.4705 0.1307 8.7288, -0.4537 0.1808 8.7288, -0.4314 0.2288 8.7288, -0.4042 0.2741 8.7288, -0.3722 0.3162 8.7288, -0.3358 0.3546 8.7288, -0.2955 0.3888 8.7288, -0.2518 0.4185 8.7288, -0.205 0.4432 8.7288, -0.1559 0.4628 8.7288, -0.1049 0.4769 8.7288, -0.0528 0.4855 8.7288, 0.0 0.4884 8.7288, -0.4706 -0.1307 8.7288, -0.4537 -0.1807 8.7288, -0.4315 -0.2287 8.7288, -0.4042 -0.274 8.7288, -0.3722 -0.3161 8.7288, -0.3359 -0.3545 8.7288, -0.2518 -0.4184 8.7288, -0.2955 -0.3888 8.7288, -0.2051 -0.4432 8.7288, -0.156 -0.4628 8.7288, -0.105 -0.4769 8.7288, -0.0528 -0.4855 8.7288, 0.0 -0.4884 8.7288, -0.1405 0.3848 9.0038, -0.0932 0.3989 9.0038, -0.1509 0.4132 8.9506, -0.0546 0.4835 8.783, -0.0 0.4865 8.7835, -0.046 0.4071 9.0038, -0.0 0.4187 8.9895, -0.0494 0.4372 8.9506, 0.0 0.4785 8.8374, 0.0 0.4444 8.9411, 0.0 0.4644 8.8903, -0.0537 0.4752 8.8388, -0.052 0.4599 8.8951, -0.367 0.3195 8.783, -0.3234 0.3635 8.783, -0.0 0.3877 9.0345, -0.0418 0.37 9.0533, -0.0369 0.3268 9.0977, -0.0 0.3518 9.0758, 0.0 0.3115 9.1126, -0.0315 0.2785 9.136, 0.0 0.2672 9.1446, -0.0 0.2196 9.1715, -0.0256 0.2264 9.1673, -0.0847 0.3626 9.0533, -0.0194 0.1719 9.1913, -0.0 0.1692 9.1927, 0.0 0.1167 9.2081, -0.0132 0.1166 9.2079, 0.0 0.0628 9.2174, -0.007 0.0616 9.2174, 0.0 0.0082 9.2205, -0.0748 0.3203 9.0977, -0.1278 0.3498 9.0533, -0.1128 0.3089 9.0977, -0.1501 0.2926 9.0977, -0.17 0.3314 9.0533, -0.2102 0.3074 9.0533, -0.1857 0.2715 9.0977, -0.187 0.3645 9.0038, -0.2475 0.2782 9.0533, -0.2186 0.2457 9.0977, -0.2313 0.3381 9.0038, -0.309 0.269 9.0038, -0.2809 0.2445 9.0533, -0.2723 0.3061 9.0038, -0.2481 0.216 9.0977, -0.3095 0.2071 9.0533, -0.3405 0.2278 9.0038, -0.3662 0.1837 9.0038, -0.3329 0.167 9.0533, -0.2733 0.1829 9.0977, -0.3507 0.1252 9.0533, -0.3858 0.1377 9.0038, -0.294 0.1475 9.0977, -0.4373 -0.0482 8.9506, -0.4072 -0.0449 9.0038, -0.4097 -0.0 9.0038, -0.3098 0.1106 9.0977, -0.3994 0.0911 9.0038, -0.3631 0.0828 9.0533, -0.3207 0.0731 9.0977, -0.3702 0.0408 9.0533, -0.4072 0.0449 9.0038, -0.3269 0.036 9.0977, -0.3724 -0.0 9.0533, -0.3289 -0.0 9.0977, -0.3702 -0.0408 9.0533, -0.3269 -0.036 9.0977, -0.3662 -0.1837 9.0038, -0.3858 -0.1377 9.0038, -0.3932 -0.1973 8.9506, -0.4289 -0.0978 8.9506, -0.3994 -0.0911 9.0038, -0.3491 -0.3039 8.8951, -0.3318 -0.2889 8.9506, -0.3656 -0.2447 8.9506, -0.2313 -0.3381 9.0038, -0.2475 -0.2782 9.0533, -0.2723 -0.3061 9.0038, -0.3076 -0.3458 8.8951, -0.2924 -0.3287 8.9506, -0.2747 -0.4016 8.783, -0.2221 -0.433 8.783, -0.1669 -0.4571 8.783, -0.1053 -0.4507 8.8951, -0.0537 -0.4752 8.8388, -0.052 -0.4599 8.8951, -0.3405 -0.2278 9.0038, -0.1088 -0.4657 8.8388, -0.1107 -0.4738 8.783, -0.0546 -0.4835 8.783, -0.1893 -0.1267 9.1673, -0.2036 -0.1022 9.1673, -0.2329 -0.1559 9.136, 0.0 -0.4785 8.8376, 0.0 -0.4865 8.7835, -0.3631 -0.0828 9.0533, -0.3507 -0.1252 9.0533, -0.3098 -0.1106 9.0977, -0.3207 -0.0731 9.0977, -0.2505 -0.1257 9.136, -0.2733 -0.1829 9.0977, -0.2639 -0.0942 9.136, -0.294 -0.1475 9.0977, 0.0 -0.0628 9.2174, -0.0 -0.0082 9.2205, -0.0011 -0.008 9.2205, -0.1305 -0.1136 9.1913, -0.115 -0.1293 9.1913, -0.0885 -0.077 9.2079, -0.1718 -0.1496 9.1673, -0.2114 -0.184 9.136, -0.0977 -0.1428 9.1913, -0.078 -0.0876 9.2079, -0.0141 -0.0603 9.2174, -0.0031 -0.0075 9.2205, -0.0213 -0.0582 9.2174, -0.0283 -0.0551 9.2174, -0.0535 -0.1044 9.2079, -0.0402 -0.1102 9.2079, -0.1286 -0.188 9.1673, -0.1514 -0.1702 9.1673, -0.0021 -0.0078 9.2205, -0.007 -0.0616 9.2174, -0.0132 -0.1166 9.2079, -0.1107 0.4738 8.783, -0.1669 0.4571 8.783, -0.1088 0.4657 8.8388, -0.1053 0.4507 8.8951, -0.1001 0.4284 8.9506, -0.0637 0.2729 9.136, -0.0518 0.2219 9.1673, -0.0394 0.1685 9.1913, -0.0267 0.1142 9.2079, -0.0011 0.008 9.2205, -0.0141 0.0603 9.2174, -0.2221 0.433 8.783, -0.1641 0.4492 8.8388, -0.1588 0.4347 8.8951, -0.4359 0.1556 8.8951, -0.4143 0.1479 8.9506, -0.3932 0.1973 8.9506, -0.0961 0.2633 9.136, -0.0782 0.214 9.1673, -0.0594 0.1625 9.1913, -0.0402 0.1102 9.2079, -0.0021 0.0078 9.2205, -0.0213 0.0582 9.2174, -0.2747 0.4016 8.783, -0.2183 0.4255 8.8388, -0.2112 0.4118 8.8951, -0.2008 0.3915 8.9506, -0.1279 0.2494 9.136, -0.104 0.2027 9.1673, -0.079 0.154 9.1913, -0.0283 0.0551 9.2174, -0.0535 0.1044 9.2079, -0.0031 0.0075 9.2205, -0.27 0.3948 8.8388, -0.2613 0.382 8.8951, -0.2484 0.3631 8.9506, -0.1582 0.2313 9.136, -0.1286 0.188 9.1673, -0.0977 0.1428 9.1913, -0.035 0.0511 9.2174, -0.0662 0.0968 9.2079, -0.004 0.0071 9.2205, -0.4044 -0.2706 8.783, -0.3179 0.3573 8.8388, -0.3076 0.3458 8.8951, -0.2924 0.3287 8.9506, -0.1863 0.2094 9.136, -0.1514 0.1702 9.1673, -0.115 0.1293 9.1913, -0.0412 0.0463 9.2174, -0.078 0.0876 9.2079, -0.0047 0.0066 9.2205, -0.4044 0.2706 8.783, -0.3607 0.314 8.8388, -0.3491 0.3039 8.8951, -0.3318 0.2889 8.9506, -0.2114 0.184 9.136, -0.1718 0.1496 9.1673, -0.1305 0.1136 9.1913, -0.0467 0.0407 9.2174, -0.0885 0.077 9.2079, -0.0055 0.0061 9.2205, -0.4349 0.2182 8.783, -0.3975 0.266 8.8388, -0.3846 0.2574 8.8951, -0.3656 0.2447 8.9506, -0.2329 0.1559 9.136, -0.1893 0.1267 9.1673, -0.1438 0.0962 9.1913, -0.0975 0.0652 9.2079, -0.0061 0.0055 9.2205, -0.0515 0.0345 9.2174, -0.4583 0.1636 8.783, -0.4275 0.2144 8.8388, -0.4137 0.2075 8.8951, -0.2505 0.1257 9.136, -0.2036 0.1022 9.1673, -0.1547 0.0776 9.1913, -0.1048 0.0526 9.2079, -0.0066 0.0047 9.2205, -0.0554 0.0278 9.2174, -0.4744 0.1082 8.783, -0.4504 0.1608 8.8388, -0.4349 -0.2182 8.783, -0.2639 0.0942 9.136, -0.2146 0.0766 9.1673, -0.163 0.0582 9.1913, -0.1105 0.0394 9.2079, -0.0071 0.004 9.2205, -0.0584 0.0208 9.2174, -0.4836 0.0533 8.783, -0.4663 0.1064 8.8388, -0.4512 0.1029 8.8951, -0.4289 0.0978 8.9506, -0.2732 0.0623 9.136, -0.2221 0.0507 9.1673, -0.1687 0.0385 9.1913, -0.1144 0.0261 9.2079, -0.0075 0.0031 9.2205, -0.0604 0.0138 9.2174, -0.4866 -0.0 8.783, -0.4754 0.0524 8.8388, -0.46 0.0507 8.8951, -0.4373 0.0482 8.9506, -0.2786 0.0307 9.136, -0.2265 0.025 9.1673, -0.172 0.019 9.1913, -0.1166 0.0129 9.2079, -0.0078 0.0021 9.2205, -0.0616 0.0068 9.2174, -0.4836 -0.0533 8.783, -0.4783 -0.0 8.8388, -0.4628 -0.0 8.8951, -0.4399 -0.0 8.9506, -0.2803 -0.0 9.136, -0.2278 -0.0 9.1673, -0.173 -0.0 9.1913, -0.1173 -0.0 9.2079, -0.008 0.0011 9.2205, -0.062 -0.0 9.2174, -0.4744 -0.1082 8.783, -0.4754 -0.0524 8.8388, -0.46 -0.0507 8.8951, -0.3846 -0.2574 8.8951, -0.2786 -0.0307 9.136, -0.2265 -0.025 9.1673, -0.172 -0.019 9.1913, -0.1166 -0.0129 9.2079, -0.0082 0.0 9.2205, -0.0616 -0.0068 9.2174, -0.4583 -0.1636 8.783, -0.4663 -0.1064 8.8388, -0.4512 -0.1029 8.8951, -0.4143 -0.1479 8.9506, -0.2732 -0.0623 9.136, -0.2221 -0.0507 9.1673, -0.1687 -0.0385 9.1913, -0.1144 -0.0261 9.2079, -0.0081 -0.0009 9.2205, -0.0604 -0.0138 9.2174, -0.4504 -0.1608 8.8388, -0.4359 -0.1556 8.8951, -0.2146 -0.0766 9.1673, -0.163 -0.0582 9.1913, -0.1105 -0.0394 9.2079, -0.0079 -0.0018 9.2205, -0.0584 -0.0208 9.2174, -0.4275 -0.2144 8.8388, -0.4137 -0.2075 8.8951, -0.3329 -0.167 9.0533, -0.1547 -0.0776 9.1913, -0.1048 -0.0526 9.2079, -0.0077 -0.0027 9.2205, -0.0554 -0.0278 9.2174, -0.367 -0.3195 8.783, -0.3975 -0.266 8.8388, -0.2613 -0.382 8.8951, -0.3095 -0.2071 9.0533, -0.1863 -0.2094 9.136, -0.1857 -0.2715 9.0977, -0.1582 -0.2313 9.136, -0.1438 -0.0962 9.1913, -0.0975 -0.0652 9.2079, -0.0073 -0.0036 9.2205, -0.0515 -0.0345 9.2174, -0.3234 -0.3635 8.783, -0.3607 -0.314 8.8388, -0.309 -0.269 9.0038, -0.2809 -0.2445 9.0533, -0.2481 -0.216 9.0977, -0.0068 -0.0044 9.2205, -0.0467 -0.0407 9.2174, -0.3179 -0.3573 8.8388, -0.2186 -0.2457 9.0977, -0.0061 -0.0053 9.2205, -0.0412 -0.0463 9.2174, -0.27 -0.3948 8.8388, -0.2484 -0.3631 8.9506, -0.104 -0.2027 9.1673, -0.1279 -0.2494 9.136, -0.0961 -0.2633 9.136, -0.2102 -0.3074 9.0533, -0.0662 -0.0968 9.2079, -0.079 -0.154 9.1913, -0.0055 -0.0061 9.2205, -0.035 -0.0511 9.2174, -0.2112 -0.4118 8.8951, -0.2183 -0.4255 8.8388, -0.2008 -0.3915 8.9506, -0.187 -0.3645 9.0038, -0.17 -0.3314 9.0533, -0.1501 -0.2926 9.0977, -0.0047 -0.0066 9.2205, -0.1588 -0.4347 8.8951, -0.1641 -0.4492 8.8388, -0.1509 -0.4132 8.9506, -0.1405 -0.3848 9.0038, -0.1278 -0.3498 9.0533, -0.1128 -0.3089 9.0977, -0.0594 -0.1625 9.1913, -0.0394 -0.1685 9.1913, -0.0782 -0.214 9.1673, -0.004 -0.0071 9.2205, -0.1001 -0.4284 8.9506, -0.0932 -0.3989 9.0038, -0.0847 -0.3626 9.0533, -0.0748 -0.3203 9.0977, -0.0637 -0.2729 9.136, -0.0518 -0.2219 9.1673, -0.0267 -0.1142 9.2079, -0.0 -0.4644 8.8904, -0.0494 -0.4372 8.9506, -0.046 -0.4071 9.0038, -0.0418 -0.37 9.0533, -0.0369 -0.3268 9.0977, -0.0315 -0.2785 9.136, -0.0256 -0.2264 9.1673, -0.0194 -0.1719 9.1913, -0.0 -0.1166 9.2081, -0.0 -0.4444 8.9413, -0.0 -0.4187 8.9895, -0.0 -0.3877 9.0346, -0.0 -0.3518 9.0758, -0.0 -0.3114 9.1126, -0.0 -0.2671 9.1447, -0.0 -0.2194 9.1715, -0.0 -0.169 9.1927, 0.1405 -0.3848 9.0038, 0.0932 -0.3989 9.0038, 0.1509 -0.4132 8.9506, 0.0546 -0.4835 8.783, 0.0528 -0.4855 8.7288, 0.105 -0.4769 8.7288, 0.046 -0.4071 9.0038, 0.0494 -0.4372 8.9506, 0.0537 -0.4752 8.8388, 0.052 -0.4599 8.8951, 0.3359 -0.3545 8.7288, 0.367 -0.3195 8.783, 0.3234 -0.3635 8.783, 0.0418 -0.37 9.0533, 0.0369 -0.3268 9.0977, 0.0315 -0.2785 9.136, 0.0256 -0.2264 9.1673, 0.0847 -0.3626 9.0533, 0.0194 -0.1719 9.1913, 0.0132 -0.1166 9.2079, 0.007 -0.0616 9.2174, 0.0748 -0.3203 9.0977, 0.1278 -0.3498 9.0533, 0.1128 -0.3089 9.0977, 0.1501 -0.2926 9.0977, 0.17 -0.3314 9.0533, 0.2102 -0.3074 9.0533, 0.1857 -0.2715 9.0977, 0.187 -0.3645 9.0038, 0.2475 -0.2782 9.0533, 0.2186 -0.2457 9.0977, 0.2313 -0.3381 9.0038, 0.309 -0.269 9.0038, 0.2809 -0.2445 9.0533, 0.2723 -0.3061 9.0038, 0.2481 -0.216 9.0977, 0.3095 -0.2071 9.0533, 0.3405 -0.2278 9.0038, 0.3662 -0.1837 9.0038, 0.3329 -0.167 9.0533, 0.2733 -0.1829 9.0977, 0.3507 -0.1252 9.0533, 0.3858 -0.1377 9.0038, 0.294 -0.1475 9.0977, 0.4373 0.0482 8.9506, 0.4072 0.0449 9.0038, 0.4097 0.0 9.0038, 0.3098 -0.1106 9.0977, 0.3994 -0.0911 9.0038, 0.3631 -0.0828 9.0533, 0.3207 -0.0731 9.0977, 0.3702 -0.0408 9.0533, 0.4072 -0.0449 9.0038, 0.3269 -0.036 9.0977, 0.3724 0.0 9.0533, 0.3289 0.0 9.0977, 0.3702 0.0408 9.0533, 0.3269 0.036 9.0977, 0.3662 0.1837 9.0038, 0.3858 0.1377 9.0038, 0.3932 0.1973 8.9506, 0.4289 0.0978 8.9506, 0.3994 0.0911 9.0038, 0.3491 0.3039 8.8951, 0.3318 0.2889 8.9506, 0.3656 0.2447 8.9506, 0.2313 0.3381 9.0038, 0.2475 0.2782 9.0533, 0.2723 0.3061 9.0038, 0.3076 0.3458 8.8951, 0.2924 0.3287 8.9506, 0.2747 0.4016 8.783, 0.2518 0.4185 8.7288, 0.2221 0.433 8.783, 0.205 0.4432 8.7288, 0.1669 0.4571 8.783, 0.1053 0.4507 8.8951, 0.0537 0.4752 8.8388, 0.052 0.4599 8.8951, 0.3405 0.2278 9.0038, 0.1088 0.4657 8.8388, 0.1107 0.4738 8.783, 0.0546 0.4835 8.783, 0.1893 0.1267 9.1673, 0.2036 0.1022 9.1673, 0.2329 0.1559 9.136, 0.3631 0.0828 9.0533, 0.3507 0.1252 9.0533, 0.3098 0.1106 9.0977, 0.3207 0.0731 9.0977, 0.2505 0.1257 9.136, 0.2733 0.1829 9.0977, 0.2639 0.0942 9.136, 0.294 0.1475 9.0977, 0.0011 0.008 9.2205, 0.1305 0.1136 9.1913, 0.115 0.1293 9.1913, 0.0885 0.077 9.2079, 0.1718 0.1496 9.1673, 0.2114 0.184 9.136, 0.0977 0.1428 9.1913, 0.078 0.0876 9.2079, 0.0141 0.0603 9.2174, 0.0031 0.0075 9.2205, 0.0213 0.0582 9.2174, 0.0283 0.0551 9.2174, 0.0535 0.1044 9.2079, 0.0402 0.1102 9.2079, 0.1286 0.188 9.1673, 0.1514 0.1702 9.1673, 0.0021 0.0078 9.2205, 0.007 0.0616 9.2174, 0.0132 0.1166 9.2079, 0.156 -0.4628 8.7288, 0.1107 -0.4738 8.783, 0.3722 -0.3161 8.7288, 0.4042 -0.274 8.7288, 0.1669 -0.4571 8.783, 0.1088 -0.4657 8.8388, 0.1053 -0.4507 8.8951, 0.1001 -0.4284 8.9506, 0.0637 -0.2729 9.136, 0.0518 -0.2219 9.1673, 0.0394 -0.1685 9.1913, 0.0267 -0.1142 9.2079, 0.0011 -0.008 9.2205, 0.0141 -0.0603 9.2174, 0.2051 -0.4432 8.7288, 0.2221 -0.433 8.783, 0.1641 -0.4492 8.8388, 0.1588 -0.4347 8.8951, 0.4359 -0.1556 8.8951, 0.4143 -0.1479 8.9506, 0.3932 -0.1973 8.9506, 0.0961 -0.2633 9.136, 0.0782 -0.214 9.1673, 0.0594 -0.1625 9.1913, 0.0402 -0.1102 9.2079, 0.0021 -0.0078 9.2205, 0.0213 -0.0582 9.2174, 0.2518 -0.4184 8.7288, 0.2747 -0.4016 8.783, 0.2183 -0.4255 8.8388, 0.2112 -0.4118 8.8951, 0.2008 -0.3915 8.9506, 0.1279 -0.2494 9.136, 0.104 -0.2027 9.1673, 0.079 -0.154 9.1913, 0.0283 -0.0551 9.2174, 0.0535 -0.1044 9.2079, 0.0031 -0.0075 9.2205, 0.2955 -0.3888 8.7288, 0.27 -0.3948 8.8388, 0.2613 -0.382 8.8951, 0.2484 -0.3631 8.9506, 0.1582 -0.2313 9.136, 0.1286 -0.188 9.1673, 0.0977 -0.1428 9.1913, 0.035 -0.0511 9.2174, 0.0662 -0.0968 9.2079, 0.004 -0.0071 9.2205, 0.4044 0.2706 8.783, 0.4042 0.2741 8.7288, 0.3722 0.3162 8.7288, 0.3179 -0.3573 8.8388, 0.3076 -0.3458 8.8951, 0.2924 -0.3287 8.9506, 0.1863 -0.2094 9.136, 0.1514 -0.1702 9.1673, 0.115 -0.1293 9.1913, 0.0412 -0.0463 9.2174, 0.078 -0.0876 9.2079, 0.0047 -0.0066 9.2205, 0.4044 -0.2706 8.783, 0.3607 -0.314 8.8388, 0.3491 -0.3039 8.8951, 0.3318 -0.2889 8.9506, 0.2114 -0.184 9.136, 0.1718 -0.1496 9.1673, 0.1305 -0.1136 9.1913, 0.0467 -0.0407 9.2174, 0.0885 -0.077 9.2079, 0.0055 -0.0061 9.2205, 0.4315 -0.2287 8.7288, 0.4349 -0.2182 8.783, 0.3975 -0.266 8.8388, 0.3846 -0.2574 8.8951, 0.3656 -0.2447 8.9506, 0.2329 -0.1559 9.136, 0.1893 -0.1267 9.1673, 0.1438 -0.0962 9.1913, 0.0975 -0.0652 9.2079, 0.0061 -0.0053 9.2205, 0.0515 -0.0345 9.2174, 0.4537 -0.1807 8.7288, 0.4583 -0.1636 8.783, 0.4275 -0.2144 8.8388, 0.4137 -0.2075 8.8951, 0.2505 -0.1257 9.136, 0.2036 -0.1022 9.1673, 0.1547 -0.0776 9.1913, 0.1048 -0.0526 9.2079, 0.0068 -0.0044 9.2205, 0.0554 -0.0278 9.2174, 0.4706 -0.1306 8.7288, 0.4744 -0.1082 8.783, 0.4504 -0.1608 8.8388, 0.4349 0.2182 8.783, 0.4314 0.2288 8.7288, 0.2639 -0.0942 9.136, 0.2146 -0.0766 9.1673, 0.163 -0.0582 9.1913, 0.1105 -0.0394 9.2079, 0.0073 -0.0036 9.2205, 0.0584 -0.0208 9.2174, 0.4819 -0.079 8.7288, 0.4836 -0.0533 8.783, 0.4663 -0.1064 8.8388, 0.4512 -0.1029 8.8951, 0.4289 -0.0978 8.9506, 0.2732 -0.0623 9.136, 0.2221 -0.0507 9.1673, 0.1687 -0.0385 9.1913, 0.1144 -0.0261 9.2079, 0.0077 -0.0027 9.2205, 0.0604 -0.0138 9.2174, 0.4876 -0.0264 8.7288, 0.4866 0.0 8.783, 0.4754 -0.0524 8.8388, 0.46 -0.0507 8.8951, 0.4373 -0.0482 8.9506, 0.2786 -0.0307 9.136, 0.2265 -0.025 9.1673, 0.172 -0.019 9.1913, 0.1166 -0.0129 9.2079, 0.0079 -0.0018 9.2205, 0.0616 -0.0068 9.2174, 0.4876 0.0265 8.7288, 0.4836 0.0533 8.783, 0.4783 0.0 8.8388, 0.4628 0.0 8.8951, 0.4399 0.0 8.9506, 0.2803 0.0 9.136, 0.2278 0.0 9.1673, 0.173 0.0 9.1913, 0.1173 0.0 9.2079, 0.0081 -0.0009 9.2205, 0.062 0.0 9.2174, 0.4819 0.0791 8.7288, 0.4744 0.1082 8.783, 0.4754 0.0524 8.8388, 0.46 0.0507 8.8951, 0.3846 0.2574 8.8951, 0.2786 0.0307 9.136, 0.2265 0.025 9.1673, 0.172 0.019 9.1913, 0.1166 0.0129 9.2079, 0.0082 0.0 9.2205, 0.0616 0.0068 9.2174, 0.4705 0.1307 8.7288, 0.4583 0.1636 8.783, 0.4663 0.1064 8.8388, 0.4512 0.1029 8.8951, 0.4143 0.1479 8.9506, 0.2732 0.0623 9.136, 0.2221 0.0507 9.1673, 0.1687 0.0385 9.1913, 0.1144 0.0261 9.2079, 0.008 0.0011 9.2205, 0.0604 0.0138 9.2174, 0.4537 0.1808 8.7288, 0.4504 0.1608 8.8388, 0.4359 0.1556 8.8951, 0.2146 0.0766 9.1673, 0.163 0.0582 9.1913, 0.1105 0.0394 9.2079, 0.0078 0.0021 9.2205, 0.0584 0.0208 9.2174, 0.4275 0.2144 8.8388, 0.4137 0.2075 8.8951, 0.3329 0.167 9.0533, 0.1547 0.0776 9.1913, 0.1048 0.0526 9.2079, 0.0075 0.0031 9.2205, 0.0554 0.0278 9.2174, 0.367 0.3195 8.783, 0.3975 0.266 8.8388, 0.2613 0.382 8.8951, 0.3095 0.2071 9.0533, 0.1863 0.2094 9.136, 0.1857 0.2715 9.0977, 0.1582 0.2313 9.136, 0.1438 0.0962 9.1913, 0.0975 0.0652 9.2079, 0.0071 0.004 9.2205, 0.0515 0.0345 9.2174, 0.3358 0.3546 8.7288, 0.3234 0.3635 8.783, 0.3607 0.314 8.8388, 0.309 0.269 9.0038, 0.2809 0.2445 9.0533, 0.2481 0.216 9.0977, 0.0066 0.0047 9.2205, 0.0467 0.0407 9.2174, 0.2955 0.3888 8.7288, 0.3179 0.3573 8.8388, 0.2186 0.2457 9.0977, 0.0061 0.0055 9.2205, 0.0412 0.0463 9.2174, 0.1559 0.4628 8.7288, 0.27 0.3948 8.8388, 0.2484 0.3631 8.9506, 0.104 0.2027 9.1673, 0.1279 0.2494 9.136, 0.0961 0.2633 9.136, 0.2102 0.3074 9.0533, 0.0662 0.0968 9.2079, 0.079 0.154 9.1913, 0.0055 0.0061 9.2205, 0.035 0.0511 9.2174, 0.2112 0.4118 8.8951, 0.2183 0.4255 8.8388, 0.2008 0.3915 8.9506, 0.187 0.3645 9.0038, 0.17 0.3314 9.0533, 0.1501 0.2926 9.0977, 0.0047 0.0066 9.2205, 0.1588 0.4347 8.8951, 0.1641 0.4492 8.8388, 0.1509 0.4132 8.9506, 0.1405 0.3848 9.0038, 0.1278 0.3498 9.0533, 0.1128 0.3089 9.0977, 0.0594 0.1625 9.1913, 0.0394 0.1685 9.1913, 0.0782 0.214 9.1673, 0.004 0.0071 9.2205, 0.1049 0.4769 8.7288, 0.1001 0.4284 8.9506, 0.0932 0.3989 9.0038, 0.0847 0.3626 9.0533, 0.0748 0.3203 9.0977, 0.0637 0.2729 9.136, 0.0518 0.2219 9.1673, 0.0267 0.1142 9.2079, 0.0528 0.4855 8.7288, 0.0494 0.4372 8.9506, 0.046 0.4071 9.0038, 0.0418 0.37 9.0533, 0.0369 0.3268 9.0977, 0.0315 0.2785 9.136, 0.0256 0.2264 9.1673, 0.0194 0.1719 9.1913, 0.9456 1.3386 3.0631, 0.9675 1.3386 3.0519, 0.985 1.3386 3.0345, 0.9961 1.3386 3.0125, 1.0 1.3386 2.9882, 1.0 1.3386 0.6483, 0.9016 1.3386 0.6483, -0.9016 1.3386 1.3176, 0.9016 -0.7301 1.3215, 0.9016 -0.719 1.3435, 0.9016 0.6553 0.8914, 0.9016 0.4269 0.6483, 0.9016 0.4269 0.8914, 0.9016 -0.6553 1.3759, 0.9016 0.6553 1.3759, 0.9016 0.6796 0.8952, 0.9016 0.719 0.9238, 0.9016 0.7015 0.9064, 0.9016 0.7301 0.9458, 0.9016 0.734 0.9701, 0.9016 0.734 1.2972, 0.9016 0.7301 1.3215, 0.9016 0.719 1.3435, 0.9016 0.6796 1.3721, 0.9016 0.7015 1.3609, 0.9016 -0.6796 1.3721, 0.9016 -0.4269 0.6483, 0.9016 -0.6553 0.8914, 0.9016 -0.4269 0.8914, 0.9016 -0.7015 1.3609, 0.9016 -0.734 1.2972, 0.9016 -0.734 0.9701, 0.9016 -0.7301 0.9458, 0.9016 -0.6693 0.6483, 0.9016 -0.719 0.9238, 0.9016 -0.6796 0.8952, 0.9016 -0.7015 0.9064, 1.0 -0.6693 0.6483, 1.0 -0.7301 0.9458, 1.0 -0.719 0.9238, 1.0 -0.3843 0.6483, 1.0 -0.3843 0.8914, 1.0 -0.6553 0.8914, 1.0 1.2262 2.0246, 1.0 -0.734 0.9701, 1.0 -0.734 1.2972, 1.0 0.8981 2.0246, 1.0 0.7341 2.0162, 1.0 0.7751 1.9911, 1.0 -0.6796 0.8952, 1.0 -0.7015 0.9064, 1.0 -0.7301 1.3215, 1.0 -0.7259 1.6309, 1.0 -0.7751 1.6309, 1.0 -0.6796 1.3721, 1.0 -0.8654 1.6728, 1.0 -0.89 1.656, 1.0 -0.6553 1.3759, 1.0 -0.6931 1.7314, 1.0 -0.4963 1.6309, 1.0 -0.5291 1.7314, 1.0 0.0123 1.9659, 1.0 -0.1846 2.1457, 1.0 0.0123 1.8989, 1.0 0.8243 1.7481, 1.0 0.8161 1.723, 1.0 1.0293 1.6309, 1.0 0.3843 0.6483, 1.0 0.6553 0.8914, 1.0 0.3843 0.8914, 1.0 1.2262 2.5394, 1.0 0.719 1.3435, 1.0 0.7015 1.3609, 1.0 0.7301 1.3215, 1.0 0.734 1.2972, 1.0 1.0949 1.6309, 1.0 0.7301 0.9458, 1.0 0.734 0.9701, 1.0 0.719 0.9238, 1.0 0.7015 0.9064, 1.0 0.6796 0.8952, 1.0 0.8325 1.79, 1.0 0.4716 1.9157, 1.0 0.5454 1.9073, 1.0 0.4716 1.9324, 1.0 0.7751 1.6644, 1.0 0.7341 1.6392, 1.0 1.0293 2.1457, 1.0 0.9473 2.0246, 1.0 1.177 2.0246, 1.0 1.0621 1.6811, 1.0 1.0949 2.1457, 1.0 0.4716 1.6728, 1.0 0.57 1.6895, 1.0 0.5536 1.723, 1.0 0.8981 2.5394, 1.0 0.8325 2.3802, 1.0 0.5536 1.9324, 1.0 0.4634 1.9659, 1.0 0.5946 1.9911, 1.0 0.57 1.9659, 1.0 0.5372 1.79, 1.0 0.5454 1.7481, 1.0 0.5372 1.8654, 1.0 0.1763 1.6728, 1.0 0.1107 1.6309, 1.0 0.1763 1.6309, 1.0 0.6848 2.0246, 1.0 0.6356 2.154, 1.0 0.6356 2.0162, 1.0 0.7341 2.154, 1.0 0.6848 2.1457, 1.0 0.8161 1.9324, 1.0 0.8243 1.9073, 1.0 0.7997 1.9659, 1.0 0.8325 1.8654, 1.0 0.7997 1.6895, 1.0 0.6796 1.3721, 1.0 0.6848 1.6309, 1.0 0.6553 1.3759, 1.0 0.6356 1.6392, 1.0 0.4716 1.6309, 1.0 0.5946 1.6644, 1.0 0.447 1.857, 1.0 0.4634 1.8822, 1.0 0.2419 1.6728, 1.0 0.3075 1.9827, 1.0 0.406 1.8822, 1.0 0.3404 1.9827, 1.0 0.5946 2.1792, 1.0 0.4224 1.9157, 1.0 0.4224 1.9324, 1.0 0.406 1.9576, 1.0 0.7997 2.2043, 1.0 0.7751 2.1792, 1.0 0.7341 2.531, 1.0 0.7751 2.5059, 1.0 0.3814 1.9743, 1.0 0.2255 1.9324, 1.0 0.2665 1.9743, 1.0 0.2419 1.9576, 1.0 0.1845 1.9324, 1.0 0.1927 1.9659, 1.0 0.1107 2.0246, 1.0 0.5454 2.2629, 1.0 0.4716 2.2881, 1.0 0.4716 2.2546, 1.0 0.2583 2.0162, 1.0 0.2583 2.154, 1.0 0.1107 2.1457, 1.0 0.4552 2.4975, 1.0 0.5454 2.4221, 1.0 0.5536 2.4472, 1.0 0.5372 2.3048, 1.0 0.4552 2.33, 1.0 0.4306 1.9994, 1.0 -0.447 1.6309, 1.0 0.0615 1.6309, 1.0 0.2255 1.9994, 1.0 0.3978 2.0162, 1.0 0.3896 2.154, 1.0 0.0615 1.9576, 1.0 -0.5783 2.0246, 1.0 0.0615 2.0246, 1.0 0.3486 2.1457, 1.0 0.3486 2.0246, 1.0 -0.719 1.3435, 1.0 -0.9556 1.6309, 1.0 -0.1846 2.1876, 1.0 -0.6439 2.1457, 1.0 -0.6439 2.0246, 1.0 -0.8489 1.9157, 1.0 -0.8572 1.8822, 1.0 -0.7015 1.3609, 1.0 -0.9228 1.6392, 1.0 -0.8489 1.6979, 1.0 -0.8489 1.9324, 1.0 -0.9228 1.6811, 1.0 -0.8818 1.723, 1.0 -0.8818 1.7565, 1.0 -1.0868 1.7063, 1.0 -1.0704 1.6895, 1.0 -1.054 1.6811, 1.0 -1.095 1.723, 1.0 -1.0048 1.8152, 1.0 -1.013 1.6728, 1.0 -1.0212 1.6309, 1.0 -0.8982 1.79, 1.0 -0.9228 1.8068, 1.0 -0.9064 1.6895, 1.0 -0.89 1.7063, 1.0 -1.054 1.6392, 1.0 -1.0868 1.656, 1.0 -1.1114 1.6728, 1.0 -1.1278 1.6979, 1.0 -1.1278 1.9324, 1.0 -1.136 1.723, 1.0 -0.9638 1.6728, 1.0 -0.972 1.8152, 1.0 -0.8489 1.79, 1.0 -0.8654 1.8152, 1.0 -0.8407 1.7565, 1.0 -1.0048 1.8487, 1.0 -1.0868 1.9324, 1.0 -0.9064 1.8822, 1.0 -0.89 1.9157, 1.0 -0.9064 1.9576, 1.0 -1.0048 1.9827, 1.0 -0.972 1.8487, 1.0 -0.972 1.9827, 1.0 -0.931 1.9743, 1.0 -0.89 1.9324, 1.0 -0.89 1.9994, 1.0 -0.6931 2.1457, 1.0 -0.9228 2.1457, 1.0 -0.8572 1.9659, 1.0 -0.9228 1.8654, 1.0 -1.0458 1.9743, 1.0 -1.0704 1.9576, 1.0 -1.136 2.4137, 1.0 -1.1196 1.9659, 1.0 -1.0868 2.1457, 1.0 -1.0868 1.9994, 1.0 -1.054 2.0162, 1.0 -0.9966 2.0246, 1.0 -0.972 2.1457, 1.0 -1.0376 2.1457, 1.0 -0.9802 2.0246, 1.0 -0.9228 2.0162, 1.0 -0.9064 1.8319, 1.0 -0.8736 1.857, 1.0 -0.8407 1.723, 1.0 1.177 2.5394, 1.0 0.8243 2.4221, 1.0 0.57 2.2043, 1.0 0.4552 2.2127, 1.0 0.4306 2.1792, 1.0 0.9473 2.5394, 1.0 1.0621 2.1959, 1.0 0.6848 2.5394, 1.0 0.4306 2.3635, 1.0 0.57 2.4807, 1.0 0.4224 2.3048, 1.0 0.4306 2.2629, 1.0 0.4306 2.2797, 1.0 0.2993 2.1457, 1.0 0.3157 2.0246, 1.0 0.4552 2.5394, 1.0 0.6356 2.531, 1.0 0.5946 2.5059, 1.0 -0.0451 2.5394, 1.0 -0.0123 2.5394, 1.0 0.8161 2.4472, 1.0 0.7997 2.4807, 1.0 0.8243 2.2629, 1.0 0.8325 2.3048, 1.0 0.8161 2.2378, 1.0 0.5536 2.2378, 1.0 0.5372 2.3802, 1.0 0.3896 2.3886, 1.0 0.2173 2.1792, 1.0 0.1107 2.1876, 1.0 0.0861 2.3718, 1.0 -0.119 2.1876, 1.0 -0.0944 2.4891, 1.0 -0.1354 2.4472, 1.0 -0.0533 2.4975, 1.0 0.1763 2.5394, 1.0 0.3486 2.397, 1.0 0.2337 2.3216, 1.0 0.2255 2.2462, 1.0 0.2665 2.3467, 1.0 0.2173 2.4975, 1.0 0.2583 2.3886, 1.0 0.2993 2.397, 1.0 0.2173 2.3635, 1.0 0.3814 2.3467, 1.0 0.3486 2.3551, 1.0 0.4224 2.2378, 1.0 0.3486 2.1876, 1.0 0.2993 2.3551, 1.0 0.3814 2.1959, 1.0 0.406 2.2127, 1.0 0.2993 2.1876, 1.0 0.2665 2.1959, 1.0 0.2419 2.2127, 1.0 0.1763 2.3216, 1.0 0.1763 2.2462, 1.0 0.1927 2.2127, 1.0 0.1025 2.397, 1.0 0.406 2.33, 1.0 0.1025 2.4807, 1.0 0.1107 2.4472, 1.0 0.0615 2.4305, 1.0 0.0615 2.4472, 1.0 0.0451 2.4724, 1.0 0.0451 2.397, 1.0 -0.0205 2.4975, 1.0 0.1107 2.4305, 1.0 0.0205 2.4891, 1.0 0.0369 2.531, 1.0 0.0697 2.5142, 1.0 -0.119 2.4724, 1.0 -0.1764 2.4472, 1.0 -0.7751 2.5394, 1.0 -0.1682 2.4807, 1.0 -0.1354 2.5142, 1.0 -0.1026 2.531, 1.0 -0.8407 2.5394, 1.0 -0.89 2.2462, 1.0 -0.7259 2.2462, 1.0 -1.0376 2.5394, 1.0 -1.0868 2.5394, 1.0 -1.0868 2.4724, 1.0 -1.136 2.4807, 1.0 -0.7341 2.2797, 1.0 -0.8079 2.5059, 1.0 -0.8818 2.2797, 1.0 0.6192 2.2127, 1.0 0.6438 2.1959, 1.0 0.5782 2.3132, 1.0 0.5864 2.2629, 1.0 0.6848 2.1876, 1.0 0.5782 2.3718, 1.0 0.7915 2.3132, 1.0 0.7259 2.1959, 1.0 0.7505 2.2127, 1.0 0.7833 2.2629, 1.0 0.6848 2.4975, 1.0 0.7915 2.3718, 1.0 0.7259 2.4891, 1.0 0.7833 2.4221, 1.0 0.7505 2.4724, 1.0 0.6192 2.4724, 1.0 0.6438 2.4891, 1.0 0.5864 2.4221, 1.0 -0.5373 1.7649, 1.0 -0.6111 1.9911, 1.0 -0.6849 1.7649, 1.0 0.6192 1.6979, 1.0 0.6438 1.6811, 1.0 0.5782 1.7984, 1.0 0.5864 1.7481, 1.0 0.6848 1.6728, 1.0 0.5782 1.857, 1.0 0.7915 1.7984, 1.0 0.7259 1.6811, 1.0 0.7505 1.6979, 1.0 0.7833 1.7481, 1.0 0.6848 1.9827, 1.0 0.7915 1.857, 1.0 0.7259 1.9743, 1.0 0.7833 1.9073, 1.0 0.7505 1.9576, 1.0 0.6192 1.9576, 1.0 0.6438 1.9743, 1.0 0.5864 1.9073, 0.8983 0.2887 0.6483, 0.7998 -0.3312 0.6483, 0.7998 0.3312 0.6483, 0.8983 -0.2887 0.6483, 0.8983 -0.2887 0.8914, 0.7998 0.3312 0.8914, 0.7998 -0.3312 0.8914, 0.8983 0.2887 0.8914, 0.9921 -1.136 2.4807, 0.9921 -1.136 2.4137, 0.9921 -1.0868 2.4724, 0.9921 -1.0868 2.5394, 0.9921 -1.0376 2.5394, 0.9921 -1.0868 2.1457, 0.9921 -1.0376 2.1457, 0.9921 -0.6439 2.1457, 0.9921 -0.7751 2.5394, 0.9921 -0.7341 2.2797, 0.9921 -0.89 2.2462, 0.9921 -0.972 2.1457, 0.9921 -0.9228 2.1457, 0.9921 -0.8818 2.2797, 0.9921 -0.6931 2.1457, 0.9921 -0.7259 2.2462, 0.9921 -0.8407 2.5394, 0.9921 -0.8079 2.5059, 0.9921 -0.119 2.1876, 0.9921 0.1107 2.1457, 0.9921 0.1107 2.1876, 0.9921 -0.0123 2.5394, 0.9921 -0.0451 2.5394, 0.9921 -0.0205 2.4975, 0.9921 0.0369 2.531, 0.9921 0.0451 2.4724, 0.9921 0.0697 2.5142, 0.9921 -0.1846 2.1457, 0.9921 0.0615 2.4472, 0.9921 0.1025 2.4807, 0.9921 0.0205 2.4891, 0.9921 -0.1026 2.531, 0.9921 -0.0944 2.4891, 0.9921 -0.0533 2.4975, 0.9921 -0.1682 2.4807, 0.9921 -0.119 2.4724, 0.9921 -0.1354 2.5142, 0.9921 -0.1354 2.4472, 0.9921 -0.1764 2.4472, 0.9921 0.0451 2.397, 0.9921 -0.1846 2.1876, 0.9921 0.1107 2.4472, 0.9921 0.1107 2.4305, 0.9921 0.0615 2.4305, 0.9921 0.1025 2.397, 0.9921 0.0861 2.3718, 0.9921 0.4306 2.2797, 0.9921 0.4716 2.2546, 0.9921 0.4716 2.2881, 0.9921 0.3486 2.3551, 0.9921 0.3486 2.397, 0.9921 0.2993 2.397, 0.9921 0.2255 2.2462, 0.9921 0.1763 2.2462, 0.9921 0.1927 2.2127, 0.9921 0.2993 2.1457, 0.9921 0.3486 2.1457, 0.9921 0.2993 2.1876, 0.9921 0.3814 2.3467, 0.9921 0.3896 2.3886, 0.9921 0.4306 2.3635, 0.9921 0.406 2.33, 0.9921 0.4552 2.33, 0.9921 0.4224 2.3048, 0.9921 0.4306 2.2629, 0.9921 0.4552 2.2127, 0.9921 0.3486 2.1876, 0.9921 0.3896 2.154, 0.9921 0.3814 2.1959, 0.9921 0.4224 2.2378, 0.9921 0.4306 2.1792, 0.9921 0.406 2.2127, 0.9921 0.2665 2.1959, 0.9921 0.2583 2.154, 0.9921 0.2173 2.1792, 0.9921 0.2419 2.2127, 0.9921 0.2993 2.3551, 0.9921 0.2583 2.3886, 0.9921 0.2665 2.3467, 0.9921 0.2173 2.3635, 0.9921 0.1763 2.3216, 0.9921 0.2337 2.3216, 0.9921 0.4552 2.4975, 0.9921 0.4552 2.5394, 0.9921 0.2173 2.4975, 0.9921 0.1763 2.5394, 0.9921 0.6192 2.2127, 0.9921 0.6356 2.154, 0.9921 0.6438 2.1959, 0.9921 0.6192 2.4724, 0.9921 0.6356 2.531, 0.9921 0.5946 2.5059, 0.9921 0.5946 2.1792, 0.9921 0.57 2.2043, 0.9921 0.5536 2.2378, 0.9921 0.5864 2.2629, 0.9921 0.7915 2.3132, 0.9921 0.8325 2.3048, 0.9921 0.7915 2.3718, 0.9921 0.7833 2.2629, 0.9921 0.8243 2.2629, 0.9921 0.8325 2.3802, 0.9921 0.6438 2.4891, 0.9921 0.6848 2.4975, 0.9921 0.8161 2.4472, 0.9921 0.7833 2.4221, 0.9921 0.8243 2.4221, 0.9921 0.7341 2.531, 0.9921 0.6848 2.5394, 0.9921 0.7259 2.4891, 0.9921 0.7505 2.4724, 0.9921 0.7751 2.5059, 0.9921 0.5372 2.3802, 0.9921 0.5782 2.3718, 0.9921 0.5454 2.4221, 0.9921 0.5864 2.4221, 0.9921 0.5536 2.4472, 0.9921 0.57 2.4807, 0.9921 0.5454 2.2629, 0.9921 0.5782 2.3132, 0.9921 0.5372 2.3048, 0.9921 0.7997 2.4807, 0.9921 0.8161 2.2378, 0.9921 0.7997 2.2043, 0.9921 0.7505 2.2127, 0.9921 0.7751 2.1792, 0.9921 0.7341 2.154, 0.9921 0.7259 2.1959, 0.9921 0.6848 2.1876, 0.9921 0.6848 2.1457, 0.9921 1.2262 2.5394, 0.9921 1.177 2.5394, 0.9921 1.0621 2.1959, 0.9921 0.8981 2.5394, 0.9921 1.0293 2.1457, 0.9921 1.0949 2.1457, 0.9921 0.9473 2.5394, 0.9921 -0.9228 1.8068, 0.9921 -0.8982 1.79, 0.9921 -0.9064 1.8319, 0.9921 -0.8654 1.8152, 0.9921 -0.89 1.9994, 0.9921 -0.931 1.9743, 0.9921 -0.9064 1.9576, 0.9921 -0.8818 1.7565, 0.9921 -1.0704 1.9576, 0.9921 -1.0458 1.9743, 0.9921 -1.0868 1.9994, 0.9921 -0.8572 1.9659, 0.9921 -0.9228 2.0162, 0.9921 -0.972 1.9827, 0.9921 -0.9802 2.0246, 0.9921 -0.9966 2.0246, 0.9921 -1.0048 1.9827, 0.9921 -1.054 2.0162, 0.9921 -1.0868 1.9324, 0.9921 -1.1196 1.9659, 0.9921 -1.1278 1.9324, 0.9921 -0.9228 1.6811, 0.9921 -0.9638 1.6728, 0.9921 -0.9228 1.6392, 0.9921 -0.9556 1.6309, 0.9921 -1.013 1.6728, 0.9921 -1.0212 1.6309, 0.9921 -0.8489 1.9157, 0.9921 -0.89 1.9157, 0.9921 -0.8572 1.8822, 0.9921 -0.89 1.9324, 0.9921 -0.8489 1.9324, 0.9921 -0.8736 1.857, 0.9921 -0.9064 1.8822, 0.9921 -0.9228 1.8654, 0.9921 -1.0048 1.8487, 0.9921 -0.972 1.8152, 0.9921 -0.972 1.8487, 0.9921 -1.0048 1.8152, 0.9921 -0.8407 1.7565, 0.9921 -0.8407 1.723, 0.9921 -0.8489 1.79, 0.9921 -0.8818 1.723, 0.9921 -0.8489 1.6979, 0.9921 -0.89 1.7063, 0.9921 -0.9064 1.6895, 0.9921 -0.89 1.656, 0.9921 -1.054 1.6811, 0.9921 -1.054 1.6392, 0.9921 -1.0704 1.6895, 0.9921 -1.0868 1.656, 0.9921 -1.1278 1.6979, 0.9921 -1.1114 1.6728, 0.9921 -1.0868 1.7063, 0.9921 -1.095 1.723, 0.9921 -1.136 1.723, 0.9921 -0.8654 1.6728, 0.9921 -0.447 1.6309, 0.9921 -0.5783 2.0246, 0.9921 -0.5373 1.7649, 0.9921 -0.6931 1.7314, 0.9921 -0.7751 1.6309, 0.9921 -0.7259 1.6309, 0.9921 -0.6849 1.7649, 0.9921 -0.4963 1.6309, 0.9921 -0.5291 1.7314, 0.9921 -0.6439 2.0246, 0.9921 -0.6111 1.9911, 0.9921 0.0123 1.9659, 0.9921 0.0123 1.8989, 0.9921 0.0615 1.9576, 0.9921 0.0615 2.0246, 0.9921 0.1107 2.0246, 0.9921 0.0615 1.6309, 0.9921 0.1107 1.6309, 0.9921 0.2419 1.6728, 0.9921 0.4716 1.6309, 0.9921 0.4716 1.6728, 0.9921 0.3486 2.0246, 0.9921 0.3157 2.0246, 0.9921 0.3404 1.9827, 0.9921 0.3978 2.0162, 0.9921 0.406 1.9576, 0.9921 0.4306 1.9994, 0.9921 0.1763 1.6309, 0.9921 0.4224 1.9324, 0.9921 0.4634 1.9659, 0.9921 0.3814 1.9743, 0.9921 0.2583 2.0162, 0.9921 0.2665 1.9743, 0.9921 0.3075 1.9827, 0.9921 0.1927 1.9659, 0.9921 0.2419 1.9576, 0.9921 0.2255 1.9994, 0.9921 0.2255 1.9324, 0.9921 0.1845 1.9324, 0.9921 0.406 1.8822, 0.9921 0.1763 1.6728, 0.9921 0.4716 1.9324, 0.9921 0.4716 1.9157, 0.9921 0.4224 1.9157, 0.9921 0.4634 1.8822, 0.9921 0.447 1.857, 0.9921 0.6192 1.6979, 0.9921 0.6356 1.6392, 0.9921 0.6438 1.6811, 0.9921 0.6192 1.9576, 0.9921 0.6356 2.0162, 0.9921 0.5946 1.9911, 0.9921 0.5946 1.6644, 0.9921 0.57 1.6895, 0.9921 0.5536 1.723, 0.9921 0.5864 1.7481, 0.9921 0.7915 1.7984, 0.9921 0.8325 1.79, 0.9921 0.7915 1.857, 0.9921 0.7833 1.7481, 0.9921 0.8243 1.7481, 0.9921 0.8325 1.8654, 0.9921 0.6438 1.9743, 0.9921 0.6848 1.9827, 0.9921 0.8161 1.9324, 0.9921 0.7833 1.9073, 0.9921 0.8243 1.9073, 0.9921 0.7341 2.0162, 0.9921 0.6848 2.0246, 0.9921 0.7259 1.9743, 0.9921 0.7505 1.9576, 0.9921 0.7751 1.9911, 0.9921 0.5372 1.8654, 0.9921 0.5782 1.857, 0.9921 0.5454 1.9073, 0.9921 0.5864 1.9073, 0.9921 0.5536 1.9324, 0.9921 0.57 1.9659, 0.9921 0.5454 1.7481, 0.9921 0.5782 1.7984, 0.9921 0.5372 1.79, 0.9921 0.7997 1.9659, 0.9921 0.8161 1.723, 0.9921 0.7997 1.6895, 0.9921 0.7505 1.6979, 0.9921 0.7751 1.6644, 0.9921 0.7341 1.6392, 0.9921 0.7259 1.6811, 0.9921 0.6848 1.6728, 0.9921 0.6848 1.6309, 0.9921 1.2262 2.0246, 0.9921 1.177 2.0246, 0.9921 1.0621 1.6811, 0.9921 0.8981 2.0246, 0.9921 1.0293 1.6309, 0.9921 1.0949 1.6309, 0.9921 0.9473 2.0246, -0.9016 0.6693 0.6483, -0.9016 0.4269 0.6483, -0.9016 0.6553 0.8914, -0.9016 0.4269 0.8914, -0.9016 -0.7301 1.3215, -0.9016 0.7301 0.9458, -0.9016 0.719 0.9238, -0.9016 -0.4269 0.6483, -0.9016 -0.4269 0.8914, -0.9016 -0.6553 0.8914, -0.9016 0.6796 0.8952, -0.9016 0.7015 0.9064, -0.9016 0.734 0.9701, -0.9016 0.7301 1.3215, -0.9016 0.734 1.2972, -0.9016 0.7015 1.3609, -0.9016 0.719 1.3435, -0.9016 -0.6553 1.3759, -0.9016 0.6553 1.3759, -0.9016 0.6796 1.3721, -0.9016 -0.7015 1.3609, -0.9016 -0.6796 1.3721, -0.9016 -0.719 1.3435, -0.9016 -0.734 1.2972, -0.9016 -0.7301 0.9458, -0.9016 -0.734 0.9701, -0.9016 -0.7015 0.9064, -0.9016 -0.719 0.9238, -0.9016 -0.6796 0.8952, -0.7998 -0.3312 0.6483, -0.8983 -0.2887 0.6483, -0.8983 0.2887 0.6483, -0.7998 0.3312 0.6483, -0.8983 0.2887 0.8914, -0.7998 -0.3312 0.8914, -0.7998 0.3312 0.8914, -0.8983 -0.2887 0.8914, -0.9921 0.5087 2.3243, -0.9921 0.4922 2.3159, -0.9921 0.474 2.313, -0.9921 0.5617 2.6599, -0.9921 0.5794 2.6566, -0.9921 0.5947 2.6469, -0.9921 0.53 2.3539, -0.9921 0.5217 2.3374, -0.9921 0.4152 2.4164, -0.9921 0.3487 2.313, -0.9921 0.2025 2.4164, -0.9921 -0.0146 2.2027, -0.9921 0.1854 2.4287, -0.9921 0.1759 2.3313, -0.9921 0.3432 2.3111, -0.9921 0.34 2.3061, -0.9921 0.1432 2.644, -0.9921 0.2351 2.5623, -0.9921 0.1249 2.6256, -0.9921 0.3606 2.0474, -0.9921 0.3166 2.0603, -0.9921 0.4333 2.1018, -0.9921 0.3406 2.3002, -0.9921 0.2864 2.0947, -0.9921 0.4262 2.0591, -0.9921 0.4136 2.0505, -0.9921 0.3987 2.0474, -0.9921 0.4369 2.087, -0.9921 0.4344 2.072, -0.9921 0.2991 2.0753, -0.9921 0.3377 2.0507, -0.9921 0.0605 2.0669, -0.9921 0.0354 2.0569, -0.9921 0.0086 2.0535, -0.9921 -0.2829 2.1155, -0.9921 -0.2799 2.1346, -0.9921 -0.2206 2.0535, -0.9921 -0.0504 2.1667, -0.9921 -0.0795 2.1639, -0.9921 -0.0947 2.1668, -0.9921 -0.2798 2.0963, -0.9921 -0.2709 2.079, -0.9921 -0.2571 2.0653, -0.9921 -0.2398 2.0565, -0.9921 -0.1208 2.2026, -0.9921 -0.1169 2.1876, -0.9921 -0.119 2.218, -0.9921 -0.1308 2.6012, -0.9921 -0.1217 2.619, -0.9921 -0.1076 2.6333, -0.9921 -0.07 2.6455, -0.9921 -0.0898 2.6424, -0.9921 -0.0405 2.6455, -0.9921 -0.0021 2.6212, -0.9921 -0.0115 2.6341, -0.9921 -0.0249 2.6426, -0.9921 0.192 2.6599, -0.9921 0.2475 2.565, -0.9921 0.0019 2.6058, -0.9921 0.1131 2.6023, -0.9921 0.1854 2.4398, -0.9921 -0.0 2.5901, -0.9921 0.1109 2.1282, -0.9921 -0.0225 2.1871, -0.9921 -0.1078 2.1751, -0.9921 -0.0677 2.1639, -0.9921 0.0824 2.0828, -0.9921 -0.0348 2.1747, -0.9921 0.0995 2.1037, -0.9921 0.4648 2.565, -0.9921 0.1663 2.6559, -0.9921 0.6077 2.5969, -0.9921 0.4732 2.5622, -0.9921 0.6053 2.6323, -0.9921 0.6099 2.6148, -0.9921 0.4273 2.419, -0.9921 0.4374 2.4263, -0.9921 0.2249 2.5549, -0.9921 0.2186 2.5439, -0.9921 0.1919 2.4198, -0.9921 0.4436 2.4371, -0.9921 0.4785 2.5462, -0.9921 0.4784 2.5551, -0.9921 0.9158 1.4815, -0.9921 0.9194 1.4926, -0.9921 0.9458 1.4813, -0.9921 0.9246 1.9197, -0.9921 0.8915 1.9172, -0.9921 0.9246 1.9628, -0.9921 0.9736 1.6193, -0.9921 0.7374 1.5864, -0.9921 0.6974 1.5694, -0.9921 0.7187 1.6252, -0.9921 0.8325 1.5016, -0.9921 0.8732 1.4874, -0.9921 0.8349 1.454, -0.9921 0.7056 1.7099, -0.9921 0.6623 1.7005, -0.9921 0.6663 1.7461, -0.9921 0.7934 1.9277, -0.9921 0.811 1.888, -0.9921 0.756 1.9015, -0.9921 0.6781 1.7902, -0.9921 0.7259 1.7931, -0.9921 0.7116 1.7525, -0.9921 0.6974 1.8317, -0.9921 0.7478 1.8301, -0.9921 0.7237 1.8691, -0.9921 0.7765 1.8622, -0.9921 0.6781 1.6108, -0.9921 0.708 1.6669, -0.9921 0.6663 1.655, -0.9921 0.756 1.4996, -0.9921 0.7954 1.5234, -0.9921 0.7934 1.4734, -0.9921 0.7633 1.552, -0.9921 0.7237 1.5319, -0.9921 0.879 1.4422, -0.9921 0.9246 1.4382, -0.9921 0.9952 1.8159, -0.9921 0.9419 1.717, -0.9921 0.9617 1.8141, -0.9921 1.0062 1.6224, -0.9921 0.8349 1.947, -0.9921 0.879 1.9588, -0.9921 0.8498 1.9066, -0.9921 1.0978 1.9628, -0.9921 1.0547 1.9197, -0.9921 1.0547 1.4813, -0.9921 1.0978 1.4382, -0.9921 0.9083 1.7153, -0.9921 0.8587 2.2611, -0.9921 0.8918 2.2724, -0.9921 0.8697 2.2442, -0.9921 0.6934 2.2442, -0.9921 0.6989 2.2724, -0.9921 0.7264 2.2442, -0.9921 0.8477 2.0529, -0.9921 0.8201 2.081, -0.9921 0.8422 2.0866, -0.9921 0.7705 2.081, -0.9921 0.743 2.0529, -0.9921 0.7485 2.0866, -0.9921 0.7209 2.0641, -0.9921 0.7319 2.0979, -0.9921 0.7705 2.0472, -0.9921 0.8201 2.0472, -0.9921 0.8587 2.0979, -0.9921 0.8697 2.0641, -0.9921 0.8697 2.1148, -0.9921 0.8918 2.0866, -0.9921 0.9028 2.1091, -0.9921 0.8753 2.1373, -0.9921 0.9028 2.2499, -0.9921 0.8753 2.2217, -0.9921 0.9083 2.2217, -0.9921 0.9083 2.1373, -0.9921 0.8422 2.2724, -0.9921 0.8697 2.2949, -0.9921 0.8477 2.3062, -0.9921 0.8201 2.278, -0.9921 0.7705 2.3118, -0.9921 0.8201 2.3118, -0.9921 0.7705 2.278, -0.9921 0.7485 2.2724, -0.9921 0.743 2.3062, -0.9921 0.7319 2.2611, -0.9921 0.7209 2.2949, -0.9921 0.6989 2.0866, -0.9921 0.7264 2.1148, -0.9921 0.6934 2.1148, -0.9921 -0.6528 2.3313, -0.9921 -0.6528 2.1568, -0.9921 -0.6859 2.1568, -0.9921 -0.5536 2.1061, -0.9921 -0.5481 2.0723, -0.9921 -0.5756 2.1005, -0.9921 -0.6803 2.1286, -0.9921 -0.6473 2.1342, -0.9921 -0.6693 2.1061, -0.9921 -0.6362 2.1174, -0.9921 -0.5977 2.0667, -0.9921 -0.6252 2.0723, -0.9921 -0.5977 2.1005, -0.9921 -0.6197 2.1061, -0.9921 -0.6473 2.0836, -0.9921 -0.5756 2.0667, -0.9921 -0.537 2.1174, -0.9921 -0.526 2.0836, -0.9921 -0.526 2.1342, -0.9921 -0.504 2.1061, -0.9921 -0.4929 2.1286, -0.9921 -0.5205 2.1568, -0.9921 -0.5205 2.3313, -0.9921 -0.4874 2.3313, -0.9921 -0.4874 2.1568, -0.9921 -0.6859 2.3313, -0.9921 -0.8016 2.2243, -0.9921 -0.7961 2.1905, -0.9921 -0.8181 2.2187, -0.9921 -0.8953 2.3087, -0.9921 -0.8733 2.3256, -0.9921 -0.8677 2.2919, -0.9921 -0.8512 2.1849, -0.9921 -0.8512 2.2187, -0.9921 -0.7465 2.2693, -0.9921 -0.7465 2.2468, -0.9921 -0.7796 2.2525, -0.9921 -0.8788 2.213, -0.9921 -0.7851 2.2356, -0.9921 -0.774 2.2018, -0.9921 -0.752 2.2243, -0.9921 -0.7796 2.2637, -0.9921 -0.7299 2.1399, -0.9921 -0.7355 2.1174, -0.9921 -0.763 2.1399, -0.9921 -0.8181 2.1849, -0.9921 -0.8512 2.1005, -0.9921 -0.8788 2.0723, -0.9921 -0.8733 2.1061, -0.9921 -0.752 2.0892, -0.9921 -0.7851 2.1061, -0.9921 -0.7685 2.123, -0.9921 -0.8512 2.0667, -0.9921 -0.8071 2.1005, -0.9921 -0.8071 2.0667, -0.9921 -0.7961 2.3256, -0.9921 -0.8181 2.2975, -0.9921 -0.8181 2.3313, -0.9921 -0.8512 2.2975, -0.9921 -0.8457 2.3313, -0.9921 -0.8733 2.1793, -0.9921 -0.9008 2.2018, -0.9921 -0.9008 2.1511, -0.9921 -0.9339 2.1568, -0.9921 -0.9229 2.1793, -0.9921 -0.8898 2.168, -0.9921 -0.9229 2.1061, -0.9921 -0.9339 2.1286, -0.9921 -0.9008 2.1342, -0.9921 -0.8898 2.1174, -0.9921 -0.9008 2.0836, -0.9921 -0.7796 2.0723, -0.9921 -0.9118 2.2862, -0.9921 -0.8788 2.2806, -0.9921 -0.752 2.2919, -0.9921 -0.7851 2.2806, -0.9921 -0.774 2.3144, -0.9921 -0.8016 2.2919, -0.9921 -0.8843 2.2693, -0.9921 -0.9173 2.2693, -0.9921 0.2064 1.5257, -0.9921 0.1946 1.4729, -0.9921 0.1887 1.5106, -0.9921 0.2064 1.7594, -0.9921 0.1946 1.8122, -0.9921 0.2241 1.7896, -0.9921 0.2241 1.4955, -0.9921 0.2419 1.5182, -0.9921 0.2537 1.5483, -0.9921 0.23 1.5709, -0.9921 0.0824 1.6162, -0.9921 0.0529 1.6086, -0.9921 0.0824 1.6689, -0.9921 0.0883 1.5709, -0.9921 0.0588 1.5709, -0.9921 0.0529 1.6765, -0.9921 0.1887 1.7745, -0.9921 0.1592 1.782, -0.9921 0.0647 1.7368, -0.9921 0.0883 1.7142, -0.9921 0.0588 1.7142, -0.9921 0.1237 1.8122, -0.9921 0.1592 1.8197, -0.9921 0.1297 1.7745, -0.9921 0.1119 1.7594, -0.9921 0.0942 1.7896, -0.9921 0.2655 1.6765, -0.9921 0.236 1.6689, -0.9921 0.2596 1.7142, -0.9921 0.23 1.7142, -0.9921 0.2537 1.7368, -0.9921 0.2419 1.767, -0.9921 0.2596 1.5709, -0.9921 0.236 1.6162, -0.9921 0.2655 1.6086, -0.9921 0.0765 1.767, -0.9921 0.0647 1.5483, -0.9921 0.0765 1.5182, -0.9921 0.1119 1.5257, -0.9921 0.0942 1.4955, -0.9921 0.1237 1.4729, -0.9921 0.1297 1.5106, -0.9921 0.1592 1.5031, -0.9921 0.1592 1.4654, -0.9921 -0.0416 1.5031, -0.9921 -0.207 1.4654, -0.9921 -0.207 1.5031, -0.9921 -0.1184 1.8197, -0.9921 -0.0948 1.8197, -0.9921 -0.1125 1.782, -0.9921 -0.1538 1.8122, -0.9921 -0.1597 1.7594, -0.9921 -0.1774 1.7971, -0.9921 0.0056 1.4654, -0.9921 -0.1715 1.7368, -0.9921 -0.2011 1.767, -0.9921 -0.142 1.7745, -0.9921 -0.0534 1.8122, -0.9921 -0.0593 1.7745, -0.9921 -0.0889 1.782, -0.9921 -0.0062 1.767, -0.9921 -0.0416 1.7594, -0.9921 -0.0298 1.7971, -0.9921 -0.0298 1.7368, -0.9921 -0.0003 1.7368, -0.9921 -0.1597 1.6916, -0.9921 0.0056 1.5031, -0.9921 -0.207 1.7368, -0.9921 -0.207 1.7217, -0.9921 -0.1715 1.7217, -0.9921 -0.2011 1.6916, -0.9921 -0.1892 1.6689, -0.9921 -0.3014 1.5031, -0.9921 -0.4668 1.4654, -0.9921 -0.4668 1.5031, -0.9921 -0.3782 1.8197, -0.9921 -0.3546 1.8197, -0.9921 -0.3723 1.782, -0.9921 -0.4137 1.8122, -0.9921 -0.4196 1.7594, -0.9921 -0.4373 1.7971, -0.9921 -0.2542 1.4654, -0.9921 -0.4314 1.7368, -0.9921 -0.4609 1.767, -0.9921 -0.4018 1.7745, -0.9921 -0.3133 1.8122, -0.9921 -0.3192 1.7745, -0.9921 -0.3487 1.782, -0.9921 -0.266 1.767, -0.9921 -0.3014 1.7594, -0.9921 -0.2896 1.7971, -0.9921 -0.2896 1.7368, -0.9921 -0.2601 1.7368, -0.9921 -0.4196 1.6916, -0.9921 -0.2542 1.5031, -0.9921 -0.4668 1.7368, -0.9921 -0.4668 1.7217, -0.9921 -0.4314 1.7217, -0.9921 -0.4609 1.6916, -0.9921 -0.4491 1.6689
            ]
        }
        coordIndex [
            0,1,2,-1,3,4,5,-1,6,7,8,-1,9,10,11,-1,12,13,14,-1,15,1,5,-1,3,5,1,-1,1,16,2,-1,1,15,16,-1,1,0,17,-1,17,0,9,-1,18,19,20,-1,21,22,23,-1,24,25,26,-1,27,28,29,-1,30,31,22,-1,32,33,34,-1,13,35,14,-1,36,37,38,-1,39,40,41,-1,13,42,35,-1,43,42,44,-1,43,44,45,-1,46,42,13,-1,47,42,48,-1,42,49,50,-1,47,49,42,-1,51,36,42,-1,51,42,50,-1,36,51,37,-1,46,48,42,-1,52,53,54,-1,41,55,56,-1,57,58,59,-1,60,59,61,-1,62,12,63,-1,39,64,40,-1,58,61,59,-1,61,58,65,-1,65,58,66,-1,67,66,68,-1,66,67,69,-1,55,70,56,-1,69,65,66,-1,69,52,71,-1,69,53,52,-1,53,72,73,-1,74,75,76,-1,77,78,79,-1,54,53,80,-1,81,82,83,-1,84,85,86,-1,87,84,86,-1,88,89,90,-1,90,89,91,-1,91,89,92,-1,93,94,39,-1,41,93,39,-1,41,40,95,-1,64,96,40,-1,55,41,95,-1,41,97,21,-1,98,70,55,-1,98,71,70,-1,99,100,101,-1,102,103,104,-1,105,106,75,-1,74,105,75,-1,78,107,108,-1,105,74,109,-1,109,74,110,-1,73,72,103,-1,111,102,104,-1,72,104,103,-1,112,110,113,-1,110,112,114,-1,115,114,116,-1,114,109,110,-1,114,115,117,-1,116,118,115,-1,119,120,121,-1,97,122,123,-1,116,119,124,-1,91,125,90,-1,44,126,8,-1,92,127,91,-1,53,73,80,-1,69,71,65,-1,98,65,71,-1,71,128,70,-1,97,41,56,-1,129,120,130,-1,131,28,132,-1,83,130,81,-1,133,134,135,-1,136,131,132,-1,137,124,119,-1,138,31,139,-1,121,137,119,-1,140,131,129,-1,141,142,143,-1,144,10,145,-1,120,129,121,-1,114,117,109,-1,116,124,118,-1,101,109,117,-1,99,101,117,-1,100,122,101,-1,97,101,122,-1,146,97,123,-1,21,97,147,-1,97,146,147,-1,21,147,148,-1,21,148,149,-1,21,149,150,-1,21,150,30,-1,138,151,152,-1,30,139,31,-1,153,154,155,-1,21,23,156,-1,157,158,159,-1,153,160,157,-1,161,134,162,-1,135,136,132,-1,163,33,32,-1,33,161,34,-1,163,164,151,-1,164,163,32,-1,31,138,152,-1,164,152,151,-1,22,21,30,-1,156,26,25,-1,25,21,156,-1,26,20,24,-1,18,145,19,-1,26,18,20,-1,19,145,10,-1,144,11,10,-1,11,17,9,-1,165,17,166,-1,11,166,17,-1,93,62,167,-1,168,167,169,-1,94,167,168,-1,170,171,172,-1,173,172,174,-1,175,176,177,-1,178,179,180,-1,178,180,181,-1,182,183,184,-1,88,185,89,-1,92,186,127,-1,93,167,94,-1,84,127,186,-1,177,168,169,-1,186,85,84,-1,182,187,188,-1,186,189,85,-1,85,189,8,-1,190,191,192,-1,8,189,6,-1,193,194,195,-1,7,45,8,-1,193,187,194,-1,8,45,44,-1,192,191,196,-1,196,197,192,-1,42,43,35,-1,12,14,63,-1,190,198,191,-1,167,62,63,-1,199,200,197,-1,196,199,197,-1,201,177,169,-1,201,171,170,-1,172,171,174,-1,173,174,184,-1,183,173,184,-1,182,202,183,-1,180,183,181,-1,203,198,190,-1,203,193,198,-1,193,203,187,-1,187,203,188,-1,187,182,184,-1,202,181,183,-1,107,78,77,-1,204,205,206,-1,207,208,180,-1,209,210,211,-1,212,213,214,-1,208,215,180,-1,180,215,44,-1,44,215,216,-1,44,216,217,-1,44,217,218,-1,44,218,126,-1,219,220,221,-1,179,207,180,-1,222,223,224,-1,79,176,77,-1,201,175,177,-1,225,226,227,-1,201,170,175,-1,225,227,223,-1,176,79,177,-1,222,225,223,-1,108,228,78,-1,229,230,231,-1,206,205,232,-1,230,229,224,-1,206,233,204,-1,232,234,235,-1,236,209,237,-1,238,239,240,-1,241,242,243,-1,244,243,242,-1,224,229,222,-1,222,229,245,-1,246,222,245,-1,246,245,247,-1,248,249,250,-1,251,252,253,-1,142,141,159,-1,158,142,159,-1,254,255,256,-1,257,258,259,-1,157,160,158,-1,260,253,261,-1,153,155,160,-1,253,252,261,-1,154,262,155,-1,263,264,254,-1,262,265,155,-1,262,266,265,-1,166,266,267,-1,265,266,166,-1,267,268,166,-1,268,269,166,-1,269,270,166,-1,263,271,272,-1,166,270,165,-1,263,273,264,-1,165,270,274,-1,275,276,263,-1,165,274,277,-1,271,263,276,-1,165,277,278,-1,263,279,275,-1,278,241,243,-1,280,281,282,-1,44,165,248,-1,283,27,29,-1,141,143,259,-1,83,140,129,-1,140,284,131,-1,280,282,271,-1,272,271,282,-1,273,263,272,-1,260,273,272,-1,260,261,273,-1,273,261,285,-1,273,285,286,-1,273,286,287,-1,278,243,288,-1,289,290,291,-1,292,165,288,-1,278,288,165,-1,293,165,294,-1,165,292,294,-1,165,295,248,-1,165,293,295,-1,296,255,297,-1,298,299,239,-1,299,300,239,-1,301,302,249,-1,303,247,304,-1,236,237,305,-1,305,306,236,-1,111,220,307,-1,131,284,29,-1,219,228,233,-1,102,111,307,-1,210,308,211,-1,83,129,130,-1,309,235,234,-1,232,205,234,-1,310,308,210,-1,235,309,303,-1,209,236,210,-1,311,305,237,-1,246,247,303,-1,237,240,311,-1,237,238,240,-1,298,239,238,-1,180,304,247,-1,300,312,313,-1,312,300,299,-1,301,313,302,-1,312,302,313,-1,249,248,301,-1,44,248,250,-1,44,304,180,-1,314,44,315,-1,44,250,315,-1,44,314,304,-1,309,246,303,-1,108,204,233,-1,233,228,108,-1,219,221,228,-1,220,111,221,-1,307,82,102,-1,307,83,82,-1,283,316,27,-1,317,318,264,-1,316,319,27,-1,317,259,320,-1,264,318,255,-1,161,162,34,-1,29,28,131,-1,135,134,136,-1,134,133,162,-1,258,34,162,-1,143,257,259,-1,258,257,34,-1,141,259,317,-1,320,318,317,-1,255,254,264,-1,212,296,297,-1,212,297,213,-1,256,255,296,-1,321,254,256,-1,254,322,290,-1,322,254,321,-1,322,291,290,-1,243,244,291,-1,289,291,244,-1,323,324,325,-1,326,327,328,-1,325,329,323,-1,330,331,332,-1,333,332,331,-1,328,334,326,-1,332,333,328,-1,335,334,333,-1,328,333,334,-1,329,334,335,-1,336,335,337,-1,338,336,337,-1,336,329,335,-1,329,336,323,-1,339,340,341,-1,342,343,341,-1,343,344,341,-1,342,340,345,-1,341,340,342,-1,346,347,348,-1,349,350,351,-1,352,346,353,-1,346,352,347,-1,354,355,353,-1,352,353,355,-1,349,351,354,-1,355,354,351,-1,356,355,351,-1,357,356,351,-1,358,351,359,-1,360,351,361,-1,351,358,362,-1,363,361,351,-1,357,351,360,-1,359,351,350,-1,361,363,364,-1,351,365,363,-1,366,367,368,-1,368,369,366,-1,367,370,368,-1,370,371,368,-1,372,373,374,-1,375,372,374,-1,373,372,370,-1,376,372,377,-1,376,377,378,-1,377,379,380,-1,380,378,377,-1,372,376,370,-1,370,376,371,-1,381,371,382,-1,371,376,382,-1,383,371,381,-1,384,385,386,-1,387,388,389,-1,388,384,386,-1,389,390,391,-1,391,387,389,-1,392,386,393,-1,385,393,386,-1,389,388,386,-1,389,394,395,-1,394,389,386,-1,394,396,395,-1,397,395,396,-1,397,398,399,-1,398,397,396,-1,398,165,399,-1,399,165,44,-1,400,401,402,-1,403,404,402,-1,402,404,400,-1,404,405,406,-1,404,403,405,-1,405,407,408,-1,408,409,406,-1,406,405,408,-1,389,395,42,-1,410,390,389,-1,411,410,412,-1,399,44,397,-1,397,44,42,-1,389,42,412,-1,42,395,397,-1,389,412,410,-1,413,414,415,-1,416,417,418,-1,418,417,419,-1,413,420,421,-1,422,418,423,-1,423,418,424,-1,418,419,424,-1,425,417,426,-1,417,425,419,-1,427,428,426,-1,428,427,429,-1,430,431,432,-1,433,431,430,-1,434,427,430,-1,430,432,434,-1,427,435,430,-1,434,429,427,-1,417,411,427,-1,427,426,417,-1,411,413,410,-1,411,417,409,-1,413,411,414,-1,413,415,420,-1,436,437,411,-1,411,437,414,-1,436,409,438,-1,409,436,411,-1,439,438,409,-1,440,441,442,-1,439,409,440,-1,441,443,442,-1,444,443,441,-1,409,441,440,-1,409,408,441,-1,442,443,445,-1,446,443,444,-1,443,446,445,-1,441,447,444,-1,446,444,447,-1,448,447,441,-1,449,442,445,-1,449,450,440,-1,440,442,449,-1,439,450,451,-1,450,439,440,-1,439,451,438,-1,452,436,438,-1,452,438,451,-1,415,414,453,-1,454,414,437,-1,414,454,453,-1,436,455,437,-1,454,437,455,-1,452,455,436,-1,456,415,453,-1,456,457,420,-1,420,415,456,-1,421,457,458,-1,457,421,420,-1,421,458,413,-1,390,410,413,-1,390,413,458,-1,459,460,461,-1,452,457,456,-1,461,460,462,-1,463,464,387,-1,465,462,460,-1,407,466,467,-1,459,466,460,-1,460,468,465,-1,469,470,466,-1,469,466,459,-1,467,466,470,-1,471,472,407,-1,471,407,467,-1,472,473,451,-1,472,448,407,-1,452,458,457,-1,474,451,473,-1,475,390,476,-1,390,458,477,-1,477,476,390,-1,478,479,391,-1,475,391,390,-1,463,387,391,-1,463,391,479,-1,387,480,481,-1,480,387,464,-1,388,387,481,-1,391,475,478,-1,455,452,454,-1,452,456,453,-1,454,452,453,-1,477,458,452,-1,452,474,482,-1,477,452,482,-1,451,474,452,-1,472,451,448,-1,451,449,445,-1,451,450,449,-1,451,446,447,-1,445,446,451,-1,451,447,448,-1,483,484,485,-1,486,483,485,-1,485,487,486,-1,485,484,488,-1,489,490,392,-1,491,485,488,-1,393,492,489,-1,385,493,494,-1,495,393,385,-1,491,392,496,-1,497,498,499,-1,500,499,485,-1,493,385,501,-1,385,384,501,-1,494,495,385,-1,495,502,393,-1,489,392,393,-1,502,492,393,-1,392,490,496,-1,485,496,503,-1,496,485,491,-1,503,500,485,-1,499,500,497,-1,504,505,506,-1,507,506,498,-1,508,509,505,-1,508,505,504,-1,510,511,512,-1,512,505,510,-1,513,514,512,-1,513,512,511,-1,515,512,514,-1,509,510,505,-1,506,507,504,-1,516,498,506,-1,517,499,516,-1,498,516,499,-1,518,499,519,-1,499,517,519,-1,520,499,521,-1,499,518,521,-1,522,523,467,-1,388,524,525,-1,470,526,522,-1,522,467,470,-1,526,469,527,-1,469,526,470,-1,528,527,459,-1,469,459,527,-1,461,529,528,-1,528,459,461,-1,529,462,530,-1,462,529,461,-1,531,530,465,-1,462,465,530,-1,468,532,531,-1,531,465,468,-1,532,533,534,-1,533,532,468,-1,535,534,536,-1,533,536,534,-1,537,538,535,-1,535,536,537,-1,538,539,540,-1,539,538,537,-1,541,540,542,-1,539,542,540,-1,543,544,541,-1,541,542,543,-1,544,545,546,-1,545,544,543,-1,545,547,546,-1,523,471,467,-1,471,548,472,-1,548,471,523,-1,473,472,549,-1,548,549,472,-1,550,474,473,-1,473,549,550,-1,474,551,482,-1,551,474,550,-1,477,482,552,-1,551,552,482,-1,553,476,477,-1,477,552,553,-1,476,554,475,-1,554,476,553,-1,478,475,555,-1,554,555,475,-1,556,479,478,-1,478,555,556,-1,479,557,463,-1,557,479,556,-1,464,463,558,-1,557,558,463,-1,559,480,464,-1,464,558,559,-1,480,560,481,-1,560,480,559,-1,388,481,524,-1,560,524,481,-1,561,562,563,-1,564,565,566,-1,567,568,569,-1,570,571,572,-1,573,572,571,-1,574,575,570,-1,570,572,574,-1,564,566,573,-1,564,573,571,-1,565,567,569,-1,565,569,566,-1,568,561,563,-1,567,561,568,-1,525,562,388,-1,563,562,525,-1,388,562,576,-1,565,564,577,-1,571,578,579,-1,580,562,561,-1,581,582,567,-1,576,384,388,-1,580,576,562,-1,582,580,561,-1,567,582,561,-1,581,565,577,-1,567,565,581,-1,564,571,579,-1,564,579,577,-1,575,578,570,-1,570,578,571,-1,583,545,543,-1,584,543,542,-1,539,537,585,-1,584,542,586,-1,587,536,588,-1,515,588,533,-1,536,533,588,-1,468,515,533,-1,536,587,537,-1,585,537,587,-1,539,586,542,-1,585,586,539,-1,583,543,584,-1,589,545,583,-1,589,547,545,-1,590,591,489,-1,515,592,593,-1,492,594,590,-1,590,489,492,-1,594,502,595,-1,502,594,492,-1,596,595,495,-1,502,495,595,-1,494,597,596,-1,596,495,494,-1,597,493,598,-1,493,597,494,-1,599,598,501,-1,493,501,598,-1,384,600,599,-1,599,501,384,-1,600,576,601,-1,576,600,384,-1,602,601,580,-1,576,580,601,-1,582,603,602,-1,602,580,582,-1,603,581,604,-1,581,603,582,-1,605,604,577,-1,581,577,604,-1,579,606,605,-1,605,577,579,-1,606,578,574,-1,578,606,579,-1,578,575,574,-1,591,490,489,-1,490,607,496,-1,607,490,591,-1,503,496,608,-1,607,608,496,-1,609,500,503,-1,503,608,609,-1,500,610,497,-1,610,500,609,-1,498,497,611,-1,610,611,497,-1,612,507,498,-1,498,611,612,-1,507,613,504,-1,613,507,612,-1,508,504,614,-1,613,614,504,-1,615,509,508,-1,508,614,615,-1,509,616,510,-1,616,509,615,-1,511,510,617,-1,616,617,510,-1,618,513,511,-1,511,617,618,-1,513,619,514,-1,619,513,618,-1,515,514,592,-1,619,592,514,-1,587,588,620,-1,584,586,621,-1,585,622,623,-1,589,583,624,-1,625,624,583,-1,546,547,589,-1,589,624,546,-1,584,621,625,-1,584,625,583,-1,586,585,623,-1,586,623,621,-1,622,587,620,-1,585,587,622,-1,593,588,515,-1,620,588,593,-1,626,616,615,-1,627,628,573,-1,629,626,615,-1,630,616,626,-1,615,614,629,-1,617,616,630,-1,631,629,614,-1,630,618,617,-1,614,613,631,-1,630,632,618,-1,631,613,612,-1,618,632,619,-1,633,599,634,-1,635,636,592,-1,611,631,612,-1,593,592,636,-1,611,610,631,-1,620,593,637,-1,631,610,609,-1,623,638,639,-1,608,607,640,-1,633,598,599,-1,621,641,625,-1,603,642,602,-1,643,644,544,-1,645,646,605,-1,647,538,540,-1,572,573,628,-1,648,532,649,-1,569,650,651,-1,529,530,652,-1,653,525,654,-1,655,656,526,-1,657,559,558,-1,523,658,548,-1,659,556,660,-1,551,661,662,-1,663,660,555,-1,664,663,554,-1,662,552,551,-1,664,553,552,-1,557,665,558,-1,659,557,556,-1,666,549,658,-1,661,550,666,-1,667,654,524,-1,657,667,560,-1,656,522,526,-1,523,522,668,-1,563,650,568,-1,525,653,563,-1,652,669,528,-1,655,527,669,-1,530,531,670,-1,566,651,627,-1,574,572,671,-1,648,670,531,-1,672,649,534,-1,606,671,645,-1,673,604,646,-1,535,538,672,-1,647,540,674,-1,673,642,603,-1,644,674,541,-1,600,675,634,-1,602,675,601,-1,624,625,676,-1,546,676,643,-1,677,596,678,-1,597,598,679,-1,637,638,622,-1,639,641,621,-1,590,680,640,-1,680,594,677,-1,619,635,592,-1,632,635,619,-1,636,637,593,-1,620,637,622,-1,622,638,623,-1,623,639,621,-1,641,676,625,-1,624,676,546,-1,546,643,544,-1,544,644,541,-1,541,674,540,-1,647,672,538,-1,535,672,534,-1,534,649,532,-1,532,648,531,-1,670,652,530,-1,529,652,528,-1,528,669,527,-1,527,655,526,-1,656,668,522,-1,668,658,523,-1,548,658,549,-1,549,666,550,-1,550,661,551,-1,662,664,552,-1,553,664,554,-1,554,663,555,-1,555,660,556,-1,659,665,557,-1,665,657,558,-1,559,657,560,-1,560,667,524,-1,524,654,525,-1,653,650,563,-1,568,650,569,-1,569,651,566,-1,566,627,573,-1,628,671,572,-1,574,671,606,-1,606,645,605,-1,605,646,604,-1,604,673,603,-1,642,675,602,-1,601,675,600,-1,600,634,599,-1,633,679,598,-1,679,678,597,-1,596,677,595,-1,597,678,596,-1,590,594,680,-1,594,595,677,-1,591,590,640,-1,640,607,591,-1,631,609,640,-1,608,640,609,-1,681,661,666,-1,658,682,666,-1,681,666,682,-1,658,668,683,-1,683,682,658,-1,684,668,656,-1,668,684,683,-1,655,685,656,-1,684,656,685,-1,655,669,686,-1,686,685,655,-1,687,669,652,-1,669,687,686,-1,670,688,652,-1,687,652,688,-1,670,648,689,-1,689,688,670,-1,690,648,649,-1,648,690,689,-1,672,691,649,-1,690,649,691,-1,672,647,692,-1,692,691,672,-1,693,647,674,-1,647,693,692,-1,644,694,674,-1,693,674,694,-1,644,643,695,-1,695,694,644,-1,696,643,676,-1,643,696,695,-1,641,697,676,-1,696,676,697,-1,641,639,698,-1,698,697,641,-1,699,639,638,-1,639,699,698,-1,637,700,638,-1,699,638,700,-1,637,636,701,-1,701,700,637,-1,702,636,635,-1,636,702,701,-1,632,703,635,-1,702,635,703,-1,632,630,704,-1,704,703,632,-1,705,630,626,-1,630,705,704,-1,629,706,626,-1,705,626,706,-1,629,631,707,-1,707,706,629,-1,631,708,707,-1,709,661,681,-1,709,710,662,-1,662,661,709,-1,664,710,711,-1,710,664,662,-1,712,663,711,-1,664,711,663,-1,712,713,660,-1,660,663,712,-1,659,713,714,-1,713,659,660,-1,715,665,714,-1,659,714,665,-1,715,716,657,-1,657,665,715,-1,667,716,717,-1,716,667,657,-1,718,654,717,-1,667,717,654,-1,718,719,653,-1,653,654,718,-1,650,719,720,-1,719,650,653,-1,721,651,720,-1,650,720,651,-1,721,722,627,-1,627,651,721,-1,628,722,723,-1,722,628,627,-1,724,671,723,-1,628,723,671,-1,724,725,645,-1,645,671,724,-1,646,725,726,-1,725,646,645,-1,727,673,726,-1,646,726,673,-1,727,728,642,-1,642,673,727,-1,675,728,729,-1,728,675,642,-1,730,634,729,-1,675,729,634,-1,730,731,633,-1,633,634,730,-1,679,731,732,-1,731,679,633,-1,733,678,732,-1,679,732,678,-1,733,734,677,-1,677,678,733,-1,680,734,735,-1,734,680,677,-1,680,735,640,-1,736,737,738,-1,739,740,741,-1,742,743,744,-1,745,746,743,-1,747,748,749,-1,750,751,752,-1,753,754,755,-1,738,737,756,-1,746,757,758,-1,759,760,761,-1,762,743,742,-1,762,745,743,-1,708,763,764,-1,745,757,746,-1,765,766,767,-1,758,757,759,-1,761,760,768,-1,758,759,761,-1,760,769,770,-1,768,760,770,-1,771,772,767,-1,772,773,774,-1,775,765,776,-1,766,765,775,-1,776,777,775,-1,764,778,708,-1,779,780,781,-1,767,766,771,-1,774,773,782,-1,767,772,774,-1,773,770,783,-1,782,773,783,-1,781,780,784,-1,785,786,787,-1,779,788,789,-1,781,788,779,-1,788,790,789,-1,791,792,793,-1,794,795,796,-1,785,784,780,-1,787,786,797,-1,784,785,787,-1,786,783,798,-1,797,786,798,-1,796,795,799,-1,800,801,802,-1,794,803,804,-1,796,803,794,-1,803,805,804,-1,806,708,735,-1,807,808,809,-1,800,799,795,-1,802,801,810,-1,799,800,802,-1,801,798,811,-1,810,801,811,-1,809,808,812,-1,813,814,815,-1,807,816,817,-1,809,816,807,-1,816,818,817,-1,735,708,631,-1,819,820,821,-1,813,812,808,-1,815,814,822,-1,812,813,815,-1,814,811,823,-1,822,814,823,-1,824,825,821,-1,825,826,827,-1,828,819,829,-1,820,819,828,-1,829,830,828,-1,793,831,791,-1,832,833,834,-1,821,820,824,-1,827,826,835,-1,821,825,827,-1,826,823,836,-1,835,826,836,-1,834,833,837,-1,838,839,840,-1,832,841,842,-1,834,841,832,-1,841,843,842,-1,844,845,846,-1,838,837,833,-1,840,839,847,-1,837,838,840,-1,836,806,847,-1,839,836,847,-1,848,845,849,-1,849,850,851,-1,844,852,853,-1,846,852,844,-1,852,854,853,-1,735,855,856,-1,857,858,859,-1,846,845,848,-1,851,850,860,-1,849,845,850,-1,860,806,856,-1,851,860,856,-1,859,858,861,-1,862,863,864,-1,857,865,866,-1,859,865,857,-1,865,867,866,-1,735,868,855,-1,869,870,735,-1,862,861,858,-1,864,863,871,-1,861,862,864,-1,863,856,855,-1,871,863,855,-1,872,873,735,-1,868,735,873,-1,874,869,875,-1,870,869,874,-1,875,876,874,-1,735,870,872,-1,631,640,735,-1,856,806,735,-1,877,878,879,-1,880,881,882,-1,878,883,879,-1,806,884,885,-1,878,877,886,-1,883,887,888,-1,886,877,793,-1,889,890,708,-1,708,890,763,-1,708,831,889,-1,879,883,888,-1,891,791,885,-1,892,887,893,-1,887,892,888,-1,884,836,894,-1,895,896,897,-1,756,891,898,-1,898,891,899,-1,793,792,886,-1,708,791,831,-1,899,891,885,-1,737,736,900,-1,736,881,900,-1,884,901,902,-1,880,900,881,-1,903,904,905,-1,904,903,906,-1,907,894,823,-1,896,895,908,-1,897,902,909,-1,708,885,791,-1,738,756,898,-1,885,708,806,-1,901,909,902,-1,896,908,905,-1,903,905,908,-1,910,911,894,-1,912,913,914,-1,913,912,915,-1,916,917,918,-1,914,919,920,-1,921,911,922,-1,885,884,902,-1,895,897,909,-1,836,884,806,-1,910,922,911,-1,923,919,921,-1,923,920,919,-1,914,920,912,-1,924,925,926,-1,927,925,924,-1,928,929,907,-1,930,931,932,-1,932,929,933,-1,884,894,911,-1,923,921,922,-1,823,894,836,-1,928,933,929,-1,918,907,811,-1,926,931,934,-1,926,934,924,-1,935,936,937,-1,938,939,940,-1,931,930,934,-1,935,941,942,-1,936,917,943,-1,894,907,929,-1,930,932,933,-1,811,907,823,-1,916,943,917,-1,944,945,946,-1,940,942,941,-1,939,942,940,-1,947,948,946,-1,752,751,949,-1,935,937,941,-1,950,951,949,-1,944,918,798,-1,907,918,917,-1,937,936,943,-1,798,918,811,-1,945,947,946,-1,952,950,948,-1,752,949,951,-1,953,954,955,-1,951,950,952,-1,755,956,753,-1,953,955,754,-1,957,958,959,-1,960,961,962,-1,918,944,946,-1,952,948,947,-1,944,963,964,-1,962,965,960,-1,954,953,965,-1,755,754,955,-1,954,965,962,-1,966,753,956,-1,957,959,967,-1,749,968,747,-1,969,970,971,-1,967,741,957,-1,944,957,960,-1,957,961,960,-1,972,973,969,-1,972,969,971,-1,748,972,749,-1,974,747,968,-1,975,974,968,-1,968,976,975,-1,972,748,973,-1,977,971,970,-1,977,970,741,-1,957,741,970,-1,978,739,979,-1,958,957,944,-1,740,739,980,-1,739,741,967,-1,739,978,980,-1,958,944,964,-1,963,944,798,-1,979,739,981,-1,963,798,783,-1,982,963,783,-1,783,770,982,-1,983,984,770,-1,770,984,982,-1,769,983,770,-1,985,983,769,-1,986,985,987,-1,985,769,987,-1,988,989,985,-1,988,985,986,-1,989,990,985,-1,991,992,993,-1,994,995,996,-1,997,998,999,-1,1000,998,997,-1,1001,1002,1003,-1,1004,1005,1006,-1,1007,1008,1009,-1,1010,1011,1012,-1,1013,1014,1015,-1,1016,1017,1018,-1,1019,1020,1021,-1,995,1022,1023,-1,1024,1020,1025,-1,1021,994,996,-1,1026,1027,1022,-1,1028,1014,1024,-1,1029,1026,1030,-1,1013,1031,1007,-1,1015,1032,1013,-1,1010,1033,1034,-1,1016,1035,1036,-1,1037,1002,1001,-1,1009,1038,1037,-1,1039,1040,1041,-1,1042,1043,1044,-1,1045,999,1006,-1,1046,1004,1001,-1,1047,1048,1049,-1,1049,1048,1050,-1,991,998,1051,-1,1048,1047,1052,-1,1053,1052,1054,-1,1054,1052,1047,-1,1026,1029,1055,-1,1056,1057,993,-1,1058,1059,1060,-1,1056,1061,1057,-1,1062,1060,1059,-1,1063,1061,1064,-1,1065,1063,1066,-1,1065,1067,1068,-1,1069,1070,1062,-1,1071,1072,1068,-1,1073,1074,1069,-1,1071,1075,1072,-1,1073,1076,1077,-1,1075,1078,1079,-1,1080,1076,1081,-1,1082,1079,1083,-1,1081,1084,1080,-1,1082,1085,1086,-1,1084,1087,1088,-1,1089,1090,1091,-1,1086,1092,1089,-1,1093,1094,1095,-1,1096,1097,963,-1,1098,1093,1099,-1,1100,1093,1098,-1,1101,1099,1102,-1,1095,964,1097,-1,963,1103,1104,-1,1091,1105,1102,-1,1089,1092,1106,-1,1104,1103,1107,-1,1108,1087,1107,-1,1050,1041,1049,-1,1041,1050,1039,-1,1058,1053,1059,-1,1053,1054,1059,-1,1070,1060,1062,-1,1074,1070,1069,-1,1077,1074,1073,-1,1081,1076,1073,-1,1088,1080,1084,-1,1108,1088,1087,-1,1107,1103,1109,-1,1109,1108,1107,-1,1096,963,1104,-1,964,963,1097,-1,1094,964,1095,-1,1100,1094,1093,-1,1101,1098,1099,-1,1105,1101,1102,-1,1090,1105,1091,-1,1106,1090,1089,-1,1085,1092,1086,-1,1083,1085,1082,-1,1078,1083,1079,-1,1072,1075,1079,-1,1067,1071,1068,-1,1066,1067,1065,-1,1064,1066,1063,-1,1057,1061,1063,-1,992,1056,993,-1,1051,992,991,-1,1000,1051,998,-1,1045,997,999,-1,1005,1045,1006,-1,1046,1005,1004,-1,1003,1046,1001,-1,1038,1002,1037,-1,1008,1038,1009,-1,1031,1008,1007,-1,1032,1031,1013,-1,1028,1015,1014,-1,1025,1028,1024,-1,1019,1025,1020,-1,994,1021,1020,-1,1023,996,995,-1,1027,1023,1022,-1,1055,1027,1026,-1,1017,1029,1030,-1,1035,1016,1018,-1,1018,1017,1030,-1,1034,1036,1035,-1,1034,1011,1010,-1,1034,1033,1036,-1,1011,1042,1012,-1,1044,1043,1040,-1,1012,1042,1044,-1,1041,1040,1043,-1,1110,1044,1040,-1,1111,1040,1112,-1,1040,1111,1110,-1,1039,1113,1040,-1,1113,1114,1040,-1,1114,1115,1040,-1,1116,1039,1117,-1,1039,1118,1117,-1,1113,1039,1116,-1,1039,1119,1118,-1,1039,1120,1119,-1,1039,1050,1120,-1,1121,1050,1122,-1,1123,1050,1121,-1,1050,1124,1120,-1,1050,1125,1122,-1,1126,1048,1127,-1,1125,1050,1126,-1,1128,1127,1048,-1,1048,1129,1128,-1,1048,1126,1050,-1,1129,1048,1130,-1,1112,1040,1115,-1,1050,1123,1124,-1,1131,1132,1052,-1,1048,1132,1130,-1,1133,1052,1134,-1,1131,1052,1135,-1,1048,1052,1132,-1,1052,1133,1135,-1,1053,1136,1137,-1,1138,1052,1137,-1,1052,1053,1137,-1,1053,1139,1136,-1,1140,1139,1053,-1,1134,1052,1138,-1,1058,1141,1142,-1,1142,1143,1053,-1,1058,1142,1053,-1,1144,1141,1058,-1,1070,1074,1145,-1,1144,1058,1146,-1,1147,1148,1060,-1,1149,1147,1070,-1,1149,1070,1145,-1,1060,1070,1147,-1,1148,1146,1058,-1,1058,1060,1148,-1,1143,1140,1053,-1,1150,1151,1077,-1,1151,1074,1077,-1,1080,1152,1076,-1,1150,1077,1076,-1,1076,1152,1150,-1,1080,990,1152,-1,1088,990,1080,-1,985,1088,1108,-1,985,990,1088,-1,1074,1151,1145,-1,983,1109,984,-1,1109,983,1108,-1,1103,984,1109,-1,984,1103,982,-1,983,985,1108,-1,1103,963,982,-1,1153,1044,1110,-1,1010,1154,1155,-1,1156,1012,1157,-1,1158,1012,1159,-1,1010,1160,1161,-1,1162,1036,1163,-1,1164,1165,1044,-1,1164,1044,1153,-1,1166,1010,1167,-1,1168,1169,1044,-1,1168,1044,1165,-1,1044,1170,1012,-1,1170,1044,1169,-1,1012,1170,1171,-1,1171,1159,1012,-1,1157,1012,1158,-1,1160,1010,1156,-1,1010,1012,1156,-1,1010,1161,1167,-1,1166,1154,1010,-1,1172,1033,1155,-1,1010,1155,1033,-1,1173,1033,1174,-1,1033,1172,1174,-1,1175,1033,1176,-1,1033,1173,1176,-1,1175,1177,1036,-1,1036,1033,1175,-1,1178,1179,1036,-1,1178,1036,1177,-1,1180,1163,1036,-1,1180,1036,1179,-1,1021,1181,1182,-1,1016,1162,1183,-1,1162,1016,1036,-1,1183,1184,1016,-1,1185,1183,1162,-1,1183,1185,1186,-1,1186,1185,1187,-1,1187,1188,1186,-1,1184,1017,1016,-1,1184,1189,1017,-1,1188,1190,1186,-1,1029,1017,1189,-1,1190,1188,1191,-1,1192,1029,1189,-1,1191,1193,1190,-1,1194,1195,1193,-1,1193,1191,1194,-1,1195,1194,1196,-1,1029,1192,1055,-1,1197,1055,1192,-1,1195,1196,1198,-1,1198,1199,1200,-1,1199,1198,1196,-1,1201,1200,1199,-1,1027,1055,1197,-1,1202,1200,1201,-1,1203,1202,1201,-1,1204,1202,1203,-1,1205,1027,1197,-1,1027,1205,1023,-1,1204,1203,1206,-1,1206,1207,1204,-1,1206,1208,1207,-1,1207,1208,1209,-1,1210,1209,1208,-1,1205,1211,1023,-1,1208,1212,1210,-1,1211,996,1023,-1,1213,1210,1212,-1,1213,1214,1215,-1,1212,1214,1213,-1,996,1211,1181,-1,1215,1214,1216,-1,996,1181,1021,-1,1216,1217,1215,-1,1217,1216,1218,-1,1021,1182,1019,-1,1219,1217,1218,-1,1019,1182,1220,-1,1218,1221,1219,-1,1025,1019,1220,-1,1222,1219,1221,-1,1223,1025,1220,-1,1221,1224,1222,-1,1223,1028,1025,-1,1225,1222,1224,-1,1223,1226,1028,-1,1224,1227,1225,-1,1028,1226,1015,-1,744,1225,1227,-1,1015,1226,1228,-1,744,1227,742,-1,762,742,1227,-1,1015,1228,1229,-1,1015,1229,1032,-1,1031,1032,1230,-1,1229,1230,1032,-1,1231,1008,1031,-1,1031,1230,1231,-1,1008,1232,1038,-1,1232,1008,1231,-1,1002,1038,1233,-1,1232,1233,1038,-1,1234,1003,1002,-1,1002,1233,1234,-1,1003,1235,1046,-1,1235,1003,1234,-1,1005,1046,1236,-1,1235,1236,1046,-1,1237,1045,1005,-1,1005,1236,1237,-1,1045,1238,997,-1,1238,1045,1237,-1,1000,997,1239,-1,1238,1239,997,-1,1240,1051,1000,-1,1000,1239,1240,-1,1051,1241,992,-1,1241,1051,1240,-1,1056,992,1242,-1,1241,1242,992,-1,1243,1061,1056,-1,1056,1242,1243,-1,1061,1244,1064,-1,1244,1061,1243,-1,1066,1064,1245,-1,1244,1245,1064,-1,1246,1067,1066,-1,1066,1245,1246,-1,1067,1247,1071,-1,1247,1067,1246,-1,1075,1071,1248,-1,1247,1248,1071,-1,1249,1078,1075,-1,1075,1248,1249,-1,1078,1250,1083,-1,1250,1078,1249,-1,1085,1083,1251,-1,1250,1251,1083,-1,1252,1092,1085,-1,1085,1251,1252,-1,1092,1253,1106,-1,1253,1092,1252,-1,1090,1106,1254,-1,1253,1254,1106,-1,1255,1105,1090,-1,1090,1254,1255,-1,1105,981,1101,-1,981,1105,1255,-1,981,739,1101,-1,958,1100,959,-1,1098,967,959,-1,1101,967,1098,-1,739,967,1101,-1,1098,959,1100,-1,964,1094,958,-1,1100,958,1094,-1,974,1256,1257,-1,975,1256,974,-1,1258,1257,1256,-1,748,747,1259,-1,1257,1259,747,-1,973,748,1259,-1,974,1257,747,-1,746,1260,1261,-1,1262,1263,1264,-1,1223,1265,1266,-1,1264,1267,1268,-1,1231,1269,1270,-1,1235,1271,1272,-1,1273,1233,1274,-1,1275,1276,1229,-1,1277,1241,1240,-1,1232,1270,1274,-1,1234,1273,1271,-1,1237,1278,1279,-1,1239,1238,1280,-1,1279,1238,1237,-1,1281,1240,1239,-1,1239,1280,1281,-1,1238,1279,1280,-1,1282,1250,1249,-1,1281,1277,1240,-1,1283,1242,1241,-1,1284,1285,1243,-1,1241,1277,1283,-1,1284,1242,1283,-1,1246,1286,1247,-1,1243,1242,1284,-1,1287,1245,1244,-1,1287,1244,1285,-1,1287,1288,1245,-1,1288,1246,1245,-1,1244,1243,1285,-1,1246,1288,1286,-1,1289,1290,1248,-1,1247,1286,1289,-1,1248,1247,1289,-1,1290,1249,1248,-1,1278,1236,1272,-1,1249,1290,1282,-1,1291,1292,1251,-1,1292,1293,1252,-1,1251,1250,1291,-1,1292,1252,1251,-1,1252,1293,1253,-1,1250,1282,1291,-1,1294,1295,1254,-1,1295,1296,1255,-1,1254,1253,1294,-1,1295,1255,1254,-1,1253,1293,1294,-1,1296,979,981,-1,978,979,1296,-1,1276,1269,1230,-1,1255,1296,981,-1,1228,1266,1275,-1,1265,1223,1297,-1,1298,1299,1297,-1,1297,1299,1265,-1,1268,1267,1298,-1,1298,1297,1268,-1,1263,1262,1300,-1,1263,1267,1264,-1,1301,1300,1302,-1,1262,1302,1300,-1,1301,1303,1304,-1,1303,1301,1302,-1,1305,1306,1304,-1,1304,1303,1305,-1,1307,1306,1308,-1,1305,1308,1306,-1,1307,1309,1310,-1,1309,1307,1308,-1,1311,1312,1310,-1,1310,1309,1311,-1,1313,1312,1314,-1,1311,1314,1312,-1,1315,1314,1190,-1,1315,1313,1314,-1,1313,1315,1316,-1,1316,1315,1317,-1,1318,1317,1319,-1,1317,1318,1316,-1,1319,1320,1321,-1,1321,1318,1319,-1,1322,1323,1320,-1,1321,1320,1323,-1,1324,1322,1325,-1,1322,1324,1323,-1,1325,1326,1327,-1,1327,1324,1325,-1,1328,1329,1326,-1,1327,1326,1329,-1,1330,1328,1331,-1,1328,1330,1329,-1,1331,1332,1333,-1,1333,1330,1331,-1,1334,1335,1332,-1,1333,1332,1335,-1,1336,1334,1337,-1,1334,1336,1335,-1,1337,1338,1336,-1,1217,1337,1334,-1,1339,1338,1340,-1,1337,1340,1338,-1,1341,744,1261,-1,1341,1339,1340,-1,1342,1260,746,-1,1342,746,758,-1,746,1261,743,-1,1261,1260,1341,-1,743,1261,744,-1,1341,1225,744,-1,1225,1340,1222,-1,1260,1339,1341,-1,1225,1341,1340,-1,1222,1337,1219,-1,1222,1340,1337,-1,1217,1219,1337,-1,1217,1334,1215,-1,1334,1332,1215,-1,1215,1332,1213,-1,1332,1331,1213,-1,1213,1331,1210,-1,1331,1328,1210,-1,1210,1328,1209,-1,1328,1326,1209,-1,1209,1326,1207,-1,1207,1325,1204,-1,1207,1326,1325,-1,1204,1322,1202,-1,1204,1325,1322,-1,1202,1320,1200,-1,1202,1322,1320,-1,1200,1319,1198,-1,1200,1320,1319,-1,1198,1317,1195,-1,1198,1319,1317,-1,1315,1193,1195,-1,1195,1317,1315,-1,1190,1193,1315,-1,1190,1314,1186,-1,1314,1311,1186,-1,1186,1311,1183,-1,1311,1309,1183,-1,1183,1309,1184,-1,1309,1308,1184,-1,1184,1308,1189,-1,1308,1305,1189,-1,1189,1305,1192,-1,1305,1303,1192,-1,1192,1303,1197,-1,1303,1302,1197,-1,1197,1302,1205,-1,1302,1262,1205,-1,1205,1262,1211,-1,1262,1264,1211,-1,1211,1264,1181,-1,1264,1268,1181,-1,1181,1268,1182,-1,1182,1297,1220,-1,1182,1268,1297,-1,1220,1297,1223,-1,1223,1266,1226,-1,1266,1228,1226,-1,1275,1229,1228,-1,1230,1229,1276,-1,1231,1230,1269,-1,1231,1270,1232,-1,1232,1274,1233,-1,1233,1273,1234,-1,1234,1271,1235,-1,1235,1272,1236,-1,1236,1278,1237,-1,1151,1343,1344,-1,1344,1145,1151,-1,1345,1148,1147,-1,1346,1145,1344,-1,1345,1149,1346,-1,1149,1345,1147,-1,1346,1149,1145,-1,1347,1348,1349,-1,1349,1350,1343,-1,1348,989,988,-1,1350,1349,1348,-1,1152,990,1347,-1,1348,1347,989,-1,990,989,1347,-1,1349,1150,1152,-1,1152,1347,1349,-1,1349,1151,1150,-1,1343,1151,1349,-1,970,969,1351,-1,1352,1353,1354,-1,1352,1355,1353,-1,1355,1356,1353,-1,1357,1351,1259,-1,1258,1358,1257,-1,1359,1360,1355,-1,1351,1357,1361,-1,973,1259,969,-1,1360,1359,1361,-1,1360,1358,1356,-1,961,1361,1359,-1,954,962,1362,-1,1362,1359,1355,-1,1356,1355,1360,-1,1355,1352,1362,-1,961,1359,962,-1,1362,962,1359,-1,1358,1357,1257,-1,1361,961,957,-1,1361,1357,1360,-1,970,1361,957,-1,1358,1360,1357,-1,1257,1357,1259,-1,969,1259,1351,-1,1361,970,1351,-1,1363,1364,1365,-1,1366,1367,1368,-1,1367,1366,1369,-1,1370,1371,1372,-1,1373,1371,1370,-1,1374,1375,1376,-1,1377,1378,1379,-1,1380,1381,1382,-1,1383,1380,1382,-1,1374,1376,1384,-1,1385,1386,1387,-1,1365,1388,1363,-1,1385,1387,1389,-1,1390,1391,1392,-1,1393,1369,1366,-1,1394,1395,1396,-1,1392,1391,1397,-1,1398,1364,1368,-1,1396,1399,1400,-1,1401,1392,1402,-1,1393,1403,1369,-1,1402,1392,1397,-1,1393,1383,1403,-1,1381,1402,1397,-1,1392,1404,1390,-1,1381,1380,1402,-1,1405,1406,1407,-1,1390,1404,1408,-1,1409,1410,1406,-1,1408,1404,1411,-1,1408,1411,1412,-1,1410,1409,1413,-1,1412,1411,1413,-1,1413,1409,1412,-1,1407,1406,1410,-1,1407,1414,1405,-1,1405,1414,1415,-1,1416,1417,1418,-1,1414,1416,1415,-1,1419,1420,1417,-1,1418,1415,1416,-1,1421,1422,1423,-1,1424,1425,1419,-1,1421,1425,1424,-1,1419,1425,1420,-1,1424,1422,1421,-1,1420,1418,1417,-1,1426,1423,1422,-1,761,1342,758,-1,1422,1424,1427,-1,1428,1429,1342,-1,1428,1342,761,-1,1428,1430,1431,-1,1432,1433,1426,-1,773,1434,1430,-1,772,1434,773,-1,1432,772,771,-1,1434,772,1432,-1,770,1430,768,-1,1403,1383,1382,-1,1367,1398,1368,-1,1363,1388,1399,-1,1398,1365,1364,-1,1400,1394,1396,-1,1399,1388,1400,-1,1395,1394,1435,-1,1436,1437,1389,-1,1435,1438,1437,-1,1437,1395,1435,-1,1389,1437,1439,-1,1438,1439,1437,-1,1386,1375,1387,-1,1385,1389,1439,-1,1374,1384,1440,-1,1376,1375,1386,-1,1440,1441,1377,-1,1441,1440,1384,-1,1379,1378,1442,-1,1377,1441,1378,-1,1373,1443,1442,-1,1379,1442,1443,-1,1444,1445,1372,-1,1373,1370,1443,-1,1446,1447,1448,-1,1371,1444,1372,-1,1445,1449,1446,-1,1449,1445,1444,-1,1450,1446,1451,-1,1446,1449,1451,-1,1447,1450,1452,-1,1450,1447,1446,-1,1452,1453,1454,-1,1454,1447,1452,-1,1455,1456,1453,-1,1454,1453,1456,-1,1457,1455,1458,-1,1455,1457,1456,-1,1458,1459,1460,-1,1460,1457,1458,-1,1461,1462,1459,-1,1460,1459,1462,-1,1463,1461,1464,-1,1461,1463,1462,-1,1464,1465,1466,-1,1466,1463,1464,-1,1467,1468,1469,-1,1466,1465,1467,-1,1470,1471,1469,-1,1465,1468,1467,-1,1472,1473,1474,-1,1470,1469,1468,-1,1475,1474,1471,-1,1471,1470,1475,-1,1472,1474,1476,-1,1475,1476,1474,-1,1477,1478,1472,-1,1477,1472,1476,-1,1479,1480,1481,-1,1481,1480,1482,-1,1296,980,978,-1,1483,740,980,-1,1482,1480,977,-1,1479,1472,1478,-1,1479,1478,1484,-1,972,971,1484,-1,971,1480,1484,-1,1434,1432,1426,-1,770,773,1430,-1,1485,1486,1487,-1,1433,1423,1426,-1,1430,1426,1431,-1,1424,1419,1487,-1,1431,1422,1427,-1,1419,1417,1488,-1,1424,1487,1427,-1,1417,1416,1489,-1,1419,1488,1487,-1,1416,1414,1490,-1,1417,1489,1488,-1,1414,1407,1491,-1,1416,1490,1489,-1,1407,1410,1492,-1,1414,1491,1490,-1,1410,1413,1493,-1,1407,1492,1491,-1,1413,1411,1494,-1,1410,1493,1492,-1,1404,1495,1411,-1,1413,1494,1493,-1,1392,1496,1404,-1,1494,1411,1495,-1,1497,1402,1380,-1,1495,1404,1496,-1,1498,1499,1500,-1,1496,1392,1401,-1,1380,1383,1500,-1,1401,1402,1497,-1,1383,1393,1501,-1,1380,1500,1497,-1,1393,1366,1502,-1,1383,1501,1500,-1,1366,1368,1503,-1,1393,1502,1501,-1,1368,1364,1504,-1,1366,1503,1502,-1,1364,1363,1505,-1,1368,1504,1503,-1,1363,1399,1506,-1,1364,1505,1504,-1,1399,1396,1507,-1,1363,1506,1505,-1,1395,1508,1396,-1,1399,1507,1506,-1,1437,1509,1395,-1,1507,1396,1508,-1,1510,1389,1387,-1,1508,1395,1509,-1,1511,1512,1513,-1,1509,1437,1436,-1,1387,1375,1513,-1,1436,1389,1510,-1,1375,1374,1514,-1,1387,1513,1510,-1,1374,1440,1515,-1,1375,1514,1513,-1,1440,1377,1516,-1,1374,1515,1514,-1,1377,1379,1517,-1,1440,1516,1515,-1,1379,1443,1518,-1,1377,1517,1516,-1,1443,1370,1519,-1,1379,1518,1517,-1,1370,1372,1520,-1,1443,1519,1518,-1,1445,1521,1372,-1,1370,1520,1519,-1,1446,1522,1445,-1,1520,1372,1521,-1,1523,1447,1454,-1,1521,1445,1522,-1,1524,1525,1526,-1,1522,1446,1448,-1,1454,1456,1526,-1,1448,1447,1523,-1,1456,1457,1527,-1,1454,1526,1523,-1,1457,1460,1528,-1,1456,1527,1526,-1,1460,1462,1529,-1,1457,1528,1527,-1,1462,1463,1530,-1,1460,1529,1528,-1,1463,1466,1531,-1,1462,1530,1529,-1,1466,1467,1532,-1,1463,1531,1530,-1,1467,1469,1533,-1,1466,1532,1531,-1,1471,1534,1469,-1,1467,1533,1532,-1,1474,1535,1471,-1,1533,1469,1534,-1,1536,1472,1479,-1,1534,1471,1535,-1,1481,1537,1538,-1,1535,1474,1473,-1,1483,1537,1482,-1,1536,1473,1472,-1,1479,1481,1536,-1,971,977,1480,-1,1484,1480,1479,-1,1434,1426,1430,-1,1429,1260,1342,-1,1486,1260,1429,-1,1426,1422,1431,-1,1427,1429,1431,-1,1338,1486,1485,-1,1427,1486,1429,-1,1485,1488,1539,-1,1488,1485,1487,-1,1539,1489,1540,-1,1489,1539,1488,-1,1540,1490,1541,-1,1490,1540,1489,-1,1541,1491,1542,-1,1491,1541,1490,-1,1542,1492,1543,-1,1492,1542,1491,-1,1543,1493,1544,-1,1493,1543,1492,-1,1544,1494,1545,-1,1494,1544,1493,-1,1545,1495,1546,-1,1495,1545,1494,-1,1546,1496,1547,-1,1496,1546,1495,-1,1547,1401,1548,-1,1401,1547,1496,-1,1499,1316,1548,-1,1497,1548,1401,-1,1312,1499,1498,-1,1497,1499,1548,-1,1498,1501,1549,-1,1501,1498,1500,-1,1549,1502,1550,-1,1502,1549,1501,-1,1550,1503,1551,-1,1503,1550,1502,-1,1551,1504,1552,-1,1504,1551,1503,-1,1552,1505,1553,-1,1505,1552,1504,-1,1553,1506,1554,-1,1506,1553,1505,-1,1554,1507,1555,-1,1507,1554,1506,-1,1555,1508,1556,-1,1508,1555,1507,-1,1556,1509,1557,-1,1509,1556,1508,-1,1557,1436,1558,-1,1436,1557,1509,-1,1512,1265,1558,-1,1510,1558,1436,-1,1275,1512,1511,-1,1510,1512,1558,-1,1511,1514,1559,-1,1514,1511,1513,-1,1559,1515,1560,-1,1515,1559,1514,-1,1560,1516,1561,-1,1516,1560,1515,-1,1561,1517,1562,-1,1517,1561,1516,-1,1562,1518,1563,-1,1518,1562,1517,-1,1563,1519,1564,-1,1519,1563,1518,-1,1564,1520,1565,-1,1520,1564,1519,-1,1565,1521,1566,-1,1521,1565,1520,-1,1566,1522,1567,-1,1522,1566,1521,-1,1567,1448,1568,-1,1448,1567,1522,-1,1568,1523,1525,-1,1523,1568,1448,-1,1283,1525,1524,-1,1523,1526,1525,-1,1524,1527,1569,-1,1527,1524,1526,-1,1569,1528,1570,-1,1528,1569,1527,-1,1570,1529,1571,-1,1529,1570,1528,-1,1571,1530,1572,-1,1530,1571,1529,-1,1572,1531,1573,-1,1531,1572,1530,-1,1573,1532,1574,-1,1532,1573,1531,-1,1574,1533,1575,-1,1533,1574,1532,-1,1575,1534,1576,-1,1534,1575,1533,-1,1576,1535,1577,-1,1535,1576,1534,-1,1577,1473,1578,-1,1473,1577,1535,-1,1578,1536,1538,-1,1536,1578,1473,-1,1537,1294,1538,-1,1538,1536,1481,-1,1482,977,741,-1,1482,1537,1481,-1,740,1482,741,-1,1430,1428,768,-1,761,768,1428,-1,1260,1486,1339,-1,1431,1429,1428,-1,1338,1339,1486,-1,1487,1486,1427,-1,1338,1485,1336,-1,1485,1539,1336,-1,1336,1539,1335,-1,1539,1540,1335,-1,1335,1540,1333,-1,1540,1541,1333,-1,1333,1541,1330,-1,1541,1542,1330,-1,1330,1542,1329,-1,1329,1543,1327,-1,1329,1542,1543,-1,1327,1544,1324,-1,1327,1543,1544,-1,1324,1545,1323,-1,1324,1544,1545,-1,1323,1546,1321,-1,1323,1545,1546,-1,1321,1547,1318,-1,1321,1546,1547,-1,1318,1548,1316,-1,1318,1547,1548,-1,1316,1499,1313,-1,1312,1313,1499,-1,1500,1499,1497,-1,1312,1498,1310,-1,1498,1549,1310,-1,1310,1549,1307,-1,1549,1550,1307,-1,1307,1550,1306,-1,1550,1551,1306,-1,1306,1551,1304,-1,1551,1552,1304,-1,1304,1552,1301,-1,1301,1553,1300,-1,1301,1552,1553,-1,1300,1554,1263,-1,1300,1553,1554,-1,1263,1555,1267,-1,1263,1554,1555,-1,1267,1556,1298,-1,1267,1555,1556,-1,1298,1557,1299,-1,1298,1556,1557,-1,1299,1558,1265,-1,1299,1557,1558,-1,1265,1512,1266,-1,1275,1266,1512,-1,1513,1512,1510,-1,1275,1511,1276,-1,1511,1559,1276,-1,1276,1559,1269,-1,1559,1560,1269,-1,1269,1560,1270,-1,1560,1561,1270,-1,1270,1561,1274,-1,1561,1562,1274,-1,1274,1562,1273,-1,1273,1563,1271,-1,1273,1562,1563,-1,1271,1564,1272,-1,1271,1563,1564,-1,1272,1565,1278,-1,1272,1564,1565,-1,1278,1566,1279,-1,1278,1565,1566,-1,1279,1567,1280,-1,1279,1566,1567,-1,1280,1568,1281,-1,1280,1567,1568,-1,1281,1525,1277,-1,1281,1568,1525,-1,1525,1283,1277,-1,1283,1524,1284,-1,1524,1569,1284,-1,1284,1569,1285,-1,1569,1570,1285,-1,1285,1570,1287,-1,1570,1571,1287,-1,1287,1571,1288,-1,1571,1572,1288,-1,1288,1572,1286,-1,1286,1573,1289,-1,1286,1572,1573,-1,1289,1574,1290,-1,1289,1573,1574,-1,1290,1575,1282,-1,1290,1574,1575,-1,1282,1576,1291,-1,1282,1575,1576,-1,1291,1577,1292,-1,1291,1576,1577,-1,1292,1578,1293,-1,1292,1577,1578,-1,1293,1538,1294,-1,1293,1578,1538,-1,1294,1537,1295,-1,1295,1537,1296,-1,1483,1482,740,-1,1537,1483,1296,-1,980,1296,1483,-1,1579,759,1580,-1,1581,1582,1583,-1,1584,1585,1586,-1,1139,1585,1136,-1,1587,1583,1582,-1,1584,1135,1133,-1,1134,1138,1585,-1,1585,1584,1134,-1,1584,1129,1130,-1,1588,1587,1589,-1,1590,1584,1591,-1,1584,1590,1129,-1,1592,1593,1594,-1,1588,1593,1592,-1,1595,1591,1586,-1,1590,1122,1125,-1,1594,1595,1592,-1,1123,1121,1596,-1,1120,1596,1597,-1,1594,1598,1595,-1,1597,1118,1119,-1,1591,1599,1597,-1,1600,1116,1117,-1,1600,1117,1118,-1,1599,1598,1601,-1,1599,1595,1598,-1,1115,1114,1600,-1,1602,1600,1597,-1,1603,1602,1601,-1,1600,1112,1115,-1,1604,1164,1153,-1,1602,1599,1601,-1,1600,1602,1605,-1,1164,1604,1165,-1,1159,1171,1606,-1,1165,1604,1606,-1,1159,1606,1158,-1,1607,1605,1608,-1,1609,1606,1610,-1,1607,1608,1611,-1,1166,1612,1154,-1,1166,1167,1610,-1,1173,1612,1176,-1,1613,1612,1610,-1,1614,1180,1179,-1,1614,1177,1175,-1,1162,1163,1185,-1,1163,1614,1187,-1,1615,1187,1614,-1,1185,1163,1187,-1,1614,1612,1615,-1,1180,1614,1163,-1,1176,1614,1175,-1,1612,1614,1176,-1,1173,1174,1612,-1,1615,1612,1613,-1,1612,1155,1154,-1,1612,1172,1155,-1,1610,1607,1611,-1,1611,1613,1610,-1,1156,1157,1609,-1,1610,1161,1609,-1,1606,1604,1607,-1,1158,1609,1157,-1,1165,1606,1168,-1,1608,1605,1603,-1,1111,1112,1604,-1,1600,1605,1604,-1,1586,1616,1592,-1,1122,1597,1121,-1,1617,1588,1616,-1,1588,1589,1593,-1,1618,1616,1585,-1,1589,1587,1582,-1,1585,1140,1143,-1,1617,1619,1620,-1,1617,1618,1619,-1,1621,1581,1583,-1,1621,1622,1623,-1,1618,1141,1144,-1,1624,1625,1623,-1,1622,1621,1583,-1,1626,1625,1627,-1,1623,1622,1624,-1,1627,1628,1626,-1,1624,1627,1625,-1,1628,1579,1580,-1,1626,1628,1580,-1,1579,760,759,-1,757,1580,759,-1,1624,1629,1627,-1,1630,1631,1632,-1,1630,1633,1348,-1,988,986,1348,-1,986,1630,1348,-1,769,760,1631,-1,769,1631,987,-1,1579,1631,760,-1,1634,1635,1636,-1,1631,1628,1632,-1,1622,1635,1624,-1,1632,1627,1629,-1,1583,1637,1622,-1,1624,1635,1629,-1,1587,1620,1583,-1,1637,1635,1622,-1,1618,1143,1142,-1,1583,1620,1637,-1,1585,1138,1137,-1,1588,1617,1587,-1,1584,1130,1132,-1,1592,1616,1588,-1,1590,1125,1126,-1,1586,1592,1595,-1,1597,1596,1121,-1,1591,1595,1599,-1,1113,1116,1600,-1,1597,1599,1602,-1,1110,1111,1604,-1,1606,1169,1168,-1,1603,1605,1602,-1,1607,1604,1605,-1,1158,1606,1609,-1,1610,1606,1607,-1,1167,1161,1610,-1,1610,1612,1166,-1,1174,1172,1612,-1,1177,1614,1178,-1,1179,1178,1614,-1,1579,1628,1631,-1,1633,1350,1348,-1,1634,1350,1633,-1,1628,1627,1632,-1,1629,1633,1632,-1,1344,1634,1636,-1,1629,1634,1633,-1,1636,1637,1638,-1,1637,1636,1635,-1,1638,1620,1619,-1,1620,1638,1637,-1,1144,1146,1618,-1,1139,1140,1585,-1,1587,1617,1620,-1,1616,1618,1617,-1,1133,1134,1584,-1,1616,1586,1585,-1,1128,1129,1590,-1,1591,1584,1586,-1,1590,1597,1122,-1,1597,1590,1591,-1,1119,1120,1597,-1,1597,1600,1118,-1,1114,1113,1600,-1,1604,1112,1600,-1,1153,1110,1604,-1,1169,1606,1170,-1,1171,1170,1606,-1,1156,1609,1160,-1,1161,1160,1609,-1,1631,1630,987,-1,986,987,1630,-1,1350,1634,1343,-1,1632,1633,1630,-1,1344,1343,1634,-1,1635,1634,1629,-1,1344,1636,1346,-1,1636,1638,1346,-1,1346,1638,1345,-1,1638,1619,1345,-1,1345,1619,1148,-1,1148,1618,1146,-1,1619,1618,1148,-1,1142,1141,1618,-1,1618,1585,1143,-1,1137,1136,1585,-1,1135,1584,1131,-1,1132,1131,1584,-1,1128,1590,1127,-1,1126,1127,1590,-1,1123,1596,1124,-1,1120,1124,1596,-1,955,954,1362,-1,1352,955,1362,-1,755,955,1352,-1,1352,1354,1639,-1,956,755,1639,-1,1352,1639,755,-1,1640,1641,1642,-1,1643,1644,1645,-1,1644,1643,1646,-1,1647,1646,1643,-1,1641,1640,1647,-1,1640,1646,1647,-1,1644,1648,1645,-1,1642,1641,1649,-1,1650,1651,1652,-1,1652,1651,1653,-1,1653,1642,1649,-1,1654,1655,1650,-1,1655,1651,1650,-1,1656,1657,1658,-1,1659,1654,1660,-1,1659,1660,1661,-1,1662,1661,1660,-1,1657,1663,1662,-1,1663,1661,1662,-1,1664,1665,1666,-1,1655,1654,1659,-1,1667,1668,1669,-1,1667,1669,1670,-1,1668,1656,1658,-1,1658,1669,1668,-1,1671,1672,1670,-1,1673,1674,1675,-1,1670,1672,1667,-1,1676,1677,1675,-1,1673,1675,1677,-1,1671,1676,1672,-1,1666,1674,1673,-1,1663,1657,1656,-1,1671,1677,1676,-1,1678,1665,1664,-1,1678,1679,1680,-1,1678,1664,1679,-1,1461,1678,1681,-1,1674,1666,1665,-1,1682,1683,1468,-1,1683,1684,1470,-1,1682,1685,1686,-1,1465,1685,1682,-1,1464,1681,1685,-1,1685,1681,1687,-1,1678,1680,1681,-1,1688,1683,1682,-1,1689,1475,1684,-1,976,1690,1691,-1,1692,1689,1684,-1,1691,1690,1689,-1,1684,1683,1693,-1,968,1690,976,-1,1653,1649,1652,-1,1484,749,972,-1,1478,749,1484,-1,1478,1690,968,-1,1478,968,749,-1,1694,1695,1648,-1,1696,1694,1697,-1,1645,1648,1695,-1,1697,1698,1699,-1,1694,1696,1695,-1,1700,1701,1698,-1,1699,1696,1697,-1,1702,1700,1703,-1,1699,1698,1701,-1,1703,1704,1705,-1,1700,1702,1701,-1,1706,1707,1704,-1,1705,1702,1703,-1,1708,1706,1709,-1,1705,1704,1707,-1,1710,1711,1709,-1,1706,1708,1707,-1,1712,1710,1713,-1,1710,1709,1369,-1,1713,1714,1715,-1,1710,1403,1713,-1,1716,1717,1714,-1,1382,1714,1713,-1,1718,1716,1719,-1,1716,1714,1381,-1,1719,1720,1721,-1,1716,1397,1719,-1,1722,1723,1720,-1,1391,1720,1719,-1,1724,1722,1725,-1,1722,1720,1390,-1,1725,1726,1727,-1,1722,1408,1725,-1,1728,1729,1726,-1,1412,1726,1725,-1,1730,1728,1731,-1,1728,1726,1409,-1,1731,1732,1733,-1,1728,1406,1731,-1,1732,1734,1733,-1,1405,1732,1731,-1,1735,1734,1736,-1,1732,1736,1734,-1,1737,1736,1738,-1,1736,1737,1735,-1,1739,1740,1738,-1,1739,1741,1742,-1,1738,1740,1737,-1,1743,1744,1741,-1,1742,1740,1739,-1,1745,1743,1746,-1,1742,1741,1744,-1,1746,1747,777,-1,1743,1745,1744,-1,1423,1433,1746,-1,1747,775,777,-1,766,1747,1433,-1,771,766,1432,-1,1433,1432,766,-1,1747,766,775,-1,777,1745,1746,-1,1433,1747,1746,-1,1743,1421,1423,-1,1423,1746,1743,-1,1741,1425,1421,-1,1421,1743,1741,-1,1739,1420,1425,-1,1425,1741,1739,-1,1738,1418,1420,-1,1420,1739,1738,-1,1418,1736,1415,-1,1418,1738,1736,-1,1415,1732,1405,-1,1415,1736,1732,-1,1405,1731,1406,-1,1728,1409,1406,-1,1730,1731,1733,-1,1726,1412,1409,-1,1729,1728,1730,-1,1725,1408,1412,-1,1727,1726,1729,-1,1722,1390,1408,-1,1724,1725,1727,-1,1720,1391,1390,-1,1723,1722,1724,-1,1719,1397,1391,-1,1721,1720,1723,-1,1716,1381,1397,-1,1718,1719,1721,-1,1714,1382,1381,-1,1717,1716,1718,-1,1713,1403,1382,-1,1715,1714,1717,-1,1710,1369,1403,-1,1712,1713,1715,-1,1709,1367,1369,-1,1711,1710,1712,-1,1706,1398,1367,-1,1708,1709,1711,-1,1367,1709,1706,-1,1704,1365,1398,-1,1398,1706,1704,-1,1703,1388,1365,-1,1365,1704,1703,-1,1700,1400,1388,-1,1388,1703,1700,-1,1698,1394,1400,-1,1400,1700,1698,-1,1697,1435,1394,-1,1394,1698,1697,-1,1694,1438,1435,-1,1435,1697,1694,-1,1648,1439,1438,-1,1438,1694,1648,-1,1644,1385,1439,-1,1439,1648,1644,-1,1646,1386,1385,-1,1385,1644,1646,-1,1640,1376,1386,-1,1386,1646,1640,-1,1642,1384,1376,-1,1376,1640,1642,-1,1653,1441,1384,-1,1384,1642,1653,-1,1651,1378,1441,-1,1441,1653,1651,-1,1655,1442,1378,-1,1378,1651,1655,-1,1659,1373,1442,-1,1442,1655,1659,-1,1661,1371,1373,-1,1373,1659,1661,-1,1663,1444,1371,-1,1371,1661,1663,-1,1656,1449,1444,-1,1444,1663,1656,-1,1668,1451,1449,-1,1449,1656,1668,-1,1667,1450,1451,-1,1451,1668,1667,-1,1672,1452,1450,-1,1450,1667,1672,-1,1676,1453,1452,-1,1452,1672,1676,-1,1675,1455,1453,-1,1453,1676,1675,-1,1674,1458,1455,-1,1455,1675,1674,-1,1665,1459,1458,-1,1458,1674,1665,-1,1459,1678,1461,-1,1459,1665,1678,-1,1461,1681,1464,-1,1685,1465,1464,-1,1687,1681,1680,-1,1682,1468,1465,-1,1686,1685,1687,-1,1683,1470,1468,-1,1688,1682,1686,-1,1684,1475,1470,-1,1693,1683,1688,-1,1689,1476,1475,-1,1692,1684,1693,-1,1690,1477,1476,-1,1691,1689,1692,-1,1476,1689,1690,-1,1478,1477,1690,-1,1589,1212,1593,-1,1598,1594,1206,-1,1208,1594,1593,-1,1201,1603,1601,-1,1199,1608,1603,-1,1601,1203,1201,-1,1199,1603,1201,-1,1206,1203,1598,-1,1598,1203,1601,-1,1188,1615,1191,-1,1191,1613,1194,-1,1194,1613,1611,-1,1611,1196,1194,-1,1191,1615,1613,-1,1199,1196,1608,-1,1608,1196,1611,-1,1615,1188,1187,-1,1589,1582,1748,-1,1589,1748,1214,-1,1749,1748,1581,-1,1216,1748,1749,-1,1749,1621,1750,-1,1749,1750,1218,-1,1623,1751,1750,-1,1751,1221,1750,-1,1752,1751,1625,-1,1224,1751,1752,-1,1752,1626,1753,-1,1752,1753,1227,-1,762,1753,745,-1,1753,762,1227,-1,1626,1580,745,-1,757,745,1580,-1,745,1753,1626,-1,1626,1752,1625,-1,1751,1623,1625,-1,1224,1752,1227,-1,1750,1621,1623,-1,1221,1751,1224,-1,1749,1581,1621,-1,1218,1750,1221,-1,1748,1582,1581,-1,1216,1749,1218,-1,1214,1748,1216,-1,1212,1589,1214,-1,1208,1593,1212,-1,1206,1594,1208,-1,1754,1755,1756,-1,1757,1758,1759,-1,1760,1761,1758,-1,1757,1762,1758,-1,1757,1763,1764,-1,1761,1765,1758,-1,1757,1766,1763,-1,1767,1768,1763,-1,1763,1768,1769,-1,1768,1770,1771,-1,1772,1773,1774,-1,1773,1770,1775,-1,1774,1773,1776,-1,1773,1777,1770,-1,1778,1774,1779,-1,1768,1780,1770,-1,1774,1781,1779,-1,1782,1783,1784,-1,1785,1786,1787,-1,1784,1783,1788,-1,1785,1783,1786,-1,1784,1779,1789,-1,1786,1783,1790,-1,1791,1761,1754,-1,1784,1792,1779,-1,1793,1794,1787,-1,1790,1783,1782,-1,1790,1795,1786,-1,1755,1754,1796,-1,1754,1761,1797,-1,1798,1799,1755,-1,1755,1799,1800,-1,1801,1799,1802,-1,1801,1803,1799,-1,1801,1804,1805,-1,1806,1801,1805,-1,1807,1808,1805,-1,1805,1808,1809,-1,1810,1808,1811,-1,1810,1812,1808,-1,1810,1813,1814,-1,1815,1810,1814,-1,1816,1817,1814,-1,1814,1817,1818,-1,1819,1817,1820,-1,1819,1821,1817,-1,1819,1822,1823,-1,1824,1819,1823,-1,1823,1825,1826,-1,1825,1827,1826,-1,1827,1828,1826,-1,1829,1828,1827,-1,1830,1828,1829,-1,1830,1829,927,-1,1831,934,1832,-1,1830,927,924,-1,1832,934,930,-1,1831,1830,924,-1,934,1831,924,-1,1787,1786,1793,-1,1795,1793,1786,-1,1784,1789,1782,-1,1788,1783,1785,-1,1779,1781,1789,-1,1792,1784,1788,-1,1774,1776,1781,-1,1778,1779,1792,-1,1773,1775,1776,-1,1772,1774,1778,-1,1770,1780,1775,-1,1777,1773,1772,-1,1768,1767,1780,-1,1771,1770,1777,-1,1763,1766,1767,-1,1769,1768,1771,-1,1757,1759,1766,-1,1764,1763,1769,-1,1758,1765,1759,-1,1762,1757,1764,-1,1761,1791,1765,-1,1760,1758,1762,-1,1754,1756,1791,-1,1797,1761,1760,-1,1755,1800,1756,-1,1796,1754,1797,-1,1799,1803,1800,-1,1798,1755,1796,-1,1801,1806,1803,-1,1802,1799,1798,-1,1805,1809,1806,-1,1804,1801,1802,-1,1808,1812,1809,-1,1807,1805,1804,-1,1810,1815,1812,-1,1811,1808,1807,-1,1814,1818,1815,-1,1813,1810,1811,-1,1817,1821,1818,-1,1816,1814,1813,-1,1819,1824,1821,-1,1820,1817,1816,-1,1823,1833,1824,-1,1822,1819,1820,-1,1826,1834,1833,-1,1825,1823,1822,-1,1833,1823,1826,-1,1828,1835,1834,-1,1834,1826,1828,-1,1830,1836,1835,-1,1835,1828,1830,-1,1831,1836,1830,-1,1837,1838,1839,-1,1840,1837,1841,-1,1842,1843,1844,-1,1845,1846,1847,-1,1848,1849,1850,-1,1851,1842,1844,-1,1847,1851,1852,-1,1853,1844,1843,-1,1850,1854,1855,-1,1855,1856,1857,-1,1855,1854,1856,-1,1857,1856,1853,-1,1858,1859,1860,-1,1853,1843,1857,-1,1848,1859,1861,-1,1861,1849,1848,-1,1858,1860,1862,-1,1861,1859,1858,-1,1863,1864,1865,-1,1860,1863,1862,-1,1862,1863,1865,-1,1865,1864,1866,-1,1864,1867,1866,-1,1868,1869,1870,-1,1871,1867,1869,-1,1871,1869,1868,-1,1871,1866,1867,-1,1872,1873,1874,-1,1875,1870,1876,-1,1876,1877,1875,-1,1878,1872,1879,-1,1877,1876,1878,-1,1877,1878,1879,-1,1872,1874,1879,-1,1875,1868,1870,-1,1880,1874,1873,-1,1881,1882,1880,-1,1882,1883,1880,-1,1884,1880,1883,-1,1880,1873,1881,-1,1883,1885,1886,-1,1850,1849,1854,-1,1885,1883,1887,-1,1888,1889,1890,-1,1890,1891,1892,-1,1893,1894,1892,-1,1895,1893,1892,-1,1892,1896,1890,-1,1897,1888,1890,-1,1893,1885,1898,-1,1899,1900,938,-1,1899,938,940,-1,1900,1899,1888,-1,1901,1902,941,-1,1893,1903,1885,-1,941,937,1901,-1,1851,1847,1904,-1,1905,1906,1845,-1,1847,1907,1845,-1,1908,1905,1909,-1,1905,1845,1910,-1,1909,1911,1912,-1,1905,1913,1909,-1,1839,1914,1911,-1,1915,1911,1909,-1,1837,1839,1916,-1,1839,1911,1917,-1,1918,1840,1841,-1,1919,1841,1837,-1,1920,1841,1921,-1,1841,1920,1918,-1,1922,1920,1921,-1,1923,1922,1921,-1,1922,1923,1924,-1,1924,1923,1925,-1,1925,1926,1924,-1,1925,1927,1926,-1,1928,1926,1927,-1,1929,1928,1927,-1,1928,1929,1930,-1,1930,1929,1931,-1,1931,1932,1930,-1,1931,1933,1932,-1,1934,1935,1933,-1,1934,1936,1937,-1,1933,1935,1932,-1,1938,1936,1939,-1,1937,1935,1934,-1,1939,1940,1941,-1,1936,1942,1939,-1,1943,1944,1940,-1,1945,1940,1939,-1,1946,1943,1947,-1,1943,1940,1948,-1,1947,1949,1950,-1,1943,1951,1947,-1,1949,1952,1950,-1,1953,1949,1947,-1,1954,1952,1955,-1,1949,1955,1952,-1,1956,1955,1957,-1,1955,1956,1954,-1,1958,1959,1957,-1,1958,1960,1961,-1,1957,1959,1956,-1,1962,1963,1960,-1,1961,1959,1958,-1,1964,1962,1965,-1,1961,1960,1963,-1,1965,1966,818,-1,1962,1964,1963,-1,1967,1968,1965,-1,1966,817,818,-1,807,1966,1968,-1,808,807,1969,-1,1968,1969,807,-1,1966,807,817,-1,818,1964,1965,-1,1968,1966,1965,-1,1962,1970,1967,-1,1967,1965,1962,-1,1960,1971,1970,-1,1970,1962,1960,-1,1958,1972,1971,-1,1971,1960,1958,-1,1957,1973,1972,-1,1972,1958,1957,-1,1973,1955,1974,-1,1973,1957,1955,-1,1974,1949,1953,-1,1974,1955,1949,-1,1953,1947,1951,-1,1943,1948,1951,-1,1946,1947,1950,-1,1940,1945,1948,-1,1944,1943,1946,-1,1939,1942,1945,-1,1941,1940,1944,-1,1936,1975,1942,-1,1938,1939,1941,-1,1934,1976,1975,-1,1937,1936,1938,-1,1975,1936,1934,-1,1933,1977,1976,-1,1976,1934,1933,-1,1931,1978,1977,-1,1977,1933,1931,-1,1929,1979,1978,-1,1978,1931,1929,-1,1927,1980,1979,-1,1979,1929,1927,-1,1925,1981,1980,-1,1980,1927,1925,-1,1923,1982,1981,-1,1981,1925,1923,-1,1921,1983,1982,-1,1982,1923,1921,-1,1983,1841,1919,-1,1983,1921,1841,-1,1919,1837,1916,-1,1839,1917,1916,-1,1838,1837,1840,-1,1911,1915,1917,-1,1914,1839,1838,-1,1909,1913,1915,-1,1912,1911,1914,-1,1905,1910,1913,-1,1908,1909,1912,-1,1845,1907,1910,-1,1906,1905,1908,-1,1847,1852,1907,-1,1846,1845,1906,-1,1851,1984,1852,-1,1904,1847,1846,-1,1844,1985,1984,-1,1842,1851,1904,-1,1984,1851,1844,-1,1853,1986,1985,-1,1985,1844,1853,-1,1856,1987,1986,-1,1986,1853,1856,-1,1854,1988,1987,-1,1987,1856,1854,-1,1849,1989,1988,-1,1988,1854,1849,-1,1861,1990,1989,-1,1989,1849,1861,-1,1858,1991,1990,-1,1990,1861,1858,-1,1862,1992,1991,-1,1991,1858,1862,-1,1865,1993,1992,-1,1992,1862,1865,-1,1866,1994,1993,-1,1993,1865,1866,-1,1871,1995,1994,-1,1994,1866,1871,-1,1868,1996,1995,-1,1995,1871,1868,-1,1875,1997,1996,-1,1996,1868,1875,-1,1877,1998,1997,-1,1997,1875,1877,-1,1879,1999,1998,-1,1998,1877,1879,-1,1874,2000,1999,-1,1999,1879,1874,-1,2000,1880,1884,-1,2000,1874,1880,-1,1884,1883,1886,-1,1885,1903,1886,-1,1887,1883,1882,-1,1893,1895,1903,-1,1898,1885,1887,-1,1892,1891,1895,-1,1894,1893,1898,-1,1890,1889,1891,-1,1896,1892,1894,-1,1888,2001,1889,-1,1897,1890,1896,-1,1899,2002,2001,-1,1900,1888,1897,-1,2001,1888,1899,-1,940,1902,1899,-1,1902,2002,1899,-1,940,941,1902,-1,2003,2004,2005,-1,2006,2007,2008,-1,2009,2005,2010,-1,2009,2010,2011,-1,2012,2013,2014,-1,2011,2010,2014,-1,2011,2014,2013,-1,2015,2013,2012,-1,2005,2009,2003,-1,2016,2017,2015,-1,2015,2012,2016,-1,2018,2019,2020,-1,2016,2021,2017,-1,2019,2018,2022,-1,2023,2017,2021,-1,2018,2023,2022,-1,2019,2024,2020,-1,2025,2020,2024,-1,2024,2026,2025,-1,2027,2028,2029,-1,2030,2026,2031,-1,2031,2028,2032,-1,2032,2030,2031,-1,2032,2028,2027,-1,2026,2030,2025,-1,2029,2033,2027,-1,2029,2034,2033,-1,2035,2036,2037,-1,2035,2038,2036,-1,2038,2035,2039,-1,2033,2034,2039,-1,2040,2037,2036,-1,2041,2040,2042,-1,2034,2038,2039,-1,2042,2043,2044,-1,2041,2037,2040,-1,2043,2045,2044,-1,2046,2044,2047,-1,2048,2049,2047,-1,2044,2045,2047,-1,2050,2048,2047,-1,2042,2044,2041,-1,2051,2052,2053,-1,2054,2055,2056,-1,2057,2056,2053,-1,2053,2056,2058,-1,2059,2054,2056,-1,2048,2054,2060,-1,2048,2061,2054,-1,2023,2021,2022,-1,2062,2063,2051,-1,2063,750,752,-1,2064,951,2065,-1,2053,2066,2051,-1,750,2063,2062,-1,2065,951,952,-1,2003,2067,2004,-1,2068,2004,2067,-1,2067,2069,2068,-1,2068,2069,2070,-1,2070,2069,2071,-1,2071,2072,2070,-1,2071,2073,2072,-1,2074,2072,2073,-1,2075,2074,2073,-1,2074,2075,2076,-1,2076,2075,2077,-1,2077,2078,2076,-1,2077,2079,2078,-1,2080,2078,2079,-1,2006,2080,2079,-1,2007,2081,2082,-1,2080,2006,2008,-1,2083,2081,2084,-1,2082,2008,2007,-1,2084,2085,2086,-1,2081,2087,2084,-1,2088,2089,2085,-1,2090,2085,2084,-1,2091,2088,2092,-1,2088,2085,2093,-1,2092,2094,2095,-1,2088,2096,2092,-1,2097,2098,2094,-1,2099,2094,2092,-1,2100,2097,2101,-1,2097,2094,2102,-1,2101,2103,2104,-1,2097,2105,2101,-1,2106,2107,2103,-1,2108,2103,2101,-1,2109,2106,2110,-1,2106,2103,2111,-1,2110,2112,2113,-1,2106,2114,2110,-1,2112,2115,2113,-1,2116,2112,2110,-1,2117,2115,2118,-1,2112,2118,2115,-1,2119,2118,2120,-1,2118,2119,2117,-1,2121,2122,2120,-1,2121,2123,2124,-1,2120,2122,2119,-1,2125,2126,2123,-1,2124,2122,2121,-1,2127,2125,2128,-1,2124,2123,2126,-1,2128,2129,805,-1,2125,2127,2126,-1,2130,2131,2128,-1,2129,804,805,-1,794,2129,2131,-1,795,794,2132,-1,2131,2132,794,-1,2129,794,804,-1,805,2127,2128,-1,2131,2129,2128,-1,2125,2133,2130,-1,2130,2128,2125,-1,2123,2134,2133,-1,2133,2125,2123,-1,2121,2135,2134,-1,2134,2123,2121,-1,2120,2136,2135,-1,2135,2121,2120,-1,2136,2118,2137,-1,2136,2120,2118,-1,2137,2112,2116,-1,2137,2118,2112,-1,2116,2110,2114,-1,2106,2111,2114,-1,2109,2110,2113,-1,2103,2108,2111,-1,2107,2106,2109,-1,2101,2105,2108,-1,2104,2103,2107,-1,2097,2102,2105,-1,2100,2101,2104,-1,2094,2099,2102,-1,2098,2097,2100,-1,2092,2096,2099,-1,2095,2094,2098,-1,2088,2093,2096,-1,2091,2092,2095,-1,2085,2090,2093,-1,2089,2088,2091,-1,2084,2087,2090,-1,2086,2085,2089,-1,2081,2138,2087,-1,2083,2084,2086,-1,2007,2139,2138,-1,2082,2081,2083,-1,2138,2081,2007,-1,2006,2140,2139,-1,2139,2007,2006,-1,2079,2141,2140,-1,2140,2006,2079,-1,2077,2142,2141,-1,2141,2079,2077,-1,2075,2143,2142,-1,2142,2077,2075,-1,2073,2144,2143,-1,2143,2075,2073,-1,2071,2145,2144,-1,2144,2073,2071,-1,2069,2146,2145,-1,2145,2071,2069,-1,2067,2147,2146,-1,2146,2069,2067,-1,2003,2148,2147,-1,2147,2067,2003,-1,2009,2149,2148,-1,2148,2003,2009,-1,2011,2150,2149,-1,2149,2009,2011,-1,2013,2151,2150,-1,2150,2011,2013,-1,2015,2152,2151,-1,2151,2013,2015,-1,2017,2153,2152,-1,2152,2015,2017,-1,2023,2154,2153,-1,2153,2017,2023,-1,2018,2155,2154,-1,2154,2023,2018,-1,2020,2156,2155,-1,2155,2018,2020,-1,2025,2157,2156,-1,2156,2020,2025,-1,2030,2158,2157,-1,2157,2025,2030,-1,2032,2159,2158,-1,2158,2030,2032,-1,2027,2160,2159,-1,2159,2032,2027,-1,2033,2161,2160,-1,2160,2027,2033,-1,2039,2162,2161,-1,2161,2033,2039,-1,2035,2163,2162,-1,2162,2039,2035,-1,2037,2164,2163,-1,2163,2035,2037,-1,2041,2165,2164,-1,2164,2037,2041,-1,2165,2044,2046,-1,2165,2041,2044,-1,2046,2047,2049,-1,2048,2060,2049,-1,2050,2047,2045,-1,2054,2059,2060,-1,2061,2048,2050,-1,2056,2057,2059,-1,2055,2054,2061,-1,2053,2052,2057,-1,2058,2056,2055,-1,2051,2166,2052,-1,2066,2053,2058,-1,2063,2167,2166,-1,2062,2051,2066,-1,2166,2051,2063,-1,752,2064,2063,-1,2064,2167,2063,-1,752,951,2064,-1,2168,2169,2170,-1,2168,2171,2172,-1,2170,2173,2174,-1,2175,2168,2170,-1,2176,2177,2171,-1,2178,2174,2179,-1,2180,2181,2178,-1,2170,2174,2182,-1,2180,2178,2183,-1,2184,2185,2186,-1,2187,2188,2189,-1,2184,2180,2185,-1,2190,2191,2192,-1,2184,2186,2193,-1,2194,2192,2191,-1,2192,2193,2190,-1,2190,2193,2186,-1,2194,2191,2189,-1,2195,2196,2197,-1,2188,2194,2189,-1,2196,2195,2198,-1,2199,2188,2187,-1,2195,2199,2198,-1,2196,2200,2197,-1,2201,2202,2200,-1,2198,2199,2187,-1,2197,2200,2202,-1,2201,2203,2202,-1,2204,2205,2203,-1,2204,2206,2205,-1,2203,2201,2204,-1,2207,2208,2206,-1,2209,2210,2207,-1,2208,2205,2206,-1,2211,2212,2213,-1,2214,2215,2212,-1,2214,2216,2215,-1,2215,2216,2209,-1,2216,2210,2209,-1,2212,2211,2214,-1,2210,2208,2207,-1,2217,2218,2219,-1,2218,2217,2213,-1,2220,2221,2219,-1,2218,2220,2219,-1,2221,2222,2219,-1,2222,2223,2219,-1,2224,2174,2178,-1,2213,2217,2211,-1,2222,2225,2226,-1,966,956,2227,-1,2228,2227,2226,-1,2229,1639,1354,-1,966,2227,2228,-1,2230,2222,2226,-1,2227,2231,2226,-1,2232,2171,2168,-1,2176,2233,2234,-1,2176,2171,2235,-1,2236,2237,2233,-1,2238,2233,2176,-1,2239,2236,2240,-1,2236,2233,2241,-1,2240,2242,2243,-1,2236,2244,2240,-1,2245,2246,2242,-1,2247,2242,2240,-1,2248,2245,2249,-1,2245,2242,2250,-1,2249,2251,2252,-1,2245,2253,2249,-1,2254,2255,2251,-1,2256,2251,2249,-1,2257,2254,2258,-1,2254,2251,2259,-1,2258,2260,2261,-1,2254,2262,2258,-1,2263,2264,2260,-1,2265,2260,2258,-1,2266,2263,2267,-1,2263,2260,2268,-1,2267,2269,2270,-1,2263,2271,2267,-1,2272,2273,2269,-1,2274,2269,2267,-1,2275,2272,2276,-1,2272,2269,2277,-1,2276,2278,2279,-1,2272,2280,2276,-1,2281,2282,2278,-1,2283,2278,2276,-1,2284,2281,2285,-1,2281,2278,2286,-1,2284,2285,2287,-1,2281,2288,2285,-1,2289,2290,2287,-1,2287,2285,2289,-1,2291,2292,2289,-1,2290,2289,2292,-1,2291,2293,2292,-1,2291,2294,2293,-1,2295,2296,2294,-1,2295,2297,2298,-1,2294,2296,2293,-1,2299,2300,2297,-1,2298,2296,2295,-1,2301,2299,2302,-1,2298,2297,2300,-1,2302,2303,790,-1,2299,2301,2300,-1,2302,2304,2303,-1,790,2303,789,-1,779,2303,2304,-1,780,779,2305,-1,2304,2305,779,-1,779,789,2303,-1,2306,2304,2302,-1,2299,2307,2306,-1,790,2301,2302,-1,2306,2302,2299,-1,2297,2308,2307,-1,2307,2299,2297,-1,2295,2309,2308,-1,2308,2297,2295,-1,2294,2310,2309,-1,2309,2295,2294,-1,2291,2311,2310,-1,2310,2294,2291,-1,2311,2289,2312,-1,2311,2291,2289,-1,2312,2285,2288,-1,2312,2289,2285,-1,2288,2281,2286,-1,2278,2283,2286,-1,2282,2281,2284,-1,2276,2280,2283,-1,2279,2278,2282,-1,2272,2277,2280,-1,2275,2276,2279,-1,2269,2274,2277,-1,2273,2272,2275,-1,2267,2271,2274,-1,2270,2269,2273,-1,2263,2268,2271,-1,2266,2267,2270,-1,2260,2265,2268,-1,2264,2263,2266,-1,2258,2262,2265,-1,2261,2260,2264,-1,2254,2259,2262,-1,2257,2258,2261,-1,2251,2256,2259,-1,2255,2254,2257,-1,2249,2253,2256,-1,2252,2251,2255,-1,2245,2250,2253,-1,2248,2249,2252,-1,2242,2247,2250,-1,2246,2245,2248,-1,2240,2244,2247,-1,2243,2242,2246,-1,2236,2241,2244,-1,2239,2240,2243,-1,2233,2238,2241,-1,2237,2236,2239,-1,2176,2235,2238,-1,2234,2233,2237,-1,2171,2232,2235,-1,2177,2176,2234,-1,2168,2175,2232,-1,2172,2171,2177,-1,2170,2182,2175,-1,2169,2168,2172,-1,2174,2224,2182,-1,2173,2170,2169,-1,2178,2181,2224,-1,2179,2174,2173,-1,2180,2313,2181,-1,2183,2178,2179,-1,2184,2314,2313,-1,2185,2180,2183,-1,2313,2180,2184,-1,2193,2315,2314,-1,2314,2184,2193,-1,2192,2316,2315,-1,2315,2193,2192,-1,2194,2317,2316,-1,2316,2192,2194,-1,2188,2318,2317,-1,2317,2194,2188,-1,2199,2319,2318,-1,2318,2188,2199,-1,2195,2320,2319,-1,2319,2199,2195,-1,2197,2321,2320,-1,2320,2195,2197,-1,2202,2322,2321,-1,2321,2197,2202,-1,2203,2323,2322,-1,2322,2202,2203,-1,2205,2324,2323,-1,2323,2203,2205,-1,2208,2325,2324,-1,2324,2205,2208,-1,2210,2326,2325,-1,2325,2208,2210,-1,2216,2327,2326,-1,2326,2210,2216,-1,2214,2328,2327,-1,2327,2216,2214,-1,2211,2329,2328,-1,2328,2214,2211,-1,2217,2330,2329,-1,2329,2211,2217,-1,2330,2219,2223,-1,2330,2217,2219,-1,2223,2222,2230,-1,2226,2231,2230,-1,2225,2222,2221,-1,2227,2229,2231,-1,2228,2226,2225,-1,2229,2227,1639,-1,956,1639,2227,-1,2331,2332,2333,-1,2334,2335,2332,-1,2333,2332,2335,-1,2336,2337,2338,-1,2339,2340,2334,-1,2339,2341,2340,-1,2337,2336,2342,-1,2341,2343,2344,-1,2339,2343,2341,-1,2345,2346,2347,-1,2340,2335,2334,-1,2348,2349,2350,-1,2349,2348,2347,-1,2346,2349,2347,-1,2350,2351,2348,-1,2345,2352,2346,-1,2351,2350,2344,-1,2353,2354,2355,-1,2356,2352,2345,-1,2356,2354,2357,-1,2354,2353,2357,-1,2358,2355,2359,-1,2358,2353,2355,-1,2359,2360,2358,-1,2352,2356,2357,-1,2361,2362,2363,-1,2361,2364,2365,-1,2366,2365,2364,-1,2365,2362,2361,-1,2362,2365,2367,-1,2366,2360,2359,-1,2364,2360,2366,-1,2368,2369,2370,-1,2362,2371,2372,-1,2369,2373,2372,-1,2372,2374,2369,-1,2373,2363,2372,-1,2369,2375,2373,-1,2375,2369,2368,-1,2363,2362,2372,-1,2375,2368,2376,-1,2377,2376,2368,-1,2378,2379,2377,-1,2380,2376,2377,-1,2368,2381,2377,-1,2377,2379,2380,-1,2343,2351,2344,-1,2380,2379,2382,-1,2383,2382,2379,-1,2383,2384,2385,-1,2383,2385,2386,-1,2387,2383,2386,-1,2386,2385,2388,-1,2383,2379,2389,-1,2389,2384,2383,-1,2342,2331,2333,-1,2336,2331,2342,-1,2338,2390,2391,-1,2338,2337,2390,-1,2392,2393,2391,-1,2391,2390,2392,-1,2394,2393,2395,-1,2392,2395,2393,-1,2394,2396,2397,-1,2396,2394,2395,-1,2398,2399,2397,-1,2397,2396,2398,-1,2400,2399,2401,-1,2398,2401,2399,-1,2400,2402,2403,-1,2402,2400,2401,-1,2403,2402,2404,-1,2405,2406,2404,-1,2403,2404,2406,-1,2407,2405,2408,-1,2405,2407,2406,-1,2408,2409,2410,-1,2410,2407,2408,-1,2411,2412,2409,-1,2410,2409,2412,-1,2413,2411,2414,-1,2411,2413,2412,-1,2414,2415,2416,-1,2416,2413,2414,-1,2417,2418,2415,-1,2416,2415,2418,-1,2419,2418,2417,-1,2419,2417,2420,-1,2420,2421,2422,-1,2422,2419,2420,-1,2423,2424,2421,-1,2422,2421,2424,-1,2425,2423,2426,-1,2423,2425,2424,-1,2426,2427,2428,-1,2428,2425,2426,-1,2427,2429,2428,-1,2429,2430,2428,-1,2431,2429,2432,-1,2427,2432,2429,-1,2431,2433,2434,-1,2433,2431,2432,-1,2435,2436,2434,-1,2434,2433,2435,-1,2437,2436,2438,-1,2435,2438,2436,-1,2439,2437,2438,-1,2439,2440,2441,-1,2441,2437,2439,-1,2442,2443,2440,-1,2441,2440,2443,-1,2444,2442,2445,-1,2442,2444,2443,-1,2445,2446,2447,-1,2447,2444,2445,-1,2446,2448,2447,-1,2447,2448,904,-1,896,905,2449,-1,2448,2449,905,-1,2389,2379,2450,-1,2383,2387,2382,-1,2450,2379,2378,-1,2378,2377,2451,-1,2451,2377,2381,-1,2381,2368,2452,-1,2452,2368,2370,-1,2370,2369,2453,-1,2453,2369,2374,-1,2374,2372,2454,-1,2454,2372,2371,-1,2371,2362,2455,-1,2455,2362,2367,-1,2367,2365,2456,-1,2456,2365,2457,-1,2457,2366,2458,-1,2457,2365,2366,-1,2458,2359,2459,-1,2458,2366,2359,-1,2459,2355,2460,-1,2459,2359,2355,-1,2460,2354,2461,-1,2460,2355,2354,-1,2461,2356,2462,-1,2461,2354,2356,-1,2462,2345,2463,-1,2462,2356,2345,-1,2463,2347,2464,-1,2463,2345,2347,-1,2464,2348,2465,-1,2464,2347,2348,-1,2465,2351,2466,-1,2465,2348,2351,-1,2466,2343,2467,-1,2466,2351,2343,-1,2467,2339,2468,-1,2467,2343,2339,-1,2468,2334,2469,-1,2468,2339,2334,-1,2469,2332,2470,-1,2469,2334,2332,-1,2470,2331,2471,-1,2470,2332,2331,-1,2471,2336,2472,-1,2471,2331,2336,-1,2472,2338,2473,-1,2472,2336,2338,-1,2473,2391,2474,-1,2473,2338,2391,-1,2474,2393,2475,-1,2474,2391,2393,-1,2475,2394,2476,-1,2475,2393,2394,-1,2476,2397,2477,-1,2476,2394,2397,-1,2477,2399,2478,-1,2477,2397,2399,-1,2478,2400,2479,-1,2478,2399,2400,-1,2479,2403,2480,-1,2479,2400,2403,-1,2480,2406,2481,-1,2480,2403,2406,-1,2481,2407,2482,-1,2481,2406,2407,-1,2482,2410,2483,-1,2482,2407,2410,-1,2483,2412,2484,-1,2483,2410,2412,-1,2484,2413,2485,-1,2484,2412,2413,-1,2485,2416,2486,-1,2485,2413,2416,-1,2486,2418,2487,-1,2486,2416,2418,-1,2419,2488,2487,-1,2487,2418,2419,-1,2488,2422,2489,-1,2488,2419,2422,-1,2489,2424,2490,-1,2489,2422,2424,-1,2490,2425,2491,-1,2490,2424,2425,-1,2491,2428,2492,-1,2491,2425,2428,-1,2430,2492,2428,-1,2430,2429,2493,-1,2429,2431,2493,-1,2493,2431,2494,-1,2431,2434,2494,-1,2494,2434,2495,-1,2434,2436,2495,-1,2495,2436,2496,-1,2436,2437,2496,-1,2496,2437,2497,-1,2437,2441,2497,-1,2497,2441,2498,-1,2441,2443,2498,-1,2498,2443,2499,-1,2443,2444,2499,-1,2499,2444,2500,-1,2500,2447,906,-1,2500,2444,2447,-1,2447,904,906,-1,2448,905,904,-1,2501,2502,843,-1,2503,2504,2505,-1,2506,2504,2503,-1,2507,2508,2509,-1,2505,2504,2510,-1,2505,2510,2511,-1,2512,2513,2511,-1,2514,2513,2512,-1,2514,2515,2513,-1,2515,2514,2508,-1,2507,2509,2516,-1,2508,2507,2515,-1,2517,2518,2519,-1,2520,2521,2522,-1,2519,2516,2523,-1,2519,2523,2517,-1,2521,2520,2518,-1,2517,2521,2518,-1,2510,2512,2511,-1,2523,2516,2509,-1,2524,2525,2526,-1,2525,2527,2528,-1,2526,2529,2530,-1,2530,2524,2526,-1,2530,2529,2522,-1,2524,2527,2525,-1,2531,2532,2528,-1,2528,2527,2531,-1,2533,2534,2535,-1,2536,2533,2537,-1,2534,2532,2535,-1,2534,2533,2536,-1,2535,2532,2531,-1,2538,2536,2537,-1,2537,2539,2538,-1,2538,2540,2541,-1,2542,2543,2540,-1,2543,2542,2544,-1,2543,2544,2545,-1,2540,2539,2542,-1,2546,2545,2544,-1,2539,2540,2538,-1,2520,2522,2529,-1,2547,2548,2549,-1,2550,2551,2548,-1,2548,2551,2549,-1,2552,2547,2549,-1,914,2553,919,-1,2554,2547,2552,-1,2546,2550,2545,-1,2551,2550,2546,-1,2555,2554,2556,-1,2552,2556,2554,-1,2557,2553,914,-1,2555,2557,914,-1,2506,2503,2558,-1,2557,2555,2556,-1,2506,2558,2559,-1,2560,2559,2558,-1,2560,2561,2562,-1,2562,2559,2560,-1,2563,2564,2561,-1,2562,2561,2564,-1,2565,2563,2566,-1,2563,2565,2564,-1,2566,2567,2568,-1,2568,2565,2566,-1,2569,2570,2567,-1,2568,2567,2570,-1,2571,2569,2572,-1,2569,2571,2570,-1,2572,2573,2574,-1,2574,2571,2572,-1,2575,2576,2573,-1,2574,2573,2576,-1,2577,2575,2578,-1,2575,2577,2576,-1,2578,2579,2580,-1,2580,2577,2578,-1,2581,2582,2579,-1,2580,2579,2582,-1,2583,2581,2584,-1,2581,2583,2582,-1,2584,2585,2586,-1,2586,2583,2584,-1,2587,2588,2585,-1,2586,2585,2588,-1,2589,2587,2590,-1,2587,2589,2588,-1,2590,2591,2592,-1,2592,2589,2590,-1,2593,2594,2591,-1,2592,2591,2594,-1,2595,2593,2596,-1,2593,2595,2594,-1,2596,2597,2598,-1,2598,2595,2596,-1,2599,2600,2597,-1,2598,2597,2600,-1,2600,2599,2601,-1,2597,2602,2599,-1,2603,2604,2601,-1,2601,2599,2603,-1,2605,2604,2606,-1,2603,2606,2604,-1,2605,2607,2608,-1,2607,2605,2606,-1,2609,2610,2608,-1,2608,2607,2609,-1,2611,2610,2612,-1,2609,2612,2610,-1,2501,834,2613,-1,2502,2611,2612,-1,834,837,2614,-1,2614,2613,834,-1,834,2501,841,-1,2501,2613,2502,-1,841,2501,843,-1,2502,2615,843,-1,2615,2612,2616,-1,2613,2611,2502,-1,2615,2502,2612,-1,2616,2609,2617,-1,2616,2612,2609,-1,2617,2607,2618,-1,2617,2609,2607,-1,2618,2606,2619,-1,2618,2607,2606,-1,2619,2603,2620,-1,2619,2606,2603,-1,2620,2599,2621,-1,2620,2603,2599,-1,2602,2621,2599,-1,2602,2597,2622,-1,2597,2596,2622,-1,2622,2596,2623,-1,2596,2593,2623,-1,2623,2593,2624,-1,2593,2591,2624,-1,2624,2591,2625,-1,2591,2590,2625,-1,2625,2590,2626,-1,2590,2587,2626,-1,2626,2587,2627,-1,2587,2585,2627,-1,2627,2585,2628,-1,2585,2584,2628,-1,2628,2584,2629,-1,2584,2581,2629,-1,2629,2581,2630,-1,2581,2579,2630,-1,2630,2579,2631,-1,2579,2578,2631,-1,2631,2578,2632,-1,2578,2575,2632,-1,2632,2575,2633,-1,2575,2573,2633,-1,2633,2573,2634,-1,2573,2572,2634,-1,2634,2572,2635,-1,2635,2569,2636,-1,2635,2572,2569,-1,2636,2567,2637,-1,2636,2569,2567,-1,2637,2566,2638,-1,2637,2567,2566,-1,2638,2563,2639,-1,2638,2566,2563,-1,2639,2561,2640,-1,2639,2563,2561,-1,2640,2560,2641,-1,2640,2561,2560,-1,2641,2558,2642,-1,2641,2560,2558,-1,2642,2503,2643,-1,2642,2558,2503,-1,2643,2505,2644,-1,2643,2503,2505,-1,2644,2511,2645,-1,2644,2505,2511,-1,2645,2513,2646,-1,2645,2511,2513,-1,2646,2515,2647,-1,2646,2513,2515,-1,2647,2507,2648,-1,2647,2515,2507,-1,2648,2516,2649,-1,2648,2507,2516,-1,2649,2519,2650,-1,2649,2516,2519,-1,2650,2518,2651,-1,2650,2519,2518,-1,2651,2520,2652,-1,2651,2518,2520,-1,2652,2529,2653,-1,2652,2520,2529,-1,2653,2526,2654,-1,2653,2529,2526,-1,2654,2525,2655,-1,2654,2526,2525,-1,2655,2528,2656,-1,2655,2525,2528,-1,2656,2532,2657,-1,2656,2528,2532,-1,2657,2534,2658,-1,2657,2532,2534,-1,2658,2536,2659,-1,2658,2534,2536,-1,2659,2538,2660,-1,2659,2536,2538,-1,2541,2660,2538,-1,2541,2540,2661,-1,2540,2543,2661,-1,2661,2543,2662,-1,2543,2545,2662,-1,2662,2545,2663,-1,2545,2550,2663,-1,2663,2550,2664,-1,2550,2548,2664,-1,2664,2548,2665,-1,2548,2547,2665,-1,2665,2547,2666,-1,2666,2554,915,-1,2666,2547,2554,-1,2555,913,915,-1,915,2554,2555,-1,914,913,2555,-1,2667,2668,830,-1,2669,2670,2671,-1,2672,2671,2670,-1,2673,2674,2675,-1,2669,2676,2670,-1,2676,2669,2675,-1,2677,2672,2678,-1,2673,2679,2680,-1,2674,2676,2675,-1,2673,2680,2674,-1,2679,2681,2682,-1,2681,2683,2682,-1,2683,2681,2684,-1,2685,2686,2684,-1,2683,2684,2686,-1,2686,2685,2687,-1,2687,2685,2688,-1,2687,2688,2689,-1,2680,2679,2682,-1,2690,2691,2692,-1,2690,2693,2694,-1,2695,2692,2691,-1,2692,2693,2690,-1,2696,2697,2694,-1,2693,2696,2694,-1,2696,2698,2697,-1,2695,2691,2689,-1,2699,2700,2698,-1,2701,2700,2699,-1,2701,2699,2702,-1,2703,2704,2702,-1,2702,2704,2701,-1,2703,2705,2704,-1,2697,2698,2700,-1,2706,2705,2703,-1,2706,2707,2708,-1,2709,2708,2707,-1,2705,2706,2708,-1,2709,2707,2710,-1,2710,2711,2709,-1,2705,2708,1813,-1,2710,2712,2711,-1,2713,2714,2715,-1,2716,2717,2714,-1,2718,2713,2715,-1,2713,2716,2714,-1,2719,2718,2715,-1,2712,2719,2711,-1,2718,2719,2712,-1,2688,2695,2689,-1,2720,2721,2717,-1,931,926,2722,-1,2723,2722,926,-1,2723,926,2721,-1,2720,2723,2721,-1,2672,2677,2671,-1,2720,2717,2716,-1,2724,2677,2678,-1,2725,2724,2678,-1,2725,2726,2727,-1,2727,2724,2725,-1,2728,2729,2726,-1,2727,2726,2729,-1,2730,2728,2731,-1,2728,2730,2729,-1,2731,2732,2733,-1,2733,2730,2731,-1,2734,2735,2732,-1,2733,2732,2735,-1,2736,2734,2737,-1,2734,2736,2735,-1,2737,2738,2739,-1,2739,2736,2737,-1,2740,2741,2738,-1,2739,2738,2741,-1,2742,2740,2743,-1,2740,2742,2741,-1,2743,2744,2745,-1,2745,2742,2743,-1,2746,2747,2744,-1,2745,2744,2747,-1,2748,2746,2749,-1,2746,2748,2747,-1,2749,2750,2751,-1,2751,2748,2749,-1,2752,2753,2750,-1,2751,2750,2753,-1,2754,2752,2755,-1,2752,2754,2753,-1,2755,2756,2757,-1,2757,2754,2755,-1,2758,2759,2756,-1,2757,2756,2759,-1,2760,2758,2761,-1,2758,2760,2759,-1,2761,2762,2763,-1,2763,2760,2761,-1,2764,2765,2762,-1,2763,2762,2765,-1,2765,2764,2766,-1,2762,2767,2764,-1,2768,2769,2766,-1,2766,2764,2768,-1,2770,2769,2771,-1,2768,2771,2769,-1,2770,2772,2773,-1,2772,2770,2771,-1,2774,2775,2773,-1,2773,2772,2774,-1,2776,2775,2777,-1,2774,2777,2775,-1,2667,819,2778,-1,2668,2776,2777,-1,819,821,2779,-1,2779,2778,819,-1,819,2667,829,-1,2667,2778,2668,-1,829,2667,830,-1,2668,2780,830,-1,2780,2777,2781,-1,2778,2776,2668,-1,2780,2668,2777,-1,2781,2774,2782,-1,2781,2777,2774,-1,2782,2772,2783,-1,2782,2774,2772,-1,2783,2771,2784,-1,2783,2772,2771,-1,2784,2768,2785,-1,2784,2771,2768,-1,2785,2764,2786,-1,2785,2768,2764,-1,2767,2786,2764,-1,2767,2762,2787,-1,2762,2761,2787,-1,2787,2761,2788,-1,2761,2758,2788,-1,2788,2758,2789,-1,2758,2756,2789,-1,2789,2756,2790,-1,2756,2755,2790,-1,2790,2755,2791,-1,2755,2752,2791,-1,2791,2752,2792,-1,2752,2750,2792,-1,2792,2750,2793,-1,2750,2749,2793,-1,2793,2749,2794,-1,2749,2746,2794,-1,2794,2746,2795,-1,2746,2744,2795,-1,2795,2744,2796,-1,2744,2743,2796,-1,2796,2743,2797,-1,2743,2740,2797,-1,2797,2740,2798,-1,2740,2738,2798,-1,2798,2738,2799,-1,2738,2737,2799,-1,2799,2737,2800,-1,2737,2734,2800,-1,2800,2734,2801,-1,2734,2732,2801,-1,2801,2732,2802,-1,2732,2731,2802,-1,2802,2731,2803,-1,2731,2728,2803,-1,2803,2728,2804,-1,2728,2726,2804,-1,2804,2726,2805,-1,2726,2725,2805,-1,2805,2725,1794,-1,2725,2678,1794,-1,1794,2678,1787,-1,2678,2672,1787,-1,1787,2672,1785,-1,2672,2670,1785,-1,1785,2670,1788,-1,1788,2676,1792,-1,1788,2670,2676,-1,1792,2674,1778,-1,1792,2676,2674,-1,1778,2680,1772,-1,1778,2674,2680,-1,1772,2682,1777,-1,1772,2680,2682,-1,1777,2683,1771,-1,1777,2682,2683,-1,1771,2686,1769,-1,1771,2683,2686,-1,1769,2687,1764,-1,1769,2686,2687,-1,1764,2689,1762,-1,1764,2687,2689,-1,1762,2691,1760,-1,1762,2689,2691,-1,1760,2690,1797,-1,1760,2691,2690,-1,1797,2694,1796,-1,1797,2690,2694,-1,1796,2697,1798,-1,1796,2694,2697,-1,1798,2700,1802,-1,1798,2697,2700,-1,1802,2701,1804,-1,1802,2700,2701,-1,1804,2704,1807,-1,1804,2701,2704,-1,1807,2705,1811,-1,1807,2704,2705,-1,1813,1811,2705,-1,1813,2708,1816,-1,2708,2709,1816,-1,1816,2709,1820,-1,2709,2711,1820,-1,1820,2711,1822,-1,2711,2719,1822,-1,1822,2719,1825,-1,2719,2715,1825,-1,1825,2715,1827,-1,2715,2714,1827,-1,1827,2714,1829,-1,1829,2717,927,-1,1829,2714,2717,-1,2721,925,927,-1,927,2717,2721,-1,926,925,2721,-1,2806,2807,818,-1,2808,2809,2810,-1,2810,2811,2808,-1,2812,2813,2814,-1,2815,2814,2813,-1,2812,2816,2817,-1,2817,2813,2812,-1,2809,2817,2816,-1,2815,2818,2814,-1,2818,2815,2819,-1,2818,2819,2820,-1,2821,2822,2823,-1,2821,2823,2820,-1,2824,2822,2825,-1,2822,2824,2823,-1,2821,2820,2819,-1,2825,2826,2824,-1,2827,2828,2826,-1,2825,2827,2826,-1,2829,2830,2831,-1,2832,2830,2828,-1,2830,2832,2831,-1,2833,2829,2831,-1,2833,2834,2835,-1,2835,2829,2833,-1,2809,2816,2810,-1,2827,2832,2828,-1,2835,2836,1846,-1,2836,2834,2837,-1,2838,2808,2811,-1,2835,2834,2836,-1,2811,2839,2838,-1,2840,2839,2841,-1,2839,2840,2838,-1,2841,2842,2843,-1,2843,2840,2841,-1,2844,2845,2842,-1,2843,2842,2845,-1,2846,2844,2847,-1,2844,2846,2845,-1,2847,2848,2846,-1,1944,2847,2844,-1,2849,2848,2850,-1,2847,2850,2848,-1,2849,2851,2852,-1,2851,2849,2850,-1,2853,2854,2852,-1,2852,2851,2853,-1,2855,2854,2856,-1,2853,2856,2854,-1,2855,2857,2858,-1,2857,2855,2856,-1,2859,2860,2858,-1,2858,2857,2859,-1,2861,2860,2862,-1,2859,2862,2860,-1,2806,809,2863,-1,2807,2861,2862,-1,809,812,2864,-1,2864,2863,809,-1,809,2806,816,-1,2806,2863,2807,-1,816,2806,818,-1,2807,1964,818,-1,1964,2862,1963,-1,2863,2861,2807,-1,1964,2807,2862,-1,1963,2859,1961,-1,1963,2862,2859,-1,1961,2857,1959,-1,1961,2859,2857,-1,1959,2856,1956,-1,1959,2857,2856,-1,1956,2853,1954,-1,1956,2856,2853,-1,1954,2851,1952,-1,1954,2853,2851,-1,1952,2850,1950,-1,1952,2851,2850,-1,1950,2847,1946,-1,1950,2850,2847,-1,1944,1946,2847,-1,1944,2844,1941,-1,2844,2842,1941,-1,1941,2842,1938,-1,2842,2841,1938,-1,1938,2841,1937,-1,2841,2839,1937,-1,1937,2839,1935,-1,2839,2811,1935,-1,1935,2811,1932,-1,2811,2810,1932,-1,1932,2810,1930,-1,2810,2816,1930,-1,1930,2816,1928,-1,1928,2812,1926,-1,1928,2816,2812,-1,1926,2814,1924,-1,1926,2812,2814,-1,1924,2818,1922,-1,1924,2814,2818,-1,1922,2820,1920,-1,1922,2818,2820,-1,1920,2823,1918,-1,1920,2820,2823,-1,1918,2824,1840,-1,1918,2823,2824,-1,1840,2826,1838,-1,1840,2824,2826,-1,1838,2828,1914,-1,1838,2826,2828,-1,1914,2830,1912,-1,1914,2828,2830,-1,1912,2829,1908,-1,1912,2830,2829,-1,1908,2835,1906,-1,1908,2829,2835,-1,2835,1846,1906,-1,2865,850,2866,-1,2867,2868,2869,-1,2870,2871,2872,-1,2873,2874,2875,-1,2867,2876,2877,-1,2878,2879,2880,-1,2878,2881,2879,-1,2882,2883,2884,-1,2885,2886,2887,-1,2887,2886,2888,-1,2889,2890,2891,-1,2892,2893,2883,-1,2894,2895,2896,-1,2897,2890,2898,-1,2899,2898,2900,-1,2901,2902,2903,-1,2904,2905,2906,-1,2897,2898,2899,-1,2902,2906,2903,-1,2880,2907,2878,-1,2908,2907,2880,-1,2909,2910,2911,-1,2912,2913,2914,-1,2915,2916,2917,-1,2916,2918,2917,-1,2919,2907,2908,-1,2920,2878,2907,-1,2921,2913,2912,-1,2919,2908,2895,-1,2921,2912,2922,-1,2894,2919,2895,-1,2923,2896,2924,-1,2913,2925,2914,-1,2896,2923,2894,-1,2921,2922,2926,-1,2925,2924,2914,-1,2927,2928,2929,-1,2930,2931,2932,-1,2926,2922,2929,-1,2926,2929,2928,-1,2927,2933,2934,-1,2927,2934,2928,-1,2931,2930,2933,-1,2933,2930,2934,-1,2935,895,909,-1,2932,2936,2937,-1,2938,2937,2936,-1,2939,2940,901,-1,2936,2932,2931,-1,2941,2937,2942,-1,2937,2938,2943,-1,2942,2937,2943,-1,2925,2923,2924,-1,2940,2939,2944,-1,2940,2944,2942,-1,2553,921,919,-1,921,2945,911,-1,2940,2942,2935,-1,2942,2943,2935,-1,2911,2881,2946,-1,2881,2878,2946,-1,2916,2910,2918,-1,2946,2909,2911,-1,2909,2918,2910,-1,2947,2900,2915,-1,2947,2915,2917,-1,2890,2897,2891,-1,2947,2899,2900,-1,2948,2901,2889,-1,2948,2889,2891,-1,2903,2906,2905,-1,2948,2902,2901,-1,2949,2950,2904,-1,2949,2904,2906,-1,2951,2950,2952,-1,2949,2952,2950,-1,2951,2893,2892,-1,2906,2953,2949,-1,2883,2882,2892,-1,2893,2951,2952,-1,2885,2954,2884,-1,2884,2954,2882,-1,2888,2886,2875,-1,2885,2887,2954,-1,2873,2955,2874,-1,2875,2874,2888,-1,2955,2956,2957,-1,2956,2955,2873,-1,2868,2958,2957,-1,2957,2956,2868,-1,2959,2958,2867,-1,2868,2867,2958,-1,2876,2870,2877,-1,2867,2877,2959,-1,2960,2872,2961,-1,2876,2871,2870,-1,2960,2962,2963,-1,2871,2961,2872,-1,2964,2963,2962,-1,2962,2960,2961,-1,2965,2964,2966,-1,2964,2965,2963,-1,2966,2967,2968,-1,2968,2965,2966,-1,2969,2970,2967,-1,2968,2967,2970,-1,2971,2969,2972,-1,2969,2971,2970,-1,2972,2973,2974,-1,2974,2971,2972,-1,2975,2976,2973,-1,2974,2973,2976,-1,2977,2975,2978,-1,2975,2977,2976,-1,2978,2979,2980,-1,2980,2977,2978,-1,2979,2866,2981,-1,2980,2979,2981,-1,2865,860,850,-1,2866,2979,2865,-1,845,2866,850,-1,2975,2982,2978,-1,2983,2984,2985,-1,2983,2986,2614,-1,837,840,2614,-1,2986,2613,2614,-1,806,860,2984,-1,806,2984,847,-1,2865,2984,860,-1,2987,2988,2989,-1,2984,2979,2985,-1,2975,2973,2989,-1,2985,2978,2982,-1,2973,2972,2990,-1,2975,2989,2982,-1,2972,2969,2991,-1,2973,2990,2989,-1,2969,2967,2992,-1,2972,2991,2990,-1,2967,2966,2993,-1,2969,2992,2991,-1,2966,2964,2994,-1,2967,2993,2992,-1,2964,2962,2995,-1,2966,2994,2993,-1,2995,2996,2997,-1,2964,2995,2994,-1,2996,2961,2998,-1,2961,2996,2962,-1,2876,2999,2871,-1,2871,2998,2961,-1,2867,3000,2876,-1,2998,2871,2999,-1,3001,3002,3003,-1,2999,2876,3000,-1,2868,2956,3003,-1,3000,2867,2869,-1,2956,2873,3004,-1,2868,3003,2869,-1,2873,2875,3005,-1,2956,3004,3003,-1,3005,3006,3007,-1,2873,3005,3004,-1,2886,2885,3008,-1,2886,3006,2875,-1,2885,2884,3009,-1,2886,3008,3006,-1,2884,2883,3010,-1,2885,3009,3008,-1,2883,2893,3011,-1,2884,3010,3009,-1,2952,3012,2893,-1,2883,3011,3010,-1,2949,3013,2952,-1,3011,2893,3012,-1,3014,2906,2902,-1,3012,2952,3013,-1,3015,2902,2948,-1,3013,2949,2953,-1,3016,3017,3018,-1,2953,2906,3014,-1,2948,2891,3018,-1,3014,2902,3015,-1,2891,2897,3019,-1,2948,3018,3015,-1,2897,2899,3020,-1,2891,3019,3018,-1,3020,3021,3022,-1,2897,3020,3019,-1,3023,3021,2947,-1,2947,3021,2899,-1,3024,3023,2917,-1,2917,3023,2947,-1,2918,2909,3025,-1,2918,3024,2917,-1,2946,3026,2909,-1,2918,3025,3024,-1,2878,3027,2946,-1,3025,2909,3026,-1,3028,2907,2919,-1,3026,2946,3027,-1,3029,3030,3031,-1,3027,2878,2920,-1,2919,2894,3029,-1,2920,2907,3028,-1,2894,2923,3032,-1,3028,2919,3029,-1,2923,2925,3033,-1,2894,3032,3029,-1,2925,2913,3034,-1,2923,3033,3032,-1,2913,2921,3035,-1,2925,3034,3033,-1,2921,2926,3036,-1,2913,3035,3034,-1,3036,3037,3038,-1,2921,3036,3035,-1,3039,3037,2928,-1,2928,3037,2926,-1,3040,3039,2934,-1,2934,3039,2928,-1,2932,3041,2930,-1,2930,3040,2934,-1,2937,3042,2932,-1,3040,2930,3041,-1,3043,3044,2944,-1,3041,2932,3042,-1,2945,3043,2939,-1,2941,3042,2937,-1,2935,909,2940,-1,2944,2941,2942,-1,901,2940,909,-1,2865,2979,2984,-1,2983,840,847,-1,2988,2613,2986,-1,2979,2978,2985,-1,2982,2986,2985,-1,2610,2988,2987,-1,2982,2988,2986,-1,2987,2990,3045,-1,2990,2987,2989,-1,3045,2991,3046,-1,2991,3045,2990,-1,3046,2992,3047,-1,2992,3046,2991,-1,3047,2993,3048,-1,2993,3047,2992,-1,3048,2994,3049,-1,2994,3048,2993,-1,3049,2995,2997,-1,2995,3049,2994,-1,2997,2996,3050,-1,3051,3050,2998,-1,2962,2996,2995,-1,2998,3050,2996,-1,3052,3051,2999,-1,2999,3051,2998,-1,3052,3000,3053,-1,3000,3052,2999,-1,3002,2588,3053,-1,2869,3053,3000,-1,3001,2586,3002,-1,2869,3002,3053,-1,3001,3004,3054,-1,3004,3001,3003,-1,3054,3005,3007,-1,3005,3054,3004,-1,3007,3006,3055,-1,3056,3055,3008,-1,2875,3006,3005,-1,3008,3055,3006,-1,3056,3009,3057,-1,3009,3056,3008,-1,3057,3010,3058,-1,3010,3057,3009,-1,3058,3011,3059,-1,3011,3058,3010,-1,3059,3012,3060,-1,3012,3059,3011,-1,3060,3013,3061,-1,3013,3060,3012,-1,3061,2953,3062,-1,2953,3061,3013,-1,3062,3014,3063,-1,3014,3062,2953,-1,3017,2559,3063,-1,3015,3063,3014,-1,3015,3017,3063,-1,3018,3017,3015,-1,3016,3019,3064,-1,3019,3016,3018,-1,3064,3020,3022,-1,3020,3064,3019,-1,3022,3021,3065,-1,3066,3065,3023,-1,2899,3021,3020,-1,3023,3065,3021,-1,3067,3066,3024,-1,3024,3066,3023,-1,3068,3067,3025,-1,3025,3067,3024,-1,3068,3026,3069,-1,3026,3068,3025,-1,3069,3027,3070,-1,3027,3069,3026,-1,3070,2920,3071,-1,2920,3070,3027,-1,3071,3028,3031,-1,3028,3071,2920,-1,2527,3031,3030,-1,3028,3029,3031,-1,3030,3032,3072,-1,3032,3030,3029,-1,3072,3033,3073,-1,3033,3072,3032,-1,3073,3034,3074,-1,3034,3073,3033,-1,3074,3035,3075,-1,3035,3074,3034,-1,3075,3036,3038,-1,3036,3075,3035,-1,3038,3037,3076,-1,3077,3076,3039,-1,2926,3037,3036,-1,3039,3076,3037,-1,3078,3077,3040,-1,3040,3077,3039,-1,3079,3078,3041,-1,3041,3078,3040,-1,3079,3042,3080,-1,3042,3079,3041,-1,3080,2941,3044,-1,2941,3080,3042,-1,3043,2556,3044,-1,3044,2941,2944,-1,2939,901,884,-1,2939,3043,2944,-1,911,2939,884,-1,847,2984,2983,-1,840,2983,2614,-1,2613,2988,2611,-1,2985,2986,2983,-1,2610,2611,2988,-1,2989,2988,2982,-1,2610,2987,2608,-1,2987,3045,2608,-1,2608,3045,2605,-1,3045,3046,2605,-1,2605,3046,2604,-1,3046,3047,2604,-1,2604,3047,2601,-1,3047,3048,2601,-1,2601,3048,2600,-1,2600,3049,2598,-1,2600,3048,3049,-1,2598,2997,2595,-1,2598,3049,2997,-1,2595,3050,2594,-1,2595,2997,3050,-1,2594,3051,2592,-1,2594,3050,3051,-1,2592,3052,2589,-1,2592,3051,3052,-1,2589,3053,2588,-1,2589,3052,3053,-1,2588,3002,2586,-1,3001,2583,2586,-1,3003,3002,2869,-1,2583,3001,2582,-1,3001,3054,2582,-1,2582,3054,2580,-1,3054,3007,2580,-1,2580,3007,2577,-1,3007,3055,2577,-1,2577,3055,2576,-1,3055,3056,2576,-1,2576,3056,2574,-1,3056,3057,2574,-1,2574,3057,2571,-1,2571,3058,2570,-1,2571,3057,3058,-1,2570,3059,2568,-1,2570,3058,3059,-1,2568,3060,2565,-1,2568,3059,3060,-1,2565,3061,2564,-1,2565,3060,3061,-1,2564,3062,2562,-1,2564,3061,3062,-1,2562,3063,2559,-1,2562,3062,3063,-1,2559,3017,2506,-1,2506,3017,2504,-1,3017,3016,2504,-1,2504,3016,2510,-1,3016,3064,2510,-1,2510,3064,2512,-1,3064,3022,2512,-1,2512,3022,2514,-1,3022,3065,2514,-1,2514,3065,2508,-1,2508,3066,2509,-1,2508,3065,3066,-1,2509,3067,2523,-1,2509,3066,3067,-1,2523,3068,2517,-1,2523,3067,3068,-1,2517,3069,2521,-1,2517,3068,3069,-1,2521,3070,2522,-1,2521,3069,3070,-1,2522,3071,2530,-1,2522,3070,3071,-1,2530,3031,2524,-1,2530,3071,3031,-1,3031,2527,2524,-1,2527,3030,2531,-1,3030,3072,2531,-1,2531,3072,2535,-1,3072,3073,2535,-1,2535,3073,2533,-1,3073,3074,2533,-1,2533,3074,2537,-1,3074,3075,2537,-1,2537,3075,2539,-1,2539,3038,2542,-1,2539,3075,3038,-1,2542,3076,2544,-1,2542,3038,3076,-1,2544,3077,2546,-1,2544,3076,3077,-1,2546,3078,2551,-1,2546,3077,3078,-1,2551,3079,2549,-1,2551,3078,3079,-1,2549,3080,2552,-1,2549,3079,3080,-1,2552,3044,2556,-1,2552,3080,3044,-1,2556,3043,2557,-1,2557,3043,2553,-1,2945,2939,911,-1,3043,2945,2553,-1,921,2553,2945,-1,3081,3082,3083,-1,3084,3085,3086,-1,3084,3087,3085,-1,3086,3088,3089,-1,3088,3090,3089,-1,3091,3092,3093,-1,3094,3095,3096,-1,3097,3098,3099,-1,3100,3093,3092,-1,3097,3095,3098,-1,3101,3102,3103,-1,3104,3105,3106,-1,3107,3108,3109,-1,3110,3111,3112,-1,3110,3112,3113,-1,3114,3115,3116,-1,3083,3117,3118,-1,3119,3120,3121,-1,3122,3119,3116,-1,3112,3123,3113,-1,3091,3093,3124,-1,3125,3126,3127,-1,3127,3123,3128,-1,3100,3092,3111,-1,3129,3113,3123,-1,3127,3130,3129,-1,3100,3111,3110,-1,3131,3126,3125,-1,3130,3127,3126,-1,3132,3133,3131,-1,3131,3125,3132,-1,3134,3135,3136,-1,3132,3137,3133,-1,3134,3133,3137,-1,3138,3139,3136,-1,3134,3137,3135,-1,3138,3140,3139,-1,3136,3135,3138,-1,3141,3142,3143,-1,3144,3142,3145,-1,3142,3141,3145,-1,3141,3143,3140,-1,3143,3139,3140,-1,3145,3146,3144,-1,3147,3144,3146,-1,3148,3149,3150,-1,3148,3150,3151,-1,3152,3153,3154,-1,2382,2387,3155,-1,3154,3149,3156,-1,3151,2380,3148,-1,3123,3127,3129,-1,3147,3146,3153,-1,3157,3158,3159,-1,3157,3154,3156,-1,3157,3159,3154,-1,3124,3081,3091,-1,3081,3124,3082,-1,3083,3082,3117,-1,3117,3121,3118,-1,3118,3121,3120,-1,3105,3160,3115,-1,3122,3120,3119,-1,3115,3114,3105,-1,3115,3122,3116,-1,3104,3108,3105,-1,3114,3106,3105,-1,3094,3107,3109,-1,3109,3108,3104,-1,3097,3096,3095,-1,3096,3107,3094,-1,3099,3101,3103,-1,3099,3098,3101,-1,3102,3161,3162,-1,3102,3162,3103,-1,3163,3164,3161,-1,3162,3161,3164,-1,3090,3088,3165,-1,3163,3165,3164,-1,3085,3166,3086,-1,3090,3165,3163,-1,3167,3084,3086,-1,3089,3167,3086,-1,3087,3168,3169,-1,3085,3087,3169,-1,3170,3171,3168,-1,3169,3168,3171,-1,3172,3170,3173,-1,3170,3172,3171,-1,3173,3174,3175,-1,3175,3172,3173,-1,3176,3177,3174,-1,3175,3174,3177,-1,3178,3176,3179,-1,3176,3178,3177,-1,3179,3180,3181,-1,3181,3178,3179,-1,3182,3183,3180,-1,3181,3180,3183,-1,3184,3185,3186,-1,3182,3186,3183,-1,3187,3185,3188,-1,3184,3186,3182,-1,3189,3190,3191,-1,3185,3184,3188,-1,3190,3187,3192,-1,3188,3192,3187,-1,3193,3194,3190,-1,3193,3190,3192,-1,3195,3191,3196,-1,3195,3196,3197,-1,2449,897,896,-1,3198,902,897,-1,3197,3196,899,-1,3191,3190,3194,-1,3191,3194,3199,-1,738,898,3199,-1,3199,3196,3191,-1,3154,3159,3152,-1,2382,3155,3148,-1,3146,3145,3200,-1,3152,3147,3153,-1,3153,3150,3149,-1,3145,3141,3201,-1,3146,3200,3150,-1,3141,3140,3202,-1,3145,3201,3200,-1,3140,3138,3203,-1,3141,3202,3201,-1,3138,3135,3204,-1,3140,3203,3202,-1,3135,3137,3205,-1,3138,3204,3203,-1,3206,3207,3205,-1,3135,3205,3204,-1,3206,3132,3208,-1,3132,3206,3137,-1,3127,3209,3125,-1,3132,3125,3208,-1,3210,3211,3212,-1,3208,3125,3209,-1,3123,3112,3210,-1,3209,3127,3128,-1,3112,3111,3213,-1,3128,3123,3210,-1,3111,3092,3214,-1,3112,3213,3210,-1,3214,3215,3216,-1,3111,3214,3213,-1,3217,3215,3091,-1,3091,3215,3092,-1,3081,3083,3218,-1,3081,3217,3091,-1,3083,3118,3219,-1,3081,3218,3217,-1,3118,3120,3220,-1,3083,3219,3218,-1,3122,3221,3120,-1,3118,3220,3219,-1,3115,3222,3122,-1,3220,3120,3221,-1,3223,3105,3108,-1,3221,3122,3222,-1,3224,3108,3107,-1,3222,3115,3160,-1,3225,3226,3227,-1,3160,3105,3223,-1,3107,3096,3227,-1,3223,3108,3224,-1,3096,3097,3228,-1,3107,3227,3224,-1,3097,3099,3229,-1,3096,3228,3227,-1,3099,3103,3230,-1,3097,3229,3228,-1,3230,3231,3232,-1,3099,3230,3229,-1,3233,3231,3162,-1,3162,3231,3103,-1,3234,3233,3164,-1,3164,3233,3162,-1,3165,3088,3235,-1,3165,3234,3164,-1,3086,3236,3088,-1,3234,3165,3235,-1,3237,3085,3169,-1,3235,3088,3236,-1,3238,3239,3240,-1,3236,3086,3166,-1,3169,3171,3240,-1,3166,3085,3237,-1,3171,3172,3241,-1,3169,3240,3237,-1,3172,3175,3242,-1,3171,3241,3240,-1,3175,3177,3243,-1,3172,3242,3241,-1,3177,3178,3244,-1,3175,3243,3242,-1,3178,3181,3245,-1,3177,3244,3243,-1,3181,3183,3246,-1,3178,3245,3244,-1,3246,3247,3248,-1,3181,3246,3245,-1,3249,3247,3186,-1,3186,3247,3183,-1,3187,3250,3185,-1,3185,3249,3186,-1,3190,3251,3187,-1,3249,3185,3250,-1,3252,3253,3195,-1,3250,3187,3251,-1,3252,3197,3198,-1,3189,3251,3190,-1,3199,898,3196,-1,3189,3191,3195,-1,899,3196,898,-1,3154,3153,3149,-1,3156,3149,3155,-1,3151,3200,3254,-1,3153,3146,3150,-1,3200,3151,3150,-1,3254,3201,3255,-1,3201,3254,3200,-1,3255,3202,3256,-1,3202,3255,3201,-1,3256,3203,3257,-1,3203,3256,3202,-1,3257,3204,3258,-1,3204,3257,3203,-1,3258,3205,3207,-1,3205,3258,3204,-1,3207,3206,3259,-1,3260,3259,3208,-1,3137,3206,3205,-1,3208,3259,3206,-1,3261,3260,3209,-1,3209,3260,3208,-1,3261,3128,3212,-1,3128,3261,3209,-1,3211,2352,3212,-1,3128,3210,3212,-1,3211,3213,3262,-1,3213,3211,3210,-1,3262,3214,3216,-1,3214,3262,3213,-1,3216,3215,3263,-1,3264,3263,3217,-1,3092,3215,3214,-1,3217,3263,3215,-1,3265,3264,3218,-1,3218,3264,3217,-1,3265,3219,3266,-1,3219,3265,3218,-1,3266,3220,3267,-1,3220,3266,3219,-1,3267,3221,3268,-1,3221,3267,3220,-1,3268,3222,3269,-1,3222,3268,3221,-1,3269,3160,3270,-1,3160,3269,3222,-1,3270,3223,3271,-1,3223,3270,3160,-1,3226,2395,3271,-1,3224,3271,3223,-1,3224,3226,3271,-1,3227,3226,3224,-1,3225,3228,3272,-1,3228,3225,3227,-1,3272,3229,3273,-1,3229,3272,3228,-1,3273,3230,3232,-1,3230,3273,3229,-1,3232,3231,3274,-1,3275,3274,3233,-1,3103,3231,3230,-1,3233,3274,3231,-1,3276,3275,3234,-1,3234,3275,3233,-1,3277,3276,3235,-1,3235,3276,3234,-1,3277,3236,3278,-1,3236,3277,3235,-1,3278,3166,3279,-1,3166,3278,3236,-1,3279,3237,3239,-1,3237,3279,3166,-1,2421,3239,3238,-1,3237,3240,3239,-1,3238,3241,3280,-1,3241,3238,3240,-1,3280,3242,3281,-1,3242,3280,3241,-1,3281,3243,3282,-1,3243,3281,3242,-1,3282,3244,3283,-1,3244,3282,3243,-1,3283,3245,3284,-1,3245,3283,3244,-1,3284,3246,3248,-1,3246,3284,3245,-1,3248,3247,3285,-1,3286,3285,3249,-1,3183,3247,3246,-1,3249,3285,3247,-1,3287,3286,3250,-1,3250,3286,3249,-1,3287,3251,3288,-1,3251,3287,3250,-1,3288,3189,3253,-1,3189,3288,3251,-1,3252,2446,3253,-1,3253,3189,3195,-1,3197,899,885,-1,3197,3252,3195,-1,902,3197,885,-1,3155,3149,3148,-1,2382,3148,2380,-1,2380,3151,2376,-1,3151,3254,2376,-1,2376,3254,2375,-1,3254,3255,2375,-1,2375,3255,2373,-1,3255,3256,2373,-1,2373,3256,2363,-1,2363,3257,2361,-1,2363,3256,3257,-1,2361,3258,2364,-1,2361,3257,3258,-1,2364,3207,2360,-1,2364,3258,3207,-1,2360,3259,2358,-1,2360,3207,3259,-1,2358,3260,2353,-1,2358,3259,3260,-1,2353,3261,2357,-1,2353,3260,3261,-1,2357,3212,2352,-1,2357,3261,3212,-1,2352,3211,2346,-1,2346,3211,2349,-1,3211,3262,2349,-1,2349,3262,2350,-1,3262,3216,2350,-1,2350,3216,2344,-1,3216,3263,2344,-1,2344,3263,2341,-1,3263,3264,2341,-1,2341,3264,2340,-1,3264,3265,2340,-1,2340,3265,2335,-1,2335,3266,2333,-1,2335,3265,3266,-1,2333,3267,2342,-1,2333,3266,3267,-1,2342,3268,2337,-1,2342,3267,3268,-1,2337,3269,2390,-1,2337,3268,3269,-1,2390,3270,2392,-1,2390,3269,3270,-1,2392,3271,2395,-1,2392,3270,3271,-1,2395,3226,2396,-1,2396,3226,2398,-1,3226,3225,2398,-1,2398,3225,2401,-1,3225,3272,2401,-1,2401,3272,2402,-1,3272,3273,2402,-1,2402,3273,2404,-1,3273,3232,2404,-1,2404,3232,2405,-1,2405,3274,2408,-1,2405,3232,3274,-1,2408,3275,2409,-1,2408,3274,3275,-1,2409,3276,2411,-1,2409,3275,3276,-1,2411,3277,2414,-1,2411,3276,3277,-1,2414,3278,2415,-1,2414,3277,3278,-1,2415,3279,2417,-1,2415,3278,3279,-1,2417,3239,2420,-1,2417,3279,3239,-1,3239,2421,2420,-1,2421,3238,2423,-1,3238,3280,2423,-1,2423,3280,2426,-1,3280,3281,2426,-1,2426,3281,2427,-1,3281,3282,2427,-1,2427,3282,2432,-1,3282,3283,2432,-1,2432,3283,2433,-1,2433,3284,2435,-1,2433,3283,3284,-1,2435,3248,2438,-1,2435,3284,3248,-1,2438,3285,2439,-1,2438,3248,3285,-1,2439,3286,2440,-1,2439,3285,3286,-1,2440,3287,2442,-1,2440,3286,3287,-1,2442,3288,2445,-1,2442,3287,3288,-1,2445,3253,2446,-1,2445,3288,3253,-1,2446,3252,2448,-1,2448,3252,2449,-1,3198,3197,902,-1,3252,3198,2449,-1,897,2449,3198,-1,3289,3290,3291,-1,3292,3293,3294,-1,3295,3291,3296,-1,3292,3297,3293,-1,3298,3299,3294,-1,3300,3301,3302,-1,3303,3304,3300,-1,3305,3306,3307,-1,3308,3309,3310,-1,3311,3312,3313,-1,3314,3315,3316,-1,3317,3315,3314,-1,3318,3313,3312,-1,3319,3320,3321,-1,3322,3323,3324,-1,3325,3326,3327,-1,3328,3329,3330,-1,3331,3309,3320,-1,3323,3329,3324,-1,3332,3328,3333,-1,3295,3296,3334,-1,3335,3290,3336,-1,3337,3306,3338,-1,3339,3327,3337,-1,3296,3319,3334,-1,3305,3307,3309,-1,3320,3309,3308,-1,3321,3334,3319,-1,3339,3337,3338,-1,3305,3338,3306,-1,3340,3341,3342,-1,3326,3325,3343,-1,3344,3345,3342,-1,3346,3326,3343,-1,3339,3325,3327,-1,3347,3341,3340,-1,3346,3347,3340,-1,3346,3343,3347,-1,3341,3344,3342,-1,3348,3349,3350,-1,3350,3351,3352,-1,3350,3352,3348,-1,3345,3349,3348,-1,3351,3353,3354,-1,3354,3352,3351,-1,3353,3355,3354,-1,3355,3353,3356,-1,3351,3357,3353,-1,3358,3356,3359,-1,3360,2779,827,-1,827,2779,821,-1,2779,3360,3361,-1,3362,839,3363,-1,3349,3345,3344,-1,838,833,3359,-1,3360,3362,3364,-1,838,3359,3363,-1,839,838,3363,-1,836,3362,835,-1,3307,3310,3309,-1,3295,3289,3291,-1,3308,3321,3320,-1,3289,3336,3290,-1,3365,3335,3366,-1,3335,3336,3366,-1,3365,3322,3324,-1,3322,3365,3366,-1,3330,3333,3328,-1,3330,3329,3323,-1,3332,3333,3367,-1,3368,3369,3316,-1,3367,3370,3369,-1,3369,3332,3367,-1,3316,3369,3371,-1,3370,3371,3369,-1,3315,3317,3372,-1,3314,3316,3371,-1,3372,3318,3312,-1,3318,3372,3317,-1,3311,3302,3301,-1,3311,3313,3302,-1,3373,3304,3303,-1,3300,3304,3301,-1,3303,3374,3373,-1,3374,3375,3373,-1,3297,3375,3374,-1,3292,3375,3297,-1,3294,3293,3298,-1,3376,3294,3377,-1,3377,3299,3378,-1,3294,3299,3377,-1,3378,3379,3380,-1,3380,3377,3378,-1,3381,3382,3379,-1,3380,3379,3382,-1,3383,3381,3384,-1,3381,3383,3382,-1,3384,3385,3386,-1,3386,3383,3384,-1,3387,3388,3385,-1,3386,3385,3388,-1,3389,3387,3390,-1,3387,3389,3388,-1,3390,3391,3392,-1,3392,3389,3390,-1,3393,3394,3391,-1,3392,3391,3394,-1,3395,3396,3397,-1,3393,3397,3394,-1,3398,3399,3400,-1,3395,3397,3393,-1,3401,3400,3396,-1,3396,3395,3401,-1,3398,3400,3402,-1,3401,3402,3400,-1,3403,3404,3398,-1,3403,3398,3402,-1,3405,3406,3407,-1,3405,3407,3408,-1,2722,932,931,-1,3409,929,932,-1,3408,3407,910,-1,3406,3398,3404,-1,3406,3404,3410,-1,923,922,3410,-1,922,3407,3410,-1,3363,3359,3356,-1,836,839,3362,-1,3411,3412,3413,-1,3358,3355,3356,-1,3362,3356,3364,-1,3351,3350,3413,-1,3364,3353,3357,-1,3350,3349,3414,-1,3351,3413,3357,-1,3349,3344,3415,-1,3350,3414,3413,-1,3344,3341,3416,-1,3349,3415,3414,-1,3341,3347,3417,-1,3344,3416,3415,-1,3347,3343,3418,-1,3341,3417,3416,-1,3418,3419,3420,-1,3347,3418,3417,-1,3421,3419,3325,-1,3325,3419,3343,-1,3421,3339,3422,-1,3339,3421,3325,-1,3305,3423,3338,-1,3338,3422,3339,-1,3309,3424,3305,-1,3422,3338,3423,-1,3425,3426,3427,-1,3423,3305,3424,-1,3320,3319,3427,-1,3424,3309,3331,-1,3319,3296,3428,-1,3320,3427,3331,-1,3296,3291,3429,-1,3319,3428,3427,-1,3291,3290,3430,-1,3296,3429,3428,-1,3290,3335,3431,-1,3291,3430,3429,-1,3335,3365,3432,-1,3290,3431,3430,-1,3365,3324,3433,-1,3335,3432,3431,-1,3324,3329,3434,-1,3365,3433,3432,-1,3328,3435,3329,-1,3324,3434,3433,-1,3332,3436,3328,-1,3329,3435,3434,-1,3369,3437,3332,-1,3435,3328,3436,-1,3438,3439,3440,-1,3436,3332,3437,-1,3316,3315,3438,-1,3437,3369,3368,-1,3315,3372,3441,-1,3368,3316,3438,-1,3372,3312,3442,-1,3315,3441,3438,-1,3312,3311,3443,-1,3372,3442,3441,-1,3443,3444,3445,-1,3312,3443,3442,-1,3446,3444,3301,-1,3301,3444,3311,-1,3304,3373,3447,-1,3304,3446,3301,-1,3373,3375,3448,-1,3304,3447,3446,-1,3292,3449,3375,-1,3373,3448,3447,-1,3294,3450,3292,-1,3448,3375,3449,-1,3451,3377,3380,-1,3449,3292,3450,-1,3452,3380,3382,-1,3450,3294,3376,-1,3453,3454,3455,-1,3376,3377,3451,-1,3382,3383,3455,-1,3451,3380,3452,-1,3383,3386,3456,-1,3382,3455,3452,-1,3386,3388,3457,-1,3383,3456,3455,-1,3388,3389,3458,-1,3386,3457,3456,-1,3458,3459,3460,-1,3388,3458,3457,-1,3461,3459,3392,-1,3392,3459,3389,-1,3462,3461,3394,-1,3394,3461,3392,-1,3397,3396,3463,-1,3397,3462,3394,-1,3400,3464,3396,-1,3462,3397,3463,-1,3465,3398,3406,-1,3463,3396,3464,-1,3466,3467,3405,-1,3464,3400,3399,-1,3466,3408,3409,-1,3465,3399,3398,-1,3406,3405,3465,-1,922,910,3407,-1,3410,3407,3406,-1,3363,3356,3362,-1,3361,2778,2779,-1,3412,2778,3361,-1,3356,3353,3364,-1,3357,3361,3364,-1,2775,3412,3411,-1,3357,3412,3361,-1,3411,3414,3468,-1,3414,3411,3413,-1,3468,3415,3469,-1,3415,3468,3414,-1,3469,3416,3470,-1,3416,3469,3415,-1,3470,3417,3471,-1,3417,3470,3416,-1,3471,3418,3420,-1,3418,3471,3417,-1,3420,3419,3472,-1,3473,3472,3421,-1,3343,3419,3418,-1,3421,3472,3419,-1,3474,3473,3422,-1,3422,3473,3421,-1,3475,3474,3423,-1,3423,3474,3422,-1,3475,3424,3476,-1,3424,3475,3423,-1,3426,2753,3476,-1,3331,3476,3424,-1,2748,3426,3425,-1,3331,3426,3476,-1,3425,3428,3477,-1,3428,3425,3427,-1,3477,3429,3478,-1,3429,3477,3428,-1,3478,3430,3479,-1,3430,3478,3429,-1,3479,3431,3480,-1,3431,3479,3430,-1,3480,3432,3481,-1,3432,3480,3431,-1,3481,3433,3482,-1,3433,3481,3432,-1,3482,3434,3483,-1,3434,3482,3433,-1,3483,3435,3484,-1,3435,3483,3434,-1,3484,3436,3485,-1,3436,3484,3435,-1,3485,3437,3486,-1,3437,3485,3436,-1,3486,3368,3440,-1,3368,3486,3437,-1,3439,2724,3440,-1,3368,3438,3440,-1,3439,3441,3487,-1,3441,3439,3438,-1,3487,3442,3488,-1,3442,3487,3441,-1,3488,3443,3445,-1,3443,3488,3442,-1,3445,3444,3489,-1,3490,3489,3446,-1,3311,3444,3443,-1,3446,3489,3444,-1,3491,3490,3447,-1,3447,3490,3446,-1,3491,3448,3492,-1,3448,3491,3447,-1,3492,3449,3493,-1,3449,3492,3448,-1,3493,3450,3494,-1,3450,3493,3449,-1,3494,3376,3495,-1,3376,3494,3450,-1,3495,3451,3496,-1,3451,3495,3376,-1,3454,2693,3496,-1,3452,3496,3451,-1,3452,3454,3496,-1,3455,3454,3452,-1,3453,3456,3497,-1,3456,3453,3455,-1,3497,3457,3498,-1,3457,3497,3456,-1,3498,3458,3460,-1,3458,3498,3457,-1,3460,3459,3499,-1,3500,3499,3461,-1,3389,3459,3458,-1,3461,3499,3459,-1,3501,3500,3462,-1,3462,3500,3461,-1,3502,3501,3463,-1,3463,3501,3462,-1,3502,3464,3503,-1,3464,3502,3463,-1,3503,3399,3504,-1,3399,3503,3464,-1,3504,3465,3467,-1,3465,3504,3399,-1,2723,3467,3466,-1,3467,3465,3405,-1,3408,910,894,-1,3408,3466,3405,-1,929,3408,894,-1,3362,3360,835,-1,827,835,3360,-1,2778,3412,2776,-1,3364,3361,3360,-1,2775,2776,3412,-1,3413,3412,3357,-1,2775,3411,2773,-1,3411,3468,2773,-1,2773,3468,2770,-1,3468,3469,2770,-1,2770,3469,2769,-1,3469,3470,2769,-1,2769,3470,2766,-1,3470,3471,2766,-1,2766,3471,2765,-1,2765,3420,2763,-1,2765,3471,3420,-1,2763,3472,2760,-1,2763,3420,3472,-1,2760,3473,2759,-1,2760,3472,3473,-1,2759,3474,2757,-1,2759,3473,3474,-1,2757,3475,2754,-1,2757,3474,3475,-1,2754,3476,2753,-1,2754,3475,3476,-1,2753,3426,2751,-1,2748,2751,3426,-1,3427,3426,3331,-1,2748,3425,2747,-1,3425,3477,2747,-1,2747,3477,2745,-1,3477,3478,2745,-1,2745,3478,2742,-1,3478,3479,2742,-1,2742,3479,2741,-1,3479,3480,2741,-1,2741,3480,2739,-1,3480,3481,2739,-1,2739,3481,2736,-1,2736,3482,2735,-1,2736,3481,3482,-1,2735,3483,2733,-1,2735,3482,3483,-1,2733,3484,2730,-1,2733,3483,3484,-1,2730,3485,2729,-1,2730,3484,3485,-1,2729,3486,2727,-1,2729,3485,3486,-1,2727,3440,2724,-1,2727,3486,3440,-1,2724,3439,2677,-1,2677,3439,2671,-1,3439,3487,2671,-1,2671,3487,2669,-1,3487,3488,2669,-1,2669,3488,2675,-1,3488,3445,2675,-1,2675,3445,2673,-1,3445,3489,2673,-1,2673,3489,2679,-1,3489,3490,2679,-1,2679,3490,2681,-1,2681,3491,2684,-1,2681,3490,3491,-1,2684,3492,2685,-1,2684,3491,3492,-1,2685,3493,2688,-1,2685,3492,3493,-1,2688,3494,2695,-1,2688,3493,3494,-1,2695,3495,2692,-1,2695,3494,3495,-1,2692,3496,2693,-1,2692,3495,3496,-1,2693,3454,2696,-1,2696,3454,2698,-1,3454,3453,2698,-1,2698,3453,2699,-1,3453,3497,2699,-1,2699,3497,2702,-1,3497,3498,2702,-1,2702,3498,2703,-1,3498,3460,2703,-1,2703,3460,2706,-1,2706,3499,2707,-1,2706,3460,3499,-1,2707,3500,2710,-1,2707,3499,3500,-1,2710,3501,2712,-1,2710,3500,3501,-1,2712,3502,2718,-1,2712,3501,3502,-1,2718,3503,2713,-1,2718,3502,3503,-1,2713,3504,2716,-1,2713,3503,3504,-1,2716,3467,2720,-1,2716,3504,3467,-1,3467,2723,2720,-1,2723,3466,2722,-1,3466,3409,2722,-1,932,2722,3409,-1,929,3409,3408,-1,3505,825,3506,-1,3507,3508,3509,-1,3510,3511,3512,-1,3513,3514,3515,-1,3513,3515,3516,-1,3517,3518,3519,-1,3520,3518,3517,-1,3520,3516,3521,-1,3519,3522,3517,-1,3521,3518,3520,-1,3522,3519,3523,-1,3524,3522,3523,-1,3525,3526,3527,-1,3516,3515,3521,-1,3528,3527,3529,-1,3528,3529,3530,-1,3526,3531,3532,-1,3528,3525,3527,-1,3531,3526,3525,-1,3529,3524,3530,-1,3532,3533,3534,-1,3535,1795,3536,-1,3534,3537,3532,-1,3538,3539,3534,-1,3540,3539,3541,-1,3539,3538,3535,-1,3532,3531,3533,-1,3536,3542,3541,-1,3523,3530,3524,-1,3542,3543,3544,-1,2837,2834,3543,-1,3514,3508,3507,-1,3513,3508,3514,-1,3508,3512,3509,-1,3513,3545,3508,-1,3509,3512,3511,-1,3546,3547,3548,-1,3510,3548,3511,-1,3546,3549,3547,-1,3510,3546,3548,-1,3550,3551,3549,-1,3547,3549,3551,-1,3552,3550,3553,-1,3550,3552,3551,-1,3553,3554,3555,-1,3555,3552,3553,-1,3556,3557,3554,-1,3555,3554,3557,-1,3558,3556,3559,-1,3556,3558,3557,-1,3559,3560,3561,-1,3561,3558,3559,-1,3562,3563,3560,-1,3561,3560,3563,-1,3564,3562,3565,-1,3562,3564,3563,-1,3565,3566,3567,-1,3567,3564,3565,-1,3566,3506,3568,-1,3567,3566,3568,-1,3505,826,825,-1,3506,3566,3505,-1,824,3506,825,-1,3562,3569,3565,-1,3570,3571,3572,-1,3570,3573,2864,-1,812,815,2864,-1,815,3570,2864,-1,823,826,3571,-1,823,3571,822,-1,3505,3571,826,-1,3574,3575,3576,-1,3571,3566,3572,-1,3562,3560,3574,-1,3572,3565,3569,-1,3560,3559,3577,-1,3569,3562,3574,-1,3559,3556,3578,-1,3560,3577,3574,-1,3556,3554,3579,-1,3559,3578,3577,-1,3554,3553,3580,-1,3556,3579,3578,-1,3553,3550,3581,-1,3554,3580,3579,-1,3581,3582,3583,-1,3553,3581,3580,-1,3584,3582,3549,-1,3549,3582,3550,-1,3585,3584,3546,-1,3546,3584,3549,-1,3512,3586,3510,-1,3510,3585,3546,-1,3508,3587,3512,-1,3585,3510,3586,-1,3588,3589,3590,-1,3586,3512,3587,-1,3513,3516,3588,-1,3587,3508,3545,-1,3516,3520,3591,-1,3545,3513,3588,-1,3520,3517,3592,-1,3516,3591,3588,-1,3517,3522,3593,-1,3520,3592,3591,-1,3522,3524,3594,-1,3517,3593,3592,-1,3524,3529,3595,-1,3522,3594,3593,-1,3529,3527,3596,-1,3524,3595,3594,-1,3527,3526,3597,-1,3529,3596,3595,-1,3598,3599,3597,-1,3527,3597,3596,-1,3598,3532,3537,-1,3532,3598,3526,-1,3539,3540,3534,-1,3535,3536,3539,-1,3533,3538,3534,-1,3534,3540,3537,-1,3536,3541,3539,-1,3505,3566,3571,-1,3573,2863,2864,-1,3573,3569,3576,-1,3566,3565,3572,-1,3569,3573,3572,-1,2860,3576,3575,-1,3569,3574,3576,-1,3575,3577,3600,-1,3577,3575,3574,-1,3600,3578,3601,-1,3578,3600,3577,-1,3601,3579,3602,-1,3579,3601,3578,-1,3602,3580,3603,-1,3580,3602,3579,-1,3603,3581,3583,-1,3581,3603,3580,-1,3583,3582,3604,-1,3605,3604,3584,-1,3550,3582,3581,-1,3584,3604,3582,-1,3606,3605,3585,-1,3585,3605,3584,-1,3607,3606,3586,-1,3586,3606,3585,-1,3607,3587,3608,-1,3587,3607,3586,-1,3608,3545,3590,-1,3545,3608,3587,-1,3589,2808,3590,-1,3545,3588,3590,-1,3589,3591,3609,-1,3591,3589,3588,-1,3609,3592,3610,-1,3592,3609,3591,-1,3610,3593,3611,-1,3593,3610,3592,-1,3611,3594,3612,-1,3594,3611,3593,-1,3612,3595,3613,-1,3595,3612,3594,-1,3613,3596,3614,-1,3596,3613,3595,-1,3614,3597,3599,-1,3597,3614,3596,-1,3599,3598,3615,-1,3616,3615,3537,-1,3526,3598,3597,-1,3537,3615,3598,-1,3617,3616,3540,-1,3540,3616,3537,-1,3541,3544,3617,-1,3540,3541,3617,-1,3542,3544,3541,-1,3571,3570,822,-1,815,822,3570,-1,2863,3576,2861,-1,3572,3573,3570,-1,2863,3573,3576,-1,3576,2860,2861,-1,2860,3575,2858,-1,3575,3600,2858,-1,2858,3600,2855,-1,3600,3601,2855,-1,2855,3601,2854,-1,3601,3602,2854,-1,2854,3602,2852,-1,3602,3603,2852,-1,2852,3603,2849,-1,2849,3583,2848,-1,2849,3603,3583,-1,2848,3604,2846,-1,2848,3583,3604,-1,2846,3605,2845,-1,2846,3604,3605,-1,2845,3606,2843,-1,2845,3605,3606,-1,2843,3607,2840,-1,2843,3606,3607,-1,2840,3608,2838,-1,2840,3607,3608,-1,2838,3590,2808,-1,2838,3608,3590,-1,2808,3589,2809,-1,2809,3589,2817,-1,3589,3609,2817,-1,2817,3609,2813,-1,3609,3610,2813,-1,2813,3610,2815,-1,3610,3611,2815,-1,2815,3611,2819,-1,3611,3612,2819,-1,2819,3612,2821,-1,3612,3613,2821,-1,2821,3613,2822,-1,2822,3614,2825,-1,2822,3613,3614,-1,2825,3599,2827,-1,2825,3614,3599,-1,2827,3615,2832,-1,2827,3599,3615,-1,2832,3616,2831,-1,2832,3615,3616,-1,2831,3617,2833,-1,2831,3616,3617,-1,2833,3544,2834,-1,2833,3617,3544,-1,3543,2834,3544,-1,3618,3619,3620,-1,3621,3622,3623,-1,3624,3623,3622,-1,3625,3626,3627,-1,3625,3628,3626,-1,3626,3621,3627,-1,3628,3629,3630,-1,3629,3631,3630,-1,3632,3630,3631,-1,3631,3633,3632,-1,3634,3635,3633,-1,3632,3633,3635,-1,3625,3629,3628,-1,3636,3637,3638,-1,3639,3637,3640,-1,3637,3636,3640,-1,3641,3639,3640,-1,3635,3634,3638,-1,3642,3643,3641,-1,3644,3645,3646,-1,3639,3641,3643,-1,3644,3647,3645,-1,3648,3647,3644,-1,3647,3648,3649,-1,3648,3650,3649,-1,3650,3643,3642,-1,3645,3651,3646,-1,3652,3653,3654,-1,3653,3655,3654,-1,3654,3656,3652,-1,3657,3658,3655,-1,3658,3657,3659,-1,3646,3651,3659,-1,3657,3655,3653,-1,3642,3649,3650,-1,3658,3659,3651,-1,3660,3661,3656,-1,3143,3662,3660,-1,3660,3662,3663,-1,3664,3660,3663,-1,3656,3661,3665,-1,3656,3139,3660,-1,3634,3636,3638,-1,3666,3662,3667,-1,3144,3668,3669,-1,3670,3671,3668,-1,3668,3147,3670,-1,3670,3672,3673,-1,3668,3671,3674,-1,3675,3672,3670,-1,3668,3676,3669,-1,3152,3675,3670,-1,3677,3669,3676,-1,3678,3679,3675,-1,3142,3669,3662,-1,3662,3669,3667,-1,3675,3680,3678,-1,3675,3152,3159,-1,3675,3159,3680,-1,3680,3681,3682,-1,3158,3680,3159,-1,3683,3682,3681,-1,3681,3680,3158,-1,3622,3684,3624,-1,3623,3627,3621,-1,3685,3624,3684,-1,3686,3685,3684,-1,3686,3687,3688,-1,3688,3685,3686,-1,3689,3690,3687,-1,3688,3687,3690,-1,3691,3689,3692,-1,3689,3691,3690,-1,3692,3693,3694,-1,3694,3691,3692,-1,3695,3696,3693,-1,3694,3693,3696,-1,3697,3695,3698,-1,3695,3697,3696,-1,3698,3618,3699,-1,3699,3697,3698,-1,3620,3619,3700,-1,3699,3618,3620,-1,3700,3701,3702,-1,3619,3701,3700,-1,3702,3703,3704,-1,3704,3700,3702,-1,3705,3706,3703,-1,3704,3703,3706,-1,3707,3705,3708,-1,3705,3707,3706,-1,3709,3708,3710,-1,3709,3707,3708,-1,3711,3710,3712,-1,3710,3708,3712,-1,3713,3711,3714,-1,3711,3713,3710,-1,3714,3715,3713,-1,3713,3715,3173,-1,3716,3715,3717,-1,3716,3174,3715,-1,3716,3718,3719,-1,3176,3716,3719,-1,3720,3721,3719,-1,3719,3721,3179,-1,3722,3721,3723,-1,3722,3180,3721,-1,3722,3724,3725,-1,3182,3722,3725,-1,3726,3727,3725,-1,3725,3727,3184,-1,3728,3729,3727,-1,3730,3729,3728,-1,3731,3729,3730,-1,3731,3730,882,-1,3194,736,3199,-1,3731,882,881,-1,3199,736,738,-1,3194,3731,881,-1,736,3194,881,-1,3678,3680,3732,-1,3680,3682,3732,-1,3670,3147,3152,-1,3672,3675,3679,-1,3668,3144,3147,-1,3671,3670,3673,-1,3669,3142,3144,-1,3676,3668,3674,-1,3662,3143,3142,-1,3667,3669,3677,-1,3660,3139,3143,-1,3663,3662,3666,-1,3139,3656,3136,-1,3661,3660,3664,-1,3654,3134,3136,-1,3652,3656,3665,-1,3136,3656,3654,-1,3655,3133,3134,-1,3134,3654,3655,-1,3658,3131,3133,-1,3133,3655,3658,-1,3651,3126,3131,-1,3131,3658,3651,-1,3645,3130,3126,-1,3126,3651,3645,-1,3647,3129,3130,-1,3130,3645,3647,-1,3649,3113,3129,-1,3129,3647,3649,-1,3642,3110,3113,-1,3113,3649,3642,-1,3641,3100,3110,-1,3110,3642,3641,-1,3640,3093,3100,-1,3100,3641,3640,-1,3636,3124,3093,-1,3093,3640,3636,-1,3634,3082,3124,-1,3124,3636,3634,-1,3633,3117,3082,-1,3082,3634,3633,-1,3631,3121,3117,-1,3117,3633,3631,-1,3629,3119,3121,-1,3121,3631,3629,-1,3625,3116,3119,-1,3119,3629,3625,-1,3627,3114,3116,-1,3116,3625,3627,-1,3623,3106,3114,-1,3114,3627,3623,-1,3624,3104,3106,-1,3106,3623,3624,-1,3685,3109,3104,-1,3104,3624,3685,-1,3109,3688,3094,-1,3109,3685,3688,-1,3094,3690,3095,-1,3094,3688,3690,-1,3095,3691,3098,-1,3095,3690,3691,-1,3098,3694,3101,-1,3098,3691,3694,-1,3101,3696,3102,-1,3101,3694,3696,-1,3102,3697,3161,-1,3102,3696,3697,-1,3161,3699,3163,-1,3161,3697,3699,-1,3163,3620,3090,-1,3163,3699,3620,-1,3090,3700,3089,-1,3090,3620,3700,-1,3089,3704,3167,-1,3089,3700,3704,-1,3167,3706,3084,-1,3167,3704,3706,-1,3084,3707,3087,-1,3084,3706,3707,-1,3087,3709,3168,-1,3087,3707,3709,-1,3168,3710,3170,-1,3168,3709,3710,-1,3170,3713,3173,-1,3170,3710,3713,-1,3173,3715,3174,-1,3716,3176,3174,-1,3717,3715,3714,-1,3719,3179,3176,-1,3718,3716,3717,-1,3721,3180,3179,-1,3720,3719,3718,-1,3722,3182,3180,-1,3723,3721,3720,-1,3725,3184,3182,-1,3724,3722,3723,-1,3727,3188,3184,-1,3726,3725,3724,-1,3729,3192,3188,-1,3728,3727,3726,-1,3188,3727,3729,-1,3731,3193,3192,-1,3192,3729,3731,-1,3194,3193,3731,-1,3733,2476,3734,-1,3734,2476,2477,-1,2475,3733,3735,-1,3736,2477,2478,-1,2477,3736,3734,-1,3737,2473,2474,-1,3738,2479,2480,-1,3736,2478,3739,-1,2481,3740,2480,-1,2482,3741,3742,-1,2480,3740,3738,-1,2482,3742,2481,-1,2479,3738,3739,-1,2481,3742,3740,-1,3741,2482,2483,-1,3739,2478,2479,-1,2484,3743,2483,-1,2486,3744,3745,-1,3746,3743,2484,-1,2486,3745,2485,-1,2484,2485,3746,-1,2485,3745,3746,-1,2487,2488,3747,-1,2487,3744,2486,-1,3747,3744,2487,-1,3748,2489,3749,-1,3749,2489,2490,-1,2488,3748,3747,-1,3748,2488,2489,-1,2490,2491,3750,-1,3743,3741,2483,-1,2490,3750,3749,-1,2493,2494,3751,-1,3752,2430,3751,-1,3752,3753,2492,-1,3752,2492,2430,-1,3751,2430,2493,-1,2912,3751,3754,-1,2491,3753,3750,-1,3754,3751,2494,-1,3754,2495,3755,-1,3755,2496,3756,-1,3756,2929,3755,-1,3754,3755,2922,-1,2927,3756,3757,-1,2491,2492,3753,-1,2497,3757,3756,-1,3758,903,2943,-1,2500,906,3758,-1,3759,2500,3758,-1,2931,3760,3759,-1,2499,3759,3760,-1,903,3758,906,-1,2498,3760,3757,-1,908,2943,903,-1,3757,3760,2933,-1,2935,2943,908,-1,895,2935,908,-1,2475,2476,3733,-1,2474,2475,3735,-1,3737,2474,3735,-1,2472,3761,3762,-1,2473,3737,3761,-1,3763,2471,3762,-1,2472,2473,3761,-1,2470,3763,3764,-1,2472,3762,2471,-1,3764,3765,2469,-1,3763,2470,2471,-1,3766,2468,3765,-1,2469,2470,3764,-1,3766,3767,2467,-1,2469,3765,2468,-1,3768,2466,3767,-1,2888,3767,3766,-1,2465,3768,3769,-1,3768,3767,2874,-1,3769,3770,2464,-1,3768,2955,3769,-1,3771,2463,3770,-1,2957,3770,3769,-1,2462,3771,3772,-1,3771,3770,2958,-1,3772,3773,2461,-1,3771,2959,3772,-1,3774,2460,3773,-1,2877,3773,3772,-1,2459,3774,3775,-1,3774,3773,2870,-1,3775,3776,2458,-1,3774,2872,3775,-1,3776,2456,2457,-1,2960,3776,3775,-1,3777,2456,3776,-1,3777,3776,2963,-1,3778,2455,3777,-1,3777,2455,2367,-1,2371,3778,2454,-1,3778,3777,2965,-1,2968,3779,3778,-1,3779,2454,3778,-1,3779,3780,2453,-1,2374,3779,2453,-1,2970,3780,3779,-1,3781,2452,3780,-1,3780,2452,2370,-1,2381,3781,2451,-1,3781,3780,2971,-1,2974,3782,3781,-1,3782,2451,3781,-1,3782,3783,2450,-1,2451,3782,2378,-1,2389,2450,3783,-1,2450,2378,3782,-1,3783,2384,2389,-1,3783,3784,2384,-1,2388,3784,3785,-1,2385,2384,3784,-1,3785,3786,2388,-1,3784,2388,2385,-1,854,3787,3785,-1,854,3785,3788,-1,854,3788,853,-1,3785,2980,2981,-1,844,3788,2981,-1,845,844,2866,-1,2981,2866,844,-1,3788,844,853,-1,3787,3786,3785,-1,2981,3788,3785,-1,2980,3784,2977,-1,2980,3785,3784,-1,2977,3783,2976,-1,2977,3784,3783,-1,2976,3782,2974,-1,2976,3783,3782,-1,2974,3781,2971,-1,3780,2970,2971,-1,2452,3781,2381,-1,3779,2968,2970,-1,2453,3780,2370,-1,3778,2965,2968,-1,2454,3779,2374,-1,3777,2963,2965,-1,2455,3778,2371,-1,2963,3776,2960,-1,2456,3777,2367,-1,3775,2872,2960,-1,2458,3776,2457,-1,3774,2870,2872,-1,2459,3775,2458,-1,3773,2877,2870,-1,2460,3774,2459,-1,3772,2959,2877,-1,2461,3773,2460,-1,3771,2958,2959,-1,2462,3772,2461,-1,3770,2957,2958,-1,2463,3771,2462,-1,3769,2955,2957,-1,2464,3770,2463,-1,3768,2874,2955,-1,2465,3769,2464,-1,3767,2888,2874,-1,2466,3768,2465,-1,3766,2887,2888,-1,2467,3767,2466,-1,3765,2954,2887,-1,2468,3766,2467,-1,2887,3766,3765,-1,3764,2882,2954,-1,2954,3765,3764,-1,3763,2892,2882,-1,2882,3764,3763,-1,3762,2951,2892,-1,2892,3763,3762,-1,3761,2950,2951,-1,2951,3762,3761,-1,3737,2904,2950,-1,2950,3761,3737,-1,3735,2905,2904,-1,2904,3737,3735,-1,3733,2903,2905,-1,2905,3735,3733,-1,3734,2901,2903,-1,2903,3733,3734,-1,3736,2889,2901,-1,2901,3734,3736,-1,3739,2890,2889,-1,2889,3736,3739,-1,3738,2898,2890,-1,2890,3739,3738,-1,3740,2900,2898,-1,2898,3738,3740,-1,3742,2915,2900,-1,2900,3740,3742,-1,3741,2916,2915,-1,2915,3742,3741,-1,3743,2910,2916,-1,2916,3741,3743,-1,3746,2911,2910,-1,2910,3743,3746,-1,3745,2881,2911,-1,2911,3746,3745,-1,3744,2879,2881,-1,2881,3745,3744,-1,3747,2880,2879,-1,2879,3744,3747,-1,3748,2908,2880,-1,2880,3747,3748,-1,3749,2895,2908,-1,2908,3748,3749,-1,3750,2896,2895,-1,2895,3749,3750,-1,3753,2924,2896,-1,2896,3750,3753,-1,3752,2914,2924,-1,2924,3753,3752,-1,2914,3751,2912,-1,2914,3752,3751,-1,2912,3754,2922,-1,3755,2929,2922,-1,2495,3754,2494,-1,3756,2927,2929,-1,2496,3755,2495,-1,3757,2933,2927,-1,2497,3756,2496,-1,3760,2931,2933,-1,2498,3757,2497,-1,3759,2936,2931,-1,2499,3760,2498,-1,3758,2938,2936,-1,2500,3759,2499,-1,2936,3759,3758,-1,2943,2938,3758,-1,3789,2644,2645,-1,3790,2641,3791,-1,2638,3792,3793,-1,2642,3794,3791,-1,2643,3795,3794,-1,2644,3795,2643,-1,2646,3796,2645,-1,3789,3795,2644,-1,2647,3797,3798,-1,3789,2645,3796,-1,2647,3798,2646,-1,3796,2646,3798,-1,3799,2648,2649,-1,3797,2647,2648,-1,2649,2650,3800,-1,3799,3797,2648,-1,2651,3801,3802,-1,2650,2651,3802,-1,2652,3801,2651,-1,2653,3803,2652,-1,2650,3802,3800,-1,3800,3799,2649,-1,2652,3803,3801,-1,3804,2653,2654,-1,2655,2656,3805,-1,3806,2654,2655,-1,2654,3806,3804,-1,2657,3807,2656,-1,3805,3806,2655,-1,2656,3807,3805,-1,3803,2653,3804,-1,2660,2541,3808,-1,3809,3810,2658,-1,3809,2658,2659,-1,2659,2660,3808,-1,3809,2659,3808,-1,2657,2658,3810,-1,3810,3807,2657,-1,3811,3390,3812,-1,3808,3812,3387,-1,3812,2661,3811,-1,3813,3391,3811,-1,3813,3814,3393,-1,3813,3811,2662,-1,2663,3814,3813,-1,2541,3812,3808,-1,3815,912,3404,-1,3816,3817,2665,-1,3816,3401,3817,-1,3815,3816,2666,-1,2666,915,3815,-1,3395,3814,3817,-1,3817,3814,2664,-1,3815,915,912,-1,2642,2643,3794,-1,3410,920,923,-1,920,3410,3404,-1,920,3404,912,-1,3791,2641,2642,-1,2640,2641,3790,-1,3818,2640,3790,-1,2640,3818,2639,-1,2639,3818,3792,-1,3819,2637,3793,-1,3792,2638,2639,-1,2636,3819,3820,-1,2638,3793,2637,-1,3820,3821,2635,-1,3819,2636,2637,-1,3822,2634,3821,-1,2635,2636,3820,-1,2633,3822,3823,-1,2635,3821,2634,-1,3824,2632,3823,-1,3822,2633,2634,-1,2631,3824,3825,-1,3824,3823,3295,-1,3825,3826,2630,-1,3824,3334,3825,-1,3827,2629,3826,-1,3321,3826,3825,-1,2628,3827,3828,-1,3827,3826,3308,-1,3828,3829,2627,-1,3827,3310,3828,-1,3830,2626,3829,-1,3307,3829,3828,-1,2625,3830,3831,-1,3830,3829,3306,-1,3831,3832,2624,-1,3830,3337,3831,-1,3833,2623,3832,-1,3327,3832,3831,-1,2622,3833,3834,-1,3833,3832,3326,-1,3834,3835,2602,-1,3833,3346,3834,-1,3835,2621,2602,-1,3340,3835,3834,-1,2620,2621,3836,-1,3835,3836,2621,-1,3836,2619,2620,-1,3836,3837,2619,-1,3838,2618,3837,-1,3838,3839,2617,-1,3837,2618,2619,-1,3840,2616,3839,-1,2617,2618,3838,-1,2615,3840,3841,-1,2617,3839,2616,-1,3841,3842,843,-1,3840,2615,2616,-1,3355,3358,3841,-1,3842,842,843,-1,832,3842,3358,-1,833,832,3359,-1,3358,3359,832,-1,3842,832,842,-1,843,2615,3841,-1,3358,3842,3841,-1,3840,3354,3355,-1,3355,3841,3840,-1,3839,3352,3354,-1,3354,3840,3839,-1,3838,3348,3352,-1,3352,3839,3838,-1,3837,3345,3348,-1,3348,3838,3837,-1,3836,3342,3345,-1,3345,3837,3836,-1,3342,3835,3340,-1,3342,3836,3835,-1,3340,3834,3346,-1,3833,3326,3346,-1,2622,3834,2602,-1,3832,3327,3326,-1,2623,3833,2622,-1,3831,3337,3327,-1,2624,3832,2623,-1,3830,3306,3337,-1,2625,3831,2624,-1,3829,3307,3306,-1,2626,3830,2625,-1,3828,3310,3307,-1,2627,3829,2626,-1,3827,3308,3310,-1,2628,3828,2627,-1,3826,3321,3308,-1,2629,3827,2628,-1,3825,3334,3321,-1,2630,3826,2629,-1,3824,3295,3334,-1,2631,3825,2630,-1,3823,3289,3295,-1,2632,3824,2631,-1,3822,3336,3289,-1,2633,3823,2632,-1,3289,3823,3822,-1,3821,3366,3336,-1,3336,3822,3821,-1,3820,3322,3366,-1,3366,3821,3820,-1,3819,3323,3322,-1,3322,3820,3819,-1,3793,3330,3323,-1,3323,3819,3793,-1,3792,3333,3330,-1,3330,3793,3792,-1,3818,3367,3333,-1,3333,3792,3818,-1,3790,3370,3367,-1,3367,3818,3790,-1,3791,3371,3370,-1,3370,3790,3791,-1,3794,3314,3371,-1,3371,3791,3794,-1,3795,3317,3314,-1,3314,3794,3795,-1,3789,3318,3317,-1,3317,3795,3789,-1,3796,3313,3318,-1,3318,3789,3796,-1,3798,3302,3313,-1,3313,3796,3798,-1,3797,3300,3302,-1,3302,3798,3797,-1,3799,3303,3300,-1,3300,3797,3799,-1,3800,3374,3303,-1,3303,3799,3800,-1,3802,3297,3374,-1,3374,3800,3802,-1,3801,3293,3297,-1,3297,3802,3801,-1,3803,3298,3293,-1,3293,3801,3803,-1,3804,3299,3298,-1,3298,3803,3804,-1,3806,3378,3299,-1,3299,3804,3806,-1,3805,3379,3378,-1,3378,3806,3805,-1,3807,3381,3379,-1,3379,3805,3807,-1,3810,3384,3381,-1,3381,3807,3810,-1,3809,3385,3384,-1,3384,3810,3809,-1,3385,3808,3387,-1,3385,3809,3808,-1,3387,3812,3390,-1,3811,3391,3390,-1,2661,3812,2541,-1,3813,3393,3391,-1,2662,3811,2661,-1,3814,3395,3393,-1,2663,3813,2662,-1,3817,3401,3395,-1,2664,3814,2663,-1,3816,3402,3401,-1,2665,3817,2664,-1,3815,3403,3402,-1,2666,3816,2665,-1,3402,3816,3815,-1,3404,3403,3815,-1,2793,3843,3844,-1,3845,2795,3846,-1,3843,2794,3845,-1,3845,3514,3843,-1,3844,3843,3507,-1,3515,3845,3846,-1,3846,3847,3521,-1,3848,2792,3844,-1,3849,3850,2799,-1,3851,3850,3519,-1,3851,3847,2797,-1,3851,3518,3847,-1,3850,3851,2798,-1,3849,2799,2800,-1,2796,3847,3846,-1,3849,2800,3852,-1,2801,3853,3852,-1,2802,3854,3853,-1,2802,3853,2801,-1,2800,2801,3852,-1,3854,2802,2803,-1,3844,3509,3848,-1,3855,3854,2803,-1,3856,3533,3855,-1,3856,2805,3857,-1,3856,3857,3538,-1,3535,1793,1795,-1,1794,3857,2805,-1,2804,3855,2803,-1,2804,3856,3855,-1,3858,2791,3848,-1,2790,3858,3859,-1,3858,3848,3511,-1,3859,3860,2789,-1,3858,3548,3859,-1,3861,2788,3860,-1,3547,3860,3859,-1,2787,2788,3861,-1,3861,3860,3551,-1,2787,3862,2767,-1,3862,2787,3861,-1,3862,3863,2786,-1,2786,2767,3862,-1,2786,3863,2785,-1,2785,3863,3864,-1,3864,2784,2785,-1,3864,3865,2784,-1,3866,2783,3865,-1,3866,3867,2782,-1,3865,2783,2784,-1,3868,2781,3867,-1,2782,2783,3866,-1,2780,3868,3869,-1,2782,3867,2781,-1,3869,3870,830,-1,3868,2780,2781,-1,3567,3568,3869,-1,3870,828,830,-1,820,3870,3568,-1,824,820,3506,-1,3568,3506,820,-1,3870,820,828,-1,830,2780,3869,-1,3568,3870,3869,-1,3868,3564,3567,-1,3567,3869,3868,-1,3867,3563,3564,-1,3564,3868,3867,-1,3866,3561,3563,-1,3563,3867,3866,-1,3865,3558,3561,-1,3561,3866,3865,-1,3864,3557,3558,-1,3558,3865,3864,-1,3863,3555,3557,-1,3557,3864,3863,-1,3555,3862,3552,-1,3555,3863,3862,-1,3552,3861,3551,-1,3552,3862,3861,-1,3551,3860,3547,-1,3859,3548,3547,-1,2789,3860,2788,-1,3858,3511,3548,-1,2790,3859,2789,-1,3848,3509,3511,-1,2791,3858,2790,-1,3844,3507,3509,-1,2792,3848,2791,-1,3843,3514,3507,-1,2793,3844,2792,-1,3845,3515,3514,-1,2794,3843,2793,-1,3846,3521,3515,-1,2795,3845,2794,-1,3847,3518,3521,-1,2796,3846,2795,-1,3851,3519,3518,-1,2797,3847,2796,-1,3850,3523,3519,-1,2798,3851,2797,-1,3849,3530,3523,-1,2799,3850,2798,-1,3523,3850,3849,-1,3530,3852,3528,-1,3530,3849,3852,-1,3528,3853,3525,-1,3528,3852,3853,-1,3525,3854,3531,-1,3525,3853,3854,-1,3531,3855,3533,-1,3531,3854,3855,-1,3533,3856,3538,-1,3857,3535,3538,-1,2805,3856,2804,-1,3535,3857,1793,-1,1794,1793,3857,-1,3871,3872,3873,-1,3873,3874,3871,-1,3875,3876,3877,-1,3877,3872,3875,-1,3878,3876,3879,-1,3876,3878,3877,-1,3880,3881,3882,-1,3883,3884,3881,-1,3884,3883,3879,-1,3885,3886,3887,-1,3884,3882,3881,-1,3888,3889,3890,-1,3888,3891,3889,-1,3890,3880,3882,-1,3880,3890,3889,-1,3892,3891,3888,-1,3886,3893,3887,-1,3893,3892,3887,-1,3883,3878,3879,-1,3892,3893,3891,-1,3894,3895,3896,-1,3886,3885,3896,-1,3894,3896,3885,-1,3895,3894,3897,-1,3875,3872,3871,-1,3898,3899,3900,-1,3901,3898,3900,-1,3901,3902,3898,-1,3900,3899,3897,-1,3903,3904,3905,-1,3902,3901,3904,-1,3906,3905,3907,-1,3903,3902,3904,-1,3908,3909,3910,-1,3906,3907,3911,-1,3911,3912,3913,-1,3911,3914,3906,-1,3912,3911,3907,-1,3915,3913,3912,-1,3916,3915,3910,-1,3909,3916,3910,-1,3905,3906,3903,-1,3916,3913,3915,-1,3917,3918,3919,-1,3919,3920,3908,-1,3919,3918,3920,-1,3899,3895,3897,-1,3908,3920,3909,-1,3921,3922,3923,-1,3923,3924,3917,-1,888,3921,3925,-1,3925,879,888,-1,3917,3924,3918,-1,3921,888,3922,-1,3873,3926,3874,-1,3923,3922,3924,-1,3874,3926,3927,-1,3928,3927,3926,-1,3928,3929,3930,-1,3930,3927,3928,-1,3931,3932,3929,-1,3930,3929,3932,-1,3933,3931,3934,-1,3931,3933,3932,-1,3934,3935,3936,-1,3936,3933,3934,-1,3937,3938,3935,-1,3936,3935,3938,-1,3939,3937,3940,-1,3937,3939,3938,-1,3940,3941,3942,-1,3942,3939,3940,-1,3943,3944,3941,-1,3942,3941,3944,-1,3945,3943,3946,-1,3943,3945,3944,-1,3946,3947,3948,-1,3945,3946,3948,-1,3949,3947,3950,-1,3946,3951,3947,-1,3952,3950,3947,-1,3953,3954,3950,-1,3955,3956,3957,-1,3957,3958,3959,-1,3960,3961,3958,-1,3960,3962,3961,-1,3963,3964,3965,-1,3965,3962,3963,-1,3966,3967,3964,-1,3965,3964,3967,-1,3968,3966,3969,-1,3966,3968,3967,-1,3969,3970,3971,-1,3971,3968,3969,-1,3972,3973,3970,-1,3971,3970,3973,-1,3974,3972,3975,-1,3972,3974,3973,-1,3975,3976,3977,-1,3977,3974,3975,-1,3978,3979,3976,-1,3977,3976,3979,-1,3980,3978,3981,-1,3978,3980,3979,-1,3981,3982,3983,-1,3983,3980,3981,-1,876,3984,3982,-1,3983,3982,3984,-1,876,875,3984,-1,3984,875,869,-1,3960,3963,3962,-1,3959,3958,3961,-1,3955,3957,3959,-1,3985,3956,3955,-1,3954,3953,3956,-1,3954,3956,3985,-1,3952,3953,3950,-1,3949,3950,3954,-1,3951,3952,3947,-1,3948,3947,3949,-1,3951,3946,3986,-1,3946,3943,3986,-1,3986,3943,3987,-1,3943,3941,3987,-1,3987,3941,3988,-1,3941,3940,3988,-1,3988,3940,3989,-1,3989,3937,3990,-1,3989,3940,3937,-1,3990,3935,3991,-1,3990,3937,3935,-1,3991,3934,3992,-1,3991,3935,3934,-1,3992,3931,3993,-1,3992,3934,3931,-1,3993,3929,3994,-1,3993,3931,3929,-1,3994,3928,3995,-1,3994,3929,3928,-1,3995,3926,3996,-1,3995,3928,3926,-1,3996,3873,3997,-1,3996,3926,3873,-1,3997,3872,3998,-1,3997,3873,3872,-1,3998,3877,3999,-1,3998,3872,3877,-1,3999,3878,4000,-1,3999,3877,3878,-1,4000,3883,4001,-1,4000,3878,3883,-1,4001,3881,4002,-1,4001,3883,3881,-1,4002,3880,4003,-1,4002,3881,3880,-1,4003,3889,4004,-1,4003,3880,3889,-1,4004,3891,4005,-1,4004,3889,3891,-1,4005,3893,4006,-1,4005,3891,3893,-1,4006,3886,4007,-1,4006,3893,3886,-1,4007,3896,4008,-1,4007,3886,3896,-1,4008,3895,4009,-1,4008,3896,3895,-1,4009,3899,4010,-1,4009,3895,3899,-1,4010,3898,4011,-1,4010,3899,3898,-1,4011,3902,4012,-1,4011,3898,3902,-1,3903,4013,4012,-1,4012,3902,3903,-1,3906,4014,4013,-1,4013,3903,3906,-1,3914,4014,3906,-1,3914,3911,4015,-1,3911,3913,4015,-1,4015,3913,4016,-1,3913,3916,4016,-1,4016,3916,4017,-1,3916,3909,4017,-1,4017,3909,4018,-1,3909,3920,4018,-1,4018,3920,4019,-1,3920,3918,4019,-1,4019,3918,4020,-1,4020,3924,893,-1,4020,3918,3924,-1,3922,892,893,-1,893,3924,3922,-1,888,892,3922,-1,4021,4022,4023,-1,4024,4025,4026,-1,4027,4028,4029,-1,4030,4031,4032,-1,4033,4034,4031,-1,4034,4032,4031,-1,4035,4034,4033,-1,4026,4025,4035,-1,4033,4026,4035,-1,4025,4024,4028,-1,4032,4036,4030,-1,4024,4029,4028,-1,4037,4038,4039,-1,4040,4041,4042,-1,4043,4038,4037,-1,4044,4039,4038,-1,4037,4040,4043,-1,4043,4040,4042,-1,4036,4039,4044,-1,4041,4045,4042,-1,4046,4047,4048,-1,4049,4047,4050,-1,4050,4047,4046,-1,4041,4049,4045,-1,4045,4049,4050,-1,4046,4048,4051,-1,4051,4048,4052,-1,4053,4051,4052,-1,4054,4055,4056,-1,4057,4053,4052,-1,4058,4059,4057,-1,4058,4060,4059,-1,4058,4061,4060,-1,4062,4063,4064,-1,4061,4063,4060,-1,4063,4061,4064,-1,4054,4062,4064,-1,4054,4056,4062,-1,4053,4057,4059,-1,4065,4066,4067,-1,4055,4067,4056,-1,4067,4055,4065,-1,4068,4066,4065,-1,4044,4030,4036,-1,4069,4070,3718,-1,4070,4069,4071,-1,4072,4070,4071,-1,4071,4069,4068,-1,4073,4074,4072,-1,4075,4074,4073,-1,4074,4070,4072,-1,4073,4076,4075,-1,4077,4078,4079,-1,4080,4081,4082,-1,4077,4079,4081,-1,4076,4080,4082,-1,4081,4080,4077,-1,4075,4076,4082,-1,4078,4083,4084,-1,4085,737,900,-1,4083,4086,4087,-1,4079,4078,4084,-1,4069,4066,4068,-1,900,4087,4086,-1,4083,4087,4084,-1,4029,4088,4027,-1,4086,4085,900,-1,4088,4089,4027,-1,4089,4088,4090,-1,4091,4092,4090,-1,4089,4090,4092,-1,4093,4091,4094,-1,4091,4093,4092,-1,4094,4095,4096,-1,4096,4093,4094,-1,4097,4098,4095,-1,4096,4095,4098,-1,4099,4097,4100,-1,4097,4099,4098,-1,4100,4101,4102,-1,4102,4099,4100,-1,4103,4104,4101,-1,4102,4101,4104,-1,4105,4103,4106,-1,4103,4105,4104,-1,4106,4107,4108,-1,4108,4105,4106,-1,4109,4110,4107,-1,4108,4107,4110,-1,4111,4109,4112,-1,4109,4111,4110,-1,4112,4113,4114,-1,4114,4111,4112,-1,3665,4115,4113,-1,4114,4113,4116,-1,4116,4115,4117,-1,4115,4116,4113,-1,4118,4117,4115,-1,4118,4115,3664,-1,4119,4118,3666,-1,4118,4120,4117,-1,4119,4121,4120,-1,4120,4118,4119,-1,4121,4119,4122,-1,4119,3677,4122,-1,4122,3674,4123,-1,4124,4121,4122,-1,4125,4124,4123,-1,4122,4123,4124,-1,4123,4126,4125,-1,3673,4126,4123,-1,4127,4125,4126,-1,3673,4123,3671,-1,3679,4126,3672,-1,4128,4127,4126,-1,4129,4130,4128,-1,4127,4128,4130,-1,4130,4129,4131,-1,4128,3678,3732,-1,4129,3682,3683,-1,4131,4129,4023,-1,4021,859,4022,-1,4023,867,4021,-1,859,861,4132,-1,4132,4022,859,-1,859,4021,865,-1,4133,867,4023,-1,867,865,4021,-1,4023,4134,4133,-1,3683,4134,4023,-1,4022,4131,4023,-1,3683,4023,4129,-1,3732,3682,4129,-1,3732,4129,4128,-1,3679,3678,4128,-1,3679,4128,4126,-1,3673,3672,4126,-1,3671,4123,3674,-1,3674,4122,3676,-1,3676,4122,3677,-1,3677,4119,3667,-1,3667,4119,3666,-1,3666,4118,3663,-1,3663,4118,3664,-1,3664,4115,3661,-1,3661,4115,3665,-1,3665,4113,3652,-1,3652,4113,3653,-1,4113,4112,3653,-1,3653,4112,3657,-1,4112,4109,3657,-1,3657,4109,3659,-1,4109,4107,3659,-1,3659,4107,3646,-1,4107,4106,3646,-1,3646,4106,3644,-1,4106,4103,3644,-1,3644,4103,3648,-1,4103,4101,3648,-1,3648,4101,3650,-1,4101,4100,3650,-1,3650,4100,3643,-1,4100,4097,3643,-1,3643,4097,3639,-1,4097,4095,3639,-1,3639,4095,3637,-1,4095,4094,3637,-1,3637,4094,3638,-1,4094,4091,3638,-1,3638,4091,3635,-1,3635,4090,3632,-1,3635,4091,4090,-1,3632,4088,3630,-1,3632,4090,4088,-1,3630,4029,3628,-1,3630,4088,4029,-1,3628,4024,3626,-1,3628,4029,4024,-1,3626,4026,3621,-1,3626,4024,4026,-1,3621,4033,3622,-1,3621,4026,4033,-1,3622,4031,3684,-1,3622,4033,4031,-1,3684,4030,3686,-1,3684,4031,4030,-1,3686,4044,3687,-1,3686,4030,4044,-1,3687,4038,3689,-1,3687,4044,4038,-1,3689,4043,3692,-1,3689,4038,4043,-1,3692,4042,3693,-1,3692,4043,4042,-1,3693,4045,3695,-1,3693,4042,4045,-1,3695,4050,3698,-1,3695,4045,4050,-1,3698,4046,3618,-1,3698,4050,4046,-1,3618,4051,3619,-1,3618,4046,4051,-1,3619,4053,3701,-1,3619,4051,4053,-1,3701,4059,3702,-1,3701,4053,4059,-1,3702,4060,3703,-1,3702,4059,4060,-1,3703,4063,3705,-1,3703,4060,4063,-1,3705,4062,3708,-1,3705,4063,4062,-1,3708,4056,3712,-1,3708,4062,4056,-1,3712,4067,3711,-1,3712,4056,4067,-1,3711,4066,3714,-1,3711,4067,4066,-1,3714,4069,3717,-1,3714,4066,4069,-1,3718,3717,4069,-1,3718,4070,3720,-1,4070,4074,3720,-1,3720,4074,3723,-1,4074,4075,3723,-1,3723,4075,3724,-1,4075,4082,3724,-1,3724,4082,3726,-1,4082,4081,3726,-1,3726,4081,3728,-1,4081,4079,3728,-1,3728,4079,3730,-1,3730,4084,882,-1,3730,4079,4084,-1,4087,880,882,-1,882,4084,4087,-1,900,880,4087,-1,4135,3786,3787,-1,4135,2386,3786,-1,3786,2386,2388,-1,2386,4136,2387,-1,4135,4137,4136,-1,846,848,4138,-1,4138,4137,846,-1,846,4137,852,-1,3787,854,4135,-1,4135,854,852,-1,852,4137,4135,-1,2386,4135,4136,-1,4139,4140,4141,-1,4142,4140,4143,-1,4139,4143,4140,-1,4140,4144,4141,-1,4145,4146,4142,-1,4144,4147,4141,-1,4148,4149,4147,-1,4150,4151,4152,-1,4152,4153,4150,-1,4154,4153,4152,-1,4151,4150,4149,-1,4153,4154,4155,-1,4149,4148,4151,-1,4156,4157,4155,-1,4147,4144,4148,-1,4158,4157,4159,-1,4160,4158,4159,-1,4156,4155,4154,-1,4159,4157,4156,-1,4161,4162,4163,-1,4164,4165,4166,-1,4167,4168,4165,-1,4165,4163,4166,-1,4167,4164,4169,-1,4165,4164,4167,-1,4170,4171,4167,-1,4167,4171,4172,-1,4173,4171,4174,-1,4173,4175,4171,-1,4176,4173,4177,-1,4176,4177,778,-1,4176,764,4178,-1,4179,764,763,-1,4145,4142,4143,-1,4146,4180,4161,-1,4180,4146,4145,-1,4163,4181,4161,-1,4162,4161,4180,-1,4165,4168,4181,-1,4166,4163,4162,-1,4181,4163,4165,-1,4167,4172,4168,-1,4171,4175,4172,-1,4170,4167,4169,-1,4173,4182,4175,-1,4174,4171,4170,-1,4176,4178,4182,-1,4177,4173,4174,-1,4182,4173,4176,-1,4179,4178,764,-1,764,4176,778,-1,4183,3995,3996,-1,3991,3992,4184,-1,4183,3996,4185,-1,3997,4185,3996,-1,3998,4186,3997,-1,3998,3999,4187,-1,4188,3999,4000,-1,3999,4188,4187,-1,4185,3997,4186,-1,4187,4186,3998,-1,4001,4189,4000,-1,4002,4190,4001,-1,4002,4003,4191,-1,4001,4190,4189,-1,4192,4191,4003,-1,4002,4191,4190,-1,4004,4005,4193,-1,4192,4003,4004,-1,4192,4004,4193,-1,4193,4005,4194,-1,4194,4005,4006,-1,4006,4007,4195,-1,4006,4195,4194,-1,4007,4196,4195,-1,4008,4196,4007,-1,4197,4196,4008,-1,4010,4198,4009,-1,4008,4009,4197,-1,4009,4198,4197,-1,4199,4198,4010,-1,4199,4010,4011,-1,4200,4201,4013,-1,4202,4012,4201,-1,4201,4012,4013,-1,4011,4012,4202,-1,4202,4199,4011,-1,3914,4200,4014,-1,4014,4200,4013,-1,4203,4200,3914,-1,4204,4203,4015,-1,4203,4204,4205,-1,4206,4200,4203,-1,4207,4208,4204,-1,4209,4210,4207,-1,4207,4204,4016,-1,4018,4211,4209,-1,4211,4212,4209,-1,4209,4207,4017,-1,4213,4214,4211,-1,4189,4188,4000,-1,4211,4019,4213,-1,4215,4216,883,-1,4217,893,887,-1,4213,4020,4217,-1,893,4217,4020,-1,883,878,4215,-1,4183,4218,3995,-1,3994,3995,4218,-1,4218,4219,3994,-1,3994,4219,3993,-1,3993,4219,4220,-1,4220,3992,3993,-1,4220,4184,3992,-1,4221,3990,4222,-1,4222,3991,4184,-1,4221,4223,3989,-1,4222,3990,3991,-1,3988,4223,4224,-1,3989,3990,4221,-1,4224,4225,3987,-1,4223,4226,4224,-1,4227,3986,4225,-1,4228,4225,4224,-1,3951,4227,4229,-1,4227,4225,4230,-1,4229,4231,3952,-1,4227,4232,4229,-1,4233,3953,4231,-1,4234,4231,4229,-1,3956,4233,4235,-1,4233,4231,4236,-1,4235,4237,3957,-1,4233,4238,4235,-1,4239,3958,4237,-1,4240,4237,4235,-1,3960,4239,4241,-1,4239,4237,4242,-1,4241,4243,3963,-1,4239,4244,4241,-1,4245,3964,4243,-1,4246,4243,4241,-1,3966,4245,4247,-1,4245,4243,4248,-1,4247,4249,3969,-1,4245,4250,4247,-1,4249,3970,3969,-1,4251,4249,4247,-1,3972,3970,4252,-1,4249,4252,3970,-1,4252,3975,3972,-1,4252,4253,3975,-1,4254,3976,4253,-1,4254,4255,3978,-1,4253,3976,3975,-1,4256,3981,4255,-1,3978,3976,4254,-1,3982,4256,4257,-1,3978,4255,3981,-1,4257,4258,876,-1,4256,3982,3981,-1,4259,4260,4257,-1,4258,874,876,-1,870,4258,4260,-1,872,870,4261,-1,4260,4261,870,-1,4258,870,874,-1,876,3982,4257,-1,4260,4258,4257,-1,4256,4262,4259,-1,4259,4257,4256,-1,4255,4263,4262,-1,4262,4256,4255,-1,4254,4264,4263,-1,4263,4255,4254,-1,4253,4265,4264,-1,4264,4254,4253,-1,4252,4266,4265,-1,4265,4253,4252,-1,4266,4249,4251,-1,4266,4252,4249,-1,4251,4247,4250,-1,4245,4248,4250,-1,3966,4247,3969,-1,4243,4246,4248,-1,3964,4245,3966,-1,4241,4244,4246,-1,3963,4243,3964,-1,4239,4242,4244,-1,3960,4241,3963,-1,4237,4240,4242,-1,3958,4239,3960,-1,4235,4238,4240,-1,3957,4237,3958,-1,4233,4236,4238,-1,3956,4235,3957,-1,4231,4234,4236,-1,3953,4233,3956,-1,4229,4232,4234,-1,3952,4231,3953,-1,4227,4230,4232,-1,3951,4229,3952,-1,4225,4228,4230,-1,3986,4227,3951,-1,4224,4226,4228,-1,3987,4225,3986,-1,4223,4267,4226,-1,3988,4224,3987,-1,4221,4268,4267,-1,3989,4223,3988,-1,4267,4223,4221,-1,4222,4269,4268,-1,4268,4221,4222,-1,4184,4270,4269,-1,4269,4222,4184,-1,4220,4271,4270,-1,4270,4184,4220,-1,4219,4272,4271,-1,4271,4220,4219,-1,4218,4273,4272,-1,4272,4219,4218,-1,4183,4274,4273,-1,4273,4218,4183,-1,4185,4275,4274,-1,4274,4183,4185,-1,4186,4276,4275,-1,4275,4185,4186,-1,4187,4277,4276,-1,4276,4186,4187,-1,4188,4278,4277,-1,4277,4187,4188,-1,4189,4279,4278,-1,4278,4188,4189,-1,4190,4280,4279,-1,4279,4189,4190,-1,4191,4281,4280,-1,4280,4190,4191,-1,4192,4282,4281,-1,4281,4191,4192,-1,4193,4283,4282,-1,4282,4192,4193,-1,4194,4284,4283,-1,4283,4193,4194,-1,4195,4285,4284,-1,4284,4194,4195,-1,4196,4286,4285,-1,4285,4195,4196,-1,4197,4287,4286,-1,4286,4196,4197,-1,4198,4288,4287,-1,4287,4197,4198,-1,4199,4289,4288,-1,4288,4198,4199,-1,4202,4290,4289,-1,4289,4199,4202,-1,4201,4291,4290,-1,4290,4202,4201,-1,4291,4200,4206,-1,4291,4201,4200,-1,4206,4203,4205,-1,4204,4208,4205,-1,4015,4203,3914,-1,4207,4210,4208,-1,4016,4204,4015,-1,4209,4212,4210,-1,4017,4207,4016,-1,4211,4214,4212,-1,4018,4209,4017,-1,4213,4292,4214,-1,4019,4211,4018,-1,4217,4293,4292,-1,4020,4213,4019,-1,4292,4213,4217,-1,887,4216,4217,-1,4216,4293,4217,-1,887,883,4216,-1,4294,4133,4134,-1,867,4133,4294,-1,4295,3681,3158,-1,3683,3681,4134,-1,867,4294,866,-1,4294,4296,866,-1,858,857,4297,-1,4296,4297,857,-1,4296,857,866,-1,4295,4296,4294,-1,4295,4294,3681,-1,4294,4134,3681,-1,3983,731,730,-1,723,3965,3967,-1,728,3977,3979,-1,730,729,3980,-1,727,726,3973,-1,3977,727,3974,-1,725,724,3968,-1,3971,726,725,-1,3961,722,721,-1,723,722,3962,-1,3959,3961,721,-1,719,3985,3955,-1,3959,720,3955,-1,4298,4299,686,-1,4158,691,4157,-1,3938,713,712,-1,4300,683,684,-1,4301,3932,709,-1,710,3933,711,-1,3932,710,709,-1,709,4302,4303,-1,711,3936,712,-1,709,681,4302,-1,684,4304,4305,-1,681,4306,4307,-1,4308,4309,682,-1,683,4308,682,-1,4300,684,4310,-1,4311,4308,683,-1,683,4300,4312,-1,4313,681,682,-1,682,4314,4313,-1,4304,685,4315,-1,681,4313,4306,-1,685,686,4299,-1,685,4299,4316,-1,686,687,4317,-1,684,685,4304,-1,687,4318,4319,-1,4317,4320,686,-1,3938,3939,713,-1,4317,687,4321,-1,4322,4323,688,-1,4318,687,688,-1,688,4324,4322,-1,714,713,3942,-1,4325,689,4326,-1,688,689,4324,-1,4160,4326,689,-1,715,714,3944,-1,4160,689,690,-1,4158,690,691,-1,716,715,3945,-1,4155,4157,692,-1,3945,3948,716,-1,692,693,4153,-1,4150,693,694,-1,3948,3949,717,-1,4149,694,695,-1,3954,718,3949,-1,695,696,4147,-1,718,3985,719,-1,697,4139,696,-1,4139,4141,696,-1,699,4145,698,-1,4143,697,698,-1,4162,700,4166,-1,700,4180,699,-1,4169,4164,702,-1,4166,701,4164,-1,4174,4170,703,-1,4170,4169,703,-1,4174,704,4177,-1,778,706,707,-1,705,706,778,-1,3967,3968,724,-1,778,707,708,-1,704,705,4177,-1,4177,705,778,-1,703,704,4174,-1,702,703,4169,-1,701,702,4164,-1,700,701,4166,-1,700,4162,4180,-1,699,4180,4145,-1,698,4145,4143,-1,697,4143,4139,-1,696,4141,4147,-1,695,4147,4149,-1,694,4149,4150,-1,693,4150,4153,-1,692,4153,4155,-1,692,4157,691,-1,690,4158,4160,-1,689,4325,4324,-1,688,4323,4318,-1,687,4319,4321,-1,686,4320,4298,-1,685,4316,4315,-1,684,4305,4310,-1,683,4312,4311,-1,682,4309,4314,-1,681,4307,4302,-1,709,4303,4301,-1,710,3932,3933,-1,711,3933,3936,-1,712,3936,3938,-1,713,3939,3942,-1,714,3942,3944,-1,715,3944,3945,-1,717,716,3948,-1,718,717,3949,-1,718,3954,3985,-1,720,719,3955,-1,721,720,3959,-1,3962,722,3961,-1,3965,723,3962,-1,724,723,3967,-1,3971,725,3968,-1,3973,726,3971,-1,3974,727,3973,-1,728,727,3977,-1,729,728,3979,-1,730,3980,3983,-1,729,3979,3980,-1,731,3983,3984,-1,732,731,869,-1,3984,869,731,-1,734,733,869,-1,869,733,732,-1,735,734,869,-1,4327,4312,4300,-1,4328,4304,4329,-1,4330,4331,4159,-1,4332,4329,4304,-1,4305,4328,4310,-1,4299,4298,4333,-1,4328,4305,4304,-1,4301,4303,3930,-1,4329,4333,4334,-1,4332,4316,4299,-1,4299,4333,4332,-1,4320,4317,4333,-1,4335,4336,4337,-1,4338,4333,4317,-1,4336,4318,4323,-1,4319,4335,4338,-1,4337,4322,4324,-1,4338,4321,4319,-1,4317,4321,4338,-1,4315,4332,4304,-1,4326,4331,4337,-1,4300,4310,4328,-1,4319,4318,4335,-1,4312,4327,4311,-1,4327,4300,4328,-1,4309,4339,4314,-1,4327,3871,4339,-1,4302,3927,3930,-1,4306,3927,4307,-1,4301,3930,3932,-1,3930,4303,4302,-1,3927,4306,4313,-1,3927,4302,4307,-1,4314,3874,4313,-1,3927,4313,3874,-1,4327,4339,4308,-1,4314,4339,3874,-1,4335,4318,4336,-1,4308,4311,4327,-1,4160,4159,4331,-1,4337,4336,4322,-1,4326,4160,4331,-1,4325,4326,4337,-1,4156,4330,4159,-1,4340,4341,4342,-1,4156,4154,4341,-1,4341,4330,4156,-1,4152,4342,4154,-1,4341,4154,4342,-1,4152,4151,4343,-1,4343,4342,4152,-1,4148,4344,4151,-1,4343,4151,4344,-1,4345,4148,4144,-1,4148,4345,4344,-1,4144,4140,4346,-1,4346,4345,4144,-1,4142,4347,4140,-1,4346,4140,4347,-1,4146,4348,4349,-1,4142,4349,4347,-1,4350,4348,4161,-1,4146,4349,4142,-1,4350,4181,4351,-1,4348,4146,4161,-1,4168,4352,4351,-1,4161,4181,4350,-1,4353,4354,4355,-1,4168,4351,4181,-1,4175,4352,4172,-1,4352,4168,4172,-1,4355,4175,4182,-1,4175,4355,4352,-1,4182,4178,4353,-1,4353,4355,4182,-1,4356,4357,4358,-1,4359,4360,4358,-1,3925,877,879,-1,4356,793,877,-1,4358,4360,889,-1,4361,4353,4178,-1,4361,4178,4179,-1,763,890,4179,-1,4179,4360,4361,-1,4331,4362,4337,-1,4322,4336,4323,-1,4330,4363,4331,-1,4325,4337,4324,-1,4337,4362,4335,-1,4341,4364,4330,-1,4362,4331,4363,-1,4365,4366,4367,-1,4363,4330,4364,-1,4342,4343,4365,-1,4364,4341,4340,-1,4343,4344,4368,-1,4340,4342,4365,-1,4344,4345,4369,-1,4343,4368,4365,-1,4345,4346,4370,-1,4344,4369,4368,-1,4370,4371,4372,-1,4345,4370,4369,-1,4373,4371,4347,-1,4347,4371,4346,-1,4349,4348,4374,-1,4349,4373,4347,-1,4350,4375,4348,-1,4349,4374,4373,-1,4351,4376,4350,-1,4348,4375,4374,-1,4352,4377,4351,-1,4350,4376,4375,-1,4355,4378,4352,-1,4376,4351,4377,-1,4379,4353,4361,-1,4377,4352,4378,-1,4380,4359,4357,-1,4378,4355,4354,-1,4361,4360,4359,-1,4379,4354,4353,-1,4179,890,4360,-1,4359,4379,4361,-1,889,4360,890,-1,4329,4332,4333,-1,4316,4332,4315,-1,4381,4334,4338,-1,4320,4333,4298,-1,4338,4334,4333,-1,4335,4382,4381,-1,4335,4381,4338,-1,4382,4362,4383,-1,4362,4382,4335,-1,4383,4363,4384,-1,4363,4383,4362,-1,4384,4364,4385,-1,4364,4384,4363,-1,4367,3887,4385,-1,4340,4385,4364,-1,4366,3885,4367,-1,4340,4367,4385,-1,4366,4368,4386,-1,4368,4366,4365,-1,4386,4369,4387,-1,4369,4386,4368,-1,4387,4370,4372,-1,4370,4387,4369,-1,4372,4371,4388,-1,4389,4388,4373,-1,4346,4371,4370,-1,4373,4388,4371,-1,4390,4389,4374,-1,4374,4389,4373,-1,4390,4375,4391,-1,4375,4390,4374,-1,4391,4376,4392,-1,4376,4391,4375,-1,4392,4377,4393,-1,4377,4392,4376,-1,4393,4378,4394,-1,4378,4393,4377,-1,4394,4354,4395,-1,4354,4394,4378,-1,4380,3917,4395,-1,4379,4395,4354,-1,4357,3923,4380,-1,4379,4380,4395,-1,4358,889,831,-1,4358,4357,4359,-1,793,4358,831,-1,3871,3874,4339,-1,4308,4339,4309,-1,3871,4327,3875,-1,3875,4327,4328,-1,3875,4328,3876,-1,3876,4328,4329,-1,3876,4329,3879,-1,3879,4334,3884,-1,3879,4329,4334,-1,3884,4381,3882,-1,3884,4334,4381,-1,3882,4382,3890,-1,3882,4381,4382,-1,3890,4383,3888,-1,3890,4382,4383,-1,3888,4384,3892,-1,3888,4383,4384,-1,3892,4385,3887,-1,3892,4384,4385,-1,3887,4367,3885,-1,4366,3894,3885,-1,4365,4367,4340,-1,3894,4366,3897,-1,4366,4386,3897,-1,3897,4386,3900,-1,4386,4387,3900,-1,3900,4387,3901,-1,4387,4372,3901,-1,3901,4372,3904,-1,4372,4388,3904,-1,3904,4388,3905,-1,4388,4389,3905,-1,3905,4389,3907,-1,3907,4390,3912,-1,3907,4389,4390,-1,3912,4391,3915,-1,3912,4390,4391,-1,3915,4392,3910,-1,3915,4391,4392,-1,3910,4393,3908,-1,3910,4392,4393,-1,3908,4394,3919,-1,3908,4393,4394,-1,3919,4395,3917,-1,3919,4394,4395,-1,3917,4380,3923,-1,4357,3921,3923,-1,4359,4380,4379,-1,3921,4357,3925,-1,4356,4358,793,-1,4357,4356,3925,-1,877,3925,4356,-1,4396,4228,4397,-1,4285,4286,4398,-1,4398,4287,4399,-1,4400,4401,4281,-1,4285,4398,4402,-1,4238,4403,4240,-1,4236,4404,4405,-1,4280,4401,4406,-1,4278,4407,4408,-1,4409,4276,4277,-1,4280,4406,4279,-1,4228,4396,4230,-1,4410,4268,4269,-1,4411,4242,4403,-1,4273,4412,4272,-1,4269,4413,4410,-1,4269,4270,4413,-1,4412,4414,4271,-1,4405,4403,4238,-1,4415,4416,4232,-1,4417,4248,4418,-1,4419,4251,4250,-1,4226,4397,4228,-1,4396,4415,4230,-1,4405,4238,4236,-1,4230,4415,4232,-1,4420,4244,4411,-1,4403,4242,4240,-1,4242,4411,4244,-1,4246,4244,4420,-1,4418,4246,4420,-1,4248,4246,4418,-1,4421,4403,4405,-1,4417,4250,4248,-1,4419,4250,4417,-1,4264,4422,4423,-1,4424,4266,4425,-1,4422,4264,4265,-1,4265,4424,4422,-1,4266,4251,4425,-1,4423,4263,4264,-1,4266,4424,4265,-1,4263,4423,4426,-1,4426,4262,4263,-1,4427,4259,4262,-1,4260,4259,4427,-1,868,4428,4429,-1,4262,4426,4427,-1,4427,4426,4430,-1,4431,4261,4260,-1,4425,4251,4419,-1,871,855,4429,-1,4132,4432,4433,-1,4261,4428,873,-1,4434,4432,4429,-1,864,4432,4132,-1,873,4428,868,-1,864,4132,861,-1,4236,4234,4404,-1,4261,873,872,-1,4234,4232,4416,-1,4416,4404,4234,-1,4435,4397,4226,-1,4436,4435,4267,-1,4226,4267,4435,-1,4436,4268,4410,-1,4268,4436,4267,-1,4437,4412,4438,-1,4414,4413,4270,-1,4272,4412,4271,-1,4271,4414,4270,-1,4273,4274,4438,-1,4273,4438,4412,-1,4275,4439,4274,-1,4438,4274,4439,-1,4440,4275,4276,-1,4275,4440,4439,-1,4408,4409,4277,-1,4409,4440,4276,-1,4407,4278,4279,-1,4408,4277,4278,-1,4281,4401,4280,-1,4407,4279,4406,-1,4282,4441,4400,-1,4282,4400,4281,-1,4283,4441,4282,-1,4442,4441,4283,-1,4442,4283,4284,-1,4443,4402,4398,-1,4284,4285,4402,-1,4402,4442,4284,-1,4399,4287,4288,-1,4286,4287,4398,-1,4289,4444,4288,-1,4399,4288,4444,-1,4445,4289,4290,-1,4289,4445,4444,-1,4290,4291,4446,-1,4446,4445,4290,-1,4206,4447,4291,-1,4446,4291,4447,-1,4448,4206,4205,-1,4206,4448,4447,-1,4205,4208,4449,-1,4449,4448,4205,-1,4450,4210,4451,-1,4449,4208,4450,-1,4212,4452,4451,-1,4208,4210,4450,-1,4453,4452,4214,-1,4212,4451,4210,-1,4454,4455,4456,-1,4452,4212,4214,-1,4455,4453,4292,-1,4214,4292,4453,-1,4293,4216,4455,-1,4293,4455,4292,-1,4457,4458,4459,-1,4460,4461,4457,-1,4085,756,737,-1,4458,891,756,-1,4457,4461,792,-1,4456,4455,4216,-1,4456,4216,4215,-1,878,886,4215,-1,4215,4461,4456,-1,4428,4261,4431,-1,855,868,4429,-1,4462,4463,4464,-1,4431,4260,4427,-1,4429,4431,4434,-1,4426,4423,4464,-1,4434,4427,4430,-1,4423,4422,4465,-1,4426,4464,4430,-1,4422,4424,4466,-1,4423,4465,4464,-1,4424,4425,4467,-1,4422,4466,4465,-1,4467,4468,4469,-1,4424,4467,4466,-1,4419,4417,4470,-1,4419,4468,4425,-1,4417,4418,4471,-1,4419,4470,4468,-1,4418,4420,4472,-1,4417,4471,4470,-1,4411,4473,4420,-1,4418,4472,4471,-1,4403,4474,4411,-1,4472,4420,4473,-1,4475,4405,4404,-1,4473,4411,4474,-1,4476,4404,4416,-1,4474,4403,4421,-1,4477,4478,4479,-1,4421,4405,4475,-1,4416,4415,4479,-1,4475,4404,4476,-1,4415,4396,4480,-1,4416,4479,4476,-1,4396,4397,4481,-1,4415,4480,4479,-1,4481,4482,4483,-1,4396,4481,4480,-1,4484,4482,4435,-1,4435,4482,4397,-1,4485,4484,4436,-1,4436,4484,4435,-1,4410,4413,4486,-1,4410,4485,4436,-1,4414,4487,4413,-1,4410,4486,4485,-1,4412,4488,4414,-1,4486,4413,4487,-1,4489,4438,4439,-1,4487,4414,4488,-1,4490,4491,4492,-1,4488,4412,4437,-1,4439,4440,4490,-1,4437,4438,4489,-1,4440,4409,4493,-1,4489,4439,4490,-1,4409,4408,4494,-1,4440,4493,4490,-1,4408,4407,4495,-1,4409,4494,4493,-1,4407,4406,4496,-1,4408,4495,4494,-1,4406,4401,4497,-1,4407,4496,4495,-1,4497,4498,4499,-1,4406,4497,4496,-1,4500,4498,4400,-1,4400,4498,4401,-1,4441,4442,4501,-1,4441,4500,4400,-1,4402,4502,4442,-1,4500,4441,4501,-1,4503,4398,4399,-1,4501,4442,4502,-1,4504,4505,4506,-1,4502,4402,4443,-1,4399,4444,4506,-1,4443,4398,4503,-1,4444,4445,4507,-1,4399,4506,4503,-1,4445,4446,4508,-1,4444,4507,4506,-1,4446,4447,4509,-1,4445,4508,4507,-1,4447,4448,4510,-1,4446,4509,4508,-1,4448,4449,4511,-1,4447,4510,4509,-1,4449,4450,4512,-1,4448,4511,4510,-1,4450,4451,4513,-1,4449,4512,4511,-1,4514,4515,4513,-1,4450,4513,4512,-1,4453,4516,4452,-1,4452,4514,4451,-1,4455,4517,4453,-1,4514,4452,4516,-1,4460,4459,4518,-1,4516,4453,4517,-1,4456,4461,4460,-1,4454,4517,4455,-1,4215,886,4461,-1,4454,4456,4460,-1,792,4461,886,-1,4428,4431,4429,-1,4433,4022,4132,-1,4463,4022,4433,-1,4431,4427,4434,-1,4430,4433,4434,-1,4462,4131,4463,-1,4430,4463,4433,-1,4462,4465,4519,-1,4465,4462,4464,-1,4519,4466,4520,-1,4466,4519,4465,-1,4520,4467,4469,-1,4467,4520,4466,-1,4469,4468,4521,-1,4522,4521,4470,-1,4425,4468,4467,-1,4470,4521,4468,-1,4522,4471,4523,-1,4471,4522,4470,-1,4523,4472,4524,-1,4472,4523,4471,-1,4524,4473,4525,-1,4473,4524,4472,-1,4525,4474,4526,-1,4474,4525,4473,-1,4526,4421,4527,-1,4421,4526,4474,-1,4528,4108,4527,-1,4475,4527,4421,-1,4478,4105,4528,-1,4528,4527,4475,-1,4476,4478,4528,-1,4479,4478,4476,-1,4477,4480,4529,-1,4480,4477,4479,-1,4529,4481,4483,-1,4481,4529,4480,-1,4483,4482,4530,-1,4531,4530,4484,-1,4397,4482,4481,-1,4484,4530,4482,-1,4532,4531,4485,-1,4485,4531,4484,-1,4533,4532,4486,-1,4486,4532,4485,-1,4533,4487,4534,-1,4487,4533,4486,-1,4534,4488,4535,-1,4488,4534,4487,-1,4535,4437,4536,-1,4437,4535,4488,-1,4492,4035,4536,-1,4489,4536,4437,-1,4032,4492,4491,-1,4489,4492,4536,-1,4491,4493,4537,-1,4493,4491,4490,-1,4537,4494,4538,-1,4494,4537,4493,-1,4538,4495,4539,-1,4495,4538,4494,-1,4539,4496,4540,-1,4496,4539,4495,-1,4540,4497,4499,-1,4497,4540,4496,-1,4499,4498,4541,-1,4542,4541,4500,-1,4401,4498,4497,-1,4500,4541,4498,-1,4543,4542,4501,-1,4501,4542,4500,-1,4543,4502,4544,-1,4502,4543,4501,-1,4544,4443,4545,-1,4443,4544,4502,-1,4545,4503,4505,-1,4503,4545,4443,-1,4064,4505,4504,-1,4503,4506,4505,-1,4504,4507,4546,-1,4507,4504,4506,-1,4546,4508,4547,-1,4508,4546,4507,-1,4547,4509,4548,-1,4509,4547,4508,-1,4548,4510,4549,-1,4510,4548,4509,-1,4549,4511,4550,-1,4511,4549,4510,-1,4550,4512,4551,-1,4512,4550,4511,-1,4551,4513,4515,-1,4513,4551,4512,-1,4515,4514,4552,-1,4553,4552,4516,-1,4451,4514,4513,-1,4516,4552,4514,-1,4553,4517,4554,-1,4517,4553,4516,-1,4554,4454,4518,-1,4454,4554,4517,-1,4459,4083,4518,-1,4518,4454,4460,-1,4457,792,791,-1,4457,4459,4460,-1,891,4457,791,-1,4429,4432,871,-1,864,871,4432,-1,4022,4463,4131,-1,4434,4433,4432,-1,4462,4130,4131,-1,4464,4463,4430,-1,4130,4462,4127,-1,4462,4519,4127,-1,4127,4519,4125,-1,4519,4520,4125,-1,4125,4520,4124,-1,4520,4469,4124,-1,4124,4469,4121,-1,4469,4521,4121,-1,4121,4521,4120,-1,4521,4522,4120,-1,4120,4522,4117,-1,4117,4523,4116,-1,4117,4522,4523,-1,4116,4524,4114,-1,4116,4523,4524,-1,4114,4525,4111,-1,4114,4524,4525,-1,4111,4526,4110,-1,4111,4525,4526,-1,4110,4527,4108,-1,4110,4526,4527,-1,4108,4528,4105,-1,4478,4104,4105,-1,4476,4528,4475,-1,4104,4478,4102,-1,4478,4477,4102,-1,4102,4477,4099,-1,4477,4529,4099,-1,4099,4529,4098,-1,4529,4483,4098,-1,4098,4483,4096,-1,4483,4530,4096,-1,4096,4530,4093,-1,4093,4531,4092,-1,4093,4530,4531,-1,4092,4532,4089,-1,4092,4531,4532,-1,4089,4533,4027,-1,4089,4532,4533,-1,4027,4534,4028,-1,4027,4533,4534,-1,4028,4535,4025,-1,4028,4534,4535,-1,4025,4536,4035,-1,4025,4535,4536,-1,4035,4492,4034,-1,4032,4034,4492,-1,4490,4492,4489,-1,4032,4491,4036,-1,4491,4537,4036,-1,4036,4537,4039,-1,4537,4538,4039,-1,4039,4538,4037,-1,4538,4539,4037,-1,4037,4539,4040,-1,4539,4540,4040,-1,4040,4540,4041,-1,4041,4499,4049,-1,4041,4540,4499,-1,4049,4541,4047,-1,4049,4499,4541,-1,4047,4542,4048,-1,4047,4541,4542,-1,4048,4543,4052,-1,4048,4542,4543,-1,4052,4544,4057,-1,4052,4543,4544,-1,4057,4545,4058,-1,4057,4544,4545,-1,4058,4505,4061,-1,4058,4545,4505,-1,4505,4064,4061,-1,4064,4504,4054,-1,4504,4546,4054,-1,4054,4546,4055,-1,4546,4547,4055,-1,4055,4547,4065,-1,4547,4548,4065,-1,4065,4548,4068,-1,4548,4549,4068,-1,4068,4549,4071,-1,4071,4550,4072,-1,4071,4549,4550,-1,4072,4551,4073,-1,4072,4550,4551,-1,4073,4515,4076,-1,4073,4551,4515,-1,4076,4552,4080,-1,4076,4515,4552,-1,4080,4553,4077,-1,4080,4552,4553,-1,4077,4554,4078,-1,4077,4553,4554,-1,4078,4518,4083,-1,4078,4554,4518,-1,4083,4459,4086,-1,4086,4459,4085,-1,4458,4457,891,-1,4459,4458,4085,-1,756,4085,4458,-1,4555,862,4297,-1,3155,2387,4136,-1,4556,4557,4558,-1,4555,4559,863,-1,3156,4558,4557,-1,4557,4560,3157,-1,4560,4561,4296,-1,4295,3158,4560,-1,4555,863,862,-1,4555,4297,4561,-1,858,4297,862,-1,4560,4557,4562,-1,4563,4559,4562,-1,4563,4556,4138,-1,848,849,4138,-1,4556,4137,4138,-1,856,863,4559,-1,851,856,4559,-1,4296,4295,4560,-1,4297,4296,4561,-1,4559,4561,4562,-1,3158,3157,4560,-1,4555,4561,4559,-1,4563,849,851,-1,3155,4558,3156,-1,4561,4560,4562,-1,4556,4562,4557,-1,3157,3156,4557,-1,851,4559,4563,-1,849,4563,4138,-1,4137,4558,4136,-1,4562,4556,4563,-1,4137,4556,4558,-1,4136,4558,3155,-1,4564,785,2305,-1,2271,4565,2274,-1,2259,2256,4566,-1,4567,2268,2265,-1,2271,2268,4565,-1,4568,2314,4569,-1,4570,2253,4571,-1,4572,4573,4574,-1,4575,2317,4576,-1,4577,2241,4578,-1,4579,2247,4580,-1,2250,2247,4579,-1,2181,2313,4581,-1,4582,4583,4584,-1,4585,2318,2319,-1,4586,2316,4575,-1,4586,2315,2316,-1,2224,4587,4588,-1,2182,4588,4589,-1,4569,2315,4586,-1,2181,4587,2224,-1,4574,2321,2322,-1,2320,4574,4590,-1,2328,4591,2327,-1,2320,4590,2319,-1,4585,4576,2318,-1,2317,2318,4576,-1,2322,4572,4574,-1,2320,2321,4574,-1,2323,2324,4592,-1,4572,2322,2323,-1,4591,4593,2327,-1,4592,2324,4594,-1,2325,4595,4594,-1,2326,4593,4595,-1,4594,2324,2325,-1,2327,4593,2326,-1,2326,4595,2325,-1,4596,4597,2330,-1,2323,4592,4572,-1,2329,4598,2328,-1,4597,4598,2329,-1,4599,4596,2223,-1,2329,2330,4597,-1,2223,4596,2330,-1,4591,2328,4598,-1,4599,2230,4600,-1,2229,1354,1353,-1,4600,4601,4599,-1,2231,4602,4600,-1,4603,4602,4604,-1,4602,2231,2229,-1,4599,2223,2230,-1,1353,1356,4604,-1,2319,4590,4585,-1,1356,1358,4605,-1,1258,4606,1358,-1,2314,2315,4569,-1,2316,2317,4575,-1,2314,4568,2313,-1,2181,4581,4587,-1,2313,4568,4581,-1,2175,2182,4589,-1,2224,4588,2182,-1,4583,2232,2175,-1,2175,4589,4583,-1,4582,2235,4583,-1,2232,4583,2235,-1,2238,4582,4578,-1,4582,2238,2235,-1,2244,2241,4577,-1,2241,2238,4578,-1,4580,2247,2244,-1,4580,2244,4577,-1,4571,2253,2250,-1,4579,4571,2250,-1,4566,2256,4570,-1,2256,2253,4570,-1,2262,2259,4607,-1,2259,4566,4607,-1,2262,4608,2265,-1,4608,2262,4607,-1,2268,4567,4565,-1,2265,4608,4567,-1,2274,4609,2277,-1,2274,4565,4609,-1,4610,2280,2277,-1,4611,4565,4567,-1,2283,2280,4612,-1,2277,4609,4610,-1,2283,4613,2286,-1,4610,4612,2280,-1,4614,2286,4613,-1,4613,2283,4612,-1,2288,4614,4615,-1,4614,2288,2286,-1,4615,4616,2312,-1,2312,2288,4615,-1,4617,2311,4616,-1,2312,4616,2311,-1,2310,4617,4618,-1,4617,2310,2311,-1,4618,4619,2309,-1,2309,2310,4618,-1,4620,2308,4619,-1,2309,4619,2308,-1,2307,4620,4621,-1,4620,2307,2308,-1,2306,4621,2304,-1,2306,2307,4621,-1,4622,2305,2304,-1,2304,4621,4622,-1,4564,786,785,-1,2305,4622,4564,-1,780,2305,785,-1,4620,4623,4621,-1,4624,4625,4626,-1,4624,4627,4628,-1,767,774,4628,-1,774,4624,4628,-1,783,786,4625,-1,783,4625,782,-1,4564,4625,786,-1,4629,4630,4631,-1,4625,4622,4626,-1,4620,4619,4631,-1,4626,4621,4623,-1,4619,4618,4632,-1,4620,4631,4623,-1,4618,4617,4633,-1,4619,4632,4631,-1,4633,4634,4635,-1,4618,4633,4632,-1,4616,4615,4636,-1,4616,4634,4617,-1,4615,4614,4637,-1,4616,4636,4634,-1,4614,4613,4638,-1,4615,4637,4636,-1,4613,4612,4639,-1,4614,4638,4637,-1,4610,4640,4612,-1,4613,4639,4638,-1,4609,4641,4610,-1,4612,4640,4639,-1,4565,4642,4609,-1,4640,4610,4641,-1,4643,4567,4608,-1,4641,4609,4642,-1,4644,4645,4646,-1,4642,4565,4611,-1,4608,4607,4646,-1,4611,4567,4643,-1,4607,4566,4647,-1,4608,4646,4643,-1,4566,4570,4648,-1,4607,4647,4646,-1,4648,4649,4650,-1,4566,4648,4647,-1,4651,4649,4571,-1,4571,4649,4570,-1,4652,4651,4579,-1,4579,4651,4571,-1,4580,4577,4653,-1,4580,4652,4579,-1,4577,4578,4654,-1,4580,4653,4652,-1,4582,4655,4578,-1,4653,4577,4654,-1,4656,4583,4589,-1,4654,4578,4655,-1,4657,4589,4588,-1,4655,4582,4584,-1,4658,4659,4660,-1,4584,4583,4656,-1,4588,4587,4660,-1,4656,4589,4657,-1,4587,4581,4661,-1,4588,4660,4657,-1,4581,4568,4662,-1,4587,4661,4660,-1,4568,4569,4663,-1,4581,4662,4661,-1,4569,4586,4664,-1,4568,4663,4662,-1,4664,4665,4666,-1,4569,4664,4663,-1,4667,4665,4575,-1,4575,4665,4586,-1,4668,4667,4576,-1,4576,4667,4575,-1,4590,4669,4585,-1,4585,4668,4576,-1,4574,4670,4590,-1,4668,4585,4669,-1,4671,4572,4592,-1,4669,4590,4670,-1,4672,4673,4674,-1,4670,4574,4573,-1,4592,4594,4674,-1,4573,4572,4671,-1,4594,4595,4675,-1,4592,4674,4671,-1,4595,4593,4676,-1,4594,4675,4674,-1,4593,4591,4677,-1,4595,4676,4675,-1,4591,4598,4678,-1,4593,4677,4676,-1,4598,4597,4679,-1,4591,4678,4677,-1,4597,4596,4680,-1,4598,4679,4678,-1,4680,4681,4682,-1,4597,4680,4679,-1,4681,4599,4601,-1,4599,4681,4596,-1,4602,4603,4600,-1,2229,1353,4602,-1,2230,2231,4600,-1,4600,4603,4601,-1,1353,4604,4602,-1,4564,4622,4625,-1,4627,4683,4628,-1,4630,4683,4627,-1,4622,4621,4626,-1,4623,4627,4626,-1,4629,4684,4630,-1,4623,4630,4627,-1,4629,4632,4685,-1,4632,4629,4631,-1,4685,4633,4635,-1,4633,4685,4632,-1,4635,4634,4686,-1,4687,4686,4636,-1,4617,4634,4633,-1,4636,4686,4634,-1,4687,4637,4688,-1,4637,4687,4636,-1,4688,4638,4689,-1,4638,4688,4637,-1,4689,4639,4690,-1,4639,4689,4638,-1,4690,4640,4691,-1,4640,4690,4639,-1,4691,4641,4692,-1,4641,4691,4640,-1,4692,4642,4693,-1,4642,4692,4641,-1,4693,4611,4694,-1,4611,4693,4642,-1,4645,4695,4694,-1,4643,4694,4611,-1,4696,4645,4644,-1,4643,4645,4694,-1,4644,4647,4697,-1,4647,4644,4646,-1,4697,4648,4650,-1,4648,4697,4647,-1,4650,4649,4698,-1,4699,4698,4651,-1,4570,4649,4648,-1,4651,4698,4649,-1,4700,4699,4652,-1,4652,4699,4651,-1,4701,4700,4653,-1,4653,4700,4652,-1,4701,4654,4702,-1,4654,4701,4653,-1,4702,4655,4703,-1,4655,4702,4654,-1,4703,4584,4704,-1,4584,4703,4655,-1,4704,4656,4705,-1,4656,4704,4584,-1,4659,4706,4705,-1,4657,4705,4656,-1,4707,4659,4658,-1,4657,4659,4705,-1,4658,4661,4708,-1,4661,4658,4660,-1,4708,4662,4709,-1,4662,4708,4661,-1,4709,4663,4710,-1,4663,4709,4662,-1,4710,4664,4666,-1,4664,4710,4663,-1,4666,4665,4711,-1,4712,4711,4667,-1,4586,4665,4664,-1,4667,4711,4665,-1,4713,4712,4668,-1,4668,4712,4667,-1,4714,4713,4669,-1,4669,4713,4668,-1,4714,4670,4715,-1,4670,4714,4669,-1,4715,4573,4716,-1,4573,4715,4670,-1,4673,4717,4716,-1,4671,4716,4573,-1,4671,4673,4716,-1,4674,4673,4671,-1,4672,4675,4718,-1,4675,4672,4674,-1,4718,4676,4719,-1,4676,4718,4675,-1,4719,4677,4720,-1,4677,4719,4676,-1,4720,4678,4721,-1,4678,4720,4677,-1,4721,4679,4722,-1,4679,4721,4678,-1,4722,4680,4682,-1,4680,4722,4679,-1,4682,4681,4723,-1,4724,4723,4601,-1,4596,4681,4680,-1,4601,4723,4681,-1,4725,4724,4603,-1,4603,4724,4601,-1,4604,4605,4725,-1,4603,4604,4725,-1,1356,4605,4604,-1,4625,4624,782,-1,774,782,4624,-1,4683,4630,4684,-1,4626,4627,4624,-1,4629,4726,4684,-1,4631,4630,4623,-1,4726,4629,4727,-1,4629,4685,4727,-1,4727,4685,4728,-1,4685,4635,4728,-1,4728,4635,4729,-1,4635,4686,4729,-1,4729,4686,4730,-1,4686,4687,4730,-1,4730,4687,4731,-1,4687,4688,4731,-1,4731,4688,4732,-1,4732,4689,4733,-1,4732,4688,4689,-1,4733,4690,4734,-1,4733,4689,4690,-1,4734,4691,4735,-1,4734,4690,4691,-1,4735,4692,4736,-1,4735,4691,4692,-1,4736,4693,4737,-1,4736,4692,4693,-1,4737,4694,4695,-1,4737,4693,4694,-1,4695,4645,4738,-1,4696,4738,4645,-1,4646,4645,4643,-1,4696,4644,4739,-1,4644,4697,4739,-1,4739,4697,4740,-1,4697,4650,4740,-1,4740,4650,4741,-1,4650,4698,4741,-1,4741,4698,4742,-1,4698,4699,4742,-1,4742,4699,4743,-1,4743,4700,4744,-1,4743,4699,4700,-1,4744,4701,4745,-1,4744,4700,4701,-1,4745,4702,4746,-1,4745,4701,4702,-1,4746,4703,4747,-1,4746,4702,4703,-1,4747,4704,4748,-1,4747,4703,4704,-1,4748,4705,4706,-1,4748,4704,4705,-1,4706,4659,4749,-1,4707,4749,4659,-1,4660,4659,4657,-1,4707,4658,4750,-1,4658,4708,4750,-1,4750,4708,4751,-1,4708,4709,4751,-1,4751,4709,4752,-1,4709,4710,4752,-1,4752,4710,4753,-1,4710,4666,4753,-1,4753,4666,4754,-1,4754,4711,4755,-1,4754,4666,4711,-1,4755,4712,4756,-1,4755,4711,4712,-1,4756,4713,4757,-1,4756,4712,4713,-1,4757,4714,4758,-1,4757,4713,4714,-1,4758,4715,4759,-1,4758,4714,4715,-1,4759,4716,4717,-1,4759,4715,4716,-1,4717,4673,4760,-1,4760,4673,4761,-1,4673,4672,4761,-1,4761,4672,4762,-1,4672,4718,4762,-1,4762,4718,4763,-1,4718,4719,4763,-1,4763,4719,4764,-1,4719,4720,4764,-1,4764,4720,4765,-1,4720,4721,4765,-1,4765,4721,4766,-1,4766,4722,4767,-1,4766,4721,4722,-1,4767,4682,4768,-1,4767,4722,4682,-1,4768,4723,4769,-1,4768,4682,4723,-1,4769,4724,4770,-1,4769,4723,4724,-1,4770,4725,4771,-1,4770,4724,4725,-1,4771,4605,4606,-1,4771,4725,4605,-1,1358,4606,4605,-1,4772,1756,1800,-1,1791,4772,4773,-1,4773,1765,1791,-1,4774,1759,1765,-1,4772,4775,4776,-1,1759,4777,1766,-1,4774,1765,4773,-1,1766,4777,4778,-1,1759,4774,4777,-1,1767,4779,1780,-1,4778,4779,1767,-1,4780,1780,4779,-1,4780,4781,1775,-1,1781,1776,4782,-1,4782,1776,4781,-1,4781,1776,1775,-1,1775,1780,4780,-1,4783,1781,4782,-1,4783,1789,1781,-1,4784,4785,4786,-1,4784,4786,4787,-1,1782,4788,4789,-1,4790,2837,3543,-1,4789,4785,3542,-1,4787,4791,4784,-1,4778,1767,1766,-1,1789,4783,4788,-1,3536,1795,1790,-1,3536,4789,3542,-1,3536,1790,4789,-1,1756,4772,1791,-1,4775,4772,1800,-1,1803,4792,4775,-1,4775,1800,1803,-1,4793,4792,1806,-1,1803,1806,4792,-1,4793,1809,4794,-1,1809,4793,1806,-1,1812,4795,4794,-1,4794,1809,1812,-1,4796,4795,1815,-1,1812,1815,4795,-1,4796,1818,4797,-1,1818,4796,1815,-1,1821,4798,4797,-1,4797,1818,1821,-1,1824,4798,1821,-1,4799,4798,1824,-1,4799,1824,1833,-1,4799,1833,4800,-1,1833,1834,4800,-1,4801,4802,4803,-1,1835,4801,1834,-1,4800,1834,4801,-1,4801,1836,4802,-1,1836,4801,1835,-1,4804,4805,4806,-1,4802,1836,1831,-1,917,936,4807,-1,4805,4807,4808,-1,935,4809,936,-1,4805,4804,928,-1,4810,4802,1831,-1,4810,1831,1832,-1,930,933,1832,-1,933,4804,1832,-1,4789,1790,1782,-1,4790,3543,4784,-1,4783,4782,4811,-1,1782,1789,4788,-1,4788,4786,4785,-1,4782,4781,4812,-1,4783,4811,4786,-1,4781,4780,4813,-1,4782,4812,4811,-1,4780,4779,4814,-1,4781,4813,4812,-1,4779,4778,4815,-1,4780,4814,4813,-1,4778,4777,4816,-1,4779,4815,4814,-1,4817,4818,4816,-1,4778,4816,4815,-1,4817,4774,4819,-1,4774,4817,4777,-1,4772,4820,4773,-1,4774,4773,4819,-1,4821,4822,4823,-1,4819,4773,4820,-1,4775,4792,4821,-1,4820,4772,4776,-1,4792,4793,4824,-1,4776,4775,4821,-1,4793,4794,4825,-1,4792,4824,4821,-1,4825,4826,4827,-1,4793,4825,4824,-1,4828,4826,4795,-1,4795,4826,4794,-1,4796,4797,4829,-1,4796,4828,4795,-1,4797,4798,4830,-1,4796,4829,4828,-1,4798,4799,4831,-1,4797,4830,4829,-1,4800,4832,4799,-1,4798,4831,4830,-1,4801,4833,4800,-1,4831,4799,4832,-1,4834,4802,4810,-1,4832,4800,4833,-1,4835,4806,4808,-1,4833,4801,4803,-1,4810,4804,4806,-1,4834,4803,4802,-1,4810,4806,4834,-1,933,928,4804,-1,1832,4804,4810,-1,4789,4788,4785,-1,3542,4785,3543,-1,4787,4811,4836,-1,4788,4783,4786,-1,4811,4787,4786,-1,4836,4812,4837,-1,4812,4836,4811,-1,4837,4813,4838,-1,4813,4837,4812,-1,4838,4814,4839,-1,4814,4838,4813,-1,4839,4815,4840,-1,4815,4839,4814,-1,4840,4816,4818,-1,4816,4840,4815,-1,4818,4817,4841,-1,4842,4841,4819,-1,4777,4817,4816,-1,4819,4841,4817,-1,4843,4842,4820,-1,4820,4842,4819,-1,4843,4776,4823,-1,4776,4843,4820,-1,4822,4844,4823,-1,4776,4821,4823,-1,4822,4824,4845,-1,4824,4822,4821,-1,4845,4825,4827,-1,4825,4845,4824,-1,4827,4826,4846,-1,4847,4846,4828,-1,4794,4826,4825,-1,4828,4846,4826,-1,4848,4847,4829,-1,4829,4847,4828,-1,4848,4830,4849,-1,4830,4848,4829,-1,4849,4831,4850,-1,4831,4849,4830,-1,4850,4832,4851,-1,4832,4850,4831,-1,4851,4833,4852,-1,4833,4851,4832,-1,4852,4803,4853,-1,4803,4852,4833,-1,4853,4834,4835,-1,4834,4853,4803,-1,4808,4854,4835,-1,4834,4806,4835,-1,4805,928,907,-1,4805,4808,4806,-1,917,4805,907,-1,3543,4785,4784,-1,4790,4784,4791,-1,4791,4787,4855,-1,4787,4836,4855,-1,4855,4836,4856,-1,4836,4837,4856,-1,4856,4837,4857,-1,4837,4838,4857,-1,4857,4838,4858,-1,4858,4839,4859,-1,4858,4838,4839,-1,4859,4840,4860,-1,4859,4839,4840,-1,4860,4818,4861,-1,4860,4840,4818,-1,4861,4841,4862,-1,4861,4818,4841,-1,4862,4842,4863,-1,4862,4841,4842,-1,4863,4843,4864,-1,4863,4842,4843,-1,4864,4823,4844,-1,4864,4843,4823,-1,4844,4822,4865,-1,4865,4822,4866,-1,4822,4845,4866,-1,4866,4845,4867,-1,4845,4827,4867,-1,4867,4827,4868,-1,4827,4846,4868,-1,4868,4846,4869,-1,4846,4847,4869,-1,4869,4847,4870,-1,4847,4848,4870,-1,4870,4848,4871,-1,4871,4849,4872,-1,4871,4848,4849,-1,4872,4850,4873,-1,4872,4849,4850,-1,4873,4851,4874,-1,4873,4850,4851,-1,4874,4852,4875,-1,4874,4851,4852,-1,4875,4853,4876,-1,4875,4852,4853,-1,4876,4835,4854,-1,4876,4853,4835,-1,4854,4808,4877,-1,4877,4808,4809,-1,4807,4805,917,-1,4808,4807,4809,-1,936,4809,4807,-1,4878,1980,1981,-1,4879,4880,4881,-1,1994,1995,4882,-1,1979,4883,4884,-1,4885,4886,1989,-1,4887,1978,4884,-1,1991,4888,4889,-1,4889,1990,1991,-1,4880,4890,1913,-1,4886,4891,1988,-1,4892,1945,1942,-1,4893,1915,4890,-1,1984,4894,1852,-1,4895,1917,4893,-1,4881,4880,1907,-1,4881,1852,4894,-1,4887,1977,1978,-1,1917,1915,4893,-1,4896,4897,1948,-1,1977,4887,4898,-1,1919,4899,4900,-1,1981,4901,4878,-1,1981,1982,4901,-1,1919,4900,1983,-1,4902,4898,4887,-1,1975,1976,4898,-1,1972,4903,4904,-1,1977,4898,1976,-1,4892,4896,1945,-1,1975,4905,1942,-1,4898,4905,1975,-1,4897,4906,1951,-1,4896,1948,1945,-1,1951,1948,4897,-1,1953,1951,4906,-1,4907,1974,1953,-1,1973,1974,4908,-1,1974,4907,4908,-1,4907,1953,4906,-1,4908,4903,1973,-1,1973,4903,1972,-1,1972,4904,1971,-1,4909,4910,1970,-1,1968,4911,1969,-1,4909,1970,1971,-1,1970,4910,1967,-1,4909,1971,4904,-1,4910,1968,1967,-1,4905,4892,1942,-1,4912,814,4913,-1,4912,4914,4915,-1,802,4915,4916,-1,811,4912,810,-1,4917,4916,4915,-1,799,802,4916,-1,4913,813,1969,-1,4909,4918,4910,-1,813,4913,814,-1,1978,1979,4884,-1,1969,813,808,-1,1980,4883,1979,-1,4901,1982,4919,-1,4878,4883,1980,-1,4919,1983,4900,-1,1983,4919,1982,-1,4899,1916,4895,-1,4899,1919,1916,-1,1915,1913,4890,-1,4895,1916,1917,-1,4880,1910,1907,-1,4880,1913,1910,-1,4894,1984,4920,-1,1907,1852,4881,-1,4920,1985,4921,-1,1985,4920,1984,-1,1986,4922,4921,-1,4921,1985,1986,-1,4891,4922,1987,-1,1986,1987,4922,-1,1989,4886,1988,-1,1988,4891,1987,-1,4885,1990,4889,-1,1989,1990,4885,-1,4888,1991,1992,-1,1992,4923,4888,-1,1992,1993,4923,-1,1993,4924,4923,-1,1994,4924,1993,-1,4925,4926,4882,-1,1996,4882,1995,-1,1994,4882,4924,-1,1996,1997,4925,-1,4925,4882,1996,-1,1998,4927,1997,-1,4925,1997,4927,-1,4928,1998,1999,-1,1998,4928,4927,-1,1999,2000,4929,-1,4929,4928,1999,-1,1884,4930,2000,-1,4929,2000,4930,-1,4931,1884,1886,-1,1884,4931,4930,-1,1886,1903,4932,-1,4932,4931,1886,-1,4933,1895,4934,-1,4932,1903,4933,-1,1891,4935,4934,-1,1903,1895,4933,-1,4936,4937,4938,-1,1891,4934,1895,-1,1889,4938,4935,-1,4935,1891,1889,-1,4936,4938,2001,-1,1889,2001,4938,-1,2002,1902,4936,-1,2002,4936,2001,-1,4939,4940,4941,-1,4942,4943,4941,-1,4944,948,950,-1,4939,946,948,-1,4941,4943,916,-1,4945,4936,1902,-1,4945,1902,1901,-1,937,943,1901,-1,1901,4943,4945,-1,4913,1969,4911,-1,811,814,4912,-1,4946,4947,4948,-1,4911,1968,4910,-1,4912,4911,4914,-1,4909,4904,4946,-1,4914,4910,4918,-1,4904,4903,4949,-1,4918,4909,4946,-1,4903,4908,4950,-1,4904,4949,4946,-1,4908,4907,4951,-1,4903,4950,4949,-1,4951,4952,4953,-1,4908,4951,4950,-1,4954,4952,4906,-1,4906,4952,4907,-1,4897,4896,4955,-1,4897,4954,4906,-1,4896,4892,4956,-1,4897,4955,4954,-1,4905,4957,4892,-1,4896,4956,4955,-1,4898,4958,4905,-1,4956,4892,4957,-1,4959,4887,4884,-1,4957,4905,4958,-1,4960,4884,4883,-1,4958,4898,4902,-1,4961,4962,4963,-1,4902,4887,4959,-1,4883,4878,4963,-1,4959,4884,4960,-1,4878,4901,4964,-1,4883,4963,4960,-1,4901,4919,4965,-1,4878,4964,4963,-1,4919,4900,4966,-1,4901,4965,4964,-1,4966,4967,4968,-1,4919,4966,4965,-1,4969,4967,4899,-1,4899,4967,4900,-1,4970,4969,4895,-1,4895,4969,4899,-1,4893,4890,4971,-1,4893,4970,4895,-1,4880,4972,4890,-1,4970,4893,4971,-1,4973,4881,4894,-1,4971,4890,4972,-1,4974,4975,4976,-1,4972,4880,4879,-1,4894,4920,4976,-1,4879,4881,4973,-1,4920,4921,4977,-1,4894,4976,4973,-1,4921,4922,4978,-1,4920,4977,4976,-1,4922,4891,4979,-1,4921,4978,4977,-1,4891,4886,4980,-1,4922,4979,4978,-1,4886,4885,4981,-1,4891,4980,4979,-1,4885,4889,4982,-1,4886,4981,4980,-1,4982,4983,4984,-1,4885,4982,4981,-1,4983,4888,4985,-1,4888,4983,4889,-1,4924,4986,4923,-1,4923,4985,4888,-1,4882,4987,4924,-1,4985,4923,4986,-1,4988,4989,4990,-1,4986,4924,4987,-1,4925,4927,4990,-1,4987,4882,4926,-1,4927,4928,4991,-1,4925,4990,4926,-1,4928,4929,4992,-1,4927,4991,4990,-1,4929,4930,4993,-1,4928,4992,4991,-1,4930,4931,4994,-1,4929,4993,4992,-1,4931,4932,4995,-1,4930,4994,4993,-1,4932,4933,4996,-1,4931,4995,4994,-1,4933,4934,4997,-1,4932,4996,4995,-1,4935,4998,4934,-1,4933,4997,4996,-1,4938,4999,4935,-1,4997,4934,4998,-1,5000,4936,4945,-1,4998,4935,4999,-1,5001,4942,4940,-1,4999,4938,4937,-1,4945,4943,4942,-1,5000,4937,4936,-1,1901,943,4943,-1,4942,5000,4945,-1,916,4943,943,-1,4913,4911,4912,-1,4917,5002,4916,-1,4948,5002,4917,-1,4911,4910,4914,-1,4918,4917,4914,-1,4947,5003,4948,-1,4918,4948,4917,-1,4947,4949,5004,-1,4949,4947,4946,-1,5004,4950,5005,-1,4950,5004,4949,-1,5005,4951,4953,-1,4951,5005,4950,-1,4953,4952,5006,-1,5007,5006,4954,-1,4907,4952,4951,-1,4954,5006,4952,-1,5008,5007,4955,-1,4955,5007,4954,-1,5008,4956,5009,-1,4956,5008,4955,-1,5009,4957,5010,-1,4957,5009,4956,-1,5010,4958,5011,-1,4958,5010,4957,-1,5011,4902,5012,-1,4902,5011,4958,-1,5013,5014,5012,-1,4959,5012,4902,-1,5015,5013,4962,-1,5013,5012,4959,-1,4960,4962,5013,-1,4963,4962,4960,-1,4961,4964,5016,-1,4964,4961,4963,-1,5016,4965,5017,-1,4965,5016,4964,-1,5017,4966,4968,-1,4966,5017,4965,-1,4968,4967,5018,-1,5019,5018,4969,-1,4900,4967,4966,-1,4969,5018,4967,-1,5020,5019,4970,-1,4970,5019,4969,-1,5021,5020,4971,-1,4971,5020,4970,-1,5021,4972,5022,-1,4972,5021,4971,-1,5022,4879,5023,-1,4879,5022,4972,-1,4975,5024,5023,-1,4973,5023,4879,-1,5025,4975,4974,-1,4973,4975,5023,-1,4974,4977,5026,-1,4977,4974,4976,-1,5026,4978,5027,-1,4978,5026,4977,-1,5027,4979,5028,-1,4979,5027,4978,-1,5028,4980,5029,-1,4980,5028,4979,-1,5029,4981,5030,-1,4981,5029,4980,-1,5030,4982,4984,-1,4982,5030,4981,-1,4984,4983,5031,-1,5032,5031,4985,-1,4889,4983,4982,-1,4985,5031,4983,-1,5033,5032,4986,-1,4986,5032,4985,-1,5033,4987,5034,-1,4987,5033,4986,-1,5034,4926,4989,-1,4926,5034,4987,-1,4988,5035,4989,-1,4926,4990,4989,-1,4988,4991,5036,-1,4991,4988,4990,-1,5036,4992,5037,-1,4992,5036,4991,-1,5037,4993,5038,-1,4993,5037,4992,-1,5038,4994,5039,-1,4994,5038,4993,-1,5039,4995,5040,-1,4995,5039,4994,-1,5040,4996,5041,-1,4996,5040,4995,-1,5041,4997,5042,-1,4997,5041,4996,-1,5042,4998,5043,-1,4998,5042,4997,-1,5043,4999,5044,-1,4999,5043,4998,-1,5044,4937,5045,-1,4937,5044,4999,-1,5045,5000,5001,-1,5000,5045,4937,-1,4940,5046,5001,-1,5000,4942,5001,-1,4941,916,918,-1,4941,4940,4942,-1,946,4941,918,-1,4912,4915,810,-1,802,810,4915,-1,5002,4948,5003,-1,4914,4917,4915,-1,4947,5047,5003,-1,4946,4948,4918,-1,5047,4947,5048,-1,4947,5004,5048,-1,5048,5004,5049,-1,5004,5005,5049,-1,5049,5005,5050,-1,5005,4953,5050,-1,5050,4953,5051,-1,4953,5006,5051,-1,5051,5006,5052,-1,5006,5007,5052,-1,5052,5007,5053,-1,5053,5008,5054,-1,5053,5007,5008,-1,5054,5009,5055,-1,5054,5008,5009,-1,5055,5010,5056,-1,5055,5009,5010,-1,5056,5011,5057,-1,5056,5010,5011,-1,5057,5012,5014,-1,5057,5011,5012,-1,5014,5013,5058,-1,5015,5058,5013,-1,4960,5013,4959,-1,5015,4962,5059,-1,4962,4961,5059,-1,5059,4961,5060,-1,4961,5016,5060,-1,5060,5016,5061,-1,5016,5017,5061,-1,5061,5017,5062,-1,5017,4968,5062,-1,5062,4968,5063,-1,5063,5018,5064,-1,5063,4968,5018,-1,5064,5019,5065,-1,5064,5018,5019,-1,5065,5020,5066,-1,5065,5019,5020,-1,5066,5021,5067,-1,5066,5020,5021,-1,5067,5022,5068,-1,5067,5021,5022,-1,5068,5023,5024,-1,5068,5022,5023,-1,5024,4975,5069,-1,5025,5069,4975,-1,4976,4975,4973,-1,5025,4974,5070,-1,4974,5026,5070,-1,5070,5026,5071,-1,5026,5027,5071,-1,5071,5027,5072,-1,5027,5028,5072,-1,5072,5028,5073,-1,5028,5029,5073,-1,5073,5029,5074,-1,5074,5030,5075,-1,5074,5029,5030,-1,5075,4984,5076,-1,5075,5030,4984,-1,5076,5031,5077,-1,5076,4984,5031,-1,5077,5032,5078,-1,5077,5031,5032,-1,5078,5033,5079,-1,5078,5032,5033,-1,5079,5034,5080,-1,5079,5033,5034,-1,5080,4989,5035,-1,5080,5034,4989,-1,5035,4988,5081,-1,5081,4988,5082,-1,4988,5036,5082,-1,5082,5036,5083,-1,5036,5037,5083,-1,5083,5037,5084,-1,5037,5038,5084,-1,5084,5038,5085,-1,5038,5039,5085,-1,5085,5039,5086,-1,5039,5040,5086,-1,5086,5040,5087,-1,5087,5041,5088,-1,5087,5040,5041,-1,5088,5042,5089,-1,5088,5041,5042,-1,5089,5043,5090,-1,5089,5042,5043,-1,5090,5044,5091,-1,5090,5043,5044,-1,5091,5045,5092,-1,5091,5044,5045,-1,5092,5001,5046,-1,5092,5045,5001,-1,5046,4940,5093,-1,5093,4940,4944,-1,4939,4941,946,-1,4940,4939,4944,-1,948,4944,4939,-1,5094,5095,2138,-1,2160,5096,2159,-1,2162,2163,5097,-1,2090,5098,2093,-1,5099,2144,2145,-1,2154,2155,5100,-1,2102,2099,5101,-1,5102,2153,2154,-1,2155,2156,5103,-1,2148,2149,5104,-1,5105,2151,2152,-1,5101,2096,5106,-1,5107,2087,5095,-1,2148,5108,2147,-1,5108,5109,5110,-1,2145,5110,5099,-1,5110,2147,5108,-1,5098,5106,2093,-1,2140,5111,5112,-1,2108,5113,5114,-1,2114,2111,5115,-1,2141,5111,2140,-1,5112,2139,2140,-1,2090,2087,5107,-1,2139,5094,2138,-1,5116,5101,5106,-1,5101,2099,2096,-1,5113,2105,5117,-1,2102,5101,5117,-1,2111,2108,5114,-1,2105,5113,2108,-1,5117,2105,2102,-1,5118,2114,5115,-1,5114,5115,2111,-1,2137,5119,2136,-1,2134,2135,5120,-1,5121,2137,2116,-1,2116,5118,5121,-1,5122,2136,5119,-1,5119,2137,5121,-1,5122,5120,2135,-1,5122,2135,2136,-1,2114,5118,2116,-1,5123,2130,2133,-1,2131,5124,2132,-1,2131,2130,5123,-1,5123,2133,5125,-1,801,5126,5127,-1,5125,2133,2134,-1,787,5128,784,-1,5129,5123,5125,-1,5127,5130,5131,-1,5128,5131,5132,-1,800,2132,5126,-1,797,798,5127,-1,800,5126,801,-1,5128,787,5131,-1,5120,5125,2134,-1,5106,2096,2093,-1,2132,800,795,-1,5107,5098,2090,-1,5094,2139,5112,-1,2087,2138,5095,-1,2142,5133,2141,-1,2141,5133,5111,-1,5134,2142,2143,-1,2142,5134,5133,-1,5099,5135,2144,-1,5135,5134,2143,-1,2145,2146,5110,-1,5135,2143,2144,-1,2148,5104,5108,-1,5110,2146,2147,-1,2149,2150,5136,-1,2149,5136,5104,-1,2151,5137,2150,-1,5136,2150,5137,-1,2152,5138,5105,-1,2151,5105,5137,-1,5138,2153,5102,-1,2153,5138,2152,-1,5103,5100,2155,-1,2154,5100,5102,-1,5139,5140,2157,-1,2156,5140,5103,-1,5139,2158,5141,-1,5140,2156,2157,-1,5096,5142,5143,-1,2157,2158,5139,-1,5141,2159,5096,-1,2159,5141,2158,-1,2161,5142,5096,-1,2161,5096,2160,-1,5097,5142,2162,-1,2161,2162,5142,-1,5144,2163,2164,-1,5097,2163,5144,-1,2164,2165,5145,-1,5145,5144,2164,-1,2046,5146,2165,-1,5145,2165,5146,-1,5147,2046,2049,-1,2046,5147,5146,-1,2049,2060,5148,-1,5148,5147,2049,-1,5149,2059,5150,-1,5148,2060,5149,-1,2057,5151,5150,-1,2060,2059,5149,-1,5152,5151,2052,-1,2057,5150,2059,-1,5153,5154,5155,-1,5151,2057,2052,-1,5154,5152,2166,-1,2052,2166,5152,-1,2167,2064,5154,-1,2167,5154,2166,-1,5156,5157,5158,-1,5159,5160,5158,-1,5161,965,953,-1,5156,960,965,-1,5158,5160,945,-1,5155,5154,2064,-1,5155,2064,2065,-1,952,947,2065,-1,2065,5160,5155,-1,5126,2132,5124,-1,798,801,5127,-1,5162,5163,5164,-1,5124,2131,5123,-1,5127,5124,5130,-1,5125,5120,5164,-1,5130,5123,5129,-1,5120,5122,5165,-1,5125,5164,5129,-1,5122,5119,5166,-1,5120,5165,5164,-1,5119,5121,5167,-1,5122,5166,5165,-1,5167,5168,5169,-1,5119,5167,5166,-1,5118,5115,5170,-1,5118,5168,5121,-1,5115,5114,5171,-1,5118,5170,5168,-1,5114,5113,5172,-1,5115,5171,5170,-1,5117,5173,5113,-1,5114,5172,5171,-1,5101,5174,5117,-1,5172,5113,5173,-1,5175,5106,5098,-1,5173,5117,5174,-1,5176,5098,5107,-1,5174,5101,5116,-1,5177,5178,5179,-1,5116,5106,5175,-1,5107,5095,5179,-1,5175,5098,5176,-1,5095,5094,5180,-1,5107,5179,5176,-1,5094,5112,5181,-1,5095,5180,5179,-1,5112,5111,5182,-1,5094,5181,5180,-1,5182,5183,5184,-1,5112,5182,5181,-1,5185,5183,5133,-1,5133,5183,5111,-1,5134,5135,5186,-1,5134,5185,5133,-1,5135,5099,5187,-1,5134,5186,5185,-1,5110,5188,5099,-1,5186,5135,5187,-1,5189,5108,5104,-1,5187,5099,5188,-1,5190,5191,5192,-1,5188,5110,5109,-1,5104,5136,5192,-1,5109,5108,5189,-1,5136,5137,5193,-1,5104,5192,5189,-1,5137,5105,5194,-1,5136,5193,5192,-1,5105,5138,5195,-1,5137,5194,5193,-1,5138,5102,5196,-1,5105,5195,5194,-1,5102,5100,5197,-1,5138,5196,5195,-1,5100,5103,5198,-1,5102,5197,5196,-1,5198,5199,5200,-1,5100,5198,5197,-1,5201,5199,5140,-1,5140,5199,5103,-1,5141,5202,5139,-1,5139,5201,5140,-1,5096,5203,5141,-1,5201,5139,5202,-1,5204,5205,5206,-1,5202,5141,5203,-1,5142,5097,5206,-1,5203,5096,5143,-1,5097,5144,5207,-1,5142,5206,5143,-1,5144,5145,5208,-1,5097,5207,5206,-1,5145,5146,5209,-1,5144,5208,5207,-1,5146,5147,5210,-1,5145,5209,5208,-1,5147,5148,5211,-1,5146,5210,5209,-1,5148,5149,5212,-1,5147,5211,5210,-1,5149,5150,5213,-1,5148,5212,5211,-1,5151,5214,5150,-1,5149,5213,5212,-1,5152,5215,5151,-1,5150,5214,5213,-1,5154,5216,5152,-1,5214,5151,5215,-1,5217,5159,5157,-1,5215,5152,5216,-1,5155,5160,5159,-1,5153,5216,5154,-1,2065,947,5160,-1,5159,5153,5155,-1,945,5160,947,-1,5126,5124,5127,-1,5132,5218,5128,-1,5163,5218,5132,-1,5124,5123,5130,-1,5129,5132,5130,-1,5162,5219,5163,-1,5129,5163,5132,-1,5162,5165,5220,-1,5165,5162,5164,-1,5220,5166,5221,-1,5166,5220,5165,-1,5221,5167,5169,-1,5167,5221,5166,-1,5169,5168,5222,-1,5223,5222,5170,-1,5121,5168,5167,-1,5170,5222,5168,-1,5223,5171,5224,-1,5171,5223,5170,-1,5224,5172,5225,-1,5172,5224,5171,-1,5225,5173,5226,-1,5173,5225,5172,-1,5226,5174,5227,-1,5174,5226,5173,-1,5227,5116,5228,-1,5116,5227,5174,-1,5229,5230,5228,-1,5175,5228,5116,-1,5178,5231,5229,-1,5229,5228,5175,-1,5176,5178,5229,-1,5179,5178,5176,-1,5177,5180,5232,-1,5180,5177,5179,-1,5232,5181,5233,-1,5181,5232,5180,-1,5233,5182,5184,-1,5182,5233,5181,-1,5184,5183,5234,-1,5235,5234,5185,-1,5111,5183,5182,-1,5185,5234,5183,-1,5236,5235,5186,-1,5186,5235,5185,-1,5236,5187,5237,-1,5187,5236,5186,-1,5237,5188,5238,-1,5188,5237,5187,-1,5238,5109,5239,-1,5109,5238,5188,-1,5191,5240,5239,-1,5189,5239,5109,-1,5241,5191,5190,-1,5189,5191,5239,-1,5190,5193,5242,-1,5193,5190,5192,-1,5242,5194,5243,-1,5194,5242,5193,-1,5243,5195,5244,-1,5195,5243,5194,-1,5244,5196,5245,-1,5196,5244,5195,-1,5245,5197,5246,-1,5197,5245,5196,-1,5246,5198,5200,-1,5198,5246,5197,-1,5200,5199,5247,-1,5248,5247,5201,-1,5103,5199,5198,-1,5201,5247,5199,-1,5249,5248,5202,-1,5202,5248,5201,-1,5249,5203,5250,-1,5203,5249,5202,-1,5250,5143,5205,-1,5143,5250,5203,-1,5204,5251,5205,-1,5143,5206,5205,-1,5204,5207,5252,-1,5207,5204,5206,-1,5252,5208,5253,-1,5208,5252,5207,-1,5253,5209,5254,-1,5209,5253,5208,-1,5254,5210,5255,-1,5210,5254,5209,-1,5255,5211,5256,-1,5211,5255,5210,-1,5256,5212,5257,-1,5212,5256,5211,-1,5257,5213,5258,-1,5213,5257,5212,-1,5258,5214,5259,-1,5214,5258,5213,-1,5259,5215,5260,-1,5215,5259,5214,-1,5260,5216,5261,-1,5216,5260,5215,-1,5261,5153,5217,-1,5153,5261,5216,-1,5157,5262,5217,-1,5153,5159,5217,-1,5158,945,944,-1,5158,5157,5159,-1,960,5158,944,-1,5127,5131,797,-1,787,797,5131,-1,5218,5163,5219,-1,5130,5132,5131,-1,5162,5263,5219,-1,5164,5163,5129,-1,5263,5162,5264,-1,5162,5220,5264,-1,5264,5220,5265,-1,5220,5221,5265,-1,5265,5221,5266,-1,5221,5169,5266,-1,5266,5169,5267,-1,5169,5222,5267,-1,5267,5222,5268,-1,5222,5223,5268,-1,5268,5223,5269,-1,5269,5224,5270,-1,5269,5223,5224,-1,5270,5225,5271,-1,5270,5224,5225,-1,5271,5226,5272,-1,5271,5225,5226,-1,5272,5227,5273,-1,5272,5226,5227,-1,5273,5228,5230,-1,5273,5227,5228,-1,5230,5229,5231,-1,5178,5274,5231,-1,5176,5229,5175,-1,5274,5178,5275,-1,5178,5177,5275,-1,5275,5177,5276,-1,5177,5232,5276,-1,5276,5232,5277,-1,5232,5233,5277,-1,5277,5233,5278,-1,5233,5184,5278,-1,5278,5184,5279,-1,5279,5234,5280,-1,5279,5184,5234,-1,5280,5235,5281,-1,5280,5234,5235,-1,5281,5236,5282,-1,5281,5235,5236,-1,5282,5237,5283,-1,5282,5236,5237,-1,5283,5238,5284,-1,5283,5237,5238,-1,5284,5239,5240,-1,5284,5238,5239,-1,5240,5191,5285,-1,5241,5285,5191,-1,5192,5191,5189,-1,5241,5190,5286,-1,5190,5242,5286,-1,5286,5242,5287,-1,5242,5243,5287,-1,5287,5243,5288,-1,5243,5244,5288,-1,5288,5244,5289,-1,5244,5245,5289,-1,5289,5245,5290,-1,5290,5246,5291,-1,5290,5245,5246,-1,5291,5200,5292,-1,5291,5246,5200,-1,5292,5247,5293,-1,5292,5200,5247,-1,5293,5248,5294,-1,5293,5247,5248,-1,5294,5249,5295,-1,5294,5248,5249,-1,5295,5250,5296,-1,5295,5249,5250,-1,5296,5205,5251,-1,5296,5250,5205,-1,5251,5204,5297,-1,5297,5204,5298,-1,5204,5252,5298,-1,5298,5252,5299,-1,5252,5253,5299,-1,5299,5253,5300,-1,5253,5254,5300,-1,5300,5254,5301,-1,5254,5255,5301,-1,5301,5255,5302,-1,5255,5256,5302,-1,5302,5256,5303,-1,5303,5257,5304,-1,5303,5256,5257,-1,5304,5258,5305,-1,5304,5257,5258,-1,5305,5259,5306,-1,5305,5258,5259,-1,5306,5260,5307,-1,5306,5259,5260,-1,5307,5261,5308,-1,5307,5260,5261,-1,5308,5217,5262,-1,5308,5261,5217,-1,5262,5157,5309,-1,5309,5157,5161,-1,5156,5158,960,-1,5157,5156,5161,-1,965,5161,5156,-1,4863,5310,5311,-1,4864,5312,5310,-1,4863,4864,5310,-1,4863,5311,4862,-1,5312,4864,4844,-1,5313,5312,4844,-1,4862,5311,5314,-1,4860,4861,5315,-1,4860,5315,5316,-1,4860,5316,4859,-1,4858,4859,5317,-1,5317,4859,5316,-1,5317,5318,4858,-1,5314,5315,4861,-1,4858,5318,4857,-1,5319,4856,5320,-1,4857,5320,4856,-1,4855,5319,5321,-1,4855,4856,5319,-1,4791,4855,5321,-1,5320,4857,5318,-1,4791,5322,4790,-1,4861,4862,5314,-1,1842,1904,5323,-1,5322,1842,5323,-1,2837,5323,2836,-1,2836,1904,1846,-1,5321,5322,4791,-1,4790,5322,5323,-1,5313,4844,4865,-1,5313,4865,5324,-1,5325,5324,4866,-1,4865,4866,5324,-1,5325,4867,5326,-1,4867,5325,4866,-1,4868,5327,5326,-1,5326,4867,4868,-1,5328,5327,4869,-1,4868,4869,5327,-1,5328,4870,5329,-1,4870,5328,4869,-1,4871,5330,5329,-1,5329,4870,4871,-1,5331,5330,4872,-1,4871,4872,5330,-1,4873,5331,4872,-1,4873,4874,5332,-1,5332,5331,4873,-1,4875,5333,4874,-1,5332,4874,5333,-1,5334,4875,4876,-1,4875,5334,5333,-1,4876,4854,5335,-1,5335,5334,4876,-1,4854,4877,5335,-1,5335,4877,939,-1,935,942,4809,-1,4877,4809,942,-1,2837,4790,5323,-1,2836,5323,1904,-1,1842,5322,1843,-1,5322,5321,1843,-1,1843,5321,1857,-1,5321,5319,1857,-1,1857,5319,1855,-1,5319,5320,1855,-1,1855,5320,1850,-1,5320,5318,1850,-1,1850,5318,1848,-1,5318,5317,1848,-1,1848,5317,1859,-1,5317,5316,1859,-1,1859,5316,1860,-1,5316,5315,1860,-1,1860,5315,1863,-1,5315,5314,1863,-1,1863,5314,1864,-1,5314,5311,1864,-1,1864,5311,1867,-1,5311,5310,1867,-1,1867,5310,1869,-1,5310,5312,1869,-1,1869,5312,1870,-1,5312,5313,1870,-1,1870,5313,1876,-1,5313,5324,1876,-1,1876,5324,1878,-1,5324,5325,1878,-1,1878,5325,1872,-1,5325,5326,1872,-1,1872,5326,1873,-1,5326,5327,1873,-1,1873,5327,1881,-1,5327,5328,1881,-1,1881,5328,1882,-1,5328,5329,1882,-1,1882,5329,1887,-1,5329,5330,1887,-1,1887,5330,1898,-1,5330,5331,1898,-1,1898,5331,1894,-1,5331,5332,1894,-1,1894,5332,1896,-1,5332,5333,1896,-1,1896,5333,1897,-1,1897,5334,1900,-1,1897,5333,5334,-1,1900,5335,938,-1,1900,5334,5335,-1,5335,939,938,-1,4877,942,939,-1,5336,5337,805,-1,5338,5024,5069,-1,5339,5068,5340,-1,5341,5342,5071,-1,5338,5069,5343,-1,5344,5072,5073,-1,5342,5070,5071,-1,5341,5072,5344,-1,5074,5345,5346,-1,5075,5347,5345,-1,5074,5346,5073,-1,5074,5075,5345,-1,5077,5348,5076,-1,5076,5347,5075,-1,5344,5073,5346,-1,5347,5076,5348,-1,5079,5349,5078,-1,5349,5079,5350,-1,5079,5080,5350,-1,5349,5351,5078,-1,5351,5077,5078,-1,5352,5350,5080,-1,5352,5035,5353,-1,5080,5035,5352,-1,5354,5355,5082,-1,5082,5083,5354,-1,5081,5355,5353,-1,5355,5081,5082,-1,5356,5354,5083,-1,5353,5035,5081,-1,5356,5083,5084,-1,5357,5358,2045,-1,5084,5085,5359,-1,5357,5359,5085,-1,5086,5357,5085,-1,5086,5087,5358,-1,5357,5086,5358,-1,5091,5360,5361,-1,5359,5356,5084,-1,5362,5088,5089,-1,5363,5088,5362,-1,5090,5364,5089,-1,5362,5089,5364,-1,5087,5088,5363,-1,5364,5090,5361,-1,5087,5363,5358,-1,5361,5090,5091,-1,5046,5365,5092,-1,5366,5046,5093,-1,5365,5360,5092,-1,4944,950,949,-1,5092,5360,5091,-1,5093,4944,949,-1,5077,5351,5348,-1,5366,5093,949,-1,5072,5341,5071,-1,5046,5366,5365,-1,5342,5367,5070,-1,5070,5367,5025,-1,5069,5025,5343,-1,5367,5343,5025,-1,5068,5024,5340,-1,5340,5024,5338,-1,5067,5339,5368,-1,5068,5339,5067,-1,5368,5369,5066,-1,5066,5067,5368,-1,5370,5065,5369,-1,5066,5369,5065,-1,5064,5370,5371,-1,5370,5064,5065,-1,5371,5372,5063,-1,5063,5064,5371,-1,5373,5062,5372,-1,5063,5372,5062,-1,5061,5373,5374,-1,5373,5061,5062,-1,5374,5375,5060,-1,5060,5061,5374,-1,5376,5059,5375,-1,5060,5375,5059,-1,5015,5376,5377,-1,5376,5015,5059,-1,5377,5378,5058,-1,5058,5015,5377,-1,5379,5014,5378,-1,5058,5378,5014,-1,5057,5379,5380,-1,5379,5057,5014,-1,5380,5381,5056,-1,5056,5057,5380,-1,5382,5055,5381,-1,5056,5381,5055,-1,5054,5382,5383,-1,5382,5054,5055,-1,5383,5384,5053,-1,5053,5054,5383,-1,5385,5052,5384,-1,5053,5384,5052,-1,5052,5385,5051,-1,5384,2113,5385,-1,5386,5050,5051,-1,5051,5385,5386,-1,5049,5050,5387,-1,5386,5387,5050,-1,5049,5388,5048,-1,5388,5049,5387,-1,5389,5047,5048,-1,5048,5388,5389,-1,5003,5047,5390,-1,5389,5390,5047,-1,5336,796,5002,-1,5337,5003,5390,-1,796,799,4916,-1,4916,5002,796,-1,796,5336,803,-1,5336,5002,5337,-1,803,5336,805,-1,5337,2127,805,-1,2127,5390,2126,-1,5002,5003,5337,-1,2127,5337,5390,-1,2126,5389,2124,-1,2126,5390,5389,-1,2124,5388,2122,-1,2124,5389,5388,-1,2122,5387,2119,-1,2122,5388,5387,-1,2119,5386,2117,-1,2119,5387,5386,-1,2117,5385,2115,-1,2117,5386,5385,-1,2113,2115,5385,-1,2113,5384,2109,-1,5384,5383,2109,-1,2109,5383,2107,-1,5383,5382,2107,-1,2107,5382,2104,-1,5382,5381,2104,-1,2104,5381,2100,-1,5381,5380,2100,-1,2100,5380,2098,-1,5380,5379,2098,-1,2098,5379,2095,-1,5379,5378,2095,-1,2095,5378,2091,-1,5378,5377,2091,-1,2091,5377,2089,-1,5377,5376,2089,-1,2089,5376,2086,-1,5376,5375,2086,-1,2086,5375,2083,-1,5375,5374,2083,-1,2083,5374,2082,-1,5374,5373,2082,-1,2082,5373,2008,-1,5373,5372,2008,-1,2008,5372,2080,-1,2080,5371,2078,-1,2080,5372,5371,-1,2078,5370,2076,-1,2078,5371,5370,-1,2076,5369,2074,-1,2076,5370,5369,-1,2074,5368,2072,-1,2074,5369,5368,-1,2072,5339,2070,-1,2072,5368,5339,-1,2070,5340,2068,-1,2070,5339,5340,-1,2068,5338,2004,-1,2068,5340,5338,-1,2004,5343,2005,-1,2004,5338,5343,-1,2005,5367,2010,-1,2005,5343,5367,-1,2010,5342,2014,-1,2010,5367,5342,-1,2014,5341,2012,-1,2014,5342,5341,-1,2012,5344,2016,-1,2012,5341,5344,-1,2016,5346,2021,-1,2016,5344,5346,-1,2021,5345,2022,-1,2021,5346,5345,-1,2022,5347,2019,-1,2022,5345,5347,-1,2019,5348,2024,-1,2019,5347,5348,-1,2024,5351,2026,-1,2024,5348,5351,-1,2026,5349,2031,-1,2026,5351,5349,-1,2031,5350,2028,-1,2031,5349,5350,-1,2028,5352,2029,-1,2028,5350,5352,-1,2029,5353,2034,-1,2029,5352,5353,-1,2034,5355,2038,-1,2034,5353,5355,-1,2038,5354,2036,-1,2038,5355,5354,-1,2036,5356,2040,-1,2036,5354,5356,-1,2040,5359,2042,-1,2040,5356,5359,-1,2042,5357,2043,-1,2042,5359,5357,-1,2045,2043,5357,-1,2045,5358,2050,-1,5358,5363,2050,-1,2050,5363,2061,-1,5363,5362,2061,-1,2061,5362,2055,-1,5362,5364,2055,-1,2055,5364,2058,-1,5364,5361,2058,-1,2058,5361,2066,-1,5361,5360,2066,-1,2066,5360,2062,-1,2062,5365,750,-1,2062,5360,5365,-1,5366,751,750,-1,750,5365,5366,-1,949,751,5366,-1,5391,5392,790,-1,5240,5393,5394,-1,5395,5283,5396,-1,5397,5286,5287,-1,5241,5398,5285,-1,5399,5400,5288,-1,5288,5400,5287,-1,5289,5290,5401,-1,5402,5292,5403,-1,5401,5290,5404,-1,5402,5404,5291,-1,5399,5289,5401,-1,5402,5291,5292,-1,5404,5290,5291,-1,5292,5293,5403,-1,5293,5294,5405,-1,5295,5296,5406,-1,5405,5294,5407,-1,5295,5407,5294,-1,5408,5406,5296,-1,5293,5405,5403,-1,5288,5289,5399,-1,5406,5407,5295,-1,5298,5409,5297,-1,5297,5410,5251,-1,5411,5409,5298,-1,5410,5297,5409,-1,5251,5410,5408,-1,5411,5298,5299,-1,5411,5299,5412,-1,5413,5301,5302,-1,5299,5300,5412,-1,5300,5301,5414,-1,5413,5414,5301,-1,5412,5300,5414,-1,5415,2212,5413,-1,5296,5251,5408,-1,5302,5415,5413,-1,5416,5305,5417,-1,5303,5304,5418,-1,5304,5416,5418,-1,5416,5304,5305,-1,5415,5303,5418,-1,5305,5306,5417,-1,5419,5417,5306,-1,5306,5307,5419,-1,754,5161,953,-1,5308,5420,5307,-1,5421,5308,5262,-1,5420,5308,5421,-1,5307,5420,5419,-1,5262,5309,5422,-1,5303,5415,5302,-1,5161,754,5309,-1,5309,754,5422,-1,5287,5400,5397,-1,5262,5422,5421,-1,5397,5423,5286,-1,5286,5423,5241,-1,5398,5393,5285,-1,5423,5398,5241,-1,5394,5284,5240,-1,5393,5240,5285,-1,5284,5396,5283,-1,5396,5284,5394,-1,5395,5424,5282,-1,5395,5282,5283,-1,5425,5281,5424,-1,5282,5424,5281,-1,5280,5425,5426,-1,5425,5280,5281,-1,5426,5427,5279,-1,5279,5280,5426,-1,5428,5278,5427,-1,5279,5427,5278,-1,5277,5428,5429,-1,5428,5277,5278,-1,5429,5430,5276,-1,5276,5277,5429,-1,5431,5275,5430,-1,5276,5430,5275,-1,5274,5431,5432,-1,5431,5274,5275,-1,5432,5433,5231,-1,5231,5274,5432,-1,5434,5230,5433,-1,5231,5433,5230,-1,5273,5434,5435,-1,5434,5273,5230,-1,5435,5436,5272,-1,5272,5273,5435,-1,5437,5271,5436,-1,5272,5436,5271,-1,5270,5437,5438,-1,5437,5270,5271,-1,5438,5439,5269,-1,5269,5270,5438,-1,5440,5268,5439,-1,5269,5439,5268,-1,5268,5440,5267,-1,5439,2287,5440,-1,5441,5266,5267,-1,5267,5440,5441,-1,5265,5266,5442,-1,5441,5442,5266,-1,5265,5443,5264,-1,5443,5265,5442,-1,5444,5263,5264,-1,5264,5443,5444,-1,5219,5263,5445,-1,5444,5445,5263,-1,5391,781,5218,-1,5392,5219,5445,-1,781,784,5128,-1,5128,5218,781,-1,781,5391,788,-1,5391,5218,5392,-1,788,5391,790,-1,5392,2301,790,-1,2301,5445,2300,-1,5218,5219,5392,-1,2301,5392,5445,-1,2300,5444,2298,-1,2300,5445,5444,-1,2298,5443,2296,-1,2298,5444,5443,-1,2296,5442,2293,-1,2296,5443,5442,-1,2293,5441,2292,-1,2293,5442,5441,-1,2292,5440,2290,-1,2292,5441,5440,-1,2287,2290,5440,-1,2287,5439,2284,-1,5439,5438,2284,-1,2284,5438,2282,-1,5438,5437,2282,-1,2282,5437,2279,-1,5437,5436,2279,-1,2279,5436,2275,-1,5436,5435,2275,-1,2275,5435,2273,-1,5435,5434,2273,-1,2273,5434,2270,-1,5434,5433,2270,-1,2270,5433,2266,-1,5433,5432,2266,-1,2266,5432,2264,-1,5432,5431,2264,-1,2264,5431,2261,-1,5431,5430,2261,-1,2261,5430,2257,-1,5430,5429,2257,-1,2257,5429,2255,-1,5429,5428,2255,-1,2255,5428,2252,-1,5428,5427,2252,-1,2252,5427,2248,-1,5427,5426,2248,-1,2248,5426,2246,-1,5426,5425,2246,-1,2246,5425,2243,-1,5425,5424,2243,-1,2243,5424,2239,-1,5424,5395,2239,-1,2239,5395,2237,-1,2237,5396,2234,-1,2237,5395,5396,-1,2234,5394,2177,-1,2234,5396,5394,-1,2177,5393,2172,-1,2177,5394,5393,-1,2172,5398,2169,-1,2172,5393,5398,-1,2169,5423,2173,-1,2169,5398,5423,-1,2173,5397,2179,-1,2173,5423,5397,-1,2179,5400,2183,-1,2179,5397,5400,-1,2183,5399,2185,-1,2183,5400,5399,-1,2185,5401,2186,-1,2185,5399,5401,-1,2186,5404,2190,-1,2186,5401,5404,-1,2190,5402,2191,-1,2190,5404,5402,-1,2191,5403,2189,-1,2191,5402,5403,-1,2189,5405,2187,-1,2189,5403,5405,-1,2187,5407,2198,-1,2187,5405,5407,-1,2198,5406,2196,-1,2198,5407,5406,-1,2196,5408,2200,-1,2196,5406,5408,-1,2200,5410,2201,-1,2200,5408,5410,-1,2201,5409,2204,-1,2201,5410,5409,-1,2204,5411,2206,-1,2204,5409,5411,-1,2206,5412,2207,-1,2206,5411,5412,-1,2207,5414,2209,-1,2207,5412,5414,-1,2209,5413,2215,-1,2209,5414,5413,-1,2212,2215,5413,-1,2212,5415,2213,-1,5415,5418,2213,-1,2213,5418,2218,-1,5418,5416,2218,-1,2218,5416,2220,-1,5416,5417,2220,-1,2220,5417,2221,-1,5417,5419,2221,-1,2221,5419,2225,-1,5419,5420,2225,-1,2225,5420,2228,-1,2228,5421,966,-1,2228,5420,5421,-1,5422,753,966,-1,966,5421,5422,-1,754,753,5422,-1,4683,4684,5446,-1,4747,5447,5448,-1,5448,4746,4747,-1,5449,4707,5450,-1,5449,5451,4749,-1,4750,5450,4707,-1,4751,4752,5452,-1,4753,4754,5453,-1,4750,4751,5454,-1,5454,4751,5452,-1,5455,4752,4753,-1,5455,5452,4752,-1,4754,5456,5453,-1,5455,4753,5453,-1,5456,4754,4755,-1,4758,5457,4757,-1,5458,4755,4756,-1,4755,5458,5456,-1,5459,5458,4756,-1,5459,4756,4757,-1,4750,5454,5450,-1,4757,5457,5459,-1,5460,5461,4759,-1,5462,4717,4760,-1,4717,5462,5460,-1,5460,4759,4717,-1,5462,4760,5463,-1,4759,5461,4758,-1,4761,5464,5463,-1,4761,5463,4760,-1,5464,4762,5465,-1,5465,4762,4763,-1,4763,5466,5465,-1,4762,5464,4761,-1,4763,4764,5466,-1,4764,5467,5466,-1,4765,5467,4764,-1,5468,4766,5469,-1,5468,5467,4765,-1,5469,4766,4767,-1,4767,5470,5469,-1,4765,4766,5468,-1,4768,5470,4767,-1,4768,4769,5471,-1,5470,4768,5471,-1,4770,5472,5473,-1,4769,5473,5471,-1,5472,4770,4771,-1,4770,5473,4769,-1,5474,4771,4606,-1,5474,5472,4771,-1,4758,5461,5457,-1,1693,5471,5473,-1,5474,975,976,-1,1258,1256,4606,-1,5474,1256,975,-1,4706,4749,5451,-1,4707,5449,4749,-1,5451,5475,4706,-1,4748,5475,5447,-1,5475,4748,4706,-1,5448,5476,4746,-1,4747,4748,5447,-1,5476,5477,4745,-1,4745,4746,5476,-1,5478,4744,5477,-1,4745,5477,4744,-1,4743,5478,5479,-1,5478,4743,4744,-1,5479,5480,4742,-1,4742,4743,5479,-1,5481,4741,5480,-1,4742,5480,4741,-1,4740,5481,5482,-1,5481,4740,4741,-1,5482,5483,4739,-1,4739,4740,5482,-1,5484,4696,5483,-1,4739,5483,4696,-1,4738,5484,5485,-1,5484,4738,4696,-1,5485,5486,4695,-1,4695,4738,5485,-1,5487,4737,5486,-1,4695,5486,4737,-1,4736,5487,5488,-1,5487,4736,4737,-1,5488,5489,4735,-1,4735,4736,5488,-1,5490,4734,5489,-1,4735,5489,4734,-1,4733,5490,5491,-1,5490,4733,4734,-1,5491,5492,4732,-1,4732,4733,5491,-1,4731,4732,5492,-1,5492,5491,1730,-1,4731,5493,4730,-1,5493,4731,5492,-1,5494,4729,4730,-1,4730,5493,5494,-1,4728,4729,5495,-1,5494,5495,4729,-1,4728,5496,4727,-1,5496,4728,5495,-1,5497,4726,4727,-1,4727,5496,5497,-1,4684,4726,5498,-1,5497,5498,4726,-1,765,4683,5499,-1,5446,4684,5498,-1,765,767,4628,-1,4628,4683,765,-1,765,5499,776,-1,1745,777,5446,-1,777,776,5499,-1,4683,5446,5499,-1,777,5499,5446,-1,1745,5498,1744,-1,1745,5446,5498,-1,1744,5497,1742,-1,1744,5498,5497,-1,1742,5496,1740,-1,1742,5497,5496,-1,1740,5495,1737,-1,1740,5496,5495,-1,1737,5494,1735,-1,1737,5495,5494,-1,1735,5493,1734,-1,1735,5494,5493,-1,1734,5492,1733,-1,1734,5493,5492,-1,1730,1733,5492,-1,1730,5491,1729,-1,5491,5490,1729,-1,1729,5490,1727,-1,5490,5489,1727,-1,1727,5489,1724,-1,5489,5488,1724,-1,1724,5488,1723,-1,5488,5487,1723,-1,1723,5487,1721,-1,5487,5486,1721,-1,1721,5486,1718,-1,5486,5485,1718,-1,1718,5485,1717,-1,5485,5484,1717,-1,1717,5484,1715,-1,5484,5483,1715,-1,1715,5483,1712,-1,5483,5482,1712,-1,1712,5482,1711,-1,5482,5481,1711,-1,1711,5481,1708,-1,5481,5480,1708,-1,1708,5480,1707,-1,5480,5479,1707,-1,1707,5479,1705,-1,5479,5478,1705,-1,1705,5478,1702,-1,5478,5477,1702,-1,1702,5477,1701,-1,5477,5476,1701,-1,1701,5476,1699,-1,5476,5448,1699,-1,1699,5448,1696,-1,5448,5447,1696,-1,1696,5447,1695,-1,5447,5475,1695,-1,1695,5475,1645,-1,5475,5451,1645,-1,1645,5451,1643,-1,5451,5449,1643,-1,1643,5449,1647,-1,1647,5450,1641,-1,1647,5449,5450,-1,1641,5454,1649,-1,1641,5450,5454,-1,1649,5452,1652,-1,1649,5454,5452,-1,1652,5455,1650,-1,1652,5452,5455,-1,1650,5453,1654,-1,1650,5455,5453,-1,1654,5456,1660,-1,1654,5453,5456,-1,1660,5458,1662,-1,1660,5456,5458,-1,1662,5459,1657,-1,1662,5458,5459,-1,1657,5457,1658,-1,1657,5459,5457,-1,1658,5461,1669,-1,1658,5457,5461,-1,1669,5460,1670,-1,1669,5461,5460,-1,1670,5462,1671,-1,1670,5460,5462,-1,1671,5463,1677,-1,1671,5462,5463,-1,1677,5464,1673,-1,1677,5463,5464,-1,1673,5465,1666,-1,1673,5464,5465,-1,1666,5466,1664,-1,1666,5465,5466,-1,1664,5467,1679,-1,1664,5466,5467,-1,1679,5468,1680,-1,1679,5467,5468,-1,1680,5469,1687,-1,1680,5468,5469,-1,1687,5470,1686,-1,1687,5469,5470,-1,1686,5471,1688,-1,1686,5470,5471,-1,1693,1688,5471,-1,1693,5473,1692,-1,5473,5472,1692,-1,1692,5472,1691,-1,5472,5474,1691,-1,5474,976,1691,-1,1256,5474,4606,-1,5500,5501,1063,-1,5502,5503,1072,-1,5504,1065,1068,-1,1086,5505,5506,-1,1079,1082,5507,-1,5508,1102,5509,-1,5510,1089,1091,-1,5511,5512,1095,-1,1093,5513,1099,-1,1104,5514,5515,-1,1097,1096,5516,-1,5517,1084,5518,-1,5519,1107,1087,-1,5520,1073,1069,-1,1073,5521,1081,-1,1069,1062,5522,-1,5522,5520,1069,-1,1059,5523,1062,-1,5522,1062,5523,-1,5524,1059,1054,-1,1059,5524,5523,-1,1054,1047,5525,-1,5525,5524,1054,-1,1049,5526,1047,-1,5525,1047,5526,-1,5527,1049,1041,-1,1049,5527,5526,-1,5518,1081,5521,-1,5520,5521,1073,-1,5517,1087,1084,-1,5518,1084,1081,-1,5514,1107,5519,-1,5519,1087,5517,-1,1096,1104,5515,-1,1104,1107,5514,-1,1097,5516,5511,-1,1096,5515,5516,-1,1095,5512,1093,-1,1097,5511,1095,-1,5513,5509,1099,-1,5512,5513,1093,-1,5508,1091,1102,-1,5509,1102,1099,-1,5505,1089,5510,-1,5510,1091,5508,-1,1082,1086,5506,-1,1086,1089,5505,-1,1079,5507,5502,-1,1082,5506,5507,-1,1072,5503,1068,-1,1079,5502,1072,-1,5504,5500,1065,-1,5503,5504,1068,-1,1063,1065,5500,-1,5528,5527,1041,-1,5529,5530,1011,-1,5531,1043,1042,-1,1018,5532,5533,-1,1034,1035,5534,-1,5535,1022,5536,-1,5537,1030,1026,-1,5538,5539,1020,-1,994,5540,995,-1,1013,5541,5542,-1,1024,1014,5543,-1,5544,1037,5545,-1,5546,1007,1009,-1,5547,1004,1006,-1,1004,5548,1001,-1,1006,999,5549,-1,5549,5547,1006,-1,998,5550,999,-1,5549,999,5550,-1,5551,998,991,-1,998,5551,5550,-1,991,993,5552,-1,5552,5551,991,-1,1057,5553,993,-1,5552,993,5553,-1,5501,1057,1063,-1,1057,5501,5553,-1,5545,1001,5548,-1,5547,5548,1004,-1,5544,1009,1037,-1,5545,1037,1001,-1,5541,1007,5546,-1,5546,1009,5544,-1,1014,1013,5542,-1,1013,1007,5541,-1,1024,5543,5538,-1,1014,5542,5543,-1,1020,5539,994,-1,1024,5538,1020,-1,5540,5536,995,-1,5539,5540,994,-1,5535,1026,1022,-1,5536,1022,995,-1,5532,1030,5537,-1,5537,1026,5535,-1,1035,1018,5533,-1,1018,1030,5532,-1,1034,5534,5529,-1,1035,5533,5534,-1,1011,5530,1042,-1,1034,5529,1011,-1,5531,5528,1043,-1,5530,5531,1042,-1,1041,1043,5528,-1,5536,5540,5554,-1,5521,5520,5555,-1,5536,5554,5556,-1,5557,5554,5540,-1,5558,5551,5559,-1,5540,5539,5557,-1,5556,5560,5537,-1,5561,5557,5539,-1,5539,5538,5561,-1,5561,5538,5562,-1,5560,5563,5532,-1,5543,5562,5538,-1,5563,5564,5533,-1,5542,5565,5543,-1,5564,5566,5534,-1,5531,5567,5528,-1,5541,5568,5569,-1,5570,5571,5525,-1,5572,5573,5549,-1,5574,5522,5575,-1,5553,5576,5577,-1,5518,5521,5578,-1,5503,5579,5504,-1,5514,5580,5581,-1,5582,5507,5583,-1,5511,5584,5585,-1,5586,5510,5587,-1,5585,5588,5512,-1,5513,5512,5588,-1,5587,5508,5509,-1,5589,5509,5513,-1,5590,5515,5581,-1,5590,5584,5516,-1,5591,5583,5506,-1,5586,5591,5505,-1,5517,5518,5592,-1,5580,5519,5592,-1,5593,5579,5503,-1,5582,5593,5502,-1,5555,5520,5574,-1,5501,5500,5576,-1,5504,5594,5500,-1,5595,5524,5571,-1,5523,5595,5575,-1,5552,5577,5559,-1,5526,5596,5570,-1,5551,5558,5550,-1,5548,5547,5597,-1,5596,5527,5528,-1,5598,5599,5530,-1,5599,5531,5530,-1,5529,5566,5598,-1,5600,5546,5544,-1,5601,5545,5548,-1,5537,5535,5556,-1,5536,5556,5535,-1,5532,5537,5560,-1,5533,5532,5563,-1,5534,5533,5564,-1,5529,5534,5566,-1,5530,5529,5598,-1,5531,5599,5567,-1,5528,5567,5596,-1,5526,5527,5596,-1,5525,5526,5570,-1,5524,5525,5571,-1,5523,5524,5595,-1,5522,5523,5575,-1,5520,5522,5574,-1,5521,5555,5578,-1,5518,5578,5592,-1,5519,5517,5592,-1,5514,5519,5580,-1,5515,5514,5581,-1,5516,5515,5590,-1,5511,5516,5584,-1,5512,5511,5585,-1,5513,5588,5589,-1,5509,5589,5587,-1,5510,5508,5587,-1,5505,5510,5586,-1,5506,5505,5591,-1,5507,5506,5583,-1,5502,5507,5582,-1,5503,5502,5593,-1,5504,5579,5594,-1,5500,5594,5576,-1,5553,5501,5576,-1,5552,5553,5577,-1,5551,5552,5559,-1,5550,5558,5572,-1,5547,5549,5573,-1,5549,5550,5572,-1,5601,5548,5597,-1,5597,5547,5573,-1,5600,5545,5601,-1,5600,5568,5546,-1,5600,5544,5545,-1,5541,5569,5542,-1,5546,5568,5541,-1,5543,5565,5562,-1,5542,5569,5565,-1,5602,5567,5603,-1,5602,5604,5596,-1,5596,5567,5602,-1,5570,5604,5605,-1,5604,5570,5596,-1,5606,5571,5605,-1,5570,5605,5571,-1,5607,5595,5571,-1,5571,5606,5607,-1,5595,5608,5575,-1,5608,5595,5607,-1,5574,5575,5609,-1,5608,5609,5575,-1,5610,5555,5574,-1,5574,5609,5610,-1,5555,5611,5578,-1,5611,5555,5610,-1,5578,5612,5613,-1,5611,5612,5578,-1,5614,5592,5613,-1,5578,5613,5592,-1,5614,5615,5580,-1,5580,5592,5614,-1,5581,5615,5616,-1,5615,5581,5580,-1,5617,5590,5616,-1,5581,5616,5590,-1,5617,5618,5584,-1,5584,5590,5617,-1,5619,5603,5599,-1,5567,5599,5603,-1,5599,5598,5620,-1,5620,5619,5599,-1,5621,5598,5566,-1,5598,5621,5620,-1,5564,5622,5566,-1,5621,5566,5622,-1,5564,5563,5623,-1,5623,5622,5564,-1,5624,5563,5560,-1,5563,5624,5623,-1,5560,5625,5626,-1,5624,5560,5626,-1,5625,5556,5627,-1,5556,5625,5560,-1,5628,5627,5554,-1,5556,5554,5627,-1,5557,5629,5628,-1,5628,5554,5557,-1,5629,5561,5630,-1,5561,5629,5557,-1,5561,5562,5630,-1,5630,5562,5631,-1,5632,5633,5634,-1,5635,5617,5616,-1,5618,5617,5636,-1,5636,5617,5635,-1,5637,5638,5639,-1,5635,5640,5636,-1,5638,5641,5639,-1,5642,5643,5644,-1,5635,5643,5640,-1,5643,5642,5640,-1,5611,5645,5646,-1,5641,5644,5639,-1,5641,5642,5644,-1,5647,5637,5648,-1,5647,5638,5637,-1,5649,5650,5648,-1,5649,5651,5650,-1,5649,5652,5651,-1,5651,5652,5653,-1,5654,5653,5655,-1,5649,5648,5656,-1,5657,5658,5654,-1,5658,5657,5659,-1,5659,5660,5661,-1,5657,5660,5659,-1,5661,5662,5663,-1,5656,5664,5649,-1,5648,5650,5647,-1,5664,5665,5666,-1,5648,5633,5656,-1,5667,5666,5668,-1,5665,5656,5632,-1,5669,5670,5667,-1,5671,5668,5665,-1,5670,5672,5673,-1,5674,5669,5668,-1,5672,5675,5676,-1,5669,5677,5672,-1,5673,5676,5678,-1,5679,5676,5680,-1,5679,5681,5682,-1,5679,5683,5678,-1,5684,5682,5685,-1,5683,5682,5686,-1,5687,5688,5689,-1,5690,5686,5684,-1,5684,5691,5692,-1,5692,5693,5690,-1,5694,5692,5695,-1,5693,5694,5696,-1,5697,5694,5689,-1,5698,5696,5697,-1,5688,5699,5697,-1,5699,5700,5698,-1,5701,5702,5703,-1,5688,5704,5705,-1,5706,5707,5708,-1,5709,5710,5711,-1,5712,5713,5707,-1,5714,5625,5715,-1,5715,5627,5716,-1,5717,5718,5719,-1,5708,5720,5701,-1,5721,5722,5723,-1,5724,5725,5726,-1,5727,5718,5728,-1,5728,5723,5631,-1,5699,5705,5729,-1,5730,5731,5732,-1,5729,5732,5700,-1,5733,5734,5726,-1,5735,5736,5733,-1,5737,5738,5739,-1,5740,5741,5742,-1,5743,5724,5744,-1,5741,5745,5746,-1,5747,5748,5749,-1,5750,5751,5752,-1,5753,5741,5754,-1,5755,5747,5756,-1,5757,5756,5747,-1,5615,5758,5616,-1,5645,5610,5609,-1,5635,5616,5758,-1,5758,5615,5759,-1,5758,5760,5643,-1,5761,5762,5639,-1,5760,5761,5644,-1,5637,5762,5633,-1,5644,5761,5639,-1,5763,5652,5664,-1,5762,5637,5639,-1,5764,5655,5763,-1,5633,5648,5637,-1,5765,5660,5657,-1,5655,5657,5654,-1,5652,5655,5653,-1,5652,5649,5664,-1,5766,5662,5660,-1,5655,5652,5763,-1,5662,5661,5660,-1,5764,5765,5657,-1,5765,5766,5660,-1,5767,5662,5768,-1,5662,5767,5663,-1,5635,5758,5643,-1,5614,5759,5615,-1,5614,5769,5759,-1,5643,5760,5644,-1,5759,5770,5760,-1,5771,5634,5762,-1,5770,5771,5761,-1,5772,5773,5774,-1,5761,5771,5762,-1,5763,5666,5775,-1,5634,5633,5762,-1,5764,5775,5776,-1,5633,5632,5656,-1,5766,5765,5777,-1,5656,5665,5664,-1,5664,5666,5763,-1,5768,5766,5778,-1,5655,5764,5657,-1,5764,5763,5775,-1,5768,5662,5766,-1,5776,5777,5765,-1,5777,5778,5766,-1,5779,5768,5780,-1,5768,5779,5767,-1,5758,5759,5760,-1,5613,5769,5614,-1,5613,5781,5769,-1,5760,5770,5761,-1,5769,5782,5770,-1,5783,5784,5634,-1,5783,5771,5782,-1,5632,5784,5671,-1,5771,5783,5634,-1,5775,5667,5785,-1,5634,5784,5632,-1,5776,5785,5786,-1,5632,5671,5665,-1,5778,5777,5787,-1,5665,5668,5666,-1,5666,5667,5775,-1,5788,5780,5789,-1,5764,5776,5765,-1,5776,5775,5785,-1,5780,5768,5778,-1,5786,5787,5777,-1,5787,5789,5778,-1,5790,5780,5788,-1,5780,5790,5779,-1,5759,5769,5770,-1,5612,5781,5613,-1,5612,5646,5781,-1,5770,5782,5771,-1,5781,5791,5782,-1,5784,5792,5793,-1,5792,5783,5791,-1,5671,5793,5674,-1,5783,5792,5784,-1,5785,5670,5794,-1,5784,5793,5671,-1,5786,5794,5795,-1,5671,5674,5668,-1,5789,5787,5796,-1,5668,5669,5667,-1,5667,5670,5785,-1,5797,5788,5798,-1,5776,5786,5777,-1,5786,5785,5794,-1,5778,5789,5780,-1,5795,5796,5787,-1,5788,5799,5790,-1,5789,5796,5798,-1,5799,5788,5797,-1,5769,5781,5782,-1,5611,5646,5612,-1,5800,5622,5623,-1,5782,5791,5783,-1,5646,5801,5791,-1,5793,5802,5803,-1,5801,5802,5792,-1,5674,5803,5677,-1,5792,5802,5793,-1,5794,5673,5804,-1,5793,5803,5674,-1,5795,5804,5805,-1,5674,5677,5669,-1,5798,5796,5806,-1,5669,5672,5670,-1,5670,5673,5794,-1,5807,5797,5808,-1,5786,5795,5787,-1,5795,5794,5804,-1,5789,5798,5788,-1,5805,5806,5796,-1,5797,5809,5799,-1,5798,5806,5808,-1,5809,5797,5807,-1,5781,5646,5791,-1,5610,5645,5611,-1,5609,5810,5645,-1,5791,5801,5792,-1,5801,5645,5811,-1,5803,5812,5813,-1,5811,5812,5802,-1,5675,5677,5813,-1,5802,5812,5803,-1,5804,5678,5814,-1,5803,5813,5677,-1,5805,5814,5815,-1,5677,5675,5672,-1,5808,5806,5816,-1,5672,5676,5673,-1,5673,5678,5804,-1,5817,5807,5818,-1,5795,5805,5796,-1,5805,5804,5814,-1,5798,5808,5797,-1,5815,5816,5806,-1,5807,5819,5809,-1,5808,5816,5818,-1,5819,5807,5817,-1,5645,5801,5646,-1,5608,5810,5609,-1,5608,5820,5810,-1,5801,5811,5802,-1,5811,5810,5821,-1,5813,5822,5823,-1,5821,5822,5812,-1,5680,5675,5823,-1,5812,5822,5813,-1,5814,5683,5824,-1,5813,5823,5675,-1,5815,5824,5825,-1,5675,5680,5676,-1,5818,5816,5826,-1,5676,5679,5678,-1,5678,5683,5814,-1,5817,5818,5827,-1,5805,5815,5806,-1,5815,5814,5824,-1,5808,5818,5807,-1,5825,5826,5816,-1,5817,5828,5819,-1,5818,5826,5827,-1,5828,5817,5829,-1,5645,5810,5811,-1,5607,5820,5608,-1,5607,5830,5820,-1,5811,5821,5812,-1,5821,5820,5831,-1,5823,5832,5774,-1,5831,5832,5822,-1,5681,5680,5774,-1,5822,5832,5823,-1,5824,5686,5833,-1,5823,5774,5680,-1,5825,5833,5834,-1,5680,5681,5679,-1,5827,5826,5835,-1,5683,5679,5682,-1,5683,5686,5824,-1,5829,5827,5836,-1,5815,5825,5816,-1,5825,5824,5833,-1,5829,5817,5827,-1,5834,5835,5826,-1,5835,5836,5827,-1,5837,5829,5838,-1,5829,5837,5828,-1,5810,5820,5821,-1,5606,5830,5607,-1,5606,5839,5830,-1,5821,5831,5822,-1,5831,5830,5840,-1,5800,5841,5621,-1,5840,5772,5832,-1,5685,5681,5773,-1,5832,5772,5774,-1,5842,5833,5690,-1,5774,5773,5681,-1,5834,5842,5843,-1,5681,5685,5682,-1,5836,5835,5844,-1,5686,5682,5684,-1,5833,5686,5690,-1,5838,5836,5845,-1,5825,5834,5826,-1,5834,5833,5842,-1,5838,5829,5836,-1,5843,5844,5835,-1,5844,5845,5836,-1,5846,5838,5847,-1,5838,5846,5837,-1,5820,5830,5831,-1,5605,5839,5606,-1,5605,5848,5839,-1,5831,5840,5832,-1,5839,5849,5840,-1,5850,5851,5773,-1,5849,5850,5772,-1,5691,5685,5851,-1,5772,5850,5773,-1,5852,5842,5693,-1,5773,5851,5685,-1,5853,5843,5852,-1,5691,5684,5685,-1,5845,5844,5854,-1,5690,5684,5692,-1,5842,5690,5693,-1,5847,5845,5855,-1,5834,5843,5835,-1,5852,5843,5842,-1,5847,5838,5845,-1,5853,5854,5844,-1,5854,5855,5845,-1,5856,5847,5857,-1,5847,5856,5846,-1,5830,5839,5840,-1,5604,5848,5605,-1,5604,5858,5848,-1,5840,5849,5772,-1,5848,5859,5849,-1,5860,5861,5851,-1,5859,5860,5850,-1,5861,5695,5691,-1,5850,5860,5851,-1,5862,5852,5696,-1,5851,5861,5691,-1,5863,5853,5862,-1,5695,5692,5691,-1,5864,5855,5854,-1,5693,5692,5694,-1,5852,5693,5696,-1,5857,5855,5865,-1,5843,5853,5844,-1,5862,5853,5852,-1,5857,5847,5855,-1,5854,5863,5864,-1,5864,5865,5855,-1,5866,5857,5867,-1,5857,5866,5856,-1,5839,5848,5849,-1,5602,5858,5604,-1,5602,5868,5858,-1,5849,5859,5850,-1,5858,5869,5859,-1,5870,5871,5861,-1,5869,5870,5860,-1,5871,5689,5695,-1,5860,5870,5861,-1,5872,5862,5698,-1,5871,5695,5861,-1,5873,5863,5872,-1,5695,5689,5694,-1,5874,5865,5864,-1,5696,5694,5697,-1,5862,5696,5698,-1,5865,5875,5867,-1,5853,5863,5854,-1,5872,5863,5862,-1,5867,5857,5865,-1,5864,5873,5874,-1,5865,5874,5875,-1,5876,5867,5877,-1,5867,5876,5866,-1,5848,5858,5859,-1,5603,5868,5602,-1,5603,5878,5868,-1,5859,5869,5860,-1,5868,5879,5869,-1,5880,5687,5871,-1,5879,5880,5870,-1,5881,5708,5703,-1,5870,5880,5871,-1,5882,5872,5700,-1,5871,5687,5689,-1,5883,5873,5882,-1,5689,5688,5697,-1,5884,5875,5874,-1,5698,5697,5699,-1,5872,5698,5700,-1,5875,5885,5877,-1,5863,5873,5864,-1,5882,5873,5872,-1,5886,5876,5877,-1,5883,5884,5874,-1,5867,5875,5877,-1,5885,5875,5884,-1,5886,5877,5887,-1,5858,5868,5869,-1,5619,5878,5603,-1,5619,5888,5878,-1,5869,5879,5870,-1,5878,5889,5879,-1,5687,5890,5704,-1,5890,5880,5889,-1,5702,5705,5891,-1,5880,5890,5687,-1,5892,5882,5732,-1,5688,5687,5704,-1,5893,5883,5892,-1,5705,5699,5688,-1,5894,5885,5884,-1,5700,5699,5729,-1,5882,5700,5732,-1,5885,5895,5887,-1,5873,5883,5874,-1,5892,5883,5882,-1,5896,5887,5897,-1,5893,5894,5884,-1,5894,5895,5885,-1,5886,5887,5896,-1,5877,5885,5887,-1,5868,5878,5879,-1,5620,5888,5619,-1,5620,5841,5888,-1,5879,5889,5880,-1,5888,5898,5889,-1,5704,5899,5891,-1,5899,5890,5898,-1,5730,5729,5702,-1,5890,5899,5704,-1,5735,5892,5731,-1,5891,5705,5704,-1,5900,5893,5735,-1,5702,5729,5705,-1,5901,5895,5894,-1,5729,5730,5732,-1,5892,5732,5731,-1,5895,5902,5897,-1,5883,5893,5884,-1,5735,5893,5892,-1,5903,5897,5904,-1,5900,5901,5894,-1,5901,5902,5895,-1,5896,5897,5903,-1,5887,5895,5897,-1,5878,5888,5889,-1,5621,5841,5620,-1,5723,5728,5718,-1,5889,5898,5890,-1,5898,5841,5905,-1,5891,5906,5703,-1,5906,5899,5905,-1,5907,5730,5701,-1,5899,5906,5891,-1,5907,5736,5731,-1,5891,5703,5702,-1,5725,5900,5733,-1,5702,5701,5730,-1,5908,5902,5901,-1,5730,5907,5731,-1,5735,5731,5736,-1,5902,5909,5904,-1,5893,5900,5894,-1,5733,5900,5735,-1,5910,5904,5911,-1,5725,5908,5901,-1,5908,5909,5902,-1,5903,5904,5910,-1,5897,5902,5904,-1,5888,5841,5898,-1,5622,5800,5621,-1,5623,5912,5800,-1,5898,5905,5899,-1,5905,5800,5913,-1,5713,5712,5914,-1,5881,5906,5913,-1,5720,5915,5907,-1,5703,5906,5881,-1,5915,5734,5736,-1,5701,5703,5708,-1,5916,5917,5918,-1,5701,5720,5907,-1,5919,5909,5908,-1,5907,5915,5736,-1,5736,5734,5733,-1,5909,5920,5911,-1,5900,5725,5901,-1,5726,5725,5733,-1,5921,5911,5922,-1,5724,5919,5908,-1,5919,5920,5909,-1,5910,5911,5921,-1,5904,5909,5911,-1,5841,5800,5905,-1,5624,5912,5623,-1,5624,5923,5912,-1,5905,5913,5906,-1,5924,5913,5912,-1,5925,5720,5707,-1,5881,5924,5706,-1,5925,5926,5915,-1,5708,5881,5706,-1,5926,5927,5734,-1,5720,5708,5707,-1,5927,5744,5726,-1,5915,5720,5925,-1,5740,5920,5919,-1,5915,5926,5734,-1,5927,5726,5734,-1,5920,5742,5922,-1,5725,5724,5908,-1,5744,5724,5726,-1,5928,5922,5929,-1,5743,5740,5919,-1,5740,5742,5920,-1,5921,5922,5928,-1,5911,5920,5922,-1,5800,5912,5913,-1,5626,5923,5624,-1,5626,5714,5923,-1,5913,5924,5881,-1,5930,5924,5923,-1,5711,5925,5713,-1,5712,5706,5930,-1,5711,5710,5926,-1,5707,5706,5712,-1,5710,5931,5927,-1,5713,5925,5707,-1,5931,5916,5744,-1,5711,5926,5925,-1,5916,5754,5743,-1,5926,5710,5927,-1,5927,5931,5744,-1,5742,5746,5929,-1,5724,5743,5919,-1,5743,5744,5916,-1,5932,5929,5933,-1,5754,5741,5740,-1,5741,5746,5742,-1,5928,5929,5932,-1,5922,5742,5929,-1,5912,5923,5924,-1,5625,5714,5626,-1,5722,5716,5628,-1,5924,5930,5706,-1,5934,5930,5714,-1,5711,5713,5935,-1,5914,5712,5934,-1,5936,5937,5938,-1,5935,5713,5914,-1,5931,5710,5939,-1,5935,5709,5711,-1,5916,5931,5917,-1,5709,5939,5710,-1,5754,5916,5918,-1,5939,5917,5931,-1,5940,5745,5941,-1,5746,5940,5933,-1,5743,5754,5740,-1,5754,5918,5753,-1,5942,5933,5943,-1,5753,5745,5741,-1,5745,5940,5746,-1,5932,5933,5942,-1,5929,5746,5933,-1,5923,5714,5930,-1,5627,5715,5625,-1,5914,5944,5935,-1,5930,5934,5712,-1,5945,5934,5715,-1,5935,5946,5709,-1,5945,5944,5914,-1,5939,5709,5947,-1,5935,5944,5946,-1,5917,5939,5948,-1,5946,5947,5709,-1,5917,5949,5918,-1,5947,5948,5939,-1,5918,5937,5753,-1,5948,5949,5917,-1,5753,5936,5745,-1,5937,5918,5949,-1,5940,5751,5943,-1,5936,5753,5937,-1,5950,5943,5750,-1,5941,5745,5936,-1,5941,5751,5940,-1,5942,5943,5950,-1,5933,5940,5943,-1,5714,5715,5934,-1,5628,5716,5627,-1,5944,5951,5946,-1,5934,5945,5914,-1,5716,5952,5945,-1,5947,5946,5953,-1,5952,5951,5944,-1,5948,5947,5954,-1,5946,5951,5953,-1,5949,5948,5955,-1,5947,5953,5954,-1,5937,5949,5956,-1,5954,5955,5948,-1,5752,5957,5958,-1,5955,5956,5949,-1,5936,5959,5941,-1,5956,5938,5937,-1,5751,5941,5957,-1,5936,5938,5959,-1,5960,5750,5749,-1,5941,5959,5957,-1,5957,5752,5751,-1,5950,5750,5960,-1,5943,5751,5750,-1,5715,5716,5945,-1,5629,5722,5628,-1,5951,5717,5953,-1,5945,5952,5944,-1,5722,5721,5952,-1,5954,5953,5961,-1,5721,5717,5951,-1,5955,5954,5962,-1,5953,5717,5961,-1,5956,5955,5963,-1,5954,5961,5962,-1,5938,5956,5964,-1,5955,5962,5963,-1,5959,5938,5965,-1,5956,5963,5964,-1,5957,5959,5966,-1,5964,5965,5938,-1,5967,5749,5752,-1,5965,5966,5959,-1,5747,5967,5757,-1,5958,5957,5966,-1,5967,5752,5958,-1,5960,5749,5748,-1,5750,5752,5749,-1,5716,5722,5952,-1,5723,5629,5630,-1,5968,5719,5718,-1,5952,5721,5951,-1,5721,5723,5718,-1,5719,5969,5961,-1,5961,5717,5719,-1,5969,5970,5962,-1,5962,5961,5969,-1,5970,5971,5963,-1,5963,5962,5970,-1,5971,5972,5964,-1,5964,5963,5971,-1,5972,5973,5965,-1,5965,5964,5972,-1,5973,5974,5966,-1,5966,5965,5973,-1,5974,5975,5958,-1,5958,5966,5974,-1,5975,5757,5967,-1,5967,5958,5975,-1,5757,5976,5756,-1,5748,5747,5755,-1,5749,5967,5747,-1,5629,5723,5722,-1,5631,5723,5630,-1,5968,5718,5727,-1,5717,5721,5718,-1,5968,5977,5719,-1,5719,5977,5969,-1,5977,5978,5969,-1,5969,5978,5970,-1,5978,5979,5970,-1,5970,5979,5971,-1,5979,5980,5971,-1,5980,5981,5972,-1,5980,5972,5971,-1,5981,5982,5973,-1,5981,5973,5972,-1,5982,5983,5974,-1,5982,5974,5973,-1,5983,5984,5975,-1,5983,5975,5974,-1,5984,5976,5757,-1,5984,5757,5975,-1,5976,5737,5756,-1,5737,5739,5756,-1,5755,5756,5739,-1,5985,5986,5987,-1,5988,5989,5990,-1,5631,5989,5728,-1,5728,5989,5988,-1,5991,5978,5992,-1,5988,5727,5728,-1,5978,5977,5992,-1,5968,5993,5994,-1,5988,5993,5727,-1,5993,5968,5727,-1,5995,5996,5997,-1,5977,5994,5992,-1,5977,5968,5994,-1,5979,5991,5998,-1,5979,5978,5991,-1,5999,5980,5998,-1,5999,5981,5980,-1,5999,6000,5981,-1,5981,6000,5982,-1,5983,5982,6001,-1,5999,5998,6002,-1,6003,5984,5983,-1,5984,6003,5976,-1,5976,6004,5737,-1,6003,6004,5976,-1,5737,6005,5738,-1,6002,6006,5999,-1,5998,5980,5979,-1,6006,6007,6008,-1,5998,5986,6002,-1,6009,6008,6010,-1,6007,6002,5985,-1,6011,6012,6009,-1,6013,6010,6007,-1,6012,6014,6015,-1,6016,6011,6010,-1,6014,6017,6018,-1,6011,6019,6014,-1,6015,6018,6020,-1,6021,6018,6022,-1,6021,6023,6024,-1,6021,6025,6020,-1,6026,6024,6027,-1,6025,6024,6028,-1,6029,6030,6031,-1,6032,6028,6026,-1,6026,6033,6034,-1,6034,6035,6032,-1,6036,6034,6037,-1,6035,6036,6038,-1,6039,6036,6031,-1,6040,6038,6039,-1,6030,6041,6039,-1,6041,6042,6040,-1,6043,6044,6045,-1,6030,6046,6047,-1,6048,6049,6050,-1,6051,6052,6053,-1,6054,6055,6049,-1,6056,6057,6058,-1,6058,6059,6060,-1,6061,6062,6063,-1,6050,6064,6043,-1,6065,6066,6067,-1,6068,6069,6070,-1,5640,6062,5636,-1,5636,6067,5618,-1,6041,6047,6071,-1,6072,6073,6074,-1,6071,6074,6042,-1,6075,6076,6070,-1,6077,6078,6075,-1,5661,5663,6079,-1,6080,6081,6082,-1,6083,6068,6084,-1,6081,6085,6086,-1,6087,6088,6089,-1,6090,6091,6092,-1,6093,6081,6094,-1,6095,6087,6096,-1,6097,6096,6087,-1,6098,6099,5990,-1,5996,6100,6101,-1,5988,5990,6099,-1,6099,6098,6102,-1,6099,6103,5993,-1,6104,6105,5992,-1,6103,6104,5994,-1,5991,6105,5986,-1,5994,6104,5992,-1,6106,6000,6006,-1,6105,5991,5992,-1,6107,6001,6106,-1,5986,5998,5991,-1,6108,6004,6003,-1,6001,6003,5983,-1,6000,6001,5982,-1,6000,5999,6006,-1,6109,6005,6004,-1,6001,6000,6106,-1,6005,5737,6004,-1,6107,6108,6003,-1,6108,6109,6004,-1,6110,6005,6111,-1,6005,6110,5738,-1,5988,6099,5993,-1,6112,6102,6098,-1,6112,6113,6102,-1,5993,6103,5994,-1,6102,6114,6103,-1,6115,5987,6105,-1,6114,6115,6104,-1,6116,6117,6118,-1,6104,6115,6105,-1,6106,6008,6119,-1,5987,5986,6105,-1,6107,6119,6120,-1,5986,5985,6002,-1,6109,6108,6121,-1,6002,6007,6006,-1,6006,6008,6106,-1,6111,6109,6122,-1,6001,6107,6003,-1,6107,6106,6119,-1,6111,6005,6109,-1,6120,6121,6108,-1,6121,6122,6109,-1,6123,6111,6124,-1,6111,6123,6110,-1,6099,6102,6103,-1,6125,6113,6112,-1,6125,6126,6113,-1,6103,6114,6104,-1,6113,6127,6114,-1,6128,6129,5987,-1,6128,6115,6127,-1,5985,6129,6013,-1,6115,6128,5987,-1,6119,6009,6130,-1,5987,6129,5985,-1,6120,6130,6131,-1,5985,6013,6007,-1,6122,6121,6132,-1,6007,6010,6008,-1,6008,6009,6119,-1,6133,6124,6134,-1,6107,6120,6108,-1,6120,6119,6130,-1,6124,6111,6122,-1,6131,6132,6121,-1,6132,6134,6122,-1,6135,6124,6133,-1,6124,6135,6123,-1,6102,6113,6114,-1,6136,6126,6125,-1,6136,5997,6126,-1,6114,6127,6115,-1,6126,6137,6127,-1,6129,6138,6139,-1,6138,6128,6137,-1,6013,6139,6016,-1,6128,6138,6129,-1,6130,6012,6140,-1,6129,6139,6013,-1,6131,6140,6141,-1,6013,6016,6010,-1,6134,6132,6142,-1,6010,6011,6009,-1,6009,6012,6130,-1,6143,6133,6144,-1,6120,6131,6121,-1,6131,6130,6140,-1,6122,6134,6124,-1,6141,6142,6132,-1,6133,6145,6135,-1,6134,6142,6144,-1,6145,6133,6143,-1,6113,6126,6127,-1,5995,5997,6136,-1,6146,6147,6148,-1,6127,6137,6128,-1,5997,6149,6137,-1,6139,6150,6151,-1,6149,6150,6138,-1,6016,6151,6019,-1,6138,6150,6139,-1,6140,6015,6152,-1,6139,6151,6016,-1,6141,6152,6153,-1,6016,6019,6011,-1,6144,6142,6154,-1,6011,6014,6012,-1,6012,6015,6140,-1,6155,6143,6156,-1,6131,6141,6132,-1,6141,6140,6152,-1,6134,6144,6133,-1,6153,6154,6142,-1,6143,6157,6145,-1,6144,6154,6156,-1,6157,6143,6155,-1,6126,5997,6137,-1,6100,5996,5995,-1,6101,6158,5996,-1,6137,6149,6138,-1,6149,5996,6159,-1,6151,6160,6161,-1,6159,6160,6150,-1,6017,6019,6161,-1,6150,6160,6151,-1,6152,6020,6162,-1,6151,6161,6019,-1,6153,6162,6163,-1,6019,6017,6014,-1,6156,6154,6164,-1,6014,6018,6015,-1,6015,6020,6152,-1,6165,6155,6166,-1,6141,6153,6142,-1,6153,6152,6162,-1,6144,6156,6143,-1,6163,6164,6154,-1,6155,6167,6157,-1,6156,6164,6166,-1,6167,6155,6165,-1,5996,6149,5997,-1,6168,6158,6101,-1,6168,6169,6158,-1,6149,6159,6150,-1,6159,6158,6170,-1,6161,6171,6172,-1,6170,6171,6160,-1,6022,6017,6172,-1,6160,6171,6161,-1,6162,6025,6173,-1,6161,6172,6017,-1,6163,6173,6174,-1,6017,6022,6018,-1,6166,6164,6175,-1,6018,6021,6020,-1,6020,6025,6162,-1,6165,6166,6176,-1,6153,6163,6154,-1,6163,6162,6173,-1,6156,6166,6155,-1,6174,6175,6164,-1,6165,6177,6167,-1,6166,6175,6176,-1,6177,6165,6178,-1,5996,6158,6159,-1,6179,6169,6168,-1,6179,6180,6169,-1,6159,6170,6160,-1,6170,6169,6181,-1,6172,6182,6118,-1,6181,6182,6171,-1,6023,6022,6118,-1,6171,6182,6172,-1,6173,6028,6183,-1,6172,6118,6022,-1,6174,6183,6184,-1,6022,6023,6021,-1,6176,6175,6185,-1,6025,6021,6024,-1,6025,6028,6173,-1,6178,6176,6186,-1,6163,6174,6164,-1,6174,6173,6183,-1,6178,6165,6176,-1,6184,6185,6175,-1,6185,6186,6176,-1,6187,6178,6188,-1,6178,6187,6177,-1,6158,6169,6170,-1,6189,6180,6179,-1,6189,6190,6180,-1,6170,6181,6171,-1,6181,6180,6191,-1,6146,6192,6193,-1,6191,6116,6182,-1,6027,6023,6117,-1,6182,6116,6118,-1,6194,6183,6032,-1,6118,6117,6023,-1,6184,6194,6195,-1,6023,6027,6024,-1,6186,6185,6196,-1,6028,6024,6026,-1,6183,6028,6032,-1,6188,6186,6197,-1,6174,6184,6175,-1,6184,6183,6194,-1,6188,6178,6186,-1,6195,6196,6185,-1,6196,6197,6186,-1,6198,6188,6199,-1,6188,6198,6187,-1,6169,6180,6181,-1,6200,6190,6189,-1,6200,6201,6190,-1,6181,6191,6182,-1,6190,6202,6191,-1,6203,6204,6117,-1,6202,6203,6116,-1,6033,6027,6204,-1,6116,6203,6117,-1,6205,6194,6035,-1,6117,6204,6027,-1,6206,6195,6205,-1,6033,6026,6027,-1,6197,6196,6207,-1,6032,6026,6034,-1,6194,6032,6035,-1,6199,6197,6208,-1,6184,6195,6185,-1,6205,6195,6194,-1,6199,6188,6197,-1,6206,6207,6196,-1,6207,6208,6197,-1,6209,6199,6210,-1,6199,6209,6198,-1,6180,6190,6191,-1,6211,6201,6200,-1,6211,6212,6201,-1,6191,6202,6116,-1,6201,6213,6202,-1,6214,6215,6204,-1,6213,6214,6203,-1,6215,6037,6033,-1,6203,6214,6204,-1,6216,6205,6038,-1,6204,6215,6033,-1,6217,6206,6216,-1,6037,6034,6033,-1,6218,6208,6207,-1,6035,6034,6036,-1,6205,6035,6038,-1,6210,6208,6219,-1,6195,6206,6196,-1,6216,6206,6205,-1,6210,6199,6208,-1,6207,6217,6218,-1,6218,6219,6208,-1,6220,6210,6221,-1,6210,6220,6209,-1,6190,6201,6202,-1,6222,6212,6211,-1,6222,6223,6212,-1,6202,6213,6203,-1,6212,6224,6213,-1,6225,6226,6215,-1,6224,6225,6214,-1,6226,6031,6037,-1,6214,6225,6215,-1,6227,6216,6040,-1,6226,6037,6215,-1,6228,6217,6227,-1,6037,6031,6036,-1,6229,6219,6218,-1,6038,6036,6039,-1,6216,6038,6040,-1,6219,6230,6221,-1,6206,6217,6207,-1,6227,6217,6216,-1,6221,6210,6219,-1,6218,6228,6229,-1,6219,6229,6230,-1,6231,6221,6232,-1,6221,6231,6220,-1,6201,6212,6213,-1,6233,6223,6222,-1,6233,6234,6223,-1,6213,6224,6214,-1,6223,6235,6224,-1,6236,6029,6226,-1,6235,6236,6225,-1,6237,6050,6045,-1,6225,6236,6226,-1,6238,6227,6042,-1,6226,6029,6031,-1,6239,6228,6238,-1,6031,6030,6039,-1,6240,6230,6229,-1,6040,6039,6041,-1,6227,6040,6042,-1,6230,6241,6232,-1,6217,6228,6218,-1,6238,6228,6227,-1,6242,6231,6232,-1,6239,6240,6229,-1,6221,6230,6232,-1,6241,6230,6240,-1,6242,6232,6243,-1,6212,6223,6224,-1,6244,6234,6233,-1,6244,6245,6234,-1,6224,6235,6225,-1,6234,6246,6235,-1,6029,6247,6046,-1,6247,6236,6246,-1,6044,6047,6248,-1,6236,6247,6029,-1,6249,6238,6074,-1,6030,6029,6046,-1,6250,6239,6249,-1,6047,6041,6030,-1,6251,6241,6240,-1,6042,6041,6071,-1,6238,6042,6074,-1,6241,6252,6243,-1,6228,6239,6229,-1,6249,6239,6238,-1,6253,6243,6254,-1,6250,6251,6240,-1,6251,6252,6241,-1,6242,6243,6253,-1,6232,6241,6243,-1,6223,6234,6235,-1,6255,6245,6244,-1,6255,6192,6245,-1,6235,6246,6236,-1,6245,6256,6246,-1,6046,6257,6248,-1,6257,6247,6256,-1,6072,6071,6044,-1,6247,6257,6046,-1,6077,6249,6073,-1,6248,6047,6046,-1,6258,6250,6077,-1,6044,6071,6047,-1,6259,6252,6251,-1,6071,6072,6074,-1,6249,6074,6073,-1,6252,6260,6254,-1,6239,6250,6240,-1,6077,6250,6249,-1,6261,6254,6262,-1,6258,6259,6251,-1,6259,6260,6252,-1,6253,6254,6261,-1,6243,6252,6254,-1,6234,6245,6246,-1,6193,6192,6255,-1,6067,5636,6062,-1,6246,6256,6247,-1,6256,6192,6263,-1,6248,6264,6045,-1,6264,6257,6263,-1,6265,6072,6043,-1,6257,6264,6248,-1,6265,6078,6073,-1,6248,6045,6044,-1,6069,6258,6075,-1,6044,6043,6072,-1,6266,6260,6259,-1,6072,6265,6073,-1,6077,6073,6078,-1,6260,6267,6262,-1,6250,6258,6251,-1,6075,6258,6077,-1,6268,6262,6269,-1,6069,6266,6259,-1,6266,6267,6260,-1,6261,6262,6268,-1,6254,6260,6262,-1,6245,6192,6256,-1,6147,6146,6193,-1,6148,6270,6146,-1,6256,6263,6257,-1,6263,6146,6271,-1,6055,6054,6272,-1,6237,6264,6271,-1,6064,6273,6265,-1,6045,6264,6237,-1,6273,6076,6078,-1,6043,6045,6050,-1,6274,6275,6276,-1,6043,6064,6265,-1,6277,6267,6266,-1,6265,6273,6078,-1,6078,6076,6075,-1,6267,6278,6269,-1,6258,6069,6259,-1,6070,6069,6075,-1,6279,6269,6280,-1,6068,6277,6266,-1,6277,6278,6267,-1,6268,6269,6279,-1,6262,6267,6269,-1,6192,6146,6263,-1,6281,6270,6148,-1,6281,6282,6270,-1,6263,6271,6264,-1,6283,6271,6270,-1,6284,6064,6049,-1,6237,6283,6048,-1,6284,6285,6273,-1,6050,6237,6048,-1,6285,6286,6076,-1,6064,6050,6049,-1,6286,6084,6070,-1,6273,6064,6284,-1,6080,6278,6277,-1,6273,6285,6076,-1,6286,6070,6076,-1,6278,6082,6280,-1,6069,6068,6266,-1,6084,6068,6070,-1,6287,6280,6288,-1,6083,6080,6277,-1,6080,6082,6278,-1,6279,6280,6287,-1,6269,6278,6280,-1,6146,6270,6271,-1,6289,6282,6281,-1,6289,6056,6282,-1,6271,6283,6237,-1,6290,6283,6282,-1,6053,6284,6055,-1,6054,6048,6290,-1,6053,6052,6285,-1,6049,6048,6054,-1,6052,6291,6286,-1,6055,6284,6049,-1,6291,6274,6084,-1,6053,6285,6284,-1,6274,6094,6083,-1,6285,6052,6286,-1,6286,6291,6084,-1,6082,6086,6288,-1,6068,6083,6277,-1,6083,6084,6274,-1,6292,6288,6293,-1,6094,6081,6080,-1,6081,6086,6082,-1,6287,6288,6292,-1,6280,6082,6288,-1,6270,6282,6283,-1,6057,6056,6289,-1,6066,6060,6294,-1,6283,6290,6048,-1,6295,6290,6056,-1,6053,6055,6296,-1,6272,6054,6295,-1,6297,6298,6299,-1,6296,6055,6272,-1,6291,6052,6300,-1,6296,6051,6053,-1,6274,6291,6275,-1,6051,6300,6052,-1,6094,6274,6276,-1,6300,6275,6291,-1,6301,6085,6302,-1,6086,6301,6293,-1,6083,6094,6080,-1,6094,6276,6093,-1,6303,6293,6304,-1,6093,6085,6081,-1,6085,6301,6086,-1,6292,6293,6303,-1,6288,6086,6293,-1,6282,6056,6290,-1,6059,6058,6057,-1,6272,6305,6296,-1,6290,6295,6054,-1,6306,6295,6058,-1,6296,6307,6051,-1,6306,6305,6272,-1,6300,6051,6308,-1,6296,6305,6307,-1,6275,6300,6309,-1,6307,6308,6051,-1,6275,6310,6276,-1,6308,6309,6300,-1,6276,6298,6093,-1,6309,6310,6275,-1,6093,6297,6085,-1,6298,6276,6310,-1,6301,6091,6304,-1,6297,6093,6298,-1,6311,6304,6090,-1,6302,6085,6297,-1,6302,6091,6301,-1,6303,6304,6311,-1,6293,6301,6304,-1,6056,6058,6295,-1,6294,6060,6059,-1,6305,6312,6307,-1,6295,6306,6272,-1,6060,6313,6306,-1,6308,6307,6314,-1,6313,6312,6305,-1,6309,6308,6315,-1,6307,6312,6314,-1,6310,6309,6316,-1,6308,6314,6315,-1,6298,6310,6317,-1,6315,6316,6309,-1,6092,6318,6319,-1,6316,6317,6310,-1,6297,6320,6302,-1,6317,6299,6298,-1,6091,6302,6318,-1,6297,6299,6320,-1,6321,6090,6089,-1,6302,6320,6318,-1,6318,6092,6091,-1,6311,6090,6321,-1,6304,6091,6090,-1,6058,6060,6306,-1,6322,6066,6294,-1,6312,6061,6314,-1,6306,6313,6305,-1,6066,6065,6313,-1,6315,6314,6323,-1,6065,6061,6312,-1,6316,6315,6324,-1,6314,6061,6323,-1,6317,6316,6325,-1,6315,6323,6324,-1,6299,6317,6326,-1,6316,6324,6325,-1,6320,6299,6327,-1,6317,6325,6326,-1,6318,6320,6328,-1,6326,6327,6299,-1,6329,6089,6092,-1,6327,6328,6320,-1,6087,6329,6097,-1,6319,6318,6328,-1,6329,6092,6319,-1,6321,6089,6088,-1,6090,6092,6089,-1,6060,6066,6313,-1,6067,6322,6330,-1,5642,6063,6062,-1,6313,6065,6312,-1,6065,6067,6062,-1,6063,6331,6323,-1,6323,6061,6063,-1,6331,6332,6324,-1,6324,6323,6331,-1,6332,6333,6325,-1,6325,6324,6332,-1,6333,6334,6326,-1,6326,6325,6333,-1,6334,6335,6327,-1,6327,6326,6334,-1,6335,6336,6328,-1,6328,6327,6335,-1,6336,6337,6319,-1,6319,6328,6336,-1,6337,6097,6329,-1,6329,6319,6337,-1,6097,5659,6096,-1,6088,6087,6095,-1,6089,6329,6087,-1,6322,6067,6066,-1,5618,6067,6330,-1,5642,6062,5640,-1,6061,6065,6062,-1,5642,5641,6063,-1,6063,5641,6331,-1,5641,5638,6331,-1,6331,5638,6332,-1,5638,5647,6332,-1,6332,5647,6333,-1,5647,5650,6333,-1,5650,5651,6334,-1,5650,6334,6333,-1,5651,5653,6335,-1,5651,6335,6334,-1,5653,5654,6336,-1,5653,6336,6335,-1,5654,5658,6337,-1,5654,6337,6336,-1,5658,5659,6097,-1,5658,6097,6337,-1,5659,5661,6096,-1,5661,6079,6096,-1,6095,6096,6079,-1,6222,5594,6233,-1,6222,6211,5576,-1,5576,5594,6222,-1,5577,6211,6200,-1,6211,5577,5576,-1,6189,5559,6200,-1,5577,6200,5559,-1,6179,5558,5559,-1,5559,6189,6179,-1,5558,6168,5572,-1,6168,5558,6179,-1,5573,5572,6101,-1,6168,6101,5572,-1,6100,5597,5573,-1,5573,6101,6100,-1,5597,5995,5601,-1,5995,5597,6100,-1,5601,6136,6125,-1,5995,6136,5601,-1,6112,5600,6125,-1,5601,6125,5600,-1,6112,6098,5568,-1,5568,5600,6112,-1,5569,6098,5990,-1,6098,5569,5568,-1,5989,5565,5990,-1,5569,5990,5565,-1,5989,5631,5562,-1,5562,5565,5989,-1,6244,6233,5579,-1,5594,5579,6233,-1,5579,5593,6255,-1,6255,6244,5579,-1,6193,5593,5582,-1,5593,6193,6255,-1,5583,6147,5582,-1,6193,5582,6147,-1,5583,5591,6148,-1,6148,6147,5583,-1,6281,5591,5586,-1,5591,6281,6148,-1,5586,6057,6289,-1,6281,5586,6289,-1,6057,5587,6059,-1,5587,6057,5586,-1,6294,6059,5589,-1,5587,5589,6059,-1,5588,6322,6294,-1,6294,5589,5588,-1,6322,5585,6330,-1,5585,6322,5588,-1,5585,5584,6330,-1,6330,5584,5618,-1,468,460,405,-1,512,515,6338,-1,515,468,405,-1,6338,506,505,-1,505,512,6338,-1,407,405,466,-1,460,466,405,-1,6338,515,405,-1,6338,403,6339,-1,403,6338,405,-1,403,402,6339,-1,6340,6339,402,-1,6340,401,6341,-1,401,6340,402,-1,401,400,6341,-1,6341,400,6342,-1,6338,6339,6343,-1,416,506,6338,-1,417,416,6344,-1,6341,6342,6340,-1,6340,6342,6343,-1,6338,6343,6344,-1,6343,6339,6340,-1,6338,6344,416,-1,165,398,396,-1,394,17,396,-1,396,17,165,-1,17,386,6345,-1,17,394,386,-1,386,392,435,-1,435,427,6345,-1,6345,386,435,-1,6346,406,6347,-1,6348,6349,6350,-1,6351,417,6352,-1,6344,6349,6353,-1,6348,6353,6349,-1,6354,6344,6355,-1,6344,6353,6355,-1,6344,6356,6357,-1,6344,6354,6356,-1,6357,6358,6344,-1,6358,6359,6344,-1,6360,417,6359,-1,6344,6359,417,-1,6361,417,6362,-1,417,6360,6362,-1,417,6361,6352,-1,6363,409,6351,-1,6364,6365,6366,-1,406,409,6363,-1,6367,406,6363,-1,6367,6347,406,-1,406,6368,6369,-1,6368,406,6346,-1,406,6369,6370,-1,6371,6370,6372,-1,6370,6371,406,-1,6365,6371,6373,-1,6372,6374,6371,-1,6371,6365,6364,-1,6373,6371,6374,-1,417,6351,409,-1,404,6371,6375,-1,6371,404,406,-1,6376,6375,6377,-1,6378,6379,6380,-1,6343,6342,6381,-1,404,6382,6383,-1,6384,6385,6386,-1,6387,6375,6380,-1,6378,6380,6375,-1,6375,6388,6377,-1,6375,6387,6388,-1,6375,6376,404,-1,404,6376,6382,-1,6383,6389,404,-1,6390,6391,6392,-1,6393,6394,6391,-1,6395,6390,6392,-1,6396,6397,6398,-1,6399,6400,6401,-1,6402,6403,6404,-1,6405,6406,6407,-1,6342,6408,6381,-1,6409,6404,6410,-1,6409,6411,6404,-1,6411,6412,6404,-1,6343,6381,6413,-1,6414,6343,6415,-1,6343,6416,6417,-1,6414,6416,6343,-1,6418,6405,6343,-1,6418,6343,6417,-1,6405,6418,6406,-1,6412,6415,6343,-1,6404,6412,6413,-1,6412,6343,6413,-1,6419,6402,6404,-1,6420,6421,6422,-1,6423,6424,6404,-1,6425,6426,6427,-1,6426,6428,6427,-1,6429,6381,6408,-1,6425,6384,6426,-1,6430,6431,6432,-1,6425,6433,6434,-1,6435,6436,6422,-1,6437,6436,6438,-1,6439,6430,6440,-1,6420,6441,6421,-1,6442,6443,6444,-1,6421,6435,6422,-1,6445,6446,6447,-1,6448,6449,6385,-1,6384,6450,6451,-1,6384,6452,6450,-1,6384,6386,6452,-1,6384,6451,6453,-1,6404,6384,6453,-1,6419,6404,6453,-1,6410,6404,6424,-1,6403,6454,6404,-1,6454,6423,6404,-1,6410,6424,6455,-1,6455,6424,6456,-1,6455,6456,6457,-1,6457,6456,6458,-1,6431,6459,6460,-1,6458,6460,6459,-1,6430,6432,6440,-1,6461,6441,6462,-1,6430,6439,6461,-1,6443,6457,6444,-1,6430,6461,6463,-1,6464,6465,6466,-1,6446,6467,6447,-1,6468,6469,6470,-1,6384,6471,6472,-1,6465,6468,6470,-1,6473,6474,6433,-1,6475,6465,6470,-1,6466,6465,6475,-1,6438,6436,6435,-1,6476,6477,6478,-1,6477,6476,6464,-1,6476,6465,6464,-1,6442,6465,6476,-1,6442,6476,6479,-1,6479,6480,6481,-1,6481,6443,6479,-1,6482,6483,6484,-1,6485,6486,6487,-1,6488,6489,6490,-1,6483,6491,6492,-1,6447,6467,6437,-1,6493,6436,6437,-1,6462,6441,6420,-1,6441,6461,6439,-1,6458,6459,6457,-1,6431,6430,6459,-1,6444,6457,6459,-1,6494,6495,6401,-1,6480,6496,6481,-1,6443,6442,6479,-1,6443,6495,6457,-1,6457,6495,6395,-1,6497,6493,6498,-1,6401,6495,6499,-1,6500,6494,6401,-1,6501,6400,6399,-1,6502,6503,6497,-1,6504,6505,6389,-1,6397,6395,6494,-1,6400,6506,6507,-1,6395,6495,6494,-1,6390,6395,6397,-1,6396,6390,6397,-1,6508,6509,6510,-1,6511,6392,6391,-1,6391,6512,6511,-1,6394,6512,6391,-1,6393,6391,6513,-1,6512,6505,6504,-1,6511,6512,6504,-1,6509,6508,6514,-1,6515,6516,6517,-1,6518,6519,6520,-1,6520,6521,6518,-1,6522,6520,6523,-1,6505,6524,6389,-1,6517,6525,6526,-1,6389,6524,404,-1,6515,6527,6528,-1,404,6524,6529,-1,404,6529,6530,-1,404,6530,6531,-1,404,6531,6532,-1,6522,6533,6534,-1,404,6532,6534,-1,6522,6535,6536,-1,6516,6515,6528,-1,6517,6535,6515,-1,6537,6510,6538,-1,6526,6536,6517,-1,6391,6508,6539,-1,6535,6517,6536,-1,6523,6535,6522,-1,6521,6520,6522,-1,6540,6541,6533,-1,6521,6522,6534,-1,6542,6543,6544,-1,6545,6546,6547,-1,6542,6548,6547,-1,6549,6544,6543,-1,6542,6544,6548,-1,6550,6551,6552,-1,6551,6553,6508,-1,6507,6551,6508,-1,6542,6547,6554,-1,6507,6500,6400,-1,6547,6546,6554,-1,6545,6540,6546,-1,6545,6555,6540,-1,6540,6556,6541,-1,6555,6556,6540,-1,6533,6522,6540,-1,404,6533,6557,-1,6534,6533,404,-1,6533,6558,6557,-1,6559,6560,6561,-1,6562,6563,6564,-1,6562,6565,6563,-1,6566,6550,6552,-1,6553,6514,6508,-1,6539,6508,6537,-1,6567,6538,6568,-1,6568,6538,6510,-1,6510,6537,6508,-1,6569,6391,6539,-1,6513,6391,6569,-1,6570,6408,6342,-1,6427,6381,6429,-1,6427,6429,6425,-1,6434,6433,6571,-1,6572,6573,6574,-1,6342,6433,6575,-1,6575,6576,6570,-1,6342,6575,6570,-1,6473,6433,6577,-1,6488,6578,6489,-1,6577,6433,6342,-1,6579,6488,6490,-1,6580,6581,6582,-1,6583,6485,6584,-1,6577,6585,6586,-1,6585,6587,6586,-1,400,6588,6589,-1,6585,6577,6342,-1,6433,6590,6571,-1,6433,6591,6590,-1,6433,6474,6591,-1,6385,6384,6448,-1,6592,6425,6593,-1,6425,6434,6593,-1,6425,6592,6594,-1,6425,6594,6471,-1,6425,6471,6384,-1,6472,6448,6384,-1,6449,6445,6385,-1,6449,6446,6445,-1,6467,6493,6437,-1,6574,6467,6572,-1,6484,6595,6482,-1,6573,6595,6484,-1,6596,6578,6492,-1,6483,6482,6491,-1,6488,6579,6585,-1,6587,6585,6579,-1,6488,6597,6578,-1,6487,6486,6598,-1,6400,6501,6487,-1,6599,6600,6601,-1,6602,6603,6604,-1,6342,6605,6585,-1,6488,6606,6597,-1,6607,6608,6609,-1,6610,6611,6612,-1,6613,6611,6610,-1,6612,6606,6610,-1,6610,6606,6488,-1,6614,6615,6580,-1,6489,6578,6596,-1,6580,6615,6616,-1,6596,6492,6491,-1,6580,6616,6581,-1,6584,6503,6502,-1,6617,6615,6618,-1,6574,6493,6467,-1,6619,6620,6616,-1,6595,6573,6572,-1,6621,6617,6618,-1,6574,6498,6493,-1,6622,6608,6623,-1,6498,6502,6497,-1,6608,6622,6621,-1,6616,6617,6619,-1,6624,6625,6608,-1,6502,6583,6584,-1,6583,6486,6485,-1,6496,6485,6487,-1,6626,6599,6598,-1,6599,6487,6598,-1,6627,6600,6624,-1,6600,6599,6625,-1,6607,6624,6608,-1,6614,6580,6628,-1,6617,6616,6615,-1,6621,6618,6608,-1,6608,6618,6609,-1,6629,6630,6605,-1,6400,6500,6401,-1,6631,6632,6633,-1,6604,6634,6635,-1,6605,6636,6624,-1,6605,6630,6636,-1,6634,6631,6633,-1,6637,6634,6633,-1,6342,6589,6605,-1,6635,6634,6637,-1,6589,6638,6605,-1,6605,6638,6639,-1,6603,6602,6640,-1,6603,6634,6604,-1,6507,6506,6641,-1,6603,6506,6634,-1,6506,6603,6641,-1,6642,6641,6643,-1,6507,6641,6642,-1,6644,6642,6643,-1,6645,6642,6644,-1,6642,6645,400,-1,400,6645,6588,-1,400,6589,6342,-1,6605,6639,6629,-1,6627,6624,6636,-1,6625,6624,6600,-1,6625,6599,6626,-1,6487,6501,6481,-1,6487,6481,6496,-1,6561,6562,6564,-1,6553,6551,6550,-1,400,6646,6642,-1,6508,6500,6507,-1,6552,6551,6647,-1,6648,6647,6551,-1,400,6649,6646,-1,6563,6565,6552,-1,6565,6566,6552,-1,6564,6563,6649,-1,6558,6559,6557,-1,6563,6646,6649,-1,6564,6559,6561,-1,6560,6559,6558,-1,400,6650,6649,-1,6557,6559,6651,-1,400,404,6557,-1,400,6557,6652,-1,400,6652,6650,-1,6653,6654,6655,-1,6656,6657,6658,-1,6658,6659,6656,-1,6657,6660,6658,-1,6660,6661,6658,-1,6662,6663,6664,-1,6665,6662,6664,-1,6663,6662,6660,-1,6666,6662,6667,-1,6666,6667,6668,-1,6667,6669,6670,-1,6670,6668,6667,-1,6662,6666,6660,-1,6660,6666,6661,-1,6671,6661,6672,-1,6661,6666,6672,-1,6673,6661,6671,-1,6674,6675,6676,-1,6677,6678,6679,-1,6679,6680,6677,-1,6678,6681,6679,-1,6681,6682,6679,-1,6683,6684,6685,-1,6686,6683,6685,-1,6684,6683,6681,-1,6687,6683,6688,-1,6687,6688,6689,-1,6688,6690,6691,-1,6691,6689,6688,-1,6683,6687,6681,-1,6681,6687,6682,-1,6692,6682,6693,-1,6682,6687,6693,-1,6694,6682,6692,-1,6364,6375,6371,-1,6343,6349,6344,-1,6695,6696,6697,-1,6698,6364,6696,-1,6697,6349,6695,-1,6695,6349,6405,-1,6343,6405,6349,-1,6695,6698,6696,-1,6698,6378,6364,-1,6375,6364,6378,-1,6378,6698,6699,-1,6699,6379,6378,-1,6350,6406,6348,-1,6380,6366,6365,-1,6699,6700,6701,-1,6702,6350,6700,-1,6701,6366,6699,-1,6699,6366,6379,-1,6380,6379,6366,-1,6699,6702,6700,-1,6702,6407,6350,-1,6406,6350,6407,-1,6355,6417,6354,-1,6418,6355,6353,-1,6406,6418,6353,-1,6418,6417,6355,-1,6406,6353,6348,-1,6354,6417,6416,-1,6416,6414,6356,-1,6356,6354,6416,-1,6356,6414,6357,-1,6414,6415,6357,-1,6358,6415,6412,-1,6358,6357,6415,-1,6360,6409,6362,-1,6411,6360,6359,-1,6412,6411,6359,-1,6411,6409,6360,-1,6412,6359,6358,-1,6362,6409,6410,-1,6410,6455,6361,-1,6361,6362,6410,-1,6361,6455,6352,-1,6455,6457,6352,-1,6351,6457,6395,-1,6351,6352,6457,-1,6367,6511,6347,-1,6392,6367,6363,-1,6395,6392,6363,-1,6392,6511,6367,-1,6395,6363,6351,-1,6347,6511,6504,-1,6504,6389,6346,-1,6346,6347,6504,-1,6346,6389,6368,-1,6389,6383,6368,-1,6369,6383,6382,-1,6369,6368,6383,-1,6372,6377,6374,-1,6376,6372,6370,-1,6382,6376,6370,-1,6376,6377,6372,-1,6382,6370,6369,-1,6374,6377,6388,-1,6388,6387,6373,-1,6373,6374,6388,-1,6373,6387,6365,-1,6387,6380,6365,-1,6695,6405,6407,-1,6407,6702,6695,-1,6698,6695,6702,-1,6702,6699,6698,-1,6696,6364,6366,-1,6366,6701,6696,-1,6697,6696,6701,-1,6701,6700,6697,-1,6349,6697,6700,-1,6700,6350,6349,-1,6703,6704,6705,-1,6703,6705,6706,-1,6706,6705,6707,-1,6705,6708,6709,-1,6705,6709,6707,-1,6710,6711,6712,-1,6713,6714,6715,-1,6713,6716,6714,-1,6717,6710,6718,-1,6712,6716,6718,-1,6712,6718,6710,-1,6711,6719,6720,-1,6716,6713,6718,-1,6711,6720,6712,-1,6720,6719,6716,-1,6714,6716,6719,-1,6721,6722,6723,-1,6724,6725,6726,-1,6727,6728,6729,-1,6722,6721,6730,-1,6731,6729,6728,-1,6731,6732,6729,-1,6727,6724,6733,-1,6734,6735,6736,-1,6725,6736,6726,-1,6737,6738,6739,-1,6740,6737,6741,-1,6738,6737,6740,-1,6738,6735,6739,-1,6721,6742,6743,-1,6739,6735,6734,-1,6734,6736,6725,-1,6726,6733,6724,-1,6733,6728,6727,-1,6744,6731,6745,-1,6731,6744,6732,-1,6745,6746,6747,-1,6731,6746,6745,-1,6747,6746,6748,-1,6721,6748,6742,-1,6748,6746,6742,-1,6721,6743,6730,-1,6749,6750,6751,-1,6752,6753,6754,-1,6755,6756,6757,-1,6758,6759,6760,-1,6761,6762,6752,-1,6763,6762,6764,-1,6751,6765,6749,-1,6765,6763,6766,-1,6750,6749,6767,-1,6750,6767,6768,-1,6769,6770,6771,-1,6772,6773,6768,-1,6774,6770,6773,-1,6775,6776,6760,-1,6777,6776,6778,-1,6755,6757,6778,-1,6779,6780,6781,-1,6778,6757,6777,-1,6780,6782,6781,-1,6783,6784,6782,-1,6778,6776,6775,-1,6776,6758,6760,-1,6759,6769,6760,-1,6759,6770,6769,-1,6771,6770,6774,-1,6774,6773,6772,-1,6785,6786,6787,-1,6772,6768,6767,-1,6749,6765,6766,-1,6763,6764,6766,-1,6762,6761,6764,-1,6762,6753,6752,-1,6754,6779,6752,-1,6788,6783,6782,-1,6754,6780,6779,-1,6787,6788,6782,-1,6788,6787,6786,-1,6781,6782,6784,-1,6789,6790,6791,-1,6792,6793,6794,-1,6795,6789,6796,-1,6797,6796,6798,-1,6799,6800,6801,-1,6802,6803,6799,-1,6804,6801,6800,-1,6805,6806,6793,-1,6807,6808,6809,-1,6810,6811,6806,-1,6812,6813,6810,-1,6813,6814,6810,-1,6815,6816,6817,-1,6816,6818,6817,-1,6818,6819,6817,-1,6820,6819,6818,-1,6792,6820,6818,-1,6821,6798,6822,-1,6822,6815,6823,-1,6822,6816,6815,-1,6820,6792,6794,-1,6793,6792,6805,-1,6793,6806,6811,-1,6810,6806,6812,-1,6814,6813,6824,-1,6824,6808,6807,-1,6813,6808,6824,-1,6809,6801,6804,-1,6808,6801,6809,-1,6799,6803,6800,-1,6825,6802,6826,-1,6802,6825,6803,-1,6826,6827,6828,-1,6802,6827,6826,-1,6829,6827,6830,-1,6828,6827,6829,-1,6829,6831,6832,-1,6830,6831,6829,-1,6790,6831,6791,-1,6832,6831,6790,-1,6789,6795,6790,-1,6789,6798,6796,-1,6797,6798,6821,-1,6821,6822,6823,-1,6833,6834,6835,-1,6835,6836,6837,-1,6835,6838,6833,-1,6835,6839,6836,-1,6835,6837,6838,-1,6840,6841,6842,-1,6841,6843,6842,-1,6844,6845,6846,-1,6841,6847,6843,-1,6848,6849,6850,-1,6844,6846,6851,-1,6845,6844,6852,-1,6853,6845,6852,-1,6853,6854,6855,-1,6856,6857,6849,-1,6858,6848,6859,-1,6858,6859,6860,-1,6848,6850,6859,-1,6861,6862,6863,-1,6864,6865,6866,-1,6857,6856,6855,-1,6850,6849,6857,-1,6855,6856,6853,-1,6854,6853,6852,-1,6867,6868,6869,-1,6851,6870,6871,-1,6846,6870,6851,-1,6867,6870,6868,-1,6871,6870,6867,-1,6872,6868,6873,-1,6869,6868,6872,-1,6872,6873,6842,-1,6842,6873,6874,-1,6875,6876,6877,-1,6876,6840,6877,-1,6875,6878,6876,-1,6864,6862,6865,-1,6874,6877,6840,-1,6879,6847,6880,-1,6874,6840,6842,-1,6881,6847,6879,-1,6847,6881,6843,-1,6847,6882,6880,-1,6880,6882,6883,-1,6884,6885,6886,-1,6882,6884,6883,-1,6887,6888,6865,-1,6889,6890,6887,-1,6891,6892,6893,-1,6894,6891,6893,-1,6892,6890,6893,-1,6891,6894,6895,-1,6889,6893,6890,-1,6890,6888,6887,-1,6888,6866,6865,-1,6863,6862,6864,-1,6861,6863,6886,-1,6886,6885,6861,-1,6896,6884,6886,-1,6884,6896,6883,-1,6897,6898,6899,-1,6900,6901,6902,-1,6900,6903,6901,-1,6904,6897,6905,-1,6899,6903,6905,-1,6899,6905,6897,-1,6898,6906,6907,-1,6903,6900,6905,-1,6898,6907,6899,-1,6907,6906,6903,-1,6901,6903,6906,-1,6908,6909,6910,-1,6908,6910,6911,-1,6911,6910,6912,-1,6910,6913,6914,-1,6910,6914,6912,-1,6915,6916,6917,-1,6918,6919,6920,-1,6921,6922,6923,-1,6916,6915,6924,-1,6925,6923,6922,-1,6925,6926,6923,-1,6921,6918,6927,-1,6928,6929,6930,-1,6919,6930,6920,-1,6931,6932,6933,-1,6934,6931,6935,-1,6932,6931,6934,-1,6932,6929,6933,-1,6915,6936,6937,-1,6933,6929,6928,-1,6928,6930,6919,-1,6920,6927,6918,-1,6927,6922,6921,-1,6938,6925,6939,-1,6925,6938,6926,-1,6939,6940,6941,-1,6925,6940,6939,-1,6941,6940,6942,-1,6915,6942,6936,-1,6942,6940,6936,-1,6915,6937,6924,-1,6943,6944,6945,-1,6946,6947,6948,-1,6949,6943,6950,-1,6951,6950,6952,-1,6953,6954,6955,-1,6956,6957,6953,-1,6958,6955,6954,-1,6959,6960,6947,-1,6961,6962,6963,-1,6964,6965,6960,-1,6966,6967,6964,-1,6967,6968,6964,-1,6969,6970,6971,-1,6970,6972,6971,-1,6972,6973,6971,-1,6974,6973,6972,-1,6946,6974,6972,-1,6975,6952,6976,-1,6976,6969,6977,-1,6976,6970,6969,-1,6974,6946,6948,-1,6947,6946,6959,-1,6947,6960,6965,-1,6964,6960,6966,-1,6968,6967,6978,-1,6978,6962,6961,-1,6967,6962,6978,-1,6963,6955,6958,-1,6962,6955,6963,-1,6953,6957,6954,-1,6979,6956,6980,-1,6956,6979,6957,-1,6980,6981,6982,-1,6956,6981,6980,-1,6983,6981,6984,-1,6982,6981,6983,-1,6983,6985,6986,-1,6984,6985,6983,-1,6944,6985,6945,-1,6986,6985,6944,-1,6943,6949,6944,-1,6943,6952,6950,-1,6951,6952,6975,-1,6975,6976,6977,-1,6987,6988,6989,-1,6989,6990,6991,-1,6989,6992,6987,-1,6989,6993,6990,-1,6989,6991,6992,-1,506,416,418,-1,506,418,516,-1,424,419,518,-1,521,419,425,-1,419,521,518,-1,426,520,425,-1,521,425,520,-1,499,520,426,-1,519,424,518,-1,519,517,423,-1,423,424,519,-1,422,517,516,-1,517,422,423,-1,422,516,418,-1,499,428,485,-1,428,499,426,-1,432,431,483,-1,484,431,433,-1,431,484,483,-1,430,488,433,-1,484,433,488,-1,491,488,430,-1,486,432,483,-1,486,487,434,-1,434,432,486,-1,429,487,485,-1,487,429,434,-1,429,485,428,-1,491,435,392,-1,435,491,430,-1,6994,17,6345,-1,17,6994,1,-1,6995,6996,6997,-1,412,6998,411,-1,6999,7000,6994,-1,7001,7002,7003,-1,7004,6996,6994,-1,6995,6994,6996,-1,6994,7000,7005,-1,6994,7005,7004,-1,6994,6345,6999,-1,6345,7006,6999,-1,6345,7007,7008,-1,7006,6345,7008,-1,6345,7009,7010,-1,7007,6345,7010,-1,7011,7012,427,-1,7009,6345,7013,-1,7013,427,7012,-1,7011,427,411,-1,411,7014,7015,-1,7011,411,7015,-1,7014,411,7016,-1,7016,411,6998,-1,7017,6998,412,-1,7018,7019,412,-1,412,7020,7021,-1,7018,412,7021,-1,7022,412,7001,-1,7022,7020,412,-1,7001,7003,7022,-1,7017,412,7019,-1,7013,6345,427,-1,3,1,6995,-1,7023,7024,7025,-1,7001,36,7024,-1,42,36,7001,-1,7001,412,42,-1,3,6995,7025,-1,7023,7001,7024,-1,6995,7026,7025,-1,7023,7025,7026,-1,1,6994,6995,-1,7025,4,3,-1,4,7025,7027,-1,4,7027,6997,-1,37,7003,7002,-1,7028,7029,7030,-1,7028,7030,7002,-1,7030,38,7002,-1,37,7002,38,-1,7030,7029,7027,-1,4,6997,5,-1,7027,7029,6997,-1,6997,6996,5,-1,16,7005,2,-1,7004,16,15,-1,16,7004,7005,-1,6996,7004,15,-1,6996,15,5,-1,7005,7000,2,-1,7000,6999,0,-1,0,2,7000,-1,0,6999,9,-1,6999,7006,9,-1,9,7008,10,-1,7008,9,7006,-1,20,7010,24,-1,7007,20,19,-1,20,7007,7010,-1,7008,7007,19,-1,7008,19,10,-1,7010,7009,24,-1,7009,7013,25,-1,25,24,7009,-1,25,7013,21,-1,7013,7012,21,-1,21,7011,41,-1,7011,21,7012,-1,62,7014,12,-1,7015,62,93,-1,62,7015,7014,-1,7011,7015,93,-1,7011,93,41,-1,7014,7016,12,-1,7016,6998,13,-1,13,12,7016,-1,13,6998,46,-1,6998,7017,46,-1,46,7019,48,-1,7019,46,7017,-1,49,7021,50,-1,7018,49,47,-1,49,7018,7021,-1,7019,7018,47,-1,7019,47,48,-1,7021,7020,50,-1,7020,7022,51,-1,51,50,7020,-1,51,7022,37,-1,7022,7003,37,-1,6995,7029,7026,-1,7029,6995,6997,-1,7026,7028,7023,-1,7028,7026,7029,-1,7023,7002,7001,-1,7002,7023,7028,-1,36,7030,7024,-1,7030,36,38,-1,7024,7027,7025,-1,7027,7024,7030,-1,448,408,407,-1,408,448,441,-1,7031,7032,7033,-1,7034,7035,7036,-1,7037,7038,7033,-1,7033,7038,7031,-1,7039,7033,7040,-1,7040,7041,7039,-1,7042,7043,7044,-1,7045,7046,7044,-1,7047,7048,7049,-1,7050,7051,7052,-1,7053,7052,7054,-1,7055,7056,7057,-1,7058,7059,7057,-1,7057,7059,7055,-1,7058,7057,7050,-1,7050,7052,7058,-1,7060,7052,7051,-1,7061,7051,7050,-1,7044,7053,7054,-1,7054,7052,7060,-1,7062,7063,7064,-1,7044,7046,7053,-1,7065,7066,7067,-1,7068,7062,7064,-1,7069,7067,7070,-1,7064,7067,7069,-1,7065,7067,7071,-1,7072,7067,7073,-1,7067,7072,7071,-1,7074,7073,7067,-1,7075,7076,7066,-1,7066,7077,7075,-1,7066,7078,7077,-1,7079,7080,7081,-1,7082,7081,7080,-1,7083,7084,7081,-1,7083,7085,7084,-1,7085,7083,7086,-1,7087,7088,7048,-1,7084,7089,7081,-1,7079,7081,7089,-1,7042,7090,7091,-1,7078,7079,7092,-1,7089,7092,7079,-1,7092,7077,7078,-1,7093,7094,7042,-1,7067,7066,7095,-1,7076,7095,7066,-1,7067,7095,7070,-1,7096,7064,7069,-1,7097,7062,7068,-1,7068,7064,7096,-1,7097,7098,7099,-1,7098,7097,7068,-1,7093,7098,7094,-1,7099,7098,7093,-1,7093,7042,7044,-1,7088,7087,7100,-1,7047,7101,7087,-1,7087,7048,7047,-1,7034,7100,7087,-1,7034,7102,7103,-1,7034,7104,7105,-1,7036,7104,7034,-1,7034,7105,7102,-1,7106,7107,7037,-1,7041,7045,7044,-1,7108,7090,7048,-1,7049,7048,7090,-1,7090,7108,7109,-1,7091,7043,7042,-1,7090,7109,7091,-1,7044,7110,7041,-1,7044,7043,7110,-1,7045,7041,7040,-1,7106,7033,7039,-1,7111,7102,7037,-1,7033,7106,7037,-1,7037,7107,7111,-1,7112,7102,7111,-1,7103,7102,7113,-1,7102,7112,7113,-1,7034,7103,7100,-1,7114,7115,7116,-1,7117,7118,7119,-1,7115,7120,7116,-1,7121,7122,7123,-1,7124,7125,7126,-1,7127,7128,7129,-1,7130,7131,7132,-1,7133,7134,7135,-1,7136,7137,7134,-1,7136,7138,7137,-1,7135,7129,7133,-1,7139,7138,7132,-1,7140,7141,7123,-1,7128,7141,7142,-1,7143,7144,7145,-1,7146,7147,7121,-1,7125,7148,7126,-1,7149,7148,7114,-1,7150,7151,7152,-1,7146,7144,7143,-1,7151,7153,7120,-1,7120,7153,7116,-1,7131,7130,7154,-1,7154,7155,7156,-1,7119,7157,7158,-1,7117,7150,7152,-1,7155,7118,7156,-1,7119,7118,7155,-1,7139,7132,7131,-1,7156,7131,7154,-1,7139,7137,7138,-1,7133,7136,7134,-1,7135,7127,7129,-1,7127,7141,7128,-1,7142,7141,7140,-1,7140,7123,7122,-1,7122,7121,7147,-1,7147,7146,7143,-1,7144,7124,7145,-1,7145,7124,7126,-1,7114,7148,7125,-1,7158,7157,7159,-1,7158,7117,7119,-1,7152,7118,7117,-1,7160,7159,7157,-1,7152,7151,7161,-1,7120,7161,7151,-1,7149,7116,7159,-1,7114,7116,7149,-1,7149,7159,7160,-1,7162,7163,7164,-1,7165,7166,7167,-1,7168,7169,7170,-1,7171,7172,7173,-1,7173,7174,7175,-1,7176,7169,7177,-1,7178,7179,7170,-1,7180,7181,7178,-1,7182,7181,7180,-1,7180,7183,7182,-1,7164,7184,7185,-1,7183,7186,7187,-1,7188,7189,7162,-1,7190,7189,7188,-1,7191,7190,7188,-1,7192,7193,7194,-1,7195,7196,7194,-1,7197,7198,7195,-1,7167,7166,7197,-1,7175,7199,7200,-1,7166,7198,7197,-1,7198,7196,7195,-1,7196,7192,7194,-1,7193,7191,7194,-1,7193,7190,7191,-1,7162,7189,7163,-1,7163,7184,7164,-1,7184,7186,7185,-1,7185,7186,7183,-1,7187,7182,7183,-1,7178,7181,7179,-1,7170,7179,7168,-1,7168,7177,7169,-1,7176,7171,7169,-1,7176,7172,7171,-1,7172,7174,7173,-1,7174,7199,7175,-1,7199,7201,7200,-1,7202,7203,7204,-1,7205,7206,7207,-1,7208,7209,7210,-1,7211,7210,7209,-1,7212,7213,7214,-1,7215,7216,7211,-1,7212,7207,7217,-1,7218,7219,7205,-1,7220,7221,7218,-1,7222,7221,7220,-1,7220,7223,7222,-1,7223,7224,7225,-1,7223,7226,7222,-1,7223,7225,7226,-1,7218,7221,7219,-1,7219,7206,7205,-1,7206,7217,7207,-1,7212,7214,7207,-1,7213,7215,7214,-1,7213,7216,7215,-1,7216,7210,7211,-1,7208,7203,7209,-1,7208,7204,7203,-1,7204,7227,7202,-1,7228,7229,7230,-1,7231,7232,7233,-1,7230,7234,7235,-1,7236,7237,7238,-1,7239,7235,7234,-1,7228,7240,7241,-1,7241,7229,7228,-1,7242,7240,7238,-1,7243,7236,7238,-1,7244,7245,7246,-1,7230,7247,7234,-1,7248,7249,7250,-1,7251,7252,7253,-1,7254,7255,7256,-1,7247,7230,7229,-1,7257,7258,7259,-1,7260,7261,7258,-1,7262,7239,7234,-1,7262,7263,7239,-1,7264,7265,7266,-1,7267,7266,7263,-1,7268,7269,7270,-1,7268,7270,7271,-1,7250,7272,7271,-1,7252,7273,7255,-1,7246,7245,7253,-1,7251,7253,7245,-1,7252,7251,7273,-1,7273,7256,7255,-1,7254,7248,7255,-1,7254,7249,7248,-1,7249,7272,7250,-1,7272,7268,7271,-1,7264,7270,7269,-1,7269,7265,7264,-1,7266,7267,7264,-1,7267,7263,7262,-1,7274,7231,7275,-1,7232,7260,7233,-1,7240,7242,7241,-1,7242,7238,7237,-1,7236,7243,7276,-1,7276,7277,7278,-1,7243,7277,7276,-1,7278,7279,7257,-1,7277,7279,7278,-1,7279,7258,7257,-1,7259,7258,7261,-1,7261,7260,7232,-1,7233,7275,7231,-1,7275,7280,7274,-1,7274,7280,7281,-1,7282,7283,7284,-1,7285,7286,7287,-1,7288,7282,7289,-1,7290,7289,7291,-1,7292,7293,7294,-1,7295,7296,7292,-1,7297,7294,7293,-1,7298,7299,7286,-1,7300,7301,7302,-1,7303,7304,7299,-1,7305,7306,7303,-1,7306,7307,7303,-1,7308,7309,7310,-1,7309,7311,7310,-1,7311,7312,7310,-1,7313,7312,7311,-1,7285,7313,7311,-1,7314,7291,7315,-1,7315,7308,7316,-1,7315,7309,7308,-1,7313,7285,7287,-1,7286,7285,7298,-1,7286,7299,7304,-1,7303,7299,7305,-1,7307,7306,7317,-1,7317,7301,7300,-1,7306,7301,7317,-1,7302,7294,7297,-1,7301,7294,7302,-1,7292,7296,7293,-1,7318,7295,7319,-1,7295,7318,7296,-1,7319,7320,7321,-1,7295,7320,7319,-1,7322,7320,7323,-1,7321,7320,7322,-1,7322,7324,7325,-1,7323,7324,7322,-1,7283,7324,7284,-1,7325,7324,7283,-1,7282,7288,7283,-1,7282,7291,7289,-1,7290,7291,7314,-1,7314,7315,7316,-1,7326,7327,7328,-1,7329,7330,7331,-1,7332,7333,7334,-1,7327,7326,7335,-1,7336,7334,7333,-1,7336,7337,7334,-1,7332,7329,7338,-1,7339,7340,7341,-1,7330,7341,7331,-1,7342,7343,7344,-1,7345,7342,7346,-1,7343,7342,7345,-1,7343,7340,7344,-1,7326,7347,7348,-1,7344,7340,7339,-1,7339,7341,7330,-1,7331,7338,7329,-1,7338,7333,7332,-1,7349,7336,7350,-1,7336,7349,7337,-1,7350,7351,7352,-1,7336,7351,7350,-1,7352,7351,7353,-1,7326,7353,7347,-1,7353,7351,7347,-1,7326,7348,7335,-1,7354,7355,7356,-1,7357,7358,7359,-1,7360,7361,7362,-1,7355,7354,7363,-1,7364,7362,7361,-1,7364,7365,7362,-1,7360,7357,7366,-1,7367,7368,7369,-1,7358,7369,7359,-1,7370,7371,7372,-1,7373,7370,7374,-1,7371,7370,7373,-1,7371,7368,7372,-1,7354,7375,7376,-1,7372,7368,7367,-1,7367,7369,7358,-1,7359,7366,7357,-1,7366,7361,7360,-1,7377,7364,7378,-1,7364,7377,7365,-1,7378,7379,7380,-1,7364,7379,7378,-1,7380,7379,7381,-1,7354,7381,7375,-1,7381,7379,7375,-1,7354,7376,7363,-1,
        ]
    }
}
Shape{
    appearance Appearance {
        material  Material 	{
            diffuseColor 0.7529411764705882 0.7529411764705882 0.7529411764705882
            specularColor 0.7529411764705882 0.7529411764705882 0.7529411764705882
            ambientIntensity 1.0
            transparency 1.0
            shininess 0.5
        }
    }
    geometry IndexedFaceSet {
        ccw TRUE
        solid FALSE
        coord DEF co Coordinate {
            point [
                0.0079 -0.0018 9.2205, 0.0081 -0.0009 9.2205, 0.0071 0.004 9.2205, -0.0047 0.0066 9.2205, -0.0055 0.0061 9.2205, -0.0066 0.0047 9.2205, -0.0061 0.0055 9.2205, -0.0071 0.004 9.2205, -0.004 0.0071 9.2205, -0.0075 0.0031 9.2205, -0.0031 0.0075 9.2205, -0.0021 0.0078 9.2205, -0.0078 0.0021 9.2205, -0.0077 -0.0027 9.2205, -0.0073 -0.0036 9.2205, -0.008 0.0011 9.2205, -0.0079 -0.0018 9.2205, -0.0081 -0.0009 9.2205, -0.0082 0.0 9.2205, 0.0021 0.0078 9.2205, -0.0061 -0.0053 9.2205, -0.0047 -0.0066 9.2205, -0.004 -0.0071 9.2205, 0.0066 0.0047 9.2205, -0.0068 -0.0044 9.2205, -0.0055 -0.0061 9.2205, -0.0031 -0.0075 9.2205, 0.0021 -0.0078 9.2205, -0.0021 -0.0078 9.2205, -0.0011 -0.008 9.2205, 0.0011 -0.008 9.2205, -0.0 -0.0082 9.2205, 0.0077 -0.0027 9.2205, 0.004 -0.0071 9.2205, 0.0073 -0.0036 9.2205, 0.0031 -0.0075 9.2205, 0.0068 -0.0044 9.2205, 0.0047 -0.0066 9.2205, 0.0055 -0.0061 9.2205, 0.0061 -0.0053 9.2205, 0.0078 0.0021 9.2205, 0.0075 0.0031 9.2205, 0.008 0.0011 9.2205, 0.0082 0.0 9.2205, 0.004 0.0071 9.2205, 0.0031 0.0075 9.2205, 0.0061 0.0055 9.2205, 0.0055 0.0061 9.2205, 0.0047 0.0066 9.2205, 0.0011 0.008 9.2205, 0.0 0.0082 9.2205, -0.0011 0.008 9.2205
            ]
        }
        coordIndex [
            0,1,2,-1,3,4,5,-1,4,6,5,-1,7,8,3,-1,3,5,7,-1,8,9,10,-1,9,8,7,-1,11,10,12,-1,9,12,10,-1,13,14,15,-1,15,16,13,-1,16,15,17,-1,17,15,18,-1,12,14,19,-1,12,15,14,-1,20,21,22,-1,23,19,24,-1,22,24,20,-1,20,25,21,-1,24,22,26,-1,27,0,28,-1,24,26,28,-1,28,29,27,-1,27,29,30,-1,31,30,29,-1,32,33,34,-1,0,27,35,-1,36,37,38,-1,36,38,39,-1,37,34,33,-1,34,37,36,-1,35,33,32,-1,0,2,28,-1,35,32,0,-1,1,40,41,-1,1,41,2,-1,42,1,43,-1,42,40,1,-1,24,28,23,-1,23,28,2,-1,44,45,23,-1,23,45,19,-1,46,47,48,-1,48,44,46,-1,14,24,19,-1,46,44,23,-1,19,49,11,-1,12,19,11,-1,50,51,49,-1,49,51,11,-1,
        ]
    }
}