#VRML V2.0 utf8
# 3D model generated by easyeda2kicad.py (https://github.com/uPesy/easyeda2kicad.py)

Shape{
    appearance Appearance {
        material  Material 	{
            diffuseColor 0.25882352941176473 0.25882352941176473 0.25882352941176473
            specularColor 0.7529411764705882 0.7529411764705882 0.7529411764705882
            ambientIntensity 1.0
            transparency 1.0
            shininess 0.5
        }
    }
    geometry IndexedFaceSet {
        ccw TRUE
        solid FALSE
        coord DEF co Coordinate {
            point [
                0.9355 -0.4147 0.1918, 0.9355 -0.4147 0.1879, 0.9552 -0.4147 0.1879, 0.9552 -0.4147 0.1918, 1.2078 -0.532 0.1918, 1.2078 -0.532 0.1879, 1.2078 -0.3745 0.1879, 1.2078 -0.3745 0.1918, 1.1881 -0.3745 0.1879, 1.1881 -0.3745 0.1918, 1.1881 -0.5119 0.1879, 1.1881 -0.5119 0.1918, 1.0897 -0.5119 0.1879, 1.0897 -0.5119 0.1918, 1.0897 -0.532 0.1879, 1.0897 -0.532 0.1918, 1.0339 -0.4046 0.1879, 1.0536 -0.3979 0.1879, 1.0405 -0.4147 0.1879, 0.9388 -0.3979 0.1879, 1.0274 -0.5286 0.1879, 1.011 -0.5119 0.1879, 1.0241 -0.5085 0.1879, 0.9815 -0.5119 0.1879, 0.9651 -0.5286 0.1879, 0.9683 -0.5085 0.1879, 0.9519 -0.5219 0.1879, 0.9585 -0.5018 0.1879, 0.9815 -0.532 0.1879, 1.011 -0.532 0.1879, 1.0339 -0.5018 0.1879, 1.0405 -0.5219 0.1879, 1.0405 -0.4918 0.1879, 1.0536 -0.5085 0.1879, 1.0602 -0.4951 0.1879, 1.0438 -0.4784 0.1879, 1.0602 -0.4113 0.1879, 1.0438 -0.4281 0.1879, 1.0635 -0.4281 0.1879, 1.0635 -0.4784 0.1879, 1.0241 -0.3979 0.1879, 1.0405 -0.3845 0.1879, 1.0274 -0.3778 0.1879, 1.011 -0.3946 0.1879, 0.9815 -0.3745 0.1879, 1.011 -0.3745 0.1879, 0.9815 -0.3946 0.1879, 0.9683 -0.3979 0.1879, 0.9651 -0.3778 0.1879, 0.9585 -0.4046 0.1879, 0.9519 -0.3845 0.1879, 0.9388 -0.5085 0.1879, 0.9552 -0.4918 0.1879, 0.9355 -0.4918 0.1879, 0.9093 -0.532 0.1879, 0.8896 -0.4583 0.1879, 0.9093 -0.3745 0.1879, 0.8896 -0.4381 0.1879, 0.7912 -0.532 0.1879, 0.8896 -0.5119 0.1879, 0.8043 -0.4583 0.1879, 0.8043 -0.4381 0.1879, 0.8896 -0.3946 0.1879, 0.7912 -0.3946 0.1879, 0.7912 -0.3745 0.1879, 0.7912 -0.5119 0.1879, 0.637 -0.4951 0.1879, 0.6534 -0.4784 0.1879, 0.6567 -0.4918 0.1879, 0.6337 -0.4784 0.1879, 0.6534 -0.4281 0.1879, 0.6337 -0.4281 0.1879, 0.6435 -0.3979 0.1879, 0.6632 -0.4046 0.1879, 0.6567 -0.4147 0.1879, 0.6731 -0.3979 0.1879, 0.6567 -0.3845 0.1879, 0.6698 -0.3778 0.1879, 0.6862 -0.3946 0.1879, 0.6862 -0.3745 0.1879, 0.637 -0.4113 0.1879, 0.7452 -0.3946 0.1879, 0.7649 -0.3745 0.1879, 0.7452 -0.5119 0.1879, 0.7649 -0.532 0.1879, 0.6862 -0.5119 0.1879, 0.6698 -0.5286 0.1879, 0.6731 -0.5085 0.1879, 0.6632 -0.5018 0.1879, 0.6567 -0.5219 0.1879, 0.6435 -0.5085 0.1879, 0.6862 -0.532 0.1879, 0.4762 -0.532 0.1879, 0.5287 -0.3745 0.1879, 0.5123 -0.4784 0.1879, 0.5746 -0.4918 0.1879, 0.6074 -0.532 0.1879, 0.5878 -0.532 0.1879, 0.5714 -0.4784 0.1879, 0.4959 -0.532 0.1879, 0.509 -0.4918 0.1879, 0.5549 -0.3745 0.1879, 0.5418 -0.3879 0.1879, 0.9552 -0.4918 0.1918, 0.9355 -0.4918 0.1918, 0.9388 -0.5085 0.1918, 0.9519 -0.5219 0.1918, 0.9651 -0.5286 0.1918, 0.9815 -0.532 0.1918, 1.011 -0.532 0.1918, 1.0274 -0.5286 0.1918, 1.0405 -0.5219 0.1918, 1.0536 -0.5085 0.1918, 1.0602 -0.4951 0.1918, 1.0635 -0.4784 0.1918, 1.0635 -0.4281 0.1918, 1.0602 -0.4113 0.1918, 1.0536 -0.3979 0.1918, 1.0405 -0.3845 0.1918, 1.0274 -0.3778 0.1918, 1.011 -0.3745 0.1918, 0.9815 -0.3745 0.1918, 0.9651 -0.3778 0.1918, 0.9519 -0.3845 0.1918, 0.9388 -0.3979 0.1918, 0.9585 -0.5018 0.1918, 0.9683 -0.5085 0.1918, 0.9815 -0.5119 0.1918, 1.011 -0.5119 0.1918, 1.0241 -0.5085 0.1918, 1.0339 -0.5018 0.1918, 1.0405 -0.4918 0.1918, 1.0438 -0.4784 0.1918, 1.0438 -0.4281 0.1918, 1.0405 -0.4147 0.1918, 1.0339 -0.4046 0.1918, 1.0241 -0.3979 0.1918, 1.011 -0.3946 0.1918, 0.9815 -0.3946 0.1918, 0.9683 -0.3979 0.1918, 0.9585 -0.4046 0.1918, 0.8896 -0.5119 0.1918, 0.7912 -0.5119 0.1918, 0.7912 -0.532 0.1918, 0.9093 -0.532 0.1918, 0.9093 -0.3745 0.1918, 0.7912 -0.3745 0.1918, 0.7912 -0.3946 0.1918, 0.8896 -0.3946 0.1918, 0.8896 -0.4381 0.1918, 0.8043 -0.4381 0.1918, 0.8043 -0.4583 0.1918, 0.8896 -0.4583 0.1918, 0.7649 -0.3745 0.1918, 0.6862 -0.3745 0.1918, 0.6698 -0.3778 0.1918, 0.6567 -0.3845 0.1918, 0.6435 -0.3979 0.1918, 0.637 -0.4113 0.1918, 0.6337 -0.4281 0.1918, 0.6337 -0.4784 0.1918, 0.637 -0.4951 0.1918, 0.6435 -0.5085 0.1918, 0.6567 -0.5219 0.1918, 0.6698 -0.5286 0.1918, 0.6862 -0.532 0.1918, 0.7649 -0.532 0.1918, 0.6862 -0.3946 0.1918, 0.7452 -0.3946 0.1918, 0.7452 -0.5119 0.1918, 0.6862 -0.5119 0.1918, 0.6731 -0.5085 0.1918, 0.6632 -0.5018 0.1918, 0.6567 -0.4918 0.1918, 0.6534 -0.4784 0.1918, 0.6534 -0.4281 0.1918, 0.6567 -0.4147 0.1918, 0.6632 -0.4046 0.1918, 0.6731 -0.3979 0.1918, 0.5549 -0.3745 0.1918, 0.5287 -0.3745 0.1918, 0.4762 -0.532 0.1918, 0.4959 -0.532 0.1918, 0.509 -0.4918 0.1918, 0.5746 -0.4918 0.1918, 0.5878 -0.532 0.1918, 0.6074 -0.532 0.1918, 0.5123 -0.4784 0.1918, 0.5418 -0.3879 0.1918, 0.5714 -0.4784 0.1918
            ]
        }
        coordIndex [
            0,1,2,-1,0,2,3,-1,4,5,6,-1,4,6,7,-1,7,6,8,-1,7,8,9,-1,9,8,10,-1,9,10,11,-1,11,10,12,-1,11,12,13,-1,13,12,14,-1,13,14,15,-1,15,14,5,-1,15,5,4,-1,10,14,12,-1,10,6,5,-1,10,8,6,-1,14,10,5,-1,16,17,18,-1,1,19,2,-1,20,21,22,-1,23,24,25,-1,25,26,27,-1,28,21,29,-1,30,31,22,-1,32,33,30,-1,34,33,32,-1,32,35,34,-1,18,36,37,-1,35,38,39,-1,40,41,16,-1,42,41,40,-1,43,42,40,-1,44,45,46,-1,47,48,46,-1,49,50,47,-1,2,19,49,-1,27,51,52,-1,19,50,49,-1,50,48,47,-1,48,44,46,-1,45,43,46,-1,45,42,43,-1,16,41,17,-1,17,36,18,-1,36,38,37,-1,37,38,35,-1,39,34,35,-1,30,33,31,-1,22,31,20,-1,20,29,21,-1,28,23,21,-1,28,24,23,-1,24,26,25,-1,26,51,27,-1,51,53,52,-1,54,55,56,-1,55,57,56,-1,54,58,59,-1,57,60,61,-1,62,63,64,-1,64,56,62,-1,62,56,57,-1,60,57,55,-1,55,54,59,-1,58,65,59,-1,66,67,68,-1,69,67,66,-1,69,70,67,-1,69,71,70,-1,72,73,74,-1,75,73,76,-1,77,75,76,-1,77,78,75,-1,78,77,79,-1,70,80,74,-1,81,79,82,-1,83,82,84,-1,85,86,87,-1,81,78,79,-1,88,87,89,-1,76,73,72,-1,72,74,80,-1,80,70,71,-1,88,90,68,-1,90,66,68,-1,90,88,89,-1,89,87,86,-1,91,85,83,-1,86,85,91,-1,82,83,81,-1,91,83,84,-1,92,93,94,-1,95,96,97,-1,95,98,96,-1,99,92,100,-1,94,98,100,-1,94,100,92,-1,93,101,102,-1,98,95,100,-1,93,102,94,-1,102,101,98,-1,96,98,101,-1,103,52,53,-1,103,53,104,-1,104,53,51,-1,104,51,105,-1,105,51,26,-1,105,26,106,-1,106,26,24,-1,106,24,107,-1,107,24,28,-1,107,28,108,-1,108,28,29,-1,108,29,109,-1,109,29,20,-1,109,20,110,-1,110,20,31,-1,110,31,111,-1,111,31,33,-1,111,33,112,-1,112,33,34,-1,112,34,113,-1,113,34,39,-1,113,39,114,-1,114,39,38,-1,114,38,115,-1,115,38,36,-1,115,36,116,-1,116,36,17,-1,116,17,117,-1,117,17,41,-1,117,41,118,-1,118,41,42,-1,118,42,119,-1,119,42,45,-1,119,45,120,-1,120,45,44,-1,120,44,121,-1,121,44,48,-1,121,48,122,-1,122,48,50,-1,122,50,123,-1,123,50,19,-1,123,19,124,-1,124,19,1,-1,124,1,0,-1,125,27,52,-1,125,52,103,-1,126,25,27,-1,126,27,125,-1,127,23,25,-1,127,25,126,-1,128,21,23,-1,128,23,127,-1,129,22,21,-1,129,21,128,-1,130,30,22,-1,130,22,129,-1,131,32,30,-1,131,30,130,-1,132,35,32,-1,132,32,131,-1,133,37,35,-1,133,35,132,-1,134,18,37,-1,134,37,133,-1,135,16,18,-1,135,18,134,-1,136,40,16,-1,136,16,135,-1,137,43,40,-1,137,40,136,-1,138,46,43,-1,138,43,137,-1,139,47,46,-1,139,46,138,-1,140,49,47,-1,140,47,139,-1,3,2,49,-1,3,49,140,-1,141,59,65,-1,141,65,142,-1,142,65,58,-1,142,58,143,-1,143,58,54,-1,143,54,144,-1,144,54,56,-1,144,56,145,-1,145,56,64,-1,145,64,146,-1,146,64,63,-1,146,63,147,-1,147,63,62,-1,147,62,148,-1,148,62,57,-1,148,57,149,-1,149,57,61,-1,149,61,150,-1,150,61,60,-1,150,60,151,-1,151,60,55,-1,151,55,152,-1,152,55,59,-1,152,59,141,-1,153,82,79,-1,153,79,154,-1,154,79,77,-1,154,77,155,-1,155,77,76,-1,155,76,156,-1,156,76,72,-1,156,72,157,-1,157,72,80,-1,157,80,158,-1,158,80,71,-1,158,71,159,-1,159,71,69,-1,159,69,160,-1,160,69,66,-1,160,66,161,-1,161,66,90,-1,161,90,162,-1,162,90,89,-1,162,89,163,-1,163,89,86,-1,163,86,164,-1,164,86,91,-1,164,91,165,-1,165,91,84,-1,165,84,166,-1,166,84,82,-1,166,82,153,-1,167,78,81,-1,167,81,168,-1,168,81,83,-1,168,83,169,-1,169,83,85,-1,169,85,170,-1,170,85,87,-1,170,87,171,-1,171,87,88,-1,171,88,172,-1,172,88,68,-1,172,68,173,-1,173,68,67,-1,173,67,174,-1,174,67,70,-1,174,70,175,-1,175,70,74,-1,175,74,176,-1,176,74,73,-1,176,73,177,-1,177,73,75,-1,177,75,178,-1,178,75,78,-1,178,78,167,-1,179,101,93,-1,179,93,180,-1,180,93,92,-1,180,92,181,-1,181,92,99,-1,181,99,182,-1,182,99,100,-1,182,100,183,-1,183,100,95,-1,183,95,184,-1,184,95,97,-1,184,97,185,-1,185,97,96,-1,185,96,186,-1,186,96,101,-1,186,101,179,-1,187,94,102,-1,187,102,188,-1,188,102,98,-1,188,98,189,-1,189,98,94,-1,189,94,187,-1,
        ]
    }
}
Shape{
    appearance Appearance {
        material  Material 	{
            diffuseColor 1.0 1.0 1.0
            specularColor 0.7529411764705882 0.7529411764705882 0.7529411764705882
            ambientIntensity 1.0
            transparency 1.0
            shininess 0.5
        }
    }
    geometry IndexedFaceSet {
        ccw TRUE
        solid FALSE
        coord DEF co Coordinate {
            point [
                1.4025 1.0637 0.1918, 1.4075 1.028 0.1918, 1.2992 0.8996 0.1918, 0.4307 -0.6995 0.1918, 0.4959 -0.532 0.1918, 0.4345 -0.7324 0.1918, 1.2992 1.1004 0.1918, 1.4107 0.992 0.1918, 1.4121 0.9559 0.1918, 1.412 0.9198 0.1918, 1.4104 0.8837 0.1918, 1.3953 1.0991 0.1918, 1.4074 0.8477 0.1918, 1.3856 1.1339 0.1918, 1.4032 0.8119 0.1918, 1.373 1.1677 0.1918, 1.398 0.7762 0.1918, 1.3919 0.7405 0.1918, 1.3569 1.2 0.1918, 1.3852 0.7051 0.1918, 1.3367 1.2299 0.1918, 1.3781 0.6697 0.1918, 1.3636 0.5989 0.1918, 1.3708 0.6343 0.1918, 1.3566 0.5634 0.1918, 1.3501 0.5279 0.1918, 1.2525 1.2969 0.1918, 1.2836 1.2784 0.1918, 1.3442 0.4923 0.1918, 1.1859 1.3248 0.1918, 1.2198 1.3122 0.1918, 1.3392 0.4565 0.1918, 1.1514 1.3354 0.1918, 1.3352 0.4206 0.1918, 1.1163 1.3441 0.1918, 1.3325 0.3846 0.1918, 1.0809 1.3513 0.1918, 0.7008 0.1004 0.1918, 1.0453 1.3572 0.1918, 1.3327 0.2763 0.1918, 1.3353 0.2403 0.1918, 1.2992 0.1004 0.1918, 1.0095 1.362 0.1918, 0.5287 -0.3745 0.1918, 0.4043 -0.1384 0.1918, 0.4077 -0.1055 0.1918, 0.7008 1.1004 0.1918, 1.2992 -0.1004 0.1918, 1.4204 -0.1842 0.1918, 1.4283 -0.2194 0.1918, 0.8406 -1.426 0.1918, 0.8046 -1.4239 0.1918, 0.7008 -1.1004 0.1918, 1.2992 -1.1004 0.1918, 1.1508 -1.3453 0.1918, 1.1197 -1.3635 0.1918, 1.2992 -0.8996 0.1918, 1.0274 -0.5286 0.1918, 1.0897 -0.532 0.1918, 1.2078 -0.532 0.1918, 1.4701 -0.5051 0.1918, 1.4719 -0.5411 0.1918, 1.4598 -0.3972 0.1918, 1.4548 -0.3614 0.1918, 1.3765 -1.0694 0.1918, 1.3607 -1.1018 0.1918, 1.4721 -0.6495 0.1918, 1.4702 -0.6856 0.1918, 1.4451 -0.8643 0.1918, 1.4524 -0.8288 0.1918, 1.4634 -0.7575 0.1918, 1.4585 -0.7933 0.1918, 1.4673 -0.7216 0.1918, 1.4729 -0.6134 0.1918, 1.4272 -0.9342 0.1918, 1.4368 -0.8994 0.1918, 1.4164 -0.9687 0.1918, 1.4044 -1.0027 0.1918, 1.1881 -0.5119 0.1918, 1.0897 -0.5119 0.1918, 1.1881 -0.3745 0.1918, 1.3911 -1.0364 0.1918, 1.3249 -1.1646 0.1918, 1.3435 -1.1336 0.1918, 1.3048 -1.1946 0.1918, 1.2832 -1.2235 0.1918, 0.9815 -0.5119 0.1918, 1.011 -0.3946 0.1918, 1.011 -0.5119 0.1918, 0.9552 -0.4918 0.1918, 0.9552 -0.4147 0.1918, 0.9683 -0.3979 0.1918, 1.2352 -1.2774 0.1918, 1.26 -1.2512 0.1918, 1.2087 -1.302 0.1918, 1.1805 -1.3247 0.1918, 1.4491 -0.3258 0.1918, 1.0602 -0.4951 0.1918, 1.0635 -0.4784 0.1918, 1.2078 -0.3745 0.1918, 1.4428 -0.2902 0.1918, 1.0405 -0.5219 0.1918, 0.9355 -0.4147 0.1918, 0.9093 -0.532 0.1918, 0.9093 -0.3745 0.1918, 1.0536 -1.3925 0.1918, 1.011 -0.532 0.1918, 1.0192 -1.4035 0.1918, 0.9841 -1.4123 0.1918, 0.7912 -0.3946 0.1918, 0.7649 -0.532 0.1918, 0.7649 -0.3745 0.1918, 0.7008 -0.8996 0.1918, 1.4358 -0.2548 0.1918, 0.9519 -0.5219 0.1918, 0.9388 -0.5085 0.1918, 0.9355 -0.4918 0.1918, 0.9486 -1.4189 0.1918, 0.9128 -1.4234 0.1918, 1.4121 -0.1491 0.1918, 0.8767 -1.4259 0.1918, 0.9651 -0.5286 0.1918, 0.9815 -0.532 0.1918, 1.4037 -0.1139 0.1918, 0.5549 -0.3745 0.1918, 0.4321 0.0582 0.1918, 0.4375 0.0909 0.1918, 1.3952 -0.0788 0.1918, 0.6435 -0.5085 0.1918, 0.6567 -0.5219 0.1918, 0.6074 -0.532 0.1918, 0.4527 -0.8968 0.1918, 0.5878 -0.532 0.1918, 0.4564 -0.9297 0.1918, 0.4455 -0.831 0.1918, 0.4637 -0.9916 0.1918, 0.4603 -0.9626 0.1918, 0.4722 -1.0494 0.1918, 0.4678 -1.0206 0.1918, 0.5045 -1.1918 0.1918, 0.5139 -1.2196 0.1918, 0.4961 -1.1638 0.1918, 0.489 -1.1354 0.1918, 0.4827 -1.1069 0.1918, 0.4772 -1.0782 0.1918, 0.525 -1.2466 0.1918, 0.5746 -0.4918 0.1918, 0.509 -0.4918 0.1918, 0.5527 -1.2981 0.1918, 0.5377 -1.2731 0.1918, 0.4491 -0.8639 0.1918, 0.6698 -0.5286 0.1918, 0.4419 -0.7981 0.1918, 0.4382 -0.7652 0.1918, 0.5701 -1.3212 0.1918, 0.4762 -0.532 0.1918, 0.4233 -0.6337 0.1918, 0.427 -0.6666 0.1918, 0.5895 -1.3422 0.1918, 0.6337 -0.4784 0.1918, 0.637 -0.4951 0.1918, 0.4197 -0.6008 0.1918, 0.4046 -0.436 0.1918, 0.4024 -0.4029 0.1918, 0.4129 -0.5349 0.1918, 0.4099 -0.502 0.1918, 0.3983 -0.2706 0.1918, 0.3986 -0.3037 0.1918, 0.4214 -0.0071 0.1918, 0.4267 0.0255 0.1918, 0.3987 -0.2375 0.1918, 0.3998 -0.2044 0.1918, 0.3994 -0.3368 0.1918, 0.4118 -0.0726 0.1918, 0.4163 -0.0398 0.1918, 0.4017 -0.1714 0.1918, 0.4007 -0.3699 0.1918, 0.7008 0.8996 0.1918, 0.4659 0.5519 0.1918, 0.4624 0.5849 0.1918, 0.4071 -0.469 0.1918, 0.4427 0.1235 0.1918, 0.4162 -0.5679 0.1918, 0.6351 -1.3755 0.1918, 0.6602 -1.3884 0.1918, 0.4528 0.189 0.1918, 0.4479 0.1562 0.1918, 0.7912 -0.532 0.1918, 0.4572 0.2218 0.1918, 0.4612 0.2546 0.1918, 0.4647 0.2875 0.1918, 1.3706 0.0267 0.1918, 1.3786 -0.0085 0.1918, 0.4676 0.3205 0.1918, 0.4698 0.3535 0.1918, 0.4712 0.3866 0.1918, 0.7008 -0.1004 0.1918, 0.6862 -0.3745 0.1918, 0.6698 -0.3778 0.1918, 0.4719 0.4197 0.1918, 1.3496 0.1329 0.1918, 1.356 0.0974 0.1918, 0.9203 1.3698 0.1918, 0.9501 1.3677 0.1918, 0.4717 0.4528 0.1918, 0.8309 1.372 0.1918, 0.8607 1.372 0.1918, 0.6234 1.3509 0.1918, 0.6527 1.3566 0.1918, 0.4583 0.6177 0.1918, 0.4431 0.7158 0.1918, 0.4375 0.7484 0.1918, 0.4485 0.6831 0.1918, 0.5375 1.3262 0.1918, 0.5656 1.3359 0.1918, 0.4316 0.781 0.1918, 0.4199 0.8461 0.1918, 0.5097 1.3149 0.1918, 0.4257 0.8135 0.1918, 0.404 0.9406 0.1918, 0.4833 1.3011 0.1918, 0.4087 0.9114 0.1918, 0.4142 0.8787 0.1918, 0.4588 1.2846 0.1918, 0.3926 1.0288 0.1918, 0.4386 1.2689 0.1918, 0.3996 0.9699 0.1918, 0.3902 1.0583 0.1918, 0.4228 1.2503 0.1918, 0.4101 1.2291 0.1918, 0.3887 1.1175 0.1918, 0.39 1.1471 0.1918, 0.3942 1.1763 0.1918, 0.401 1.2052 0.1918, 0.3887 1.0879 0.1918, 0.3958 0.9993 0.1918, 0.5944 1.344 0.1918, 0.4536 0.6504 0.1918, 0.6822 1.3614 0.1918, 0.7713 1.37 0.1918, 0.8011 1.3714 0.1918, 0.8906 1.3712 0.1918, 0.7912 -0.3745 0.1918, 0.4706 0.4859 0.1918, 0.4687 0.5189 0.1918, 0.9798 1.3652 0.1918, 1.011 -0.3745 0.1918, 0.9815 -0.3745 0.1918, 1.0405 -0.3845 0.1918, 0.6862 -0.532 0.1918, 0.6567 -0.3845 0.1918, 0.6435 -0.3979 0.1918, 1.3868 -0.0437 0.1918, 1.0438 -0.4281 0.1918, 1.0339 -0.4046 0.1918, 1.0405 -0.4147 0.1918, 0.6113 -1.3601 0.1918, 0.6337 -0.4281 0.1918, 0.637 -0.4113 0.1918, 0.6865 -1.3991 0.1918, 0.7134 -1.4078 0.1918, 0.7408 -1.4147 0.1918, 0.7687 -1.4197 0.1918, 0.7912 -0.5119 0.1918, 0.9651 -0.3778 0.1918, 1.0536 -0.5085 0.1918, 1.0274 -0.3778 0.1918, 0.8896 -0.3946 0.1918, 0.8896 -0.4381 0.1918, 0.8043 -0.4381 0.1918, 0.8043 -0.4583 0.1918, 0.8896 -0.5119 0.1918, 0.8896 -0.4583 0.1918, 1.0602 -0.4113 0.1918, 1.0635 -0.4281 0.1918, 1.0339 -0.5018 0.1918, 1.0241 -0.5085 0.1918, 1.0241 -0.3979 0.1918, 1.4674 -0.469 0.1918, 1.4729 -0.5772 0.1918, 1.464 -0.4331 0.1918, 1.0536 -0.3979 0.1918, 1.3439 0.1686 0.1918, 1.3391 0.2044 0.1918, 1.3311 0.3485 0.1918, 1.3313 0.3124 0.1918, 0.9815 -0.3946 0.1918, 0.9683 -0.5085 0.1918, 0.9585 -0.4046 0.1918, 0.9519 -0.3845 0.1918, 0.9388 -0.3979 0.1918, 1.0438 -0.4784 0.1918, 1.0405 -0.4918 0.1918, 0.9585 -0.5018 0.1918, 1.363 0.062 0.1918, 1.0872 -1.3792 0.1918, 0.7415 1.368 0.1918, 1.312 1.2562 0.1918, 0.7119 1.3651 0.1918, -0.4234 1.2513 0.1918, -0.3894 1.0668 0.1918, -0.4389 1.2694 0.1918, -1.4245 -0.2028 0.1918, -1.2992 -0.1004 0.1918, -1.4323 -0.2384 0.1918, -0.411 1.231 0.1918, -0.4019 1.2073 0.1918, -0.3887 1.1236 0.1918, -0.3882 1.0952 0.1918, -0.394 1.1805 0.1918, -0.3898 1.1525 0.1918, -0.3915 1.0384 0.1918, -0.3944 1.0101 0.1918, -0.398 0.9819 0.1918, -0.4574 1.2851 0.1918, -0.4019 0.9537 0.1918, -0.479 1.2982 0.1918, -0.4063 0.9256 0.1918, -0.4119 0.8925 0.1918, -0.5052 1.3127 0.1918, -0.4177 0.8596 0.1918, -0.5329 1.3246 0.1918, -0.4236 0.8266 0.1918, -0.7008 0.8996 0.1918, -0.4296 0.7937 0.1918, -0.4354 0.7607 0.1918, -0.4412 0.7277 0.1918, -0.4467 0.6947 0.1918, -0.5615 1.3345 0.1918, -0.7008 1.1004 0.1918, -0.452 0.6616 0.1918, -0.5904 1.343 0.1918, -0.4568 0.6284 0.1918, -0.6198 1.35 0.1918, -0.4612 0.5952 0.1918, -0.4649 0.5619 0.1918, -0.468 0.5286 0.1918, -0.7008 0.1004 0.1918, -1.2992 0.1004 0.1918, -0.4702 0.4951 0.1918, -0.4715 0.4617 0.1918, -0.7388 1.3677 0.1918, -0.7689 1.37 0.1918, -0.4719 0.4282 0.1918, -0.4714 0.3947 0.1918, -0.799 1.3714 0.1918, -0.4702 0.3612 0.1918, -0.8291 1.3721 0.1918, -0.4681 0.3278 0.1918, -0.8593 1.3721 0.1918, -1.3336 0.2623 0.1918, -1.3367 0.2259 0.1918, -0.4654 0.2944 0.1918, -1.2992 -1.1004 0.1918, -1.0565 -1.3916 0.1918, -1.0903 -1.3779 0.1918, -1.0218 -1.4028 0.1918, -0.7008 -1.1004 0.1918, -0.9864 -1.4118 0.1918, -1.2389 -1.2737 0.1918, -1.2638 -1.2469 0.1918, -1.3908 -0.0608 0.1918, -1.3824 -0.0252 0.1918, -0.7008 -0.8996 0.1918, -0.4314 -0.7043 0.1918, -0.4351 -0.7376 0.1918, -0.9143 -1.4232 0.1918, -0.9505 -1.4186 0.1918, -0.4166 -0.0369 0.1918, -0.7008 -0.1004 0.1918, -0.4217 -0.0038 0.1918, -0.6576 -1.3872 0.1918, -0.6844 -1.3983 0.1918, -0.4026 -0.4043 0.1918, -0.4048 -0.4377 0.1918, -0.4074 -0.4711 0.1918, -0.4103 -0.5045 0.1918, -0.3983 -0.2705 0.1918, -0.3987 -0.2368 0.1918, -0.4078 -0.1033 0.1918, -0.4043 -0.1366 0.1918, -0.3998 -0.2034 0.1918, -0.4017 -0.17 0.1918, -0.3985 -0.304 0.1918, -0.4009 -0.3709 0.1918, -0.3995 -0.3375 0.1918, -0.4119 -0.0701 0.1918, -0.4134 -0.5378 0.1918, -0.4202 -0.6045 0.1918, -0.4167 -0.5712 0.1918, -0.4239 -0.6378 0.1918, -0.8414 -1.426 0.1918, -0.805 -1.424 0.1918, -0.4425 -0.8042 0.1918, -0.4461 -0.8375 0.1918, -0.7687 -1.4197 0.1918, -0.4533 -0.9041 0.1918, -0.4496 -0.8708 0.1918, -0.74 -1.4146 0.1918, -0.7119 -1.4074 0.1918, -0.4649 -0.9986 0.1918, -0.4612 -0.9706 0.1918, -0.4571 -0.9374 0.1918, -0.4781 -1.0822 0.1918, -0.4835 -1.1098 0.1918, -0.4732 -1.0544 0.1918, -0.4688 -1.0265 0.1918, -0.6079 -1.3574 0.1918, -0.6318 -1.3737 0.1918, -0.5364 -1.27 0.1918, -0.5505 -1.2945 0.1918, -0.567 -1.3172 0.1918, -0.5856 -1.3385 0.1918, -0.5242 -1.2445 0.1918, -0.5135 -1.2184 0.1918, -0.5046 -1.1917 0.1918, -0.4965 -1.1647 0.1918, -0.4897 -1.1373 0.1918, -0.4389 -0.7709 0.1918, -0.8779 -1.4257 0.1918, -0.4276 -0.6711 0.1918, -0.4325 0.0623 0.1918, -0.4271 0.0293 0.1918, -0.438 0.0954 0.1918, -0.4433 0.1284 0.1918, -1.123 -1.3617 0.1918, -1.1544 -1.343 0.1918, -1.341 0.1897 0.1918, -1.3462 0.1536 0.1918, -1.2124 -1.2987 0.1918, -1.1842 -1.3219 0.1918, -1.3086 -1.1893 0.1918, -1.3286 -1.1588 0.1918, -1.287 -1.2187 0.1918, -1.3642 -1.0951 0.1918, -1.3471 -1.1274 0.1918, -1.4464 -0.3101 0.1918, -1.4524 -0.346 0.1918, -1.4397 -0.2742 0.1918, -1.4623 -0.4184 0.1918, -1.2992 -0.8996 0.1918, -1.466 -0.4547 0.1918, -1.43 -0.9251 0.1918, -1.4194 -0.96 0.1918, -1.4725 -0.5639 0.1918, -1.4712 -0.5275 0.1918, -1.469 -0.491 0.1918, -1.4647 -0.7461 0.1918, -1.4682 -0.7098 0.1918, -1.4707 -0.6734 0.1918, -1.4723 -0.6369 0.1918, -1.4728 -0.6004 0.1918, -1.4599 -0.7823 0.1918, -1.4543 -0.8184 0.1918, -1.4474 -0.8542 0.1918, -1.4392 -0.8898 0.1918, -1.4577 -0.3822 0.1918, -1.4075 -0.9946 0.1918, -1.3944 -1.0286 0.1918, -1.38 -1.0622 0.1918, -1.4163 -0.1672 0.1918, -1.3319 0.3717 0.1918, -1.3341 0.4081 0.1918, -1.2992 0.8996 0.1918, -1.4079 -0.1317 0.1918, -1.3742 0.0103 0.1918, -1.3664 0.046 0.1918, -1.359 0.0817 0.1918, -1.3522 0.1176 0.1918, -0.4486 0.1615 0.1918, -0.4534 0.1946 0.1918, -0.458 0.2278 0.1918, -1.331 0.3352 0.1918, -0.4619 0.2611 0.1918, -0.9194 1.37 0.1918, -0.8894 1.3714 0.1918, -0.9495 1.368 0.1918, -0.9795 1.3653 0.1918, -1.0095 1.362 0.1918, -1.3425 0.4806 0.1918, -1.3482 0.5167 0.1918, -1.2992 1.1004 0.1918, -1.0457 1.3571 0.1918, -1.3762 0.6599 0.1918, -1.3688 0.6242 0.1918, -1.3546 0.5526 0.1918, -1.2547 1.2956 0.1918, -1.2218 1.3113 0.1918, -1.3834 0.6957 0.1918, -1.4066 0.8398 0.1918, -1.4099 0.8761 0.1918, -1.3966 0.7675 0.1918, -1.4021 0.8036 0.1918, -1.4111 0.9855 0.1918, -1.4083 1.0219 0.1918, -1.4118 0.9126 0.1918, -1.4122 0.9491 0.1918, -1.3872 1.1292 0.1918, -1.3965 1.0939 0.1918, -1.4035 1.0581 0.1918, -1.3749 1.1636 0.1918, -1.3591 1.1966 0.1918, -1.339 1.227 0.1918, -1.3145 1.2539 0.1918, -1.3903 0.7316 0.1918, -1.3616 0.5884 0.1918, -1.1877 1.3243 0.1918, -1.1174 1.3439 0.1918, -1.0816 1.3511 0.1918, -1.1528 1.335 0.1918, -1.3378 0.4444 0.1918, -1.3994 -0.0962 0.1918, -1.3316 0.2987 0.1918, -0.7089 1.3647 0.1918, -0.6493 1.356 0.1918, -0.679 1.3607 0.1918, -1.2859 1.2767 0.1918, 0.6632 -0.5018 0.1918, 0.6567 -0.4918 0.1918, 0.6534 -0.4784 0.1918, 0.6862 -0.5119 0.1918, 0.7452 -0.3946 0.1918, 0.7452 -0.5119 0.1918, 0.6731 -0.5085 0.1918, 0.6862 -0.3946 0.1918, 0.6534 -0.4281 0.1918, 0.6731 -0.3979 0.1918, 0.6632 -0.4046 0.1918, 0.6567 -0.4147 0.1918, 0.5123 -0.4784 0.1918, 0.5418 -0.3879 0.1918, 0.5714 -0.4784 0.1918, 0.811 0.8996 0.1131, 0.8261 0.8996 0.1101, 0.7008 0.8996 0.1525, 0.7038 0.8996 0.1374, 0.7123 0.8996 0.1246, 0.7251 0.8996 0.1161, 0.7402 0.8996 0.1131, 1.1526 0.8996 0.0888, 1.1611 0.8996 0.1016, 0.8389 0.8996 0.1016, 0.8474 0.8996 0.0888, 1.1496 0.8996 0.0737, 1.018 0.8996 -1.1811, 1.0531 0.8996 -1.1725, 1.1496 0.8996 -1.0326, 0.8504 0.8996 -1.0326, 0.8547 0.8996 -1.0684, 0.8675 0.8996 -1.1021, 0.888 0.8996 -1.1318, 0.915 0.8996 -1.1557, 0.9469 0.8996 -1.1725, 0.982 0.8996 -1.1811, 1.085 0.8996 -1.1557, 1.112 0.8996 -1.1318, 1.1325 0.8996 -1.1021, 1.1453 0.8996 -1.0684, 1.189 0.8996 0.1131, 1.2598 0.8996 0.1131, 0.8504 0.8996 0.0737, 1.1739 0.8996 0.1101, 1.2877 0.8996 0.1246, 1.2992 0.8996 0.1525, 1.2962 0.8996 0.1374, 1.2749 0.8996 0.1161, 1.2992 1.1004 0.1525, 1.189 1.1004 0.1131, 1.1739 1.1004 0.1101, 1.2962 1.1004 0.1374, 1.2877 1.1004 0.1246, 1.2749 1.1004 0.1161, 1.2598 1.1004 0.1131, 0.8474 1.1004 0.0888, 0.8389 1.1004 0.1016, 1.1611 1.1004 0.1016, 1.1526 1.1004 0.0888, 0.8504 1.1004 0.0737, 0.982 1.1004 -1.1811, 0.9469 1.1004 -1.1725, 0.8504 1.1004 -1.0326, 1.1496 1.1004 -1.0326, 1.1453 1.1004 -1.0684, 1.1325 1.1004 -1.1021, 1.112 1.1004 -1.1318, 1.085 1.1004 -1.1557, 1.0531 1.1004 -1.1725, 1.018 1.1004 -1.1811, 0.915 1.1004 -1.1557, 0.888 1.1004 -1.1318, 0.8675 1.1004 -1.1021, 0.8547 1.1004 -1.0684, 0.811 1.1004 0.1131, 0.7402 1.1004 0.1131, 1.1496 1.1004 0.0737, 0.8261 1.1004 0.1101, 0.7123 1.1004 0.1246, 0.7008 1.1004 0.1525, 0.7038 1.1004 0.1374, 0.7251 1.1004 0.1161, 0.811 -0.1004 0.1131, 0.8261 -0.1004 0.1101, 0.7008 -0.1004 0.1525, 0.7038 -0.1004 0.1374, 0.7123 -0.1004 0.1246, 0.7251 -0.1004 0.1161, 0.7402 -0.1004 0.1131, 1.1526 -0.1004 0.0888, 1.1611 -0.1004 0.1016, 0.8389 -0.1004 0.1016, 0.8474 -0.1004 0.0888, 1.1496 -0.1004 0.0737, 1.018 -0.1004 -1.1811, 1.0531 -0.1004 -1.1725, 1.1496 -0.1004 -1.0326, 0.8504 -0.1004 -1.0326, 0.8547 -0.1004 -1.0684, 0.8675 -0.1004 -1.1021, 0.888 -0.1004 -1.1318, 0.915 -0.1004 -1.1557, 0.9469 -0.1004 -1.1725, 0.982 -0.1004 -1.1811, 1.085 -0.1004 -1.1557, 1.112 -0.1004 -1.1318, 1.1325 -0.1004 -1.1021, 1.1453 -0.1004 -1.0684, 1.189 -0.1004 0.1131, 1.2598 -0.1004 0.1131, 0.8504 -0.1004 0.0737, 1.1739 -0.1004 0.1101, 1.2877 -0.1004 0.1246, 1.2992 -0.1004 0.1525, 1.2962 -0.1004 0.1374, 1.2749 -0.1004 0.1161, 1.2992 0.1004 0.1525, 1.189 0.1004 0.1131, 1.1739 0.1004 0.1101, 1.2962 0.1004 0.1374, 1.2877 0.1004 0.1246, 1.2749 0.1004 0.1161, 1.2598 0.1004 0.1131, 0.8474 0.1004 0.0888, 0.8389 0.1004 0.1016, 1.1611 0.1004 0.1016, 1.1526 0.1004 0.0888, 0.8504 0.1004 0.0737, 0.982 0.1004 -1.1811, 0.9469 0.1004 -1.1725, 0.8504 0.1004 -1.0326, 1.1496 0.1004 -1.0326, 1.1453 0.1004 -1.0684, 1.1325 0.1004 -1.1021, 1.112 0.1004 -1.1318, 1.085 0.1004 -1.1557, 1.0531 0.1004 -1.1725, 1.018 0.1004 -1.1811, 0.915 0.1004 -1.1557, 0.888 0.1004 -1.1318, 0.8675 0.1004 -1.1021, 0.8547 0.1004 -1.0684, 0.811 0.1004 0.1131, 0.7402 0.1004 0.1131, 1.1496 0.1004 0.0737, 0.8261 0.1004 0.1101, 0.7123 0.1004 0.1246, 0.7008 0.1004 0.1525, 0.7038 0.1004 0.1374, 0.7251 0.1004 0.1161, 0.811 -1.1004 0.1131, 0.8261 -1.1004 0.1101, 0.7008 -1.1004 0.1525, 0.7038 -1.1004 0.1374, 0.7123 -1.1004 0.1246, 0.7251 -1.1004 0.1161, 0.7402 -1.1004 0.1131, 1.1526 -1.1004 0.0888, 1.1611 -1.1004 0.1016, 0.8389 -1.1004 0.1016, 0.8474 -1.1004 0.0888, 1.1496 -1.1004 0.0737, 1.018 -1.1004 -1.1811, 1.0531 -1.1004 -1.1725, 1.1496 -1.1004 -1.0326, 0.8504 -1.1004 -1.0326, 0.8547 -1.1004 -1.0684, 0.8675 -1.1004 -1.1021, 0.888 -1.1004 -1.1318, 0.915 -1.1004 -1.1557, 0.9469 -1.1004 -1.1725, 0.982 -1.1004 -1.1811, 1.085 -1.1004 -1.1557, 1.112 -1.1004 -1.1318, 1.1325 -1.1004 -1.1021, 1.1453 -1.1004 -1.0684, 1.189 -1.1004 0.1131, 1.2598 -1.1004 0.1131, 0.8504 -1.1004 0.0737, 1.1739 -1.1004 0.1101, 1.2877 -1.1004 0.1246, 1.2992 -1.1004 0.1525, 1.2962 -1.1004 0.1374, 1.2749 -1.1004 0.1161, 1.2992 -0.8996 0.1525, 1.189 -0.8996 0.1131, 1.1739 -0.8996 0.1101, 1.2962 -0.8996 0.1374, 1.2877 -0.8996 0.1246, 1.2749 -0.8996 0.1161, 1.2598 -0.8996 0.1131, 0.8474 -0.8996 0.0888, 0.8389 -0.8996 0.1016, 1.1611 -0.8996 0.1016, 1.1526 -0.8996 0.0888, 0.8504 -0.8996 0.0737, 0.982 -0.8996 -1.1811, 0.9469 -0.8996 -1.1725, 0.8504 -0.8996 -1.0326, 1.1496 -0.8996 -1.0326, 1.1453 -0.8996 -1.0684, 1.1325 -0.8996 -1.1021, 1.112 -0.8996 -1.1318, 1.085 -0.8996 -1.1557, 1.0531 -0.8996 -1.1725, 1.018 -0.8996 -1.1811, 0.915 -0.8996 -1.1557, 0.888 -0.8996 -1.1318, 0.8675 -0.8996 -1.1021, 0.8547 -0.8996 -1.0684, 0.811 -0.8996 0.1131, 0.7402 -0.8996 0.1131, 1.1496 -0.8996 0.0737, 0.8261 -0.8996 0.1101, 0.7123 -0.8996 0.1246, 0.7008 -0.8996 0.1525, 0.7038 -0.8996 0.1374, 0.7251 -0.8996 0.1161, -1.189 0.8996 0.1131, -1.1739 0.8996 0.1101, -1.2992 0.8996 0.1525, -1.2962 0.8996 0.1374, -1.2877 0.8996 0.1246, -1.2749 0.8996 0.1161, -1.2598 0.8996 0.1131, -0.8474 0.8996 0.0888, -0.8389 0.8996 0.1016, -1.1611 0.8996 0.1016, -1.1526 0.8996 0.0888, -0.8504 0.8996 0.0737, -0.982 0.8996 -1.1811, -0.9469 0.8996 -1.1725, -0.8504 0.8996 -1.0326, -1.1496 0.8996 -1.0326, -1.1453 0.8996 -1.0684, -1.1325 0.8996 -1.1021, -1.112 0.8996 -1.1318, -1.085 0.8996 -1.1557, -1.0531 0.8996 -1.1725, -1.018 0.8996 -1.1811, -0.915 0.8996 -1.1557, -0.888 0.8996 -1.1318, -0.8675 0.8996 -1.1021, -0.8547 0.8996 -1.0684, -0.811 0.8996 0.1131, -0.7402 0.8996 0.1131, -1.1496 0.8996 0.0737, -0.8261 0.8996 0.1101, -0.7123 0.8996 0.1246, -0.7008 0.8996 0.1525, -0.7038 0.8996 0.1374, -0.7251 0.8996 0.1161, -0.7008 1.1004 0.1525, -0.811 1.1004 0.1131, -0.8261 1.1004 0.1101, -0.7038 1.1004 0.1374, -0.7123 1.1004 0.1246, -0.7251 1.1004 0.1161, -0.7402 1.1004 0.1131, -1.1526 1.1004 0.0888, -1.1611 1.1004 0.1016, -0.8389 1.1004 0.1016, -0.8474 1.1004 0.0888, -1.1496 1.1004 0.0737, -1.018 1.1004 -1.1811, -1.0531 1.1004 -1.1725, -1.1496 1.1004 -1.0326, -0.8504 1.1004 -1.0326, -0.8547 1.1004 -1.0684, -0.8675 1.1004 -1.1021, -0.888 1.1004 -1.1318, -0.915 1.1004 -1.1557, -0.9469 1.1004 -1.1725, -0.982 1.1004 -1.1811, -1.085 1.1004 -1.1557, -1.112 1.1004 -1.1318, -1.1325 1.1004 -1.1021, -1.1453 1.1004 -1.0684, -1.189 1.1004 0.1131, -1.2598 1.1004 0.1131, -0.8504 1.1004 0.0737, -1.1739 1.1004 0.1101, -1.2877 1.1004 0.1246, -1.2992 1.1004 0.1525, -1.2962 1.1004 0.1374, -1.2749 1.1004 0.1161, -1.189 -0.1004 0.1131, -1.1739 -0.1004 0.1101, -1.2992 -0.1004 0.1525, -1.2962 -0.1004 0.1374, -1.2877 -0.1004 0.1246, -1.2749 -0.1004 0.1161, -1.2598 -0.1004 0.1131, -0.8474 -0.1004 0.0888, -0.8389 -0.1004 0.1016, -1.1611 -0.1004 0.1016, -1.1526 -0.1004 0.0888, -0.8504 -0.1004 0.0737, -0.982 -0.1004 -1.1811, -0.9469 -0.1004 -1.1725, -0.8504 -0.1004 -1.0326, -1.1496 -0.1004 -1.0326, -1.1453 -0.1004 -1.0684, -1.1325 -0.1004 -1.1021, -1.112 -0.1004 -1.1318, -1.085 -0.1004 -1.1557, -1.0531 -0.1004 -1.1725, -1.018 -0.1004 -1.1811, -0.915 -0.1004 -1.1557, -0.888 -0.1004 -1.1318, -0.8675 -0.1004 -1.1021, -0.8547 -0.1004 -1.0684, -0.811 -0.1004 0.1131, -0.7402 -0.1004 0.1131, -1.1496 -0.1004 0.0737, -0.8261 -0.1004 0.1101, -0.7123 -0.1004 0.1246, -0.7008 -0.1004 0.1525, -0.7038 -0.1004 0.1374, -0.7251 -0.1004 0.1161, -0.7008 0.1004 0.1525, -0.811 0.1004 0.1131, -0.8261 0.1004 0.1101, -0.7038 0.1004 0.1374, -0.7123 0.1004 0.1246, -0.7251 0.1004 0.1161, -0.7402 0.1004 0.1131, -1.1526 0.1004 0.0888, -1.1611 0.1004 0.1016, -0.8389 0.1004 0.1016, -0.8474 0.1004 0.0888, -1.1496 0.1004 0.0737, -1.018 0.1004 -1.1811, -1.0531 0.1004 -1.1725, -1.1496 0.1004 -1.0326, -0.8504 0.1004 -1.0326, -0.8547 0.1004 -1.0684, -0.8675 0.1004 -1.1021, -0.888 0.1004 -1.1318, -0.915 0.1004 -1.1557, -0.9469 0.1004 -1.1725, -0.982 0.1004 -1.1811, -1.085 0.1004 -1.1557, -1.112 0.1004 -1.1318, -1.1325 0.1004 -1.1021, -1.1453 0.1004 -1.0684, -1.189 0.1004 0.1131, -1.2598 0.1004 0.1131, -0.8504 0.1004 0.0737, -1.1739 0.1004 0.1101, -1.2877 0.1004 0.1246, -1.2992 0.1004 0.1525, -1.2962 0.1004 0.1374, -1.2749 0.1004 0.1161, -1.189 -1.1004 0.1131, -1.1739 -1.1004 0.1101, -1.2992 -1.1004 0.1525, -1.2962 -1.1004 0.1374, -1.2877 -1.1004 0.1246, -1.2749 -1.1004 0.1161, -1.2598 -1.1004 0.1131, -0.8474 -1.1004 0.0888, -0.8389 -1.1004 0.1016, -1.1611 -1.1004 0.1016, -1.1526 -1.1004 0.0888, -0.8504 -1.1004 0.0737, -0.982 -1.1004 -1.1811, -0.9469 -1.1004 -1.1725, -0.8504 -1.1004 -1.0326, -1.1496 -1.1004 -1.0326, -1.1453 -1.1004 -1.0684, -1.1325 -1.1004 -1.1021, -1.112 -1.1004 -1.1318, -1.085 -1.1004 -1.1557, -1.0531 -1.1004 -1.1725, -1.018 -1.1004 -1.1811, -0.915 -1.1004 -1.1557, -0.888 -1.1004 -1.1318, -0.8675 -1.1004 -1.1021, -0.8547 -1.1004 -1.0684, -0.811 -1.1004 0.1131, -0.7402 -1.1004 0.1131, -1.1496 -1.1004 0.0737, -0.8261 -1.1004 0.1101, -0.7123 -1.1004 0.1246, -0.7008 -1.1004 0.1525, -0.7038 -1.1004 0.1374, -0.7251 -1.1004 0.1161, -0.7008 -0.8996 0.1525, -0.811 -0.8996 0.1131, -0.8261 -0.8996 0.1101, -0.7038 -0.8996 0.1374, -0.7123 -0.8996 0.1246, -0.7251 -0.8996 0.1161, -0.7402 -0.8996 0.1131, -1.1526 -0.8996 0.0888, -1.1611 -0.8996 0.1016, -0.8389 -0.8996 0.1016, -0.8474 -0.8996 0.0888, -1.1496 -0.8996 0.0737, -1.018 -0.8996 -1.1811, -1.0531 -0.8996 -1.1725, -1.1496 -0.8996 -1.0326, -0.8504 -0.8996 -1.0326, -0.8547 -0.8996 -1.0684, -0.8675 -0.8996 -1.1021, -0.888 -0.8996 -1.1318, -0.915 -0.8996 -1.1557, -0.9469 -0.8996 -1.1725, -0.982 -0.8996 -1.1811, -1.085 -0.8996 -1.1557, -1.112 -0.8996 -1.1318, -1.1325 -0.8996 -1.1021, -1.1453 -0.8996 -1.0684, -1.189 -0.8996 0.1131, -1.2598 -0.8996 0.1131, -0.8504 -0.8996 0.0737, -1.1739 -0.8996 0.1101, -1.2877 -0.8996 0.1246, -1.2992 -0.8996 0.1525, -1.2962 -0.8996 0.1374, -1.2749 -0.8996 0.1161, 0.3841 -0.0613 0.1954, 0.3798 -0.095 0.1954, 0.389 -0.0275 0.1954, 0.3733 -0.1626 0.1954, 0.3762 -0.1288 0.1954, 0.3713 -0.1965 0.1954, 0.3555 -0.0573 0.2069, 0.3604 -0.0232 0.2069, 0.3701 -0.2304 0.1954, 0.3695 -0.2644 0.1954, 0.3697 -0.2984 0.1954, 0.3704 -0.3324 0.1954, 0.3756 -0.4345 0.1954, 0.3782 -0.4685 0.1954, 0.3717 -0.3665 0.1954, 0.3734 -0.4005 0.1954, 0.3415 -0.3333 0.2069, 0.3407 -0.2988 0.2069, 0.3842 -0.5365 0.1954, 0.3811 -0.5025 0.1954, 0.3876 -0.5705 0.1954, 0.3949 -0.6385 0.1954, 0.3912 -0.6045 0.1954, 0.4026 -0.7065 0.1954, 0.3987 -0.6725 0.1954, 0.4214 -0.8766 0.1954, 0.3699 -0.6757 0.2069, 0.3661 -0.6417 0.2069, 0.4103 -0.7745 0.1954, 0.4141 -0.8085 0.1954, 0.4064 -0.7405 0.1954, 0.4178 -0.8426 0.1954, 0.4251 -0.9106 0.1954, 0.4289 -0.9445 0.1954, 0.6094 -1.3939 0.1954, 0.433 -0.9784 0.1954, 0.4375 -1.0122 0.1954, 0.4425 -1.0458 0.1954, 0.4545 -1.1126 0.1954, 0.4481 -1.0793 0.1954, 0.4177 -1.1932 0.2264, 0.4528 -1.2196 0.2069, 0.4284 -1.2278 0.2264, 0.4196 -1.0844 0.2069, 0.4139 -1.0503 0.2069, 0.4704 -1.1783 0.1954, 0.4618 -1.1456 0.1954, 0.4802 -1.2104 0.1954, 0.4918 -1.2418 0.1954, 0.5052 -1.2722 0.1954, 0.5208 -1.3013 0.1954, 0.6577 -1.5141 0.3099, 0.6748 -1.5158 0.2811, 0.6881 -1.5234 0.3099, 0.5597 -1.3532 0.1954, 0.5389 -1.3285 0.1954, 0.4571 -1.3393 0.2522, 0.4738 -1.3293 0.2264, 0.495 -1.3611 0.2264, 0.5832 -1.3751 0.1954, 0.5939 -1.4183 0.2069, 0.5802 -1.4401 0.2264, 0.5486 -1.4175 0.2264, 0.7154 -1.5144 0.2522, 0.7129 -1.5257 0.2811, 0.668 -1.423 0.1954, 0.6379 -1.4098 0.1954, 0.7608 -1.4704 0.2036, 0.7252 -1.4703 0.2069, 0.7315 -1.442 0.1954, 0.6993 -1.4337 0.1954, 0.751 -1.5335 0.2836, 0.7505 -1.5364 0.3099, 0.7191 -1.5308 0.3099, 0.6781 -1.5048 0.2522, 0.7196 -1.4954 0.2264, 0.6483 -1.474 0.2264, 0.6837 -1.4861 0.2264, 0.6412 -1.4922 0.2522, 0.7646 -1.4457 0.1948, 0.7574 -1.4926 0.2177, 0.3942 0.0062 0.1954, 0.3997 0.0399 0.1954, 0.4053 0.0736 0.1954, 0.4109 0.1074 0.1954, 0.4164 0.1413 0.1954, 0.4216 0.1752 0.1954, 0.4265 0.2092 0.1954, 0.4309 0.2433 0.1954, 0.4347 0.2774 0.1954, 0.438 0.3117 0.1954, 0.4405 0.346 0.1954, 0.4422 0.3804 0.1954, 0.443 0.4149 0.1954, 0.4429 0.4494 0.1954, 0.4419 0.4838 0.1954, 0.4398 0.5183 0.1954, 0.4369 0.5526 0.1954, 0.4331 0.5868 0.1954, 0.4287 0.6209 0.1954, 0.4238 0.6549 0.1954, 0.4185 0.6888 0.1954, 0.4128 0.7227 0.1954, 0.4069 0.7564 0.1954, 0.3784 0.7514 0.2069, 0.3723 0.785 0.2069, 0.4008 0.7901 0.1954, 0.3947 0.8238 0.1954, 0.3887 0.8575 0.1954, 0.3828 0.8911 0.1954, 0.3773 0.9248 0.1954, 0.3722 0.9584 0.1954, 0.3676 0.9921 0.1954, 0.3639 1.0258 0.1954, 0.3308 1.0926 0.2069, 0.3611 1.0595 0.1954, 0.3323 1.0577 0.2069, 0.3597 1.0932 0.1954, 0.36 1.1266 0.1954, 0.3623 1.1597 0.1954, 0.3141 1.2932 0.2811, 0.3326 1.3269 0.3099, 0.341 1.3317 0.2811, 0.3675 1.192 0.1954, 0.3761 1.2229 0.1954, 0.3889 1.2512 0.1954, 0.4063 1.2761 0.1954, 0.4078 1.3891 0.2811, 0.414 1.3794 0.2522, 0.3806 1.3547 0.2522, 0.4285 1.298 0.1954, 0.4917 1.3978 0.2264, 0.4694 1.3591 0.2069, 0.4577 1.3821 0.2264, 0.4543 1.3171 0.1954, 0.4827 1.3334 0.1954, 0.5127 1.3473 0.1954, 0.5439 1.359 0.1954, 0.5681 1.3967 0.2069, 0.602 1.4053 0.2069, 0.5759 1.3689 0.1954, 0.6085 1.3771 0.1954, 0.6415 1.3839 0.1954, 0.6748 1.3894 0.1954, 0.7083 1.3937 0.1954, 0.7758 1.3992 0.1954, 0.7743 1.4281 0.2069, 0.809 1.4295 0.2069, 0.742 1.397 0.1954, 0.8097 1.4005 0.1954, 0.8436 1.4009 0.1954, 0.8776 1.4005 0.1954, 0.9129 1.4281 0.2069, 0.9475 1.426 0.2069, 0.9115 1.3992 0.1954, 0.9142 1.4539 0.2264, 0.9151 1.4734 0.2522, 0.9508 1.4712 0.2522, 0.9874 1.4796 0.2811, 0.9863 1.4682 0.2522, 1.0222 1.4676 0.2586, 0.9919 1.4828 0.3099, 1.0236 1.4793 0.3099, 1.0233 1.4763 0.2836, 1.0205 1.4536 0.2362, 0.9844 1.4487 0.2264, 0.8783 1.4294 0.2069, 0.9792 1.3943 0.1954, 0.9454 1.3972 0.1954, 1.0126 1.3882 0.1948, 0.6576 -1.45 0.2069, 0.625 -1.4357 0.2069, 0.691 -1.4614 0.2069, 0.5649 -1.3975 0.2069, 0.5386 -1.3731 0.2069, 0.5157 -1.3457 0.2069, 0.496 -1.3161 0.2069, 0.4792 -1.2849 0.2069, 0.4649 -1.2526 0.2069, 0.4425 -1.1862 0.2069, 0.4337 -1.1524 0.2069, 0.4261 -1.1185 0.2069, 0.4088 -1.0161 0.2069, 0.3746 -0.9508 0.2264, 0.4043 -0.982 0.2069, 0.3788 -0.9852 0.2264, 0.4002 -0.9479 0.2069, 0.3963 -0.9137 0.2069, 0.3927 -0.8797 0.2069, 0.389 -0.8456 0.2069, 0.3853 -0.8117 0.2069, 0.3815 -0.7777 0.2069, 0.3777 -0.7437 0.2069, 0.3738 -0.7097 0.2069, 0.3624 -0.6076 0.2069, 0.3588 -0.5735 0.2069, 0.3332 -0.5761 0.2264, 0.3298 -0.5418 0.2264, 0.3554 -0.5393 0.2069, 0.3522 -0.5051 0.2069, 0.3493 -0.4708 0.2069, 0.3467 -0.4365 0.2069, 0.3445 -0.4022 0.2069, 0.3428 -0.3678 0.2069, 0.3406 -0.2642 0.2069, 0.3412 -0.2297 0.2069, 0.3154 -0.229 0.2264, 0.3167 -0.1939 0.2264, 0.3424 -0.1951 0.2069, 0.3445 -0.1605 0.2069, 0.3474 -0.126 0.2069, 0.3511 -0.0916 0.2069, 0.3657 0.0107 0.2069, 0.3514 0.0826 0.2264, 0.3712 0.0446 0.2069, 0.3458 0.0488 0.2264, 0.3768 0.0784 0.2069, 0.3824 0.1121 0.2069, 0.3878 0.1458 0.2069, 0.393 0.1794 0.2069, 0.3978 0.2131 0.2069, 0.4021 0.2468 0.2069, 0.4059 0.2804 0.2069, 0.4091 0.3141 0.2069, 0.4116 0.3478 0.2069, 0.4133 0.3815 0.2069, 0.4141 0.4152 0.2069, 0.414 0.4489 0.2069, 0.413 0.4825 0.2069, 0.411 0.5161 0.2069, 0.4081 0.5498 0.2069, 0.4044 0.5834 0.2069, 0.4001 0.617 0.2069, 0.3952 0.6506 0.2069, 0.3899 0.6842 0.2069, 0.3843 0.7178 0.2069, 0.3662 0.8187 0.2069, 0.3602 0.8524 0.2069, 0.3543 0.8863 0.2069, 0.3289 0.8819 0.2264, 0.3233 0.9161 0.2264, 0.3487 0.9202 0.2069, 0.3435 0.9543 0.2069, 0.3389 0.9886 0.2069, 0.3351 1.023 0.2069, 0.331 1.1277 0.2069, 0.3053 1.1286 0.2264, 0.308 1.1658 0.2264, 0.3336 1.1629 0.2069, 0.3392 1.1981 0.2069, 0.3488 1.2326 0.2069, 0.3636 1.2654 0.2069, 0.3842 1.2949 0.2069, 0.4098 1.3201 0.2069, 0.4386 1.3414 0.2069, 0.5016 1.374 0.2069, 0.5346 1.3864 0.2069, 0.6362 1.4124 0.2069, 0.6315 1.4377 0.2264, 0.6669 1.4435 0.2264, 0.6706 1.418 0.2069, 0.7051 1.4225 0.2069, 0.7397 1.4258 0.2069, 0.8436 1.4299 0.2069, 0.8789 1.4552 0.2264, 0.982 1.4231 0.2069, 1.0156 1.4128 0.2035, 0.7545 -1.511 0.2364, 0.6136 -1.4588 0.2264, 0.5058 -1.4042 0.2522, 0.5363 -1.4326 0.2522, 0.4974 -1.4121 0.2811, 0.5199 -1.3908 0.2264, 0.456 -1.2961 0.2264, 0.441 -1.2622 0.2264, 0.3897 -1.163 0.2522, 0.4087 -1.1584 0.2264, 0.4009 -1.1237 0.2264, 0.3942 -1.089 0.2264, 0.3884 -1.0543 0.2264, 0.3833 -1.0197 0.2264, 0.3707 -0.9166 0.2264, 0.3476 -0.8845 0.2522, 0.367 -0.8824 0.2264, 0.3634 -0.8484 0.2264, 0.3597 -0.8145 0.2264, 0.3559 -0.7806 0.2264, 0.3521 -0.7466 0.2264, 0.3482 -0.7126 0.2264, 0.3444 -0.6786 0.2264, 0.3405 -0.6445 0.2264, 0.3368 -0.6103 0.2264, 0.3266 -0.5074 0.2264, 0.3237 -0.4729 0.2264, 0.3016 -0.4397 0.2522, 0.3211 -0.4383 0.2264, 0.3188 -0.4037 0.2264, 0.317 -0.3689 0.2264, 0.3157 -0.3341 0.2264, 0.315 -0.2991 0.2264, 0.3149 -0.2641 0.2264, 0.2993 -0.1573 0.2522, 0.3188 -0.1587 0.2264, 0.3217 -0.1235 0.2264, 0.3255 -0.0886 0.2264, 0.3299 -0.0538 0.2264, 0.3349 -0.0194 0.2264, 0.3402 0.0148 0.2264, 0.3569 0.1163 0.2264, 0.3624 0.1498 0.2264, 0.3675 0.1832 0.2264, 0.3529 0.2192 0.2522, 0.3723 0.2166 0.2264, 0.3766 0.2499 0.2264, 0.3803 0.2831 0.2264, 0.3835 0.3163 0.2264, 0.3859 0.3494 0.2264, 0.3875 0.3825 0.2264, 0.3883 0.4155 0.2264, 0.3882 0.4485 0.2264, 0.3872 0.4814 0.2264, 0.3853 0.5142 0.2264, 0.3824 0.5472 0.2264, 0.3788 0.5803 0.2264, 0.3746 0.6135 0.2264, 0.3697 0.6467 0.2264, 0.3645 0.68 0.2264, 0.3589 0.7134 0.2264, 0.353 0.7468 0.2264, 0.347 0.7804 0.2264, 0.3409 0.8141 0.2264, 0.3348 0.8479 0.2264, 0.318 0.9506 0.2264, 0.294 0.983 0.2522, 0.3133 0.9854 0.2264, 0.3094 1.0205 0.2264, 0.3066 1.0561 0.2264, 0.305 1.0921 0.2264, 0.2889 1.2427 0.3099, 0.2953 1.2516 0.2811, 0.2837 1.2099 0.2811, 0.314 1.2034 0.2264, 0.3246 1.2412 0.2264, 0.3412 1.278 0.2264, 0.3646 1.3116 0.2264, 0.3932 1.3398 0.2264, 0.4246 1.363 0.2264, 0.5492 1.4542 0.3099, 0.5528 1.4514 0.2811, 0.5163 1.4401 0.2811, 0.5263 1.4108 0.2264, 0.5612 1.4216 0.2264, 0.5963 1.4304 0.2264, 0.7001 1.4675 0.2522, 0.7022 1.4481 0.2264, 0.7376 1.4515 0.2264, 0.773 1.4538 0.2264, 0.8083 1.4552 0.2264, 0.8437 1.4556 0.2264, 0.9493 1.4517 0.2264, 1.0183 1.435 0.2175, 0.7523 -1.5249 0.2588, 0.5999 -1.4866 0.2811, 0.605 -1.4763 0.2522, 0.5698 -1.4566 0.2522, 0.4794 -1.3727 0.2522, 0.4122 -1.2737 0.2811, 0.4281 -1.3097 0.2811, 0.4114 -1.2816 0.3099, 0.4385 -1.3047 0.2522, 0.4229 -1.2695 0.2522, 0.4099 -1.234 0.2522, 0.399 -1.1985 0.2522, 0.3637 -1.0944 0.2811, 0.3705 -1.13 0.2811, 0.3606 -1.0976 0.3099, 0.3818 -1.1276 0.2522, 0.375 -1.0924 0.2522, 0.3692 -1.0573 0.2522, 0.364 -1.0224 0.2522, 0.3594 -0.9877 0.2522, 0.3552 -0.9531 0.2522, 0.3514 -0.9187 0.2522, 0.344 -0.8505 0.2522, 0.3403 -0.8166 0.2522, 0.3365 -0.7828 0.2522, 0.3174 -0.7161 0.2811, 0.3213 -0.7501 0.2811, 0.3141 -0.7183 0.3099, 0.3327 -0.7488 0.2522, 0.3288 -0.7148 0.2522, 0.325 -0.6808 0.2522, 0.3212 -0.6466 0.2522, 0.3174 -0.6124 0.2522, 0.3138 -0.5781 0.2522, 0.3104 -0.5437 0.2522, 0.3072 -0.5091 0.2522, 0.3042 -0.4745 0.2522, 0.2993 -0.4048 0.2522, 0.2847 -0.335 0.2811, 0.286 -0.3703 0.2811, 0.2813 -0.3375 0.3099, 0.2975 -0.3698 0.2522, 0.2962 -0.3346 0.2522, 0.2955 -0.2994 0.2522, 0.2953 -0.264 0.2522, 0.2959 -0.2285 0.2522, 0.2972 -0.1929 0.2522, 0.3023 -0.1217 0.2522, 0.2992 -0.0496 0.2811, 0.2947 -0.0849 0.2811, 0.2952 -0.0514 0.3099, 0.3061 -0.0862 0.2522, 0.3106 -0.0512 0.2522, 0.3156 -0.0165 0.2522, 0.321 0.0179 0.2522, 0.3265 0.052 0.2522, 0.3321 0.0858 0.2522, 0.3377 0.1194 0.2522, 0.3431 0.1529 0.2522, 0.3482 0.1861 0.2522, 0.3572 0.2522 0.2522, 0.3609 0.2851 0.2522, 0.364 0.3179 0.2522, 0.3664 0.3506 0.2522, 0.368 0.3832 0.2522, 0.3688 0.4157 0.2522, 0.3687 0.4482 0.2522, 0.3677 0.4805 0.2522, 0.3658 0.5128 0.2522, 0.363 0.5453 0.2522, 0.3595 0.578 0.2522, 0.3552 0.6108 0.2522, 0.3505 0.6438 0.2522, 0.3283 0.7081 0.2811, 0.3339 0.675 0.2811, 0.3249 0.7073 0.3099, 0.3452 0.6769 0.2522, 0.3397 0.7101 0.2522, 0.3338 0.7434 0.2522, 0.3278 0.7769 0.2522, 0.3217 0.8106 0.2522, 0.3156 0.8445 0.2522, 0.3097 0.8787 0.2522, 0.304 0.9131 0.2522, 0.2987 0.9478 0.2522, 0.29 1.0186 0.2522, 0.2756 1.0541 0.2811, 0.2871 1.0548 0.2522, 0.2855 1.0917 0.2522, 0.2858 1.1294 0.2522, 0.2886 1.168 0.2522, 0.2949 1.2075 0.2522, 0.3062 1.2477 0.2522, 0.3242 1.2875 0.2522, 0.3498 1.3242 0.2522, 0.4488 1.3994 0.2522, 0.4842 1.4158 0.2522, 0.52 1.4292 0.2522, 0.5559 1.4403 0.2522, 0.5919 1.4495 0.2522, 0.628 1.4569 0.2522, 0.664 1.4628 0.2522, 0.7351 1.4824 0.2811, 0.7692 1.4883 0.3099, 0.7714 1.4848 0.2811, 0.736 1.4709 0.2522, 0.772 1.4733 0.2522, 0.8078 1.4747 0.2522, 0.8437 1.4751 0.2522, 0.8794 1.4747 0.2522, 0.6371 -1.5029 0.2811, 0.6279 -1.503 0.3099, 0.5636 -1.4663 0.2811, 0.529 -1.4415 0.2811, 0.5191 -1.4377 0.3099, 0.4701 -1.3796 0.2811, 0.4472 -1.3452 0.2811, 0.399 -1.2377 0.2811, 0.3879 -1.2016 0.2811, 0.3785 -1.1657 0.2811, 0.3578 -1.0591 0.2811, 0.3526 -1.024 0.2811, 0.348 -0.9891 0.2811, 0.3438 -0.9544 0.2811, 0.3399 -0.9199 0.2811, 0.3362 -0.8857 0.2811, 0.3326 -0.8517 0.2811, 0.3289 -0.8179 0.2811, 0.3251 -0.7841 0.2811, 0.3135 -0.6821 0.2811, 0.3097 -0.6479 0.2811, 0.306 -0.6136 0.2811, 0.3024 -0.5793 0.2811, 0.2989 -0.5448 0.2811, 0.2957 -0.5101 0.2811, 0.2927 -0.4754 0.2811, 0.2901 -0.4405 0.2811, 0.2879 -0.4055 0.2811, 0.284 -0.2995 0.2811, 0.2838 -0.2639 0.2811, 0.2844 -0.2282 0.2811, 0.2857 -0.1924 0.2811, 0.2878 -0.1565 0.2811, 0.2908 -0.1206 0.2811, 0.3042 -0.0148 0.2811, 0.3096 0.0197 0.2811, 0.3151 0.0539 0.2811, 0.3208 0.0877 0.2811, 0.3263 0.1213 0.2811, 0.3317 0.1547 0.2811, 0.3368 0.1878 0.2811, 0.3415 0.2208 0.2811, 0.3458 0.2536 0.2811, 0.3495 0.2863 0.2811, 0.3525 0.3189 0.2811, 0.3549 0.3513 0.2811, 0.3565 0.3836 0.2811, 0.3573 0.4159 0.2811, 0.3572 0.448 0.2811, 0.3562 0.48 0.2811, 0.3543 0.512 0.2811, 0.3516 0.5442 0.2811, 0.348 0.5766 0.2811, 0.3438 0.6093 0.2811, 0.3391 0.6421 0.2811, 0.3225 0.7414 0.2811, 0.3164 0.7749 0.2811, 0.3104 0.8086 0.2811, 0.3043 0.8425 0.2811, 0.2983 0.8767 0.2811, 0.2926 0.9113 0.2811, 0.2873 0.9462 0.2811, 0.2826 0.9816 0.2811, 0.2786 1.0175 0.2811, 0.2746 1.0218 0.3099, 0.274 1.0915 0.2811, 0.2743 1.1298 0.2811, 0.2772 1.1692 0.2811, 0.3731 1.3635 0.2811, 0.3775 1.372 0.3099, 0.4435 1.4097 0.2811, 0.4798 1.4264 0.2811, 0.5894 1.4607 0.2811, 0.6259 1.4682 0.2811, 0.6624 1.4742 0.2811, 0.6988 1.4789 0.2811, 0.8076 1.4862 0.2811, 0.8437 1.4867 0.2811, 0.8797 1.4862 0.2811, 0.9157 1.4849 0.2811, 0.9516 1.4827 0.2811, 0.5988 -1.49 0.3099, 0.5708 -1.4748 0.3099, 0.544 -1.4575 0.3099, 0.4959 -1.4158 0.3099, 0.475 -1.3919 0.3099, 0.4562 -1.366 0.3099, 0.4394 -1.339 0.3099, 0.4245 -1.3107 0.3099, 0.4 -1.2519 0.3099, 0.39 -1.2216 0.3099, 0.3811 -1.191 0.3099, 0.3735 -1.1601 0.3099, 0.3666 -1.129 0.3099, 0.3552 -1.0663 0.3099, 0.3505 -1.0347 0.3099, 0.3461 -1.0032 0.3099, 0.3422 -0.9716 0.3099, 0.3385 -0.9399 0.3099, 0.335 -0.9082 0.3099, 0.3316 -0.8766 0.3099, 0.3281 -0.8449 0.3099, 0.3247 -0.8132 0.3099, 0.3212 -0.7816 0.3099, 0.3176 -0.7499 0.3099, 0.3105 -0.6866 0.3099, 0.307 -0.6549 0.3099, 0.3035 -0.6233 0.3099, 0.3001 -0.5916 0.3099, 0.2969 -0.5599 0.3099, 0.2938 -0.5282 0.3099, 0.291 -0.4965 0.3099, 0.2884 -0.4647 0.3099, 0.286 -0.4329 0.3099, 0.284 -0.4012 0.3099, 0.2824 -0.3693 0.3099, 0.2807 -0.3056 0.3099, 0.2805 -0.2738 0.3099, 0.2808 -0.2419 0.3099, 0.2817 -0.2101 0.3099, 0.2831 -0.1782 0.3099, 0.2852 -0.1465 0.3099, 0.288 -0.1147 0.3099, 0.2913 -0.083 0.3099, 0.2995 -0.0198 0.3099, 0.3042 0.0117 0.3099, 0.3092 0.0432 0.3099, 0.3145 0.0746 0.3099, 0.3199 0.106 0.3099, 0.325 0.1374 0.3099, 0.3301 0.1689 0.3099, 0.3348 0.2004 0.3099, 0.3392 0.2319 0.3099, 0.3432 0.2635 0.3099, 0.3467 0.2952 0.3099, 0.3495 0.3269 0.3099, 0.3516 0.3587 0.3099, 0.353 0.3906 0.3099, 0.3536 0.4224 0.3099, 0.3535 0.4543 0.3099, 0.3524 0.4861 0.3099, 0.3505 0.5179 0.3099, 0.3477 0.5496 0.3099, 0.3441 0.5813 0.3099, 0.3399 0.6129 0.3099, 0.3352 0.6444 0.3099, 0.3301 0.6759 0.3099, 0.3193 0.7387 0.3099, 0.3138 0.77 0.3099, 0.308 0.8014 0.3099, 0.3025 0.8327 0.3099, 0.2969 0.8641 0.3099, 0.2916 0.8955 0.3099, 0.2866 0.927 0.3099, 0.282 0.9585 0.3099, 0.278 0.9901 0.3099, 0.2722 1.0535 0.3099, 0.2706 1.0854 0.3099, 0.2706 1.1172 0.3099, 0.2718 1.1491 0.3099, 0.2752 1.1807 0.3099, 0.2807 1.2121 0.3099, 0.3001 1.2725 0.3099, 0.3145 1.3009 0.3099, 0.354 1.3509 0.3099, 0.4038 1.3907 0.3099, 0.4308 1.4072 0.3099, 0.4594 1.4215 0.3099, 0.4887 1.434 0.3099, 0.5187 1.4449 0.3099, 0.58 1.4623 0.3099, 0.6112 1.469 0.3099, 0.6425 1.4748 0.3099, 0.6741 1.4795 0.3099, 0.7057 1.4833 0.3099, 0.7374 1.4862 0.3099, 0.801 1.4896 0.3099, 0.8329 1.4902 0.3099, 0.8647 1.4901 0.3099, 0.8966 1.4892 0.3099, 0.9284 1.4877 0.3099, 0.9602 1.4856 0.3099, 1.3907 0.0702 0.1954, 1.3999 0.0276 0.1954, 1.3824 0.113 0.1954, 1.4191 0.076 0.2069, 1.4281 0.0338 0.2069, 1.375 0.156 0.1954, 1.3688 0.1992 0.1954, 1.361 0.2864 0.1954, 1.3641 0.2427 0.1954, 1.3598 0.3302 0.1954, 1.3608 0.374 0.1954, 1.3639 0.4177 0.1954, 1.4086 0.6751 0.1954, 1.3829 0.5473 0.1954, 1.3913 0.5901 0.1954, 1.3754 0.5044 0.1954, 1.3689 0.4612 0.1954, 1.3999 0.6326 0.1954, 1.4362 0.8453 0.1954, 1.417 0.7176 0.1954, 1.4311 0.8026 0.1954, 1.4246 0.7601 0.1954, 1.4395 0.8881 0.1954, 1.4598 0.7987 0.2069, 1.4531 0.7553 0.2069, 1.4405 0.9737 0.1954, 1.441 0.9309 0.1954, 1.4377 1.0163 0.1954, 1.1807 1.3568 0.1954, 1.2208 1.3428 0.1954, 1.4694 0.9748 0.2069, 1.4665 1.019 0.2069, 1.4246 1.1003 0.1954, 1.4325 1.0586 0.1954, 1.4136 1.1411 0.1954, 1.399 1.1804 0.1954, 1.4412 1.1499 0.2069, 1.4657 1.1577 0.2264, 1.478 1.1125 0.2264, 1.3802 1.2175 0.1954, 1.3568 1.251 0.1954, 1.2593 1.3257 0.1954, 1.2955 1.305 0.1954, 1.3284 1.2802 0.1954, 1.399 1.2858 0.2264, 1.444 1.2553 0.2522, 1.4272 1.2453 0.2264, 1.416 1.3189 0.3099, 1.423 1.3055 0.2811, 1.3849 1.3447 0.2811, 1.0627 1.4741 0.3099, 1.1396 1.3682 0.1954, 1.0978 1.3774 0.1954, 1.06 1.4134 0.2069, 1.0555 1.3848 0.1954, 1.1015 1.4676 0.3099, 1.1143 1.4615 0.2811, 1.0686 1.4695 0.2811, 1.1527 1.4213 0.2264, 1.2027 1.4277 0.2522, 1.197 1.4091 0.2264, 1.0669 1.4581 0.2522, 1.1121 1.4502 0.2522, 1.0639 1.4388 0.2264, 1.4096 -0.0149 0.1954, 1.4196 -0.0571 0.1954, 1.4298 -0.0994 0.1954, 1.4399 -0.1415 0.1954, 1.4498 -0.1837 0.1954, 1.4592 -0.2259 0.1954, 1.4679 -0.2682 0.1954, 1.4758 -0.3107 0.1954, 1.4827 -0.3532 0.1954, 1.4886 -0.396 0.1954, 1.4935 -0.4388 0.1954, 1.5223 -0.4359 0.2069, 1.5261 -0.4796 0.2069, 1.4973 -0.4818 0.1954, 1.4999 -0.5248 0.1954, 1.5014 -0.5678 0.1954, 1.5017 -0.6109 0.1954, 1.5295 -0.6551 0.2069, 1.5271 -0.699 0.2069, 1.5006 -0.6539 0.1954, 1.4982 -0.6969 0.1954, 1.4945 -0.7397 0.1954, 1.4892 -0.7824 0.1954, 1.4825 -0.8249 0.1954, 1.4741 -0.867 0.1954, 1.4642 -0.9088 0.1954, 1.4526 -0.9501 0.1954, 1.4394 -0.9909 0.1954, 1.4244 -1.0311 0.1954, 1.4077 -1.0706 0.1954, 1.3893 -1.1093 0.1954, 1.3691 -1.147 0.1954, 1.3469 -1.1836 0.1954, 1.3229 -1.2189 0.1954, 1.2968 -1.2525 0.1954, 1.2686 -1.2844 0.1954, 1.2383 -1.3142 0.1954, 1.206 -1.3415 0.1954, 1.1716 -1.3662 0.1954, 1.1353 -1.3878 0.1954, 1.0973 -1.4063 0.1954, 1.0578 -1.4216 0.1954, 1.0172 -1.4339 0.1954, 0.9758 -1.4434 0.1954, 0.9338 -1.4501 0.1954, 0.8486 -1.4839 0.2069, 0.8914 -1.4539 0.1954, 0.8931 -1.4828 0.2069, 0.7996 -1.5386 0.2811, 0.8957 -1.528 0.2522, 0.8482 -1.5292 0.2522, 0.8945 -1.5085 0.2264, 0.8021 -1.5076 0.2264, 0.8005 -1.5271 0.2522, 0.7968 -1.542 0.3099, 0.9373 -1.4788 0.2069, 0.8489 -1.455 0.1954, 0.8064 -1.4531 0.1954, 1.1466 1.3963 0.2069, 1.1893 1.3845 0.2069, 1.1034 1.4058 0.2069, 1.2314 1.3698 0.2069, 1.2723 1.3516 0.2069, 1.3114 1.3292 0.2069, 1.3475 1.3019 0.2069, 1.3791 1.2694 0.2069, 1.4051 1.2322 0.2069, 1.4255 1.192 0.2069, 1.4528 1.1068 0.2069, 1.4611 1.063 0.2069, 1.4942 0.8849 0.2264, 1.4957 0.9303 0.2264, 1.5136 0.8838 0.2522, 1.4699 0.9305 0.2069, 1.4684 0.8864 0.2069, 1.465 0.8424 0.2069, 1.4454 0.7122 0.2069, 1.4707 0.7074 0.2264, 1.4623 0.6643 0.2264, 1.437 0.6694 0.2069, 1.4283 0.6268 0.2069, 1.4196 0.5844 0.2069, 1.4114 0.542 0.2069, 1.4039 0.4997 0.2069, 1.3976 0.4573 0.2069, 1.3927 0.415 0.2069, 1.3897 0.3726 0.2069, 1.3888 0.3303 0.2069, 1.3899 0.2878 0.2069, 1.3929 0.2453 0.2069, 1.3975 0.2029 0.2069, 1.4036 0.1605 0.2069, 1.4108 0.1182 0.2069, 1.4377 -0.0083 0.2069, 1.4477 -0.0504 0.2069, 1.4728 -0.0444 0.2264, 1.4829 -0.0865 0.2264, 1.4579 -0.0926 0.2069, 1.4681 -0.1348 0.2069, 1.478 -0.1772 0.2069, 1.4875 -0.2198 0.2069, 1.4963 -0.2626 0.2069, 1.5043 -0.3057 0.2069, 1.5113 -0.3489 0.2069, 1.5173 -0.3923 0.2069, 1.5289 -0.5234 0.2069, 1.5304 -0.5672 0.2069, 1.5306 -0.6112 0.2069, 1.5232 -0.7428 0.2069, 1.5179 -0.7865 0.2069, 1.5109 -0.8299 0.2069, 1.5024 -0.8732 0.2069, 1.4922 -0.916 0.2069, 1.4803 -0.9585 0.2069, 1.4667 -1.0005 0.2069, 1.4513 -1.0418 0.2069, 1.4341 -1.0825 0.2069, 1.4151 -1.1224 0.2069, 1.3942 -1.1614 0.2069, 1.3713 -1.1992 0.2069, 1.3463 -1.2359 0.2069, 1.3191 -1.271 0.2069, 1.2896 -1.3043 0.2069, 1.2579 -1.3355 0.2069, 1.2238 -1.3643 0.2069, 1.2396 -1.3846 0.2264, 1.2016 -1.4119 0.2264, 1.1875 -1.3903 0.2069, 1.1491 -1.4133 0.2069, 1.1089 -1.4328 0.2069, 1.0673 -1.449 0.2069, 1.0246 -1.4619 0.2069, 0.9813 -1.4718 0.2069, 0.8041 -1.482 0.2069, 1.1083 1.4311 0.2264, 1.2408 1.3937 0.2264, 1.2839 1.3746 0.2264, 1.3255 1.3508 0.2264, 1.3644 1.3213 0.2264, 1.4491 1.2022 0.2264, 1.5262 1.0292 0.3099, 1.5231 1.0242 0.2811, 1.5173 1.0717 0.2811, 1.4866 1.0669 0.2264, 1.4922 1.0213 0.2264, 1.4951 0.9757 0.2264, 1.4906 0.8399 0.2264, 1.4853 0.7952 0.2264, 1.4785 0.751 0.2264, 1.4535 0.6216 0.2264, 1.464 0.5754 0.2522, 1.4449 0.5793 0.2264, 1.4367 0.5373 0.2264, 1.4293 0.4955 0.2264, 1.4231 0.4539 0.2264, 1.4184 0.4126 0.2264, 1.4154 0.3714 0.2264, 1.4145 0.3303 0.2264, 1.4156 0.2891 0.2264, 1.4185 0.2476 0.2264, 1.4231 0.2061 0.2264, 1.429 0.1645 0.2264, 1.4362 0.1229 0.2264, 1.4443 0.0812 0.2264, 1.4533 0.0394 0.2264, 1.4628 -0.0024 0.2264, 1.4931 -0.1289 0.2264, 1.5221 -0.1671 0.2522, 1.5031 -0.1715 0.2264, 1.5126 -0.2144 0.2264, 1.5216 -0.2577 0.2264, 1.5297 -0.3013 0.2264, 1.5368 -0.3451 0.2264, 1.5429 -0.3891 0.2264, 1.5479 -0.4333 0.2264, 1.5518 -0.4776 0.2264, 1.5546 -0.5221 0.2264, 1.5561 -0.5667 0.2264, 1.5564 -0.6114 0.2264, 1.5553 -0.6561 0.2264, 1.5528 -0.7008 0.2264, 1.5488 -0.7455 0.2264, 1.5434 -0.79 0.2264, 1.5363 -0.8345 0.2264, 1.5276 -0.8786 0.2264, 1.5172 -0.9225 0.2264, 1.505 -0.966 0.2264, 1.491 -1.0089 0.2264, 1.4752 -1.0513 0.2264, 1.4576 -1.093 0.2264, 1.4381 -1.134 0.2264, 1.4166 -1.1741 0.2264, 1.393 -1.2132 0.2264, 1.3671 -1.251 0.2264, 1.3389 -1.2874 0.2264, 1.3083 -1.322 0.2264, 1.2752 -1.3546 0.2264, 1.1613 -1.4359 0.2264, 1.1191 -1.4564 0.2264, 1.082 -1.4918 0.2522, 1.0756 -1.4733 0.2264, 1.0312 -1.4868 0.2264, 0.9861 -1.4971 0.2264, 0.9405 -1.5043 0.2264, 0.8484 -1.5097 0.2264, 1.1574 1.4403 0.2522, 1.2521 1.4226 0.2811, 1.2479 1.4119 0.2522, 1.2926 1.392 0.2522, 1.3361 1.3671 0.2522, 1.3773 1.336 0.2522, 1.4141 1.2982 0.2522, 1.4776 1.2145 0.2811, 1.467 1.21 0.2522, 1.4843 1.1636 0.2522, 1.497 1.1168 0.2522, 1.5059 1.0699 0.2522, 1.5116 1.0231 0.2522, 1.5146 0.9765 0.2522, 1.5152 0.93 0.2522, 1.5215 0.8368 0.2811, 1.52 0.7936 0.3099, 1.516 0.791 0.2811, 1.51 0.8379 0.2522, 1.5046 0.7925 0.2522, 1.4977 0.7478 0.2522, 1.4899 0.7038 0.2522, 1.4814 0.6604 0.2522, 1.4726 0.6177 0.2522, 1.4559 0.5337 0.2522, 1.4486 0.4923 0.2522, 1.4424 0.4514 0.2522, 1.4378 0.4107 0.2522, 1.4349 0.3705 0.2522, 1.434 0.3304 0.2522, 1.4351 0.29 0.2522, 1.4424 0.2086 0.2522, 1.438 0.2494 0.2522, 1.4538 0.21 0.2811, 1.4483 0.1676 0.2522, 1.4553 0.1264 0.2522, 1.4634 0.0851 0.2522, 1.4723 0.0437 0.2522, 1.4818 0.002 0.2522, 1.4918 -0.0398 0.2522, 1.5019 -0.0819 0.2522, 1.5121 -0.1244 0.2522, 1.5317 -0.2103 0.2522, 1.5602 -0.296 0.2811, 1.552 -0.2517 0.2811, 1.563 -0.2911 0.3099, 1.5407 -0.2539 0.2522, 1.5489 -0.2979 0.2522, 1.5561 -0.3422 0.2522, 1.5622 -0.3867 0.2522, 1.5673 -0.4313 0.2522, 1.5713 -0.4762 0.2522, 1.5741 -0.5212 0.2522, 1.5756 -0.5663 0.2522, 1.5759 -0.6116 0.2522, 1.5748 -0.6569 0.2522, 1.5723 -0.7022 0.2522, 1.5682 -0.7475 0.2522, 1.5627 -0.7928 0.2522, 1.5555 -0.8379 0.2522, 1.5466 -0.8828 0.2522, 1.5361 -0.9274 0.2522, 1.5237 -0.9716 0.2522, 1.5094 -1.0154 0.2522, 1.4934 -1.0585 0.2522, 1.4754 -1.101 0.2522, 1.4555 -1.1428 0.2522, 1.4335 -1.1837 0.2522, 1.4094 -1.2237 0.2522, 1.3829 -1.2625 0.2522, 1.354 -1.2998 0.2522, 1.3225 -1.3354 0.2522, 1.2884 -1.369 0.2522, 1.2516 -1.4 0.2522, 1.2123 -1.4282 0.2522, 1.1706 -1.4531 0.2522, 1.1269 -1.4743 0.2522, 1.0362 -1.5057 0.2522, 0.9898 -1.5163 0.2522, 0.9429 -1.5237 0.2522, 1.1602 1.4514 0.2811, 1.2062 1.4387 0.2811, 1.216 1.4392 0.3099, 1.2978 1.4023 0.2811, 1.3424 1.3767 0.2811, 1.4539 1.2611 0.2811, 1.4617 1.2549 0.3099, 1.4953 1.1671 0.2811, 1.5082 1.1194 0.2811, 1.5261 0.9769 0.2811, 1.5267 0.9299 0.2811, 1.5251 0.8832 0.2811, 1.5091 0.7459 0.2811, 1.5012 0.7017 0.2811, 1.4927 0.6582 0.2811, 1.4839 0.6154 0.2811, 1.4753 0.5732 0.2811, 1.4672 0.5316 0.2811, 1.4599 0.4905 0.2811, 1.4539 0.4498 0.2811, 1.4492 0.4097 0.2811, 1.4464 0.3699 0.2811, 1.4456 0.3304 0.2811, 1.4466 0.2906 0.2811, 1.4494 0.2504 0.2811, 1.463 0.1705 0.3099, 1.4596 0.1694 0.2811, 1.4667 0.1285 0.2811, 1.4747 0.0874 0.2811, 1.4836 0.0462 0.2811, 1.493 0.0046 0.2811, 1.5029 -0.0371 0.2811, 1.5131 -0.0792 0.2811, 1.5233 -0.1217 0.2811, 1.5333 -0.1645 0.2811, 1.543 -0.2079 0.2811, 1.5675 -0.3405 0.2811, 1.5736 -0.3852 0.2811, 1.5788 -0.4302 0.2811, 1.5828 -0.4753 0.2811, 1.5856 -0.5206 0.2811, 1.5871 -0.5661 0.2811, 1.5874 -0.6117 0.2811, 1.5863 -0.6573 0.2811, 1.5837 -0.703 0.2811, 1.5797 -0.7487 0.2811, 1.5741 -0.7944 0.2811, 1.5668 -0.8399 0.2811, 1.5579 -0.8852 0.2811, 1.5472 -0.9303 0.2811, 1.5347 -0.9749 0.2811, 1.5203 -1.0191 0.2811, 1.5041 -1.0628 0.2811, 1.4859 -1.1057 0.2811, 1.4658 -1.148 0.2811, 1.4436 -1.1894 0.2811, 1.4191 -1.2299 0.2811, 1.3922 -1.2692 0.2811, 1.3629 -1.3072 0.2811, 1.3309 -1.3433 0.2811, 1.2961 -1.3775 0.2811, 1.2587 -1.4091 0.2811, 1.2186 -1.4378 0.2811, 1.1761 -1.4632 0.2811, 1.1315 -1.4849 0.2811, 1.0857 -1.5027 0.2811, 1.0392 -1.5168 0.2811, 0.992 -1.5276 0.2811, 0.9444 -1.5351 0.2811, 0.8963 -1.5395 0.2811, 0.8481 -1.5407 0.2811, 1.14 1.4597 0.3099, 1.1783 1.4504 0.3099, 1.2531 1.426 0.3099, 1.2891 1.4103 0.3099, 1.324 1.3921 0.3099, 1.3571 1.3708 0.3099, 1.388 1.3465 0.3099, 1.4407 1.2883 0.3099, 1.4794 1.2197 0.3099, 1.4938 1.183 0.3099, 1.5055 1.1454 0.3099, 1.5146 1.107 0.3099, 1.5215 1.0683 0.3099, 1.5292 0.99 0.3099, 1.5303 0.9506 0.3099, 1.5299 0.9112 0.3099, 1.5279 0.8719 0.3099, 1.5246 0.8327 0.3099, 1.5143 0.7546 0.3099, 1.5076 0.7158 0.3099, 1.5002 0.6772 0.3099, 1.4925 0.6386 0.3099, 1.4845 0.6 0.3099, 1.4768 0.5614 0.3099, 1.4694 0.5227 0.3099, 1.4629 0.4839 0.3099, 1.4571 0.445 0.3099, 1.4528 0.4059 0.3099, 1.45 0.3666 0.3099, 1.4492 0.3273 0.3099, 1.4503 0.2879 0.3099, 1.4531 0.2486 0.3099, 1.4575 0.2095 0.3099, 1.4697 0.1317 0.3099, 1.4771 0.093 0.3099, 1.4852 0.0545 0.3099, 1.4938 0.0161 0.3099, 1.5029 -0.0222 0.3099, 1.5121 -0.0605 0.3099, 1.5213 -0.0987 0.3099, 1.5304 -0.1371 0.3099, 1.5392 -0.1754 0.3099, 1.5476 -0.2139 0.3099, 1.5556 -0.2524 0.3099, 1.5704 -0.3359 0.3099, 1.5767 -0.3809 0.3099, 1.5819 -0.4261 0.3099, 1.586 -0.4714 0.3099, 1.5889 -0.5167 0.3099, 1.5906 -0.5621 0.3099, 1.591 -0.6076 0.3099, 1.59 -0.653 0.3099, 1.5876 -0.6985 0.3099, 1.5838 -0.7437 0.3099, 1.5785 -0.7889 0.3099, 1.5715 -0.8338 0.3099, 1.563 -0.8785 0.3099, 1.5525 -0.9239 0.3099, 1.5402 -0.9688 0.3099, 1.5262 -1.0132 0.3099, 1.5102 -1.057 0.3099, 1.4924 -1.1001 0.3099, 1.4727 -1.1423 0.3099, 1.451 -1.1835 0.3099, 1.4273 -1.2236 0.3099, 1.4015 -1.2624 0.3099, 1.3735 -1.2997 0.3099, 1.3433 -1.3352 0.3099, 1.3108 -1.3685 0.3099, 1.2761 -1.3996 0.3099, 1.2392 -1.4281 0.3099, 1.2002 -1.4536 0.3099, 1.1594 -1.4759 0.3099, 1.1168 -1.495 0.3099, 1.073 -1.5108 0.3099, 1.0281 -1.5233 0.3099, 0.9825 -1.5328 0.3099, 0.9364 -1.5395 0.3099, 0.8899 -1.5434 0.3099, 0.8434 -1.5442 0.3099, -1.445 -0.1631 0.1954, -1.4349 -0.1205 0.1954, -1.4723 -0.2915 0.1954, -1.464 -0.2486 0.1954, -1.4548 -0.2058 0.1954, -1.4798 -0.3345 0.1954, -1.4862 -0.3777 0.1954, -1.4916 -0.4211 0.1954, -1.4959 -0.4645 0.1954, -1.499 -0.508 0.1954, -1.5017 -0.5951 0.1954, -1.501 -0.5516 0.1954, -1.5011 -0.6387 0.1954, -1.4992 -0.6822 0.1954, -1.4959 -0.7257 0.1954, -1.491 -0.7689 0.1954, -1.4847 -0.812 0.1954, -1.4672 -0.8971 0.1954, -1.4767 -0.8547 0.1954, -1.4429 -0.9806 0.1954, -1.4559 -0.9391 0.1954, -1.3935 -1.1009 0.1954, -1.4117 -1.0616 0.1954, -1.4953 -0.9041 0.2069, -1.4837 -0.9472 0.2069, -1.4282 -1.0214 0.1954, -1.3514 -1.1766 0.1954, -1.3274 -1.2125 0.1954, -1.2429 -1.31 0.1954, -1.2732 -1.2795 0.1954, -1.3734 -1.1393 0.1954, -1.3014 -1.2469 0.1954, -1.2104 -1.338 0.1954, -0.9358 -1.4498 0.1954, -0.8929 -1.4538 0.1954, -1.0613 -1.4204 0.1954, -1.1394 -1.3856 0.1954, -1.1759 -1.3633 0.1954, -1.1011 -1.4046 0.1954, -0.9783 -1.4429 0.1954, -1.0202 -1.4331 0.1954, -0.7608 -1.4704 0.2036, -0.8046 -1.482 0.2069, -0.8069 -1.4531 0.1954, -0.8002 -1.5386 0.2811, -0.751 -1.5335 0.2836, -0.7968 -1.5419 0.3099, -0.7505 -1.5364 0.3099, -0.8947 -1.4827 0.2069, -0.9395 -1.4785 0.2069, -0.8492 -1.5407 0.2811, -0.8011 -1.5271 0.2522, -0.8433 -1.5442 0.3099, -0.7574 -1.4926 0.2177, -0.8026 -1.5077 0.2264, -0.8493 -1.5292 0.2522, -0.8499 -1.455 0.1954, -0.7646 -1.4457 0.1948, -1.4246 -0.0778 0.1954, -1.4143 -0.035 0.1954, -1.4325 0.0143 0.2069, -1.4231 0.057 0.2069, -1.4043 0.0079 0.1954, -1.3948 0.0509 0.1954, -1.3859 0.0941 0.1954, -1.378 0.1376 0.1954, -1.3712 0.1812 0.1954, -1.3658 0.2252 0.1954, -1.362 0.2693 0.1954, -1.36 0.3136 0.1954, -1.3602 0.3579 0.1954, -1.3626 0.4022 0.1954, -1.367 0.4463 0.1954, -1.3731 0.4902 0.1954, -1.3804 0.5337 0.1954, -1.3887 0.577 0.1954, -1.3974 0.6202 0.1954, -1.4062 0.6632 0.1954, -1.4148 0.7062 0.1954, -1.4227 0.7492 0.1954, -1.4296 0.7922 0.1954, -1.4582 0.7881 0.2069, -1.4639 0.8322 0.2069, -1.4351 0.8354 0.1954, -1.439 0.8786 0.1954, -1.4409 0.922 0.1954, -1.4407 0.9653 0.1954, -1.4384 1.0085 0.1954, -1.4672 1.0108 0.2069, -1.4623 1.0555 0.2069, -1.4336 1.0514 0.1954, -1.4261 1.0937 0.1954, -1.4279 1.1864 0.2069, -1.4079 1.2274 0.2069, -1.4012 1.1753 0.1954, -1.4154 1.1352 0.1954, -1.3827 1.2131 0.1954, -1.3596 1.2475 0.1954, -1.287 1.373 0.2264, -1.3289 1.3485 0.2264, -1.2959 1.3904 0.2522, -1.3314 1.2775 0.1954, -1.2985 1.303 0.1954, -1.2621 1.3243 0.1954, -1.2232 1.3419 0.1954, -1.2339 1.3688 0.2069, -1.1914 1.3838 0.2069, -1.1827 1.3562 0.1954, -1.1412 1.3678 0.1954, -1.1481 1.3959 0.2069, -1.1044 1.4056 0.2069, -1.0222 1.4676 0.2586, -1.0674 1.458 0.2522, -1.0692 1.4694 0.2811, -1.1544 1.4209 0.2264, -1.1132 1.45 0.2522, -1.0205 1.4536 0.2362, -1.0644 1.4388 0.2264, -1.0634 1.474 0.3099, -1.0236 1.4793 0.3099, -1.0233 1.4763 0.2836, -1.1591 1.4398 0.2522, -1.0989 1.3772 0.1954, -1.0561 1.3847 0.1954, -1.0126 1.3882 0.1948, -0.9839 -1.4713 0.2069, -0.8497 -1.4839 0.2069, -1.0278 -1.4611 0.2069, -1.0708 -1.4477 0.2069, -1.0794 -1.472 0.2264, -1.1233 -1.4546 0.2264, -1.1128 -1.4311 0.2069, -1.1534 -1.4109 0.2069, -1.192 -1.3873 0.2069, -1.2285 -1.3606 0.2069, -1.2626 -1.3311 0.2069, -1.2944 -1.2992 0.2069, -1.3239 -1.2651 0.2069, -1.351 -1.2293 0.2069, -1.3759 -1.192 0.2069, -1.3987 -1.1534 0.2069, -1.4194 -1.1137 0.2069, -1.4383 -1.0731 0.2069, -1.4552 -1.0318 0.2069, -1.4704 -0.9898 0.2069, -1.5051 -0.8606 0.2069, -1.5132 -0.8167 0.2069, -1.5197 -0.7726 0.2069, -1.5247 -0.7284 0.2069, -1.5281 -0.684 0.2069, -1.5301 -0.6396 0.2069, -1.5307 -0.5951 0.2069, -1.5299 -0.5507 0.2069, -1.5279 -0.5063 0.2069, -1.5247 -0.462 0.2069, -1.5204 -0.4178 0.2069, -1.5149 -0.3738 0.2069, -1.5083 -0.33 0.2069, -1.5008 -0.2863 0.2069, -1.5261 -0.2816 0.2264, -1.5175 -0.2376 0.2264, -1.4923 -0.2428 0.2069, -1.483 -0.1996 0.2069, -1.4732 -0.1565 0.2069, -1.463 -0.1137 0.2069, -1.4527 -0.071 0.2069, -1.4425 -0.0283 0.2069, -1.4143 0.0996 0.2069, -1.4065 0.1424 0.2069, -1.3999 0.1853 0.2069, -1.3946 0.2282 0.2069, -1.4202 0.2309 0.2264, -1.4166 0.2729 0.2264, -1.3909 0.2712 0.2069, -1.389 0.3142 0.2069, -1.3891 0.3571 0.2069, -1.3914 0.4 0.2069, -1.3957 0.4429 0.2069, -1.4017 0.4857 0.2069, -1.4089 0.5286 0.2069, -1.417 0.5714 0.2069, -1.4257 0.6143 0.2069, -1.4346 0.6574 0.2069, -1.4432 0.7007 0.2069, -1.4512 0.7442 0.2069, -1.4678 0.8767 0.2069, -1.4935 0.875 0.2264, -1.4956 0.9208 0.2264, -1.4698 0.9214 0.2069, -1.4697 0.9661 0.2069, -1.4678 1.1511 0.2264, -1.4796 1.1052 0.2264, -1.4864 1.1567 0.2522, -1.4544 1.0998 0.2069, -1.4431 1.1436 0.2069, -1.4177 1.2936 0.2522, -1.3888 1.3411 0.2811, -1.3811 1.3326 0.2522, -1.3823 1.2655 0.2069, -1.3508 1.299 0.2069, -1.3146 1.3271 0.2069, -1.2752 1.3501 0.2069, -1.1094 1.4309 0.2264, -1.0605 1.4133 0.2069, -1.0156 1.4128 0.2035, -0.7545 -1.511 0.2364, -0.8962 -1.5084 0.2264, -0.9427 -1.504 0.2264, -0.8495 -1.5097 0.2264, -0.9889 -1.4966 0.2264, -1.0345 -1.4859 0.2264, -1.1658 -1.4335 0.2264, -1.2063 -1.4087 0.2264, -1.2567 -1.396 0.2522, -1.2445 -1.3808 0.2264, -1.2802 -1.3499 0.2264, -1.3133 -1.3167 0.2264, -1.3439 -1.2813 0.2264, -1.372 -1.2442 0.2264, -1.3977 -1.2056 0.2264, -1.4212 -1.1659 0.2264, -1.4425 -1.1251 0.2264, -1.4619 -1.0834 0.2264, -1.4793 -1.0411 0.2264, -1.4948 -0.998 0.2264, -1.5084 -0.9543 0.2264, -1.5203 -0.9102 0.2264, -1.5303 -0.8657 0.2264, -1.5386 -0.8209 0.2264, -1.5453 -0.7759 0.2264, -1.5503 -0.7308 0.2264, -1.5538 -0.6856 0.2264, -1.5558 -0.6403 0.2264, -1.5564 -0.595 0.2264, -1.5557 -0.5499 0.2264, -1.5536 -0.5048 0.2264, -1.5504 -0.4598 0.2264, -1.5459 -0.415 0.2264, -1.5404 -0.3703 0.2264, -1.5338 -0.3259 0.2264, -1.5082 -0.194 0.2264, -1.5172 -0.1462 0.2522, -1.4983 -0.1507 0.2264, -1.488 -0.1077 0.2264, -1.4777 -0.0649 0.2264, -1.4675 -0.0224 0.2264, -1.4576 0.02 0.2264, -1.4483 0.0623 0.2264, -1.4396 0.1046 0.2264, -1.4319 0.1467 0.2264, -1.4254 0.1889 0.2264, -1.4147 0.3147 0.2264, -1.4149 0.3564 0.2264, -1.4171 0.398 0.2264, -1.4213 0.4398 0.2264, -1.4271 0.4818 0.2264, -1.4342 0.524 0.2264, -1.4423 0.5664 0.2264, -1.451 0.6092 0.2264, -1.4789 0.6484 0.2522, -1.4598 0.6523 0.2264, -1.4685 0.6958 0.2264, -1.4766 0.7398 0.2264, -1.4837 0.7843 0.2264, -1.4895 0.8294 0.2264, -1.5149 0.9674 0.2522, -1.4954 0.9668 0.2264, -1.4929 1.0129 0.2264, -1.4878 1.0591 0.2264, -1.4517 1.1963 0.2264, -1.4303 1.2401 0.2264, -1.4025 1.2815 0.2264, -1.368 1.3181 0.2264, -1.2435 1.3927 0.2264, -1.1991 1.4084 0.2264, -1.0183 1.435 0.2175, -0.7523 -1.5249 0.2588, -0.8974 -1.5279 0.2522, -0.9452 -1.5234 0.2522, -0.9926 -1.5157 0.2522, -1.0396 -1.5048 0.2522, -1.0859 -1.4904 0.2522, -1.1312 -1.4724 0.2522, -1.1753 -1.4505 0.2522, -1.2172 -1.4249 0.2522, -1.2935 -1.3642 0.2522, -1.3276 -1.3299 0.2522, -1.3591 -1.2936 0.2522, -1.4143 -1.216 0.2522, -1.3879 -1.2555 0.2522, -1.424 -1.2221 0.2811, -1.4383 -1.1753 0.2522, -1.46 -1.1337 0.2522, -1.4797 -1.0912 0.2522, -1.4975 -1.0481 0.2522, -1.5133 -1.0042 0.2522, -1.5272 -0.9598 0.2522, -1.5392 -0.9149 0.2522, -1.5494 -0.8697 0.2522, -1.5579 -0.8241 0.2522, -1.5646 -0.7784 0.2522, -1.5697 -0.7326 0.2522, -1.5733 -0.6867 0.2522, -1.5753 -0.6409 0.2522, -1.5759 -0.595 0.2522, -1.5752 -0.5493 0.2522, -1.5731 -0.5036 0.2522, -1.5698 -0.4581 0.2522, -1.5653 -0.4128 0.2522, -1.5597 -0.3677 0.2522, -1.553 -0.3228 0.2522, -1.5453 -0.278 0.2522, -1.5366 -0.2337 0.2522, -1.5272 -0.1897 0.2522, -1.507 -0.1031 0.2522, -1.4977 -0.0152 0.2811, -1.5079 -0.0576 0.2811, -1.502 -0.017 0.3099, -1.4967 -0.0604 0.2522, -1.4865 -0.0179 0.2522, -1.4767 0.0244 0.2522, -1.4674 0.0664 0.2522, -1.4588 0.1083 0.2522, -1.4512 0.15 0.2522, -1.4447 0.1916 0.2522, -1.4396 0.233 0.2522, -1.436 0.2742 0.2522, -1.4342 0.3151 0.2522, -1.4344 0.3558 0.2522, -1.4365 0.3964 0.2522, -1.4407 0.4374 0.2522, -1.4464 0.4788 0.2522, -1.4534 0.5205 0.2522, -1.4615 0.5626 0.2522, -1.4701 0.6052 0.2522, -1.4876 0.6921 0.2522, -1.5144 0.7799 0.2811, -1.5072 0.7345 0.2811, -1.5172 0.7748 0.3099, -1.4958 0.7365 0.2522, -1.503 0.7815 0.2522, -1.5089 0.8273 0.2522, -1.513 0.8737 0.2522, -1.5151 0.9204 0.2522, -1.5238 1.0155 0.2811, -1.5123 1.0145 0.2522, -1.5071 1.0619 0.2522, -1.4986 1.1093 0.2522, -1.4572 1.2555 0.2811, -1.4803 1.2082 0.2811, -1.4664 1.246 0.3099, -1.4697 1.2038 0.2522, -1.4472 1.2498 0.2522, -1.3398 1.3647 0.2522, -1.2549 1.4215 0.2811, -1.2507 1.4108 0.2522, -1.205 1.427 0.2522, -0.8981 -1.5394 0.2811, -0.9467 -1.5348 0.2811, -0.9949 -1.527 0.2811, -1.0426 -1.5159 0.2811, -1.0897 -1.5013 0.2811, -1.1359 -1.483 0.2811, -1.1809 -1.4606 0.2811, -1.2236 -1.4345 0.2811, -1.2639 -1.405 0.2811, -1.3014 -1.3726 0.2811, -1.3361 -1.3377 0.2811, -1.368 -1.3008 0.2811, -1.3973 -1.2622 0.2811, -1.451 -1.1836 0.3099, -1.4483 -1.1809 0.2811, -1.4704 -1.1388 0.2811, -1.4903 -1.0959 0.2811, -1.5082 -1.0522 0.2811, -1.5242 -1.0079 0.2811, -1.5382 -0.963 0.2811, -1.5504 -0.9177 0.2811, -1.5607 -0.872 0.2811, -1.5692 -0.826 0.2811, -1.576 -0.7799 0.2811, -1.5812 -0.7337 0.2811, -1.5848 -0.6874 0.2811, -1.5868 -0.6412 0.2811, -1.5874 -0.595 0.2811, -1.5867 -0.5489 0.2811, -1.5846 -0.5029 0.2811, -1.5813 -0.4571 0.2811, -1.5768 -0.4115 0.2811, -1.5711 -0.3661 0.2811, -1.5644 -0.3209 0.2811, -1.5566 -0.276 0.2811, -1.5479 -0.2313 0.2811, -1.5384 -0.1872 0.2811, -1.5285 -0.1436 0.2811, -1.5182 -0.1004 0.2811, -1.4879 0.0269 0.2811, -1.4786 0.0688 0.2811, -1.4701 0.1105 0.2811, -1.4625 0.1519 0.2811, -1.4561 0.1932 0.2811, -1.451 0.2342 0.2811, -1.4475 0.2749 0.2811, -1.4457 0.3154 0.2811, -1.4459 0.3555 0.2811, -1.448 0.3955 0.2811, -1.4521 0.436 0.2811, -1.4578 0.477 0.2811, -1.4648 0.5185 0.2811, -1.4728 0.5604 0.2811, -1.4814 0.6029 0.2811, -1.4902 0.6461 0.2811, -1.4989 0.6899 0.2811, -1.5204 0.826 0.2811, -1.5245 0.8729 0.2811, -1.5266 0.9202 0.2811, -1.5264 0.9677 0.2811, -1.5298 0.9748 0.3099, -1.5185 1.0635 0.2811, -1.5099 1.1117 0.2811, -1.4975 1.1601 0.2811, -1.4268 1.3008 0.2811, -1.4217 1.3124 0.3099, -1.3462 1.3742 0.2811, -1.3011 1.4006 0.2811, -1.2941 1.4082 0.3099, -1.2084 1.438 0.2811, -1.1618 1.451 0.2811, -1.1154 1.4613 0.2811, -0.8899 -1.5434 0.3099, -0.9363 -1.5397 0.3099, -0.9824 -1.533 0.3099, -1.028 -1.5234 0.3099, -1.0728 -1.5107 0.3099, -1.1167 -1.4949 0.3099, -1.1592 -1.4759 0.3099, -1.2001 -1.4536 0.3099, -1.2392 -1.4281 0.3099, -1.2761 -1.3997 0.3099, -1.3108 -1.3686 0.3099, -1.3433 -1.3352 0.3099, -1.3735 -1.2998 0.3099, -1.4015 -1.2625 0.3099, -1.4273 -1.2237 0.3099, -1.4726 -1.1423 0.3099, -1.4923 -1.1001 0.3099, -1.5101 -1.057 0.3099, -1.5261 -1.0132 0.3099, -1.5402 -0.9689 0.3099, -1.5525 -0.9239 0.3099, -1.563 -0.8785 0.3099, -1.5715 -0.8338 0.3099, -1.5784 -0.7889 0.3099, -1.5838 -0.7438 0.3099, -1.5876 -0.6985 0.3099, -1.59 -0.6531 0.3099, -1.591 -0.6077 0.3099, -1.5906 -0.5622 0.3099, -1.589 -0.5168 0.3099, -1.586 -0.4714 0.3099, -1.582 -0.4261 0.3099, -1.5767 -0.381 0.3099, -1.5704 -0.3359 0.3099, -1.563 -0.2911 0.3099, -1.5554 -0.2517 0.3099, -1.5474 -0.2124 0.3099, -1.5389 -0.1731 0.3099, -1.5301 -0.134 0.3099, -1.5208 -0.095 0.3099, -1.5114 -0.056 0.3099, -1.4929 0.0221 0.3099, -1.484 0.0612 0.3099, -1.4758 0.1005 0.3099, -1.4683 0.1399 0.3099, -1.4618 0.1795 0.3099, -1.4564 0.2193 0.3099, -1.4524 0.2592 0.3099, -1.4499 0.2992 0.3099, -1.4492 0.3393 0.3099, -1.4505 0.3794 0.3099, -1.4537 0.4195 0.3099, -1.4585 0.4593 0.3099, -1.4649 0.4989 0.3099, -1.4719 0.5384 0.3099, -1.4797 0.5778 0.3099, -1.4877 0.6171 0.3099, -1.4957 0.6564 0.3099, -1.5035 0.6958 0.3099, -1.5107 0.7352 0.3099, -1.5225 0.8146 0.3099, -1.5267 0.8545 0.3099, -1.5293 0.8945 0.3099, -1.5303 0.9346 0.3099, -1.5274 1.0148 0.3099, -1.5233 1.0547 0.3099, -1.5169 1.0943 0.3099, -1.5085 1.1336 0.3099, -1.4973 1.1721 0.3099, -1.4834 1.2097 0.3099, -1.4459 1.2804 0.3099, -1.394 1.3413 0.3099, -1.3628 1.3669 0.3099, -1.3296 1.3891 0.3099, -1.2575 1.4245 0.3099, -1.2197 1.4382 0.3099, -1.1813 1.4498 0.3099, -1.1423 1.4594 0.3099, -1.103 1.4674 0.3099, -0.4431 0.4348 0.1954, -0.4428 0.4 0.1954, -0.4415 0.3652 0.1954, -0.4424 0.4696 0.1954, -0.4408 0.5044 0.1954, -0.4381 0.5391 0.1954, -0.4346 0.5737 0.1954, -0.4305 0.6081 0.1954, -0.4257 0.6425 0.1954, -0.4204 0.6768 0.1954, -0.3845 0.8811 0.1954, -0.3905 0.8471 0.1954, -0.4089 0.7451 0.1954, -0.4148 0.711 0.1954, -0.4028 0.7791 0.1954, -0.3966 0.8131 0.1954, -0.3788 0.915 0.1954, -0.3735 0.949 0.1954, -0.3599 1.0851 0.1954, -0.3616 1.1524 0.1954, -0.3617 1.0511 0.1954, -0.3648 1.0171 0.1954, -0.3401 0.9793 0.2069, -0.336 1.014 0.2069, -0.3688 0.983 0.1954, -0.3597 1.1189 0.1954, -0.3661 1.1853 0.1954, -0.374 1.2168 0.1954, -0.5396 1.3575 0.1954, -0.5718 1.3677 0.1954, -0.4499 1.3142 0.1954, -0.3861 1.246 0.1954, -0.4027 1.2718 0.1954, -0.4243 1.2945 0.1954, -0.3375 1.2711 0.2264, -0.322 1.2336 0.2264, -0.3603 1.2592 0.2069, -0.3328 1.1551 0.2069, -0.3071 1.1575 0.2264, -0.305 1.1201 0.2264, -0.5083 1.3454 0.1954, -0.4782 1.3311 0.1954, -0.3356 1.3251 0.2811, -0.3114 1.2956 0.3099, -0.3099 1.2853 0.2811, -0.7021 1.4222 0.2069, -0.7394 1.3968 0.1954, -0.737 1.4256 0.2069, -0.8078 1.4005 0.1954, -0.6716 1.3889 0.1954, -0.638 1.3833 0.1954, -0.6047 1.3762 0.1954, -0.7736 1.3991 0.1954, -0.7054 1.3934 0.1954, -0.4969 1.372 0.2069, -0.4868 1.3957 0.2264, -0.4525 1.3794 0.2264, -0.4018 0.6044 0.2069, -0.397 0.6383 0.2069, -0.842 1.4009 0.1954, -0.9105 1.3993 0.1954, -0.8762 1.4005 0.1954, -0.9447 1.3972 0.1954, -0.9789 1.3943 0.1954, -0.9816 1.4231 0.2069, -0.9841 1.4488 0.2264, -0.9509 1.4827 0.2811, -0.9871 1.4797 0.2811, -0.9597 1.4856 0.3099, -0.9917 1.4828 0.3099, -0.986 1.4682 0.2522, -0.9501 1.4712 0.2522, -0.9119 1.4282 0.2069, -0.9131 1.4539 0.2264, -0.8776 1.4552 0.2264, -0.4394 0.3305 0.1954, -0.4366 0.2959 0.1954, -0.433 0.2613 0.1954, -0.4288 0.2269 0.1954, -0.4241 0.1925 0.1954, -0.4136 0.124 0.1954, -0.419 0.1582 0.1954, -0.408 0.0899 0.1954, -0.4024 0.0558 0.1954, -0.3967 0.0217 0.1954, -0.3913 -0.0123 0.1954, -0.3862 -0.0463 0.1954, -0.3816 -0.0804 0.1954, -0.3456 -0.1462 0.2069, -0.3776 -0.1145 0.1954, -0.3488 -0.1114 0.2069, -0.3744 -0.1486 0.1954, -0.372 -0.1828 0.1954, -0.3705 -0.217 0.1954, -0.3697 -0.2513 0.1954, -0.3696 -0.2856 0.1954, -0.3701 -0.32 0.1954, -0.3712 -0.3543 0.1954, -0.3439 -0.3903 0.2069, -0.346 -0.425 0.2069, -0.3728 -0.3887 0.1954, -0.3748 -0.423 0.1954, -0.3773 -0.4574 0.1954, -0.3801 -0.4917 0.1954, -0.3832 -0.526 0.1954, -0.3866 -0.5604 0.1954, -0.3901 -0.5947 0.1954, -0.3939 -0.629 0.1954, -0.3977 -0.6633 0.1954, -0.4016 -0.6976 0.1954, -0.4055 -0.7319 0.1954, -0.3806 -0.7695 0.2069, -0.3844 -0.8038 0.2069, -0.4094 -0.7663 0.1954, -0.4132 -0.8006 0.1954, -0.417 -0.835 0.1954, -0.4207 -0.8694 0.1954, -0.4244 -0.9037 0.1954, -0.4282 -0.938 0.1954, -0.4323 -0.9722 0.1954, -0.4367 -1.0063 0.1954, -0.4416 -1.0403 0.1954, -0.4472 -1.0742 0.1954, -0.4326 -1.1478 0.2069, -0.4535 -1.1078 0.1954, -0.4251 -1.1135 0.2069, -0.4608 -1.1412 0.1954, -0.4692 -1.1742 0.1954, -0.4905 -1.2385 0.1954, -0.479 -1.2067 0.1954, -0.4944 -1.3134 0.2069, -0.5038 -1.2693 0.1954, -0.4777 -1.2818 0.2069, -0.5194 -1.2988 0.1954, -0.5374 -1.3264 0.1954, -0.5582 -1.3516 0.1954, -0.636 -1.5025 0.2811, -0.5985 -1.4859 0.2811, -0.6268 -1.5026 0.3099, -0.6081 -1.393 0.1954, -0.5817 -1.3739 0.1954, -0.6367 -1.4092 0.1954, -0.7193 -1.4953 0.2264, -0.683 -1.4859 0.2264, -0.715 -1.5144 0.2522, -0.6566 -1.4496 0.2069, -0.6904 -1.4612 0.2069, -0.6671 -1.4226 0.1954, -0.7125 -1.5256 0.2811, -0.6472 -1.4736 0.2264, -0.6402 -1.4918 0.2522, -0.6774 -1.5046 0.2522, -0.7189 -1.5307 0.3099, -0.6238 -1.4351 0.2069, -0.7312 -1.4419 0.1954, -0.6987 -1.4335 0.1954, -0.877 1.4295 0.2069, -0.9468 1.4261 0.2069, -0.842 1.4299 0.2069, -0.807 1.4294 0.2069, -0.772 1.428 0.2069, -0.6673 1.4176 0.2069, -0.6635 1.443 0.2264, -0.6278 1.437 0.2264, -0.6326 1.4117 0.2069, -0.5981 1.4044 0.2069, -0.5639 1.3956 0.2069, -0.5301 1.3849 0.2069, -0.4646 1.3566 0.2069, -0.4337 1.3382 0.2069, -0.4051 1.3161 0.2069, -0.38 1.2898 0.2069, -0.3465 1.2257 0.2069, -0.3377 1.1907 0.2069, -0.3308 1.1196 0.2069, -0.331 1.0842 0.2069, -0.3329 1.049 0.2069, -0.3449 0.9448 0.2069, -0.3194 0.941 0.2264, -0.3249 0.9063 0.2264, -0.3503 0.9104 0.2069, -0.356 0.8761 0.2069, -0.362 0.842 0.2069, -0.3682 0.808 0.2069, -0.3743 0.774 0.2069, -0.3804 0.74 0.2069, -0.3862 0.7061 0.2069, -0.3918 0.6722 0.2069, -0.4059 0.5704 0.2069, -0.4093 0.5365 0.2069, -0.4119 0.5026 0.2069, -0.4135 0.4686 0.2069, -0.4141 0.4347 0.2069, -0.4138 0.4006 0.2069, -0.4126 0.3666 0.2069, -0.4106 0.3326 0.2069, -0.4077 0.2986 0.2069, -0.4042 0.2646 0.2069, -0.4001 0.2306 0.2069, -0.3955 0.1966 0.2069, -0.37 0.2003 0.2264, -0.365 0.1665 0.2264, -0.3904 0.1626 0.2069, -0.3851 0.1286 0.2069, -0.3795 0.0946 0.2069, -0.3738 0.0605 0.2069, -0.3682 0.0264 0.2069, -0.3627 -0.0079 0.2069, -0.3576 -0.0422 0.2069, -0.3529 -0.0767 0.2069, -0.3158 -0.2151 0.2264, -0.3432 -0.1811 0.2069, -0.3174 -0.1797 0.2264, -0.3416 -0.216 0.2069, -0.3407 -0.2509 0.2069, -0.3406 -0.2858 0.2069, -0.3411 -0.3207 0.2069, -0.3422 -0.3555 0.2069, -0.3484 -0.4596 0.2069, -0.3288 -0.5312 0.2264, -0.3513 -0.4942 0.2069, -0.3256 -0.4964 0.2264, -0.3544 -0.5288 0.2069, -0.3578 -0.5633 0.2069, -0.3614 -0.5977 0.2069, -0.3651 -0.6321 0.2069, -0.3689 -0.6665 0.2069, -0.3728 -0.7009 0.2069, -0.3767 -0.7352 0.2069, -0.3882 -0.8381 0.2069, -0.3919 -0.8724 0.2069, -0.3956 -0.9068 0.2069, -0.37 -0.9096 0.2264, -0.3738 -0.9442 0.2264, -0.3994 -0.9413 0.2069, -0.4035 -0.9757 0.2069, -0.408 -1.0102 0.2069, -0.413 -1.0447 0.2069, -0.4187 -1.0791 0.2069, -0.4413 -1.1819 0.2069, -0.4165 -1.1888 0.2264, -0.4271 -1.2238 0.2264, -0.4515 -1.2157 0.2069, -0.4635 -1.2491 0.2069, -0.5271 -1.4399 0.2811, -0.4954 -1.41 0.2811, -0.5173 -1.4363 0.3099, -0.5141 -1.3435 0.2069, -0.537 -1.3714 0.2069, -0.5633 -1.3962 0.2069, -0.5925 -1.4174 0.2069, -0.7249 -1.4702 0.2069, -0.8419 1.4751 0.2522, -0.842 1.4556 0.2264, -0.9487 1.4518 0.2264, -0.8063 1.4552 0.2264, -0.7706 1.4537 0.2264, -0.7349 1.4513 0.2264, -0.6992 1.4477 0.2264, -0.5878 1.4485 0.2522, -0.5922 1.4295 0.2264, -0.5568 1.4203 0.2264, -0.5216 1.4092 0.2264, -0.3738 1.3684 0.3099, -0.3673 1.3585 0.2811, -0.402 1.3853 0.2811, -0.4193 1.3595 0.2264, -0.388 1.3353 0.2264, -0.3599 1.3058 0.2264, -0.3034 1.2396 0.2522, -0.3124 1.1954 0.2264, -0.2858 1.0827 0.2522, -0.3053 1.0834 0.2264, -0.3072 1.0471 0.2264, -0.3104 1.0114 0.2264, -0.3145 0.976 0.2264, -0.3306 0.8718 0.2264, -0.3175 0.8341 0.2522, -0.3367 0.8375 0.2264, -0.3428 0.8034 0.2264, -0.349 0.7694 0.2264, -0.355 0.7356 0.2264, -0.3609 0.7018 0.2264, -0.3664 0.6682 0.2264, -0.3716 0.6346 0.2264, -0.3762 0.601 0.2264, -0.3803 0.5676 0.2264, -0.3836 0.5342 0.2264, -0.3862 0.501 0.2264, -0.3878 0.4678 0.2264, -0.3884 0.4345 0.2264, -0.3881 0.4012 0.2264, -0.3869 0.3679 0.2264, -0.3849 0.3344 0.2264, -0.3821 0.301 0.2264, -0.3786 0.2674 0.2264, -0.3746 0.2339 0.2264, -0.3596 0.1327 0.2264, -0.3541 0.0988 0.2264, -0.3484 0.0648 0.2264, -0.3235 0.0337 0.2522, -0.3428 0.0305 0.2264, -0.3373 -0.0039 0.2264, -0.3321 -0.0386 0.2264, -0.3274 -0.0735 0.2264, -0.3232 -0.1087 0.2264, -0.3199 -0.1441 0.2264, -0.315 -0.2506 0.2264, -0.2954 -0.2861 0.2522, -0.3149 -0.286 0.2264, -0.3154 -0.3213 0.2264, -0.3165 -0.3565 0.2264, -0.3181 -0.3916 0.2264, -0.3203 -0.4267 0.2264, -0.3228 -0.4616 0.2264, -0.3322 -0.5659 0.2264, -0.3164 -0.6025 0.2522, -0.3358 -0.6004 0.2264, -0.3395 -0.6349 0.2264, -0.3433 -0.6694 0.2264, -0.3472 -0.7038 0.2264, -0.3511 -0.7381 0.2264, -0.355 -0.7724 0.2264, -0.3588 -0.8067 0.2264, -0.3626 -0.8409 0.2264, -0.3663 -0.8752 0.2264, -0.378 -0.9789 0.2264, -0.3632 -1.0163 0.2522, -0.3825 -1.0137 0.2264, -0.3876 -1.0486 0.2264, -0.3933 -1.0836 0.2264, -0.3999 -1.1186 0.2264, -0.4075 -1.1537 0.2264, -0.4214 -1.2657 0.2522, -0.4396 -1.2585 0.2264, -0.4544 -1.2929 0.2264, -0.4722 -1.3264 0.2264, -0.4933 -1.3587 0.2264, -0.5181 -1.3889 0.2264, -0.5469 -1.416 0.2264, -0.5786 -1.4391 0.2264, -0.6123 -1.4581 0.2264, -0.9141 1.4734 0.2522, -0.8781 1.4747 0.2522, -0.8058 1.4747 0.2522, -0.7323 1.4822 0.2811, -0.7689 1.4847 0.2811, -0.735 1.486 0.3099, -0.7696 1.4732 0.2522, -0.7333 1.4707 0.2522, -0.6969 1.4671 0.2522, -0.6606 1.4623 0.2522, -0.6242 1.4562 0.2522, -0.5483 1.4501 0.2811, -0.5148 1.4434 0.3099, -0.5114 1.4385 0.2811, -0.5514 1.4391 0.2522, -0.5152 1.4276 0.2522, -0.4791 1.4136 0.2522, -0.4434 1.3966 0.2522, -0.4084 1.3757 0.2522, -0.375 1.3499 0.2522, -0.3446 1.3179 0.2522, -0.3201 1.28 0.2522, -0.2819 1.2012 0.2811, -0.2932 1.1991 0.2522, -0.2877 1.1593 0.2522, -0.2855 1.1206 0.2522, -0.2762 1.0449 0.2811, -0.2877 1.0457 0.2522, -0.291 1.0093 0.2522, -0.2952 0.9735 0.2522, -0.3001 0.9381 0.2522, -0.3056 0.9031 0.2522, -0.3114 0.8685 0.2522, -0.3236 0.7999 0.2522, -0.3298 0.766 0.2522, -0.3416 0.6986 0.2522, -0.3358 0.7322 0.2522, -0.3303 0.6966 0.2811, -0.3471 0.6651 0.2522, -0.3523 0.6317 0.2522, -0.3569 0.5985 0.2522, -0.3609 0.5654 0.2522, -0.3642 0.5325 0.2522, -0.3667 0.4997 0.2522, -0.3683 0.4671 0.2522, -0.3689 0.4345 0.2522, -0.3686 0.4017 0.2522, -0.3674 0.3688 0.2522, -0.3654 0.3358 0.2522, -0.3627 0.3028 0.2522, -0.3593 0.2696 0.2522, -0.3552 0.2364 0.2522, -0.3507 0.203 0.2522, -0.3457 0.1695 0.2522, -0.3404 0.1359 0.2522, -0.3348 0.102 0.2522, -0.3292 0.068 0.2522, -0.318 -0.0009 0.2522, -0.3128 -0.0358 0.2522, -0.2924 -0.1054 0.2811, -0.2966 -0.0696 0.2811, -0.2895 -0.1011 0.3099, -0.308 -0.071 0.2522, -0.3038 -0.1066 0.2522, -0.3005 -0.1426 0.2522, -0.298 -0.1785 0.2522, -0.2963 -0.2145 0.2522, -0.2955 -0.2503 0.2522, -0.2959 -0.3217 0.2522, -0.2855 -0.3577 0.2811, -0.297 -0.3573 0.2522, -0.2987 -0.3927 0.2522, -0.3008 -0.428 0.2522, -0.3033 -0.4631 0.2522, -0.3062 -0.4981 0.2522, -0.3094 -0.533 0.2522, -0.3128 -0.5678 0.2522, -0.3201 -0.6371 0.2522, -0.3239 -0.6716 0.2522, -0.3203 -0.7416 0.2811, -0.3164 -0.7073 0.2811, -0.3167 -0.7417 0.3099, -0.3278 -0.706 0.2522, -0.3317 -0.7403 0.2522, -0.3356 -0.7746 0.2522, -0.3395 -0.8088 0.2522, -0.3432 -0.843 0.2522, -0.3469 -0.8773 0.2522, -0.3506 -0.9117 0.2522, -0.3545 -0.9464 0.2522, -0.3586 -0.9813 0.2522, -0.3683 -1.0516 0.2522, -0.3627 -1.0889 0.2811, -0.3658 -1.1239 0.3099, -0.3695 -1.1248 0.2811, -0.3741 -1.087 0.2522, -0.3808 -1.1225 0.2522, -0.3886 -1.1582 0.2522, -0.3977 -1.194 0.2522, -0.4085 -1.2299 0.2522, -0.4264 -1.3062 0.2811, -0.4368 -1.3013 0.2522, -0.4553 -1.3363 0.2522, -0.4775 -1.3702 0.2522, -0.5039 -1.4022 0.2522, -0.5344 -1.4311 0.2522, -0.5681 -1.4555 0.2522, -0.6036 -1.4756 0.2522, -0.9147 1.4849 0.2811, -0.8783 1.4862 0.2811, -0.8419 1.4867 0.2811, -0.8055 1.4862 0.2811, -0.6956 1.4786 0.2811, -0.6589 1.4737 0.2811, -0.622 1.4675 0.2811, -0.5852 1.4597 0.2811, -0.4745 1.4242 0.2811, -0.438 1.4068 0.2811, -0.2925 1.2431 0.2811, -0.2866 1.2364 0.3099, -0.2763 1.1604 0.2811, -0.274 1.1208 0.2811, -0.2742 1.0824 0.2811, -0.2707 1.0771 0.3099, -0.2795 1.0081 0.2811, -0.2838 0.972 0.2811, -0.2887 0.9364 0.2811, -0.2942 0.9013 0.2811, -0.3001 0.8665 0.2811, -0.3061 0.832 0.2811, -0.3123 0.7979 0.2811, -0.3184 0.7639 0.2811, -0.3245 0.7302 0.2811, -0.3319 0.6642 0.3099, -0.3358 0.6633 0.2811, -0.3409 0.6301 0.2811, -0.3455 0.597 0.2811, -0.3495 0.5641 0.2811, -0.3527 0.5315 0.2811, -0.3552 0.499 0.2811, -0.3568 0.4668 0.2811, -0.3574 0.4344 0.2811, -0.3571 0.4019 0.2811, -0.3559 0.3694 0.2811, -0.3539 0.3367 0.2811, -0.3512 0.3039 0.2811, -0.3478 0.2709 0.2811, -0.3438 0.2379 0.2811, -0.3393 0.2046 0.2811, -0.3343 0.1713 0.2811, -0.329 0.1377 0.2811, -0.3235 0.1039 0.2811, -0.3178 0.0699 0.2811, -0.3121 0.0355 0.2811, -0.3066 0.0009 0.2811, -0.3014 -0.0342 0.2811, -0.289 -0.1416 0.2811, -0.2865 -0.1779 0.2811, -0.2848 -0.2141 0.2811, -0.284 -0.2502 0.2811, -0.2838 -0.2862 0.2811, -0.2844 -0.322 0.2811, -0.2807 -0.3257 0.3099, -0.2872 -0.3933 0.2811, -0.2893 -0.4287 0.2811, -0.2918 -0.464 0.2811, -0.2947 -0.4991 0.2811, -0.2979 -0.5341 0.2811, -0.3013 -0.569 0.2811, -0.3049 -0.6037 0.2811, -0.3087 -0.6383 0.2811, -0.3125 -0.6729 0.2811, -0.3242 -0.7759 0.2811, -0.328 -0.8101 0.2811, -0.3317 -0.8442 0.2811, -0.3354 -0.8785 0.2811, -0.3391 -0.913 0.2811, -0.343 -0.9477 0.2811, -0.3472 -0.9827 0.2811, -0.3518 -1.0179 0.2811, -0.3569 -1.0533 0.2811, -0.3773 -1.1608 0.2811, -0.3866 -1.1971 0.2811, -0.3976 -1.2335 0.2811, -0.4107 -1.2699 0.2811, -0.4102 -1.2781 0.3099, -0.4454 -1.3421 0.2811, -0.4682 -1.377 0.2811, -0.5619 -1.4652 0.2811, -0.6741 -1.5156 0.2811, -0.9276 1.4878 0.3099, -0.8955 1.4893 0.3099, -0.8634 1.4901 0.3099, -0.8313 1.4902 0.3099, -0.7992 1.4896 0.3099, -0.7671 1.4882 0.3099, -0.703 1.483 0.3099, -0.6711 1.4791 0.3099, -0.6394 1.4742 0.3099, -0.6078 1.4683 0.3099, -0.5764 1.4613 0.3099, -0.5454 1.453 0.3099, -0.4847 1.4322 0.3099, -0.4552 1.4194 0.3099, -0.4268 1.4045 0.3099, -0.3993 1.3877 0.3099, -0.35 1.3468 0.3099, -0.3293 1.3224 0.3099, -0.2973 1.2669 0.3099, -0.2788 1.2053 0.3099, -0.274 1.1734 0.3099, -0.271 1.1414 0.3099, -0.2702 1.1092 0.3099, -0.2726 1.045 0.3099, -0.2753 1.013 0.3099, -0.279 0.9811 0.3099, -0.2832 0.9492 0.3099, -0.288 0.9175 0.3099, -0.2931 0.8857 0.3099, -0.2986 0.8541 0.3099, -0.3041 0.8224 0.3099, -0.3099 0.7908 0.3099, -0.3156 0.7592 0.3099, -0.3212 0.7276 0.3099, -0.3267 0.6959 0.3099, -0.3368 0.6325 0.3099, -0.3413 0.6007 0.3099, -0.3452 0.5688 0.3099, -0.3486 0.5369 0.3099, -0.3511 0.5048 0.3099, -0.3529 0.4728 0.3099, -0.3537 0.4406 0.3099, -0.3536 0.4085 0.3099, -0.3527 0.3764 0.3099, -0.3509 0.3443 0.3099, -0.3484 0.3123 0.3099, -0.3453 0.2803 0.3099, -0.3416 0.2484 0.3099, -0.3374 0.2165 0.3099, -0.3328 0.1847 0.3099, -0.328 0.1529 0.3099, -0.3229 0.1212 0.3099, -0.3176 0.0895 0.3099, -0.3123 0.0578 0.3099, -0.3071 0.0261 0.3099, -0.3022 -0.0056 0.3099, -0.2976 -0.0374 0.3099, -0.2933 -0.0692 0.3099, -0.2864 -0.1331 0.3099, -0.2839 -0.1652 0.3099, -0.2819 -0.1972 0.3099, -0.2807 -0.2293 0.3099, -0.2802 -0.2614 0.3099, -0.2802 -0.2936 0.3099, -0.2818 -0.3578 0.3099, -0.2833 -0.3899 0.3099, -0.2852 -0.422 0.3099, -0.2874 -0.4541 0.3099, -0.2899 -0.4861 0.3099, -0.2927 -0.5181 0.3099, -0.2958 -0.5501 0.3099, -0.299 -0.582 0.3099, -0.3024 -0.614 0.3099, -0.3058 -0.6459 0.3099, -0.3094 -0.6779 0.3099, -0.313 -0.7098 0.3099, -0.3203 -0.7736 0.3099, -0.3239 -0.8055 0.3099, -0.3274 -0.8375 0.3099, -0.3309 -0.8694 0.3099, -0.3343 -0.9013 0.3099, -0.3379 -0.9333 0.3099, -0.3415 -0.9652 0.3099, -0.3455 -0.9971 0.3099, -0.3498 -1.0289 0.3099, -0.3545 -1.0607 0.3099, -0.3598 -1.0924 0.3099, -0.3725 -1.1554 0.3099, -0.3802 -1.1865 0.3099, -0.3888 -1.2175 0.3099, -0.3989 -1.248 0.3099, -0.4232 -1.3074 0.3099, -0.4378 -1.336 0.3099, -0.4546 -1.3634 0.3099, -0.4733 -1.3896 0.3099, -0.4942 -1.4138 0.3099, -0.5423 -1.4563 0.3099, -0.5693 -1.474 0.3099, -0.5974 -1.4894 0.3099, -0.6568 -1.5139 0.3099, -0.6877 -1.5231 0.3099, -1.7992 0.8477 2.3051, -1.7992 0.8697 2.2938, -1.7913 0.8697 2.2938, -1.7913 0.8477 2.3051, 1.7992 -1.0376 2.1446, 1.7992 -1.0376 2.5383, 1.7913 -1.0376 2.5383, 1.7913 -1.0376 2.1446, 1.7992 -1.0868 2.1446, 1.7913 -1.0868 2.1446, 1.7992 -1.0868 2.4713, 1.7913 -1.0868 2.4713, 1.7992 -1.136 2.4126, 1.7913 -1.136 2.4126, 1.7992 -1.136 2.4796, 1.7913 -1.136 2.4796, 1.7992 -1.0868 2.5383, 1.7913 -1.0868 2.5383, 1.7913 -0.6439 2.1446, 1.7913 -0.7751 2.5383, 1.7913 -0.7341 2.2786, 1.7913 -0.89 2.2451, 1.7913 -0.972 2.1446, 1.7913 -0.9228 2.1446, 1.7913 -0.8818 2.2786, 1.7913 -0.6931 2.1446, 1.7913 -0.7259 2.2451, 1.7913 -0.8407 2.5383, 1.7913 -0.8079 2.5048, 1.7913 -0.119 2.1865, 1.7913 0.1107 2.1446, 1.7913 0.1107 2.1865, 1.7913 -0.0123 2.5383, 1.7913 -0.0451 2.5383, 1.7913 -0.0205 2.4964, 1.7913 0.0369 2.5299, 1.7913 0.0451 2.4713, 1.7913 0.0697 2.5132, 1.7913 -0.1846 2.1446, 1.7913 0.0615 2.4461, 1.7913 0.1025 2.4796, 1.7913 0.0205 2.488, 1.7913 -0.1026 2.5299, 1.7913 -0.0944 2.488, 1.7913 -0.0533 2.4964, 1.7913 -0.1682 2.4796, 1.7913 -0.119 2.4713, 1.7913 -0.1354 2.5132, 1.7913 -0.1354 2.4461, 1.7913 -0.1764 2.4461, 1.7913 0.0451 2.3959, 1.7913 -0.1846 2.1865, 1.7913 0.1107 2.4461, 1.7913 0.1107 2.4294, 1.7913 0.0615 2.4294, 1.7913 0.1025 2.3959, 1.7913 0.0861 2.3708, 1.7913 0.4306 2.2786, 1.7913 0.4716 2.2535, 1.7913 0.4716 2.287, 1.7913 0.3486 2.354, 1.7913 0.3486 2.3959, 1.7913 0.2993 2.3959, 1.7913 0.2255 2.2451, 1.7913 0.1763 2.2451, 1.7913 0.1927 2.2116, 1.7913 0.2993 2.1446, 1.7913 0.3486 2.1446, 1.7913 0.2993 2.1865, 1.7913 0.3814 2.3456, 1.7913 0.3896 2.3875, 1.7913 0.4306 2.3624, 1.7913 0.406 2.3289, 1.7913 0.4552 2.3289, 1.7913 0.4224 2.3037, 1.7913 0.4306 2.2619, 1.7913 0.4552 2.2116, 1.7913 0.3486 2.1865, 1.7913 0.3896 2.153, 1.7913 0.3814 2.1948, 1.7913 0.4224 2.2367, 1.7913 0.4306 2.1781, 1.7913 0.406 2.2116, 1.7913 0.2665 2.1948, 1.7913 0.2583 2.153, 1.7913 0.2173 2.1781, 1.7913 0.2419 2.2116, 1.7913 0.2993 2.354, 1.7913 0.2583 2.3875, 1.7913 0.2665 2.3456, 1.7913 0.2173 2.3624, 1.7913 0.1763 2.3205, 1.7913 0.2337 2.3205, 1.7913 0.4552 2.4964, 1.7913 0.4552 2.5383, 1.7913 0.2173 2.4964, 1.7913 0.1763 2.5383, 1.7913 0.6192 2.2116, 1.7913 0.6356 2.153, 1.7913 0.6438 2.1948, 1.7913 0.6192 2.4713, 1.7913 0.6356 2.5299, 1.7913 0.5946 2.5048, 1.7913 0.5946 2.1781, 1.7913 0.57 2.2032, 1.7913 0.5536 2.2367, 1.7913 0.5864 2.2619, 1.7913 0.7915 2.3121, 1.7913 0.8325 2.3037, 1.7913 0.7915 2.3708, 1.7913 0.7833 2.2619, 1.7913 0.8243 2.2619, 1.7913 0.8325 2.3791, 1.7913 0.6438 2.488, 1.7913 0.6848 2.4964, 1.7913 0.8161 2.4461, 1.7913 0.7833 2.421, 1.7913 0.8243 2.421, 1.7913 0.7341 2.5299, 1.7913 0.6848 2.5383, 1.7913 0.7259 2.488, 1.7913 0.7505 2.4713, 1.7913 0.7751 2.5048, 1.7913 0.5372 2.3791, 1.7913 0.5782 2.3708, 1.7913 0.5454 2.421, 1.7913 0.5864 2.421, 1.7913 0.5536 2.4461, 1.7913 0.57 2.4796, 1.7913 0.5454 2.2619, 1.7913 0.5782 2.3121, 1.7913 0.5372 2.3037, 1.7913 0.7997 2.4796, 1.7913 0.8161 2.2367, 1.7913 0.7997 2.2032, 1.7913 0.7505 2.2116, 1.7913 0.7751 2.1781, 1.7913 0.7341 2.153, 1.7913 0.7259 2.1948, 1.7913 0.6848 2.1865, 1.7913 0.6848 2.1446, 1.7913 1.2262 2.5383, 1.7913 1.177 2.5383, 1.7913 1.0621 2.1948, 1.7913 0.8981 2.5383, 1.7913 1.0293 2.1446, 1.7913 1.0949 2.1446, 1.7913 0.9473 2.5383, 1.7913 -0.9228 1.8057, 1.7913 -0.8982 1.7889, 1.7913 -0.9064 1.8308, 1.7913 -0.8654 1.8141, 1.7913 -0.89 1.9983, 1.7913 -0.931 1.9732, 1.7913 -0.9064 1.9565, 1.7913 -0.8818 1.7554, 1.7913 -1.0704 1.9565, 1.7913 -1.0458 1.9732, 1.7913 -1.0868 1.9983, 1.7913 -0.8572 1.9648, 1.7913 -0.9228 2.0151, 1.7913 -0.972 1.9816, 1.7913 -0.9802 2.0235, 1.7913 -0.9966 2.0235, 1.7913 -1.0048 1.9816, 1.7913 -1.054 2.0151, 1.7913 -1.0868 1.9313, 1.7913 -1.1196 1.9648, 1.7913 -1.1278 1.9313, 1.7913 -0.9228 1.68, 1.7913 -0.9638 1.6717, 1.7913 -0.9228 1.6382, 1.7913 -0.9556 1.6298, 1.7913 -1.013 1.6717, 1.7913 -1.0212 1.6298, 1.7913 -0.8489 1.9146, 1.7913 -0.89 1.9146, 1.7913 -0.8572 1.8811, 1.7913 -0.89 1.9313, 1.7913 -0.8489 1.9313, 1.7913 -0.8736 1.8559, 1.7913 -0.9064 1.8811, 1.7913 -0.9228 1.8643, 1.7913 -1.0048 1.8476, 1.7913 -0.972 1.8141, 1.7913 -0.972 1.8476, 1.7913 -1.0048 1.8141, 1.7913 -0.8407 1.7554, 1.7913 -0.8407 1.7219, 1.7913 -0.8489 1.7889, 1.7913 -0.8818 1.7219, 1.7913 -0.8489 1.6968, 1.7913 -0.89 1.7052, 1.7913 -0.9064 1.6884, 1.7913 -0.89 1.6549, 1.7913 -1.054 1.68, 1.7913 -1.054 1.6382, 1.7913 -1.0704 1.6884, 1.7913 -1.0868 1.6549, 1.7913 -1.1278 1.6968, 1.7913 -1.1114 1.6717, 1.7913 -1.0868 1.7052, 1.7913 -1.095 1.7219, 1.7913 -1.136 1.7219, 1.7913 -0.8654 1.6717, 1.7913 -0.447 1.6298, 1.7913 -0.5783 2.0235, 1.7913 -0.5373 1.7638, 1.7913 -0.6931 1.7303, 1.7913 -0.7751 1.6298, 1.7913 -0.7259 1.6298, 1.7913 -0.6849 1.7638, 1.7913 -0.4963 1.6298, 1.7913 -0.5291 1.7303, 1.7913 -0.6439 2.0235, 1.7913 -0.6111 1.99, 1.7913 0.0123 1.9648, 1.7913 0.0123 1.8978, 1.7913 0.0615 1.9565, 1.7913 0.0615 2.0235, 1.7913 0.1107 2.0235, 1.7913 0.0615 1.6298, 1.7913 0.1107 1.6298, 1.7913 0.2419 1.6717, 1.7913 0.4716 1.6298, 1.7913 0.4716 1.6717, 1.7913 0.3486 2.0235, 1.7913 0.3157 2.0235, 1.7913 0.3404 1.9816, 1.7913 0.3978 2.0151, 1.7913 0.406 1.9565, 1.7913 0.4306 1.9983, 1.7913 0.1763 1.6298, 1.7913 0.4224 1.9313, 1.7913 0.4634 1.9648, 1.7913 0.3814 1.9732, 1.7913 0.2583 2.0151, 1.7913 0.2665 1.9732, 1.7913 0.3075 1.9816, 1.7913 0.1927 1.9648, 1.7913 0.2419 1.9565, 1.7913 0.2255 1.9983, 1.7913 0.2255 1.9313, 1.7913 0.1845 1.9313, 1.7913 0.406 1.8811, 1.7913 0.1763 1.6717, 1.7913 0.4716 1.9313, 1.7913 0.4716 1.9146, 1.7913 0.4224 1.9146, 1.7913 0.4634 1.8811, 1.7913 0.447 1.8559, 1.7913 0.6192 1.6968, 1.7913 0.6356 1.6382, 1.7913 0.6438 1.68, 1.7913 0.6192 1.9565, 1.7913 0.6356 2.0151, 1.7913 0.5946 1.99, 1.7913 0.5946 1.6633, 1.7913 0.57 1.6884, 1.7913 0.5536 1.7219, 1.7913 0.5864 1.747, 1.7913 0.7915 1.7973, 1.7913 0.8325 1.7889, 1.7913 0.7915 1.8559, 1.7913 0.7833 1.747, 1.7913 0.8243 1.747, 1.7913 0.8325 1.8643, 1.7913 0.6438 1.9732, 1.7913 0.6848 1.9816, 1.7913 0.8161 1.9313, 1.7913 0.7833 1.9062, 1.7913 0.8243 1.9062, 1.7913 0.7341 2.0151, 1.7913 0.6848 2.0235, 1.7913 0.7259 1.9732, 1.7913 0.7505 1.9565, 1.7913 0.7751 1.99, 1.7913 0.5372 1.8643, 1.7913 0.5782 1.8559, 1.7913 0.5454 1.9062, 1.7913 0.5864 1.9062, 1.7913 0.5536 1.9313, 1.7913 0.57 1.9648, 1.7913 0.5454 1.747, 1.7913 0.5782 1.7973, 1.7913 0.5372 1.7889, 1.7913 0.7997 1.9648, 1.7913 0.8161 1.7219, 1.7913 0.7997 1.6884, 1.7913 0.7505 1.6968, 1.7913 0.7751 1.6633, 1.7913 0.7341 1.6382, 1.7913 0.7259 1.68, 1.7913 0.6848 1.6717, 1.7913 0.6848 1.6298, 1.7913 1.2262 2.0235, 1.7913 1.177 2.0235, 1.7913 1.0621 1.68, 1.7913 0.8981 2.0235, 1.7913 1.0293 1.6298, 1.7913 1.0949 1.6298, 1.7913 0.9473 2.0235, 1.7992 -0.7751 2.5383, 1.7992 -0.8407 2.5383, 1.7992 -0.6439 2.1446, 1.7992 -0.6931 2.1446, 1.7992 -0.7259 2.2451, 1.7992 -0.89 2.2451, 1.7992 -0.9228 2.1446, 1.7992 -0.972 2.1446, 1.7992 -0.8079 2.5048, 1.7992 -0.7341 2.2786, 1.7992 -0.8818 2.2786, 1.7992 -0.1846 2.1865, 1.7992 -0.1846 2.1446, 1.7992 0.0451 2.3959, 1.7992 0.0615 2.4294, 1.7992 0.0615 2.4461, 1.7992 0.0451 2.4713, 1.7992 0.0205 2.488, 1.7992 -0.0205 2.4964, 1.7992 -0.0533 2.4964, 1.7992 -0.0944 2.488, 1.7992 -0.119 2.4713, 1.7992 -0.1354 2.4461, 1.7992 -0.1764 2.4461, 1.7992 -0.1682 2.4796, 1.7992 -0.1354 2.5132, 1.7992 -0.1026 2.5299, 1.7992 -0.0451 2.5383, 1.7992 -0.0123 2.5383, 1.7992 0.0369 2.5299, 1.7992 0.0697 2.5132, 1.7992 0.1025 2.4796, 1.7992 0.1107 2.4461, 1.7992 0.1107 2.4294, 1.7992 0.1025 2.3959, 1.7992 0.0861 2.3708, 1.7992 -0.119 2.1865, 1.7992 0.1107 2.1865, 1.7992 0.1107 2.1446, 1.7992 0.2337 2.3205, 1.7992 0.2665 2.3456, 1.7992 0.1763 2.3205, 1.7992 0.1763 2.5383, 1.7992 0.4552 2.5383, 1.7992 0.4552 2.4964, 1.7992 0.2173 2.4964, 1.7992 0.2173 2.3624, 1.7992 0.2583 2.3875, 1.7992 0.2993 2.3959, 1.7992 0.3486 2.3959, 1.7992 0.3896 2.3875, 1.7992 0.4306 2.3624, 1.7992 0.4552 2.3289, 1.7992 0.4716 2.287, 1.7992 0.4716 2.2535, 1.7992 0.4552 2.2116, 1.7992 0.4306 2.1781, 1.7992 0.3896 2.153, 1.7992 0.3486 2.1446, 1.7992 0.2993 2.1446, 1.7992 0.2583 2.153, 1.7992 0.2173 2.1781, 1.7992 0.1927 2.2116, 1.7992 0.1763 2.2451, 1.7992 0.2255 2.2451, 1.7992 0.2419 2.2116, 1.7992 0.2665 2.1948, 1.7992 0.2993 2.1865, 1.7992 0.3486 2.1865, 1.7992 0.3814 2.1948, 1.7992 0.406 2.2116, 1.7992 0.4224 2.2367, 1.7992 0.4306 2.2619, 1.7992 0.4306 2.2786, 1.7992 0.4224 2.3037, 1.7992 0.406 2.3289, 1.7992 0.3814 2.3456, 1.7992 0.3486 2.354, 1.7992 0.2993 2.354, 1.7992 0.5372 2.3791, 1.7992 0.5372 2.3037, 1.7992 0.5454 2.421, 1.7992 0.5536 2.4461, 1.7992 0.57 2.4796, 1.7992 0.5946 2.5048, 1.7992 0.6356 2.5299, 1.7992 0.6848 2.5383, 1.7992 0.7341 2.5299, 1.7992 0.7751 2.5048, 1.7992 0.7997 2.4796, 1.7992 0.8161 2.4461, 1.7992 0.8243 2.421, 1.7992 0.8325 2.3791, 1.7992 0.8325 2.3037, 1.7992 0.8243 2.2619, 1.7992 0.8161 2.2367, 1.7992 0.7997 2.2032, 1.7992 0.7751 2.1781, 1.7992 0.7341 2.153, 1.7992 0.6848 2.1446, 1.7992 0.6356 2.153, 1.7992 0.5946 2.1781, 1.7992 0.57 2.2032, 1.7992 0.5536 2.2367, 1.7992 0.5454 2.2619, 1.7992 0.5782 2.3708, 1.7992 0.5864 2.421, 1.7992 0.5782 2.3121, 1.7992 0.5864 2.2619, 1.7992 0.6192 2.2116, 1.7992 0.6438 2.1948, 1.7992 0.6848 2.1865, 1.7992 0.7259 2.1948, 1.7992 0.7505 2.2116, 1.7992 0.7833 2.2619, 1.7992 0.7915 2.3121, 1.7992 0.7915 2.3708, 1.7992 0.7833 2.421, 1.7992 0.7505 2.4713, 1.7992 0.7259 2.488, 1.7992 0.6848 2.4964, 1.7992 0.6438 2.488, 1.7992 0.6192 2.4713, 1.7992 1.0949 2.1446, 1.7992 1.2262 2.5383, 1.7992 1.0293 2.1446, 1.7992 0.8981 2.5383, 1.7992 0.9473 2.5383, 1.7992 1.0621 2.1948, 1.7992 1.177 2.5383, 1.7992 -0.8654 1.6717, 1.7992 -0.8489 1.6968, 1.7992 -0.89 1.6549, 1.7992 -0.9228 1.6382, 1.7992 -0.9556 1.6298, 1.7992 -1.0212 1.6298, 1.7992 -1.054 1.6382, 1.7992 -1.0868 1.6549, 1.7992 -1.1114 1.6717, 1.7992 -1.1278 1.6968, 1.7992 -1.136 1.7219, 1.7992 -1.095 1.7219, 1.7992 -1.0868 1.7052, 1.7992 -1.0704 1.6884, 1.7992 -1.054 1.68, 1.7992 -1.013 1.6717, 1.7992 -0.9638 1.6717, 1.7992 -0.9228 1.68, 1.7992 -0.9064 1.6884, 1.7992 -0.89 1.7052, 1.7992 -0.8818 1.7219, 1.7992 -0.8818 1.7554, 1.7992 -0.8982 1.7889, 1.7992 -0.9228 1.8057, 1.7992 -0.972 1.8141, 1.7992 -1.0048 1.8141, 1.7992 -1.0048 1.8476, 1.7992 -0.972 1.8476, 1.7992 -0.9228 1.8643, 1.7992 -0.9064 1.8811, 1.7992 -0.89 1.9146, 1.7992 -0.89 1.9313, 1.7992 -0.9064 1.9565, 1.7992 -0.931 1.9732, 1.7992 -0.972 1.9816, 1.7992 -1.0048 1.9816, 1.7992 -1.0458 1.9732, 1.7992 -1.0704 1.9565, 1.7992 -1.0868 1.9313, 1.7992 -1.1278 1.9313, 1.7992 -1.1196 1.9648, 1.7992 -1.0868 1.9983, 1.7992 -1.054 2.0151, 1.7992 -0.9966 2.0235, 1.7992 -0.9802 2.0235, 1.7992 -0.9228 2.0151, 1.7992 -0.89 1.9983, 1.7992 -0.8572 1.9648, 1.7992 -0.8489 1.9313, 1.7992 -0.8489 1.9146, 1.7992 -0.8572 1.8811, 1.7992 -0.8736 1.8559, 1.7992 -0.9064 1.8308, 1.7992 -0.8654 1.8141, 1.7992 -0.8489 1.7889, 1.7992 -0.8407 1.7554, 1.7992 -0.8407 1.7219, 1.7992 -0.5783 2.0235, 1.7992 -0.6439 2.0235, 1.7992 -0.447 1.6298, 1.7992 -0.4963 1.6298, 1.7992 -0.5291 1.7303, 1.7992 -0.6931 1.7303, 1.7992 -0.7259 1.6298, 1.7992 -0.7751 1.6298, 1.7992 -0.6111 1.99, 1.7992 -0.5373 1.7638, 1.7992 -0.6849 1.7638, 1.7992 0.1107 1.6298, 1.7992 0.1107 2.0235, 1.7992 0.0615 1.6298, 1.7992 0.0615 1.9565, 1.7992 0.0123 1.8978, 1.7992 0.0123 1.9648, 1.7992 0.0615 2.0235, 1.7992 0.1763 1.6717, 1.7992 0.1763 1.6298, 1.7992 0.406 1.8811, 1.7992 0.4224 1.9146, 1.7992 0.4224 1.9313, 1.7992 0.406 1.9565, 1.7992 0.3814 1.9732, 1.7992 0.3404 1.9816, 1.7992 0.3075 1.9816, 1.7992 0.2665 1.9732, 1.7992 0.2419 1.9565, 1.7992 0.2255 1.9313, 1.7992 0.1845 1.9313, 1.7992 0.1927 1.9648, 1.7992 0.2255 1.9983, 1.7992 0.2583 2.0151, 1.7992 0.3157 2.0235, 1.7992 0.3486 2.0235, 1.7992 0.3978 2.0151, 1.7992 0.4306 1.9983, 1.7992 0.4634 1.9648, 1.7992 0.4716 1.9313, 1.7992 0.4716 1.9146, 1.7992 0.4634 1.8811, 1.7992 0.447 1.8559, 1.7992 0.2419 1.6717, 1.7992 0.4716 1.6717, 1.7992 0.4716 1.6298, 1.7992 0.5372 1.8643, 1.7992 0.5372 1.7889, 1.7992 0.5454 1.9062, 1.7992 0.5536 1.9313, 1.7992 0.57 1.9648, 1.7992 0.5946 1.99, 1.7992 0.6356 2.0151, 1.7992 0.6848 2.0235, 1.7992 0.7341 2.0151, 1.7992 0.7751 1.99, 1.7992 0.7997 1.9648, 1.7992 0.8161 1.9313, 1.7992 0.8243 1.9062, 1.7992 0.8325 1.8643, 1.7992 0.8325 1.7889, 1.7992 0.8243 1.747, 1.7992 0.8161 1.7219, 1.7992 0.7997 1.6884, 1.7992 0.7751 1.6633, 1.7992 0.7341 1.6382, 1.7992 0.6848 1.6298, 1.7992 0.6356 1.6382, 1.7992 0.5946 1.6633, 1.7992 0.57 1.6884, 1.7992 0.5536 1.7219, 1.7992 0.5454 1.747, 1.7992 0.5782 1.8559, 1.7992 0.5864 1.9062, 1.7992 0.5782 1.7973, 1.7992 0.5864 1.747, 1.7992 0.6192 1.6968, 1.7992 0.6438 1.68, 1.7992 0.6848 1.6717, 1.7992 0.7259 1.68, 1.7992 0.7505 1.6968, 1.7992 0.7833 1.747, 1.7992 0.7915 1.7973, 1.7992 0.7915 1.8559, 1.7992 0.7833 1.9062, 1.7992 0.7505 1.9565, 1.7992 0.7259 1.9732, 1.7992 0.6848 1.9816, 1.7992 0.6438 1.9732, 1.7992 0.6192 1.9565, 1.7992 1.0949 1.6298, 1.7992 1.2262 2.0235, 1.7992 1.0293 1.6298, 1.7992 0.8981 2.0235, 1.7992 0.9473 2.0235, 1.7992 1.0621 1.68, 1.7992 1.177 2.0235, -1.7992 0.4648 2.5639, -1.7992 0.2475 2.5639, -1.7913 0.2475 2.5639, -1.7913 0.4648 2.5639, -1.7913 0.4732 2.5611, -1.7913 0.4784 2.554, -1.7992 0.4732 2.5611, -1.7992 0.4784 2.554, -1.7913 0.4785 2.5451, -1.7992 0.4785 2.5451, -1.7992 0.4436 2.436, -1.7913 0.4436 2.436, -1.7913 0.4374 2.4252, -1.7913 0.4273 2.4179, -1.7992 0.4374 2.4252, -1.7992 0.4273 2.4179, -1.7913 0.4152 2.4153, -1.7992 0.4152 2.4153, -1.7992 0.2025 2.4153, -1.7913 0.2025 2.4153, -1.7913 0.1919 2.4187, -1.7913 0.1854 2.4277, -1.7992 0.1919 2.4187, -1.7992 0.1854 2.4277, -1.7913 0.1854 2.4387, -1.7992 0.1854 2.4387, -1.7992 0.2186 2.5428, -1.7913 0.2186 2.5428, -1.7913 0.2249 2.5538, -1.7913 0.2351 2.5612, -1.7992 0.2249 2.5538, -1.7992 0.2351 2.5612, -1.7913 0.5087 2.3233, -1.7913 0.4922 2.3148, -1.7913 0.474 2.3119, -1.7913 0.5617 2.6589, -1.7913 0.5794 2.6555, -1.7913 0.5947 2.6458, -1.7913 0.53 2.3529, -1.7913 0.5217 2.3364, -1.7913 0.3487 2.3119, -1.7913 0.1432 2.6429, -1.7913 0.1249 2.6245, -1.7913 0.1759 2.3302, -1.7913 0.3406 2.2991, -1.7913 0.4333 2.1007, -1.7913 0.2864 2.0936, -1.7913 0.2991 2.0742, -1.7913 0.3987 2.0464, -1.7913 0.4262 2.058, -1.7913 0.4136 2.0494, -1.7913 0.4369 2.0859, -1.7913 0.4344 2.0709, -1.7913 0.3606 2.0464, -1.7913 0.3166 2.0592, -1.7913 0.3377 2.0496, -1.7913 0.0605 2.0658, -1.7913 0.0354 2.0558, -1.7913 0.0086 2.0524, -1.7913 0.3412 2.3078, -1.7913 -0.1208 2.2015, -1.7913 -0.2799 2.1336, -1.7913 -0.119 2.2169, -1.7913 -0.0504 2.1656, -1.7913 -0.0795 2.1629, -1.7913 -0.2206 2.0524, -1.7913 -0.0947 2.1658, -1.7913 -0.2827 2.1105, -1.7913 -0.2769 2.0879, -1.7913 -0.2631 2.0692, -1.7913 -0.2435 2.0567, -1.7913 -0.1169 2.1865, -1.7913 -0.1308 2.6001, -1.7913 -0.1217 2.618, -1.7913 -0.1076 2.6322, -1.7913 -0.07 2.6444, -1.7913 -0.0898 2.6413, -1.7913 -0.0405 2.6444, -1.7913 -0.0021 2.6201, -1.7913 -0.0115 2.633, -1.7913 -0.0249 2.6415, -1.7913 0.192 2.6589, -1.7913 0.0019 2.6047, -1.7913 -0.0146 2.2016, -1.7913 0.1131 2.6013, -1.7913 -0.0 2.589, -1.7913 0.1109 2.1271, -1.7913 -0.0225 2.186, -1.7913 -0.1078 2.174, -1.7913 -0.0677 2.1629, -1.7913 0.0824 2.0817, -1.7913 -0.0348 2.1736, -1.7913 0.0995 2.1026, -1.7913 0.1663 2.6548, -1.7913 0.6077 2.5958, -1.7913 0.6053 2.6312, -1.7913 0.6099 2.6138, -1.7913 0.9158 1.4804, -1.7913 0.9194 1.4915, -1.7913 0.9458 1.4802, -1.7913 0.9246 1.9186, -1.7913 0.8915 1.9161, -1.7913 0.9246 1.9617, -1.7913 0.9736 1.6182, -1.7913 0.6898 1.5825, -1.7913 0.7187 1.6241, -1.7913 0.7374 1.5853, -1.7913 0.8325 1.5005, -1.7913 0.8732 1.4863, -1.7913 0.8298 1.4548, -1.7913 0.6634 1.7236, -1.7913 0.7116 1.7514, -1.7913 0.7056 1.7088, -1.7913 0.7865 1.9224, -1.7913 0.7765 1.8611, -1.7913 0.7479 1.8933, -1.7913 0.7259 1.792, -1.7913 0.6723 1.7712, -1.7913 0.7153 1.8575, -1.7913 0.6898 1.8163, -1.7913 0.7478 1.8291, -1.7913 0.6634 1.6752, -1.7913 0.708 1.6658, -1.7913 0.6723 1.6276, -1.7913 0.7633 1.551, -1.7913 0.7153 1.5414, -1.7913 0.8498 1.9055, -1.7913 0.8764 1.9573, -1.7913 0.811 1.8869, -1.7913 0.8298 1.944, -1.7913 0.7954 1.5223, -1.7913 0.7865 1.4764, -1.7913 0.7479 1.5056, -1.7913 0.8764 1.4416, -1.7913 0.9246 1.4371, -1.7913 0.9952 1.8148, -1.7913 0.9419 1.7159, -1.7913 0.9617 1.8131, -1.7913 1.0062 1.6213, -1.7913 1.0978 1.9617, -1.7913 1.0547 1.9186, -1.7913 1.0547 1.4802, -1.7913 1.0978 1.4371, -1.7913 0.9083 1.7142, -1.7913 0.8587 2.26, -1.7913 0.8918 2.2713, -1.7913 0.8697 2.2432, -1.7913 0.6934 2.2432, -1.7913 0.6989 2.2713, -1.7913 0.7264 2.2432, -1.7913 0.8477 2.0518, -1.7913 0.8201 2.0799, -1.7913 0.8422 2.0855, -1.7913 0.7705 2.0799, -1.7913 0.743 2.0518, -1.7913 0.7485 2.0855, -1.7913 0.7209 2.063, -1.7913 0.7319 2.0968, -1.7913 0.7705 2.0461, -1.7913 0.8201 2.0461, -1.7913 0.8587 2.0968, -1.7913 0.8697 2.063, -1.7913 0.8697 2.1137, -1.7913 0.8918 2.0855, -1.7913 0.9028 2.1081, -1.7913 0.8753 2.1362, -1.7913 0.9028 2.2488, -1.7913 0.8753 2.2206, -1.7913 0.9083 2.2206, -1.7913 0.9083 2.1362, -1.7913 0.8422 2.2713, -1.7913 0.8201 2.2769, -1.7913 0.7705 2.3107, -1.7913 0.8201 2.3107, -1.7913 0.7705 2.2769, -1.7913 0.7485 2.2713, -1.7913 0.743 2.3051, -1.7913 0.7319 2.26, -1.7913 0.7209 2.2938, -1.7913 0.6989 2.0855, -1.7913 0.7264 2.1137, -1.7913 0.6934 2.1137, -1.7913 -0.6528 2.3302, -1.7913 -0.6528 2.1557, -1.7913 -0.6859 2.1557, -1.7913 -0.5536 2.105, -1.7913 -0.5481 2.0712, -1.7913 -0.5756 2.0994, -1.7913 -0.6803 2.1275, -1.7913 -0.6473 2.1331, -1.7913 -0.6693 2.105, -1.7913 -0.6362 2.1163, -1.7913 -0.5977 2.0656, -1.7913 -0.6252 2.0712, -1.7913 -0.5977 2.0994, -1.7913 -0.6197 2.105, -1.7913 -0.6473 2.0825, -1.7913 -0.5756 2.0656, -1.7913 -0.537 2.1163, -1.7913 -0.526 2.0825, -1.7913 -0.526 2.1331, -1.7913 -0.504 2.105, -1.7913 -0.4929 2.1275, -1.7913 -0.5205 2.1557, -1.7913 -0.5205 2.3302, -1.7913 -0.4874 2.3302, -1.7913 -0.4874 2.1557, -1.7913 -0.6859 2.3302, -1.7913 -0.8016 2.2232, -1.7913 -0.7961 2.1894, -1.7913 -0.8181 2.2176, -1.7913 -0.8953 2.3077, -1.7913 -0.8733 2.3245, -1.7913 -0.8677 2.2908, -1.7913 -0.8512 2.1838, -1.7913 -0.8512 2.2176, -1.7913 -0.7465 2.2682, -1.7913 -0.7465 2.2457, -1.7913 -0.7796 2.2514, -1.7913 -0.8788 2.212, -1.7913 -0.7851 2.2345, -1.7913 -0.774 2.2007, -1.7913 -0.752 2.2232, -1.7913 -0.7796 2.2626, -1.7913 -0.7299 2.1388, -1.7913 -0.7355 2.1163, -1.7913 -0.763 2.1388, -1.7913 -0.8181 2.1838, -1.7913 -0.8512 2.0994, -1.7913 -0.8788 2.0712, -1.7913 -0.8733 2.105, -1.7913 -0.752 2.0881, -1.7913 -0.7851 2.105, -1.7913 -0.7685 2.1219, -1.7913 -0.8512 2.0656, -1.7913 -0.8071 2.0994, -1.7913 -0.8071 2.0656, -1.7913 -0.7961 2.3245, -1.7913 -0.8181 2.2964, -1.7913 -0.8181 2.3302, -1.7913 -0.8512 2.2964, -1.7913 -0.8457 2.3302, -1.7913 -0.8733 2.1782, -1.7913 -0.9008 2.2007, -1.7913 -0.9008 2.15, -1.7913 -0.9339 2.1557, -1.7913 -0.9229 2.1782, -1.7913 -0.8898 2.1669, -1.7913 -0.9229 2.105, -1.7913 -0.9339 2.1275, -1.7913 -0.9008 2.1331, -1.7913 -0.8898 2.1163, -1.7913 -0.9008 2.0825, -1.7913 -0.7796 2.0712, -1.7913 -0.9118 2.2851, -1.7913 -0.8788 2.2795, -1.7913 -0.752 2.2908, -1.7913 -0.7851 2.2795, -1.7913 -0.774 2.3133, -1.7913 -0.8016 2.2908, -1.7913 -0.8843 2.2682, -1.7913 -0.9173 2.2682, -1.7913 0.2064 1.5246, -1.7913 0.1946 1.4718, -1.7913 0.1887 1.5095, -1.7913 0.2064 1.7583, -1.7913 0.1946 1.8111, -1.7913 0.2241 1.7885, -1.7913 0.2241 1.4945, -1.7913 0.2419 1.5171, -1.7913 0.2537 1.5472, -1.7913 0.23 1.5698, -1.7913 0.0824 1.6151, -1.7913 0.0529 1.6075, -1.7913 0.0824 1.6679, -1.7913 0.0883 1.5698, -1.7913 0.0588 1.5698, -1.7913 0.0529 1.6754, -1.7913 0.1887 1.7734, -1.7913 0.1592 1.7809, -1.7913 0.0647 1.7357, -1.7913 0.0883 1.7131, -1.7913 0.0588 1.7131, -1.7913 0.1237 1.8111, -1.7913 0.1592 1.8186, -1.7913 0.1297 1.7734, -1.7913 0.1119 1.7583, -1.7913 0.0942 1.7885, -1.7913 0.2655 1.6754, -1.7913 0.236 1.6679, -1.7913 0.2596 1.7131, -1.7913 0.23 1.7131, -1.7913 0.2537 1.7357, -1.7913 0.2419 1.7659, -1.7913 0.2596 1.5698, -1.7913 0.236 1.6151, -1.7913 0.2655 1.6075, -1.7913 0.0765 1.7659, -1.7913 0.0647 1.5472, -1.7913 0.0765 1.5171, -1.7913 0.1119 1.5246, -1.7913 0.0942 1.4945, -1.7913 0.1237 1.4718, -1.7913 0.1297 1.5095, -1.7913 0.1592 1.502, -1.7913 0.1592 1.4643, -1.7913 -0.0416 1.502, -1.7913 -0.207 1.4643, -1.7913 -0.207 1.502, -1.7913 -0.1184 1.8186, -1.7913 -0.0948 1.8186, -1.7913 -0.1125 1.7809, -1.7913 -0.1538 1.8111, -1.7913 -0.1597 1.7583, -1.7913 -0.1774 1.796, -1.7913 0.0056 1.4643, -1.7913 -0.1715 1.7357, -1.7913 -0.2011 1.7659, -1.7913 -0.142 1.7734, -1.7913 -0.0534 1.8111, -1.7913 -0.0593 1.7734, -1.7913 -0.0889 1.7809, -1.7913 -0.0062 1.7659, -1.7913 -0.0416 1.7583, -1.7913 -0.0298 1.796, -1.7913 -0.0298 1.7357, -1.7913 -0.0003 1.7357, -1.7913 -0.1597 1.6905, -1.7913 0.0056 1.502, -1.7913 -0.207 1.7357, -1.7913 -0.207 1.7206, -1.7913 -0.1715 1.7206, -1.7913 -0.2011 1.6905, -1.7913 -0.1892 1.6679, -1.7913 -0.3014 1.502, -1.7913 -0.4668 1.4643, -1.7913 -0.4668 1.502, -1.7913 -0.3782 1.8186, -1.7913 -0.3546 1.8186, -1.7913 -0.3723 1.7809, -1.7913 -0.4137 1.8111, -1.7913 -0.4196 1.7583, -1.7913 -0.4373 1.796, -1.7913 -0.2542 1.4643, -1.7913 -0.4314 1.7357, -1.7913 -0.4609 1.7659, -1.7913 -0.4018 1.7734, -1.7913 -0.3133 1.8111, -1.7913 -0.3192 1.7734, -1.7913 -0.3487 1.7809, -1.7913 -0.266 1.7659, -1.7913 -0.3014 1.7583, -1.7913 -0.2896 1.796, -1.7913 -0.2896 1.7357, -1.7913 -0.2601 1.7357, -1.7913 -0.4196 1.6905, -1.7913 -0.2542 1.502, -1.7913 -0.4668 1.7357, -1.7913 -0.4668 1.7206, -1.7913 -0.4314 1.7206, -1.7913 -0.4609 1.6905, -1.7913 -0.4491 1.6679, -1.7992 0.5617 2.6589, -1.7992 0.6053 2.6312, -1.7992 0.5794 2.6555, -1.7992 0.5947 2.6458, -1.7992 0.6099 2.6138, -1.7992 0.6077 2.5958, -1.7992 0.192 2.6589, -1.7992 0.1131 2.6013, -1.7992 0.1663 2.6548, -1.7992 0.1249 2.6245, -1.7992 0.1432 2.6429, -1.7992 -0.0146 2.2016, -1.7992 -0.0348 2.1736, -1.7992 -0.0225 2.186, -1.7992 -0.0504 2.1656, -1.7992 -0.0677 2.1629, -1.7992 -0.0795 2.1629, -1.7992 -0.1078 2.174, -1.7992 -0.0947 2.1658, -1.7992 -0.1169 2.1865, -1.7992 -0.1208 2.2015, -1.7992 -0.119 2.2169, -1.7992 -0.0 2.589, -1.7992 -0.0405 2.6444, -1.7992 -0.0021 2.6201, -1.7992 -0.0249 2.6415, -1.7992 -0.0115 2.633, -1.7992 0.0019 2.6047, -1.7992 -0.07 2.6444, -1.7992 -0.1308 2.6001, -1.7992 -0.0898 2.6413, -1.7992 -0.1217 2.618, -1.7992 -0.1076 2.6322, -1.7992 -0.2799 2.1336, -1.7992 -0.2206 2.0524, -1.7992 -0.2769 2.0879, -1.7992 -0.2435 2.0567, -1.7992 -0.2631 2.0692, -1.7992 -0.2827 2.1105, -1.7992 0.0086 2.0524, -1.7992 0.1109 2.1271, -1.7992 0.0605 2.0658, -1.7992 0.0995 2.1026, -1.7992 0.0824 2.0817, -1.7992 0.0354 2.0558, -1.7992 0.1759 2.3302, -1.7992 0.2864 2.0936, -1.7992 0.3606 2.0464, -1.7992 0.2991 2.0742, -1.7992 0.3377 2.0496, -1.7992 0.3166 2.0592, -1.7992 0.3987 2.0464, -1.7992 0.4333 2.1007, -1.7992 0.4262 2.058, -1.7992 0.4369 2.0859, -1.7992 0.4344 2.0709, -1.7992 0.4136 2.0494, -1.7992 0.3406 2.2991, -1.7992 0.3412 2.3078, -1.7992 0.3487 2.3119, -1.7992 0.474 2.3119, -1.7992 0.53 2.3529, -1.7992 0.4922 2.3148, -1.7992 0.5217 2.3364, -1.7992 0.5087 2.3233, -1.7992 1.0547 1.9186, -1.7992 0.9246 1.9186, -1.7992 1.0547 1.4802, -1.7992 0.9458 1.4802, -1.7992 1.0062 1.6213, -1.7992 0.9419 1.7159, -1.7992 0.9952 1.8148, -1.7992 0.9158 1.4804, -1.7992 0.9194 1.4915, -1.7992 0.708 1.6658, -1.7992 0.7187 1.6241, -1.7992 0.7374 1.5853, -1.7992 0.7633 1.551, -1.7992 0.7954 1.5223, -1.7992 0.8325 1.5005, -1.7992 0.8732 1.4863, -1.7992 0.7056 1.7088, -1.7992 0.7116 1.7514, -1.7992 0.7259 1.792, -1.7992 0.7478 1.8291, -1.7992 0.7765 1.8611, -1.7992 0.811 1.8869, -1.7992 0.8498 1.9055, -1.7992 0.8915 1.9161, -1.7992 0.9617 1.8131, -1.7992 0.9083 1.7142, -1.7992 0.9736 1.6182, -1.7992 0.9246 1.4371, -1.7992 0.7865 1.4764, -1.7992 0.8764 1.4416, -1.7992 0.8298 1.4548, -1.7992 0.6898 1.5825, -1.7992 0.7479 1.5056, -1.7992 0.7153 1.5414, -1.7992 0.6634 1.7236, -1.7992 0.6723 1.6276, -1.7992 0.6634 1.6752, -1.7992 0.7153 1.8575, -1.7992 0.6898 1.8163, -1.7992 0.6723 1.7712, -1.7992 0.7479 1.8933, -1.7992 0.7865 1.9224, -1.7992 0.8298 1.944, -1.7992 0.8764 1.9573, -1.7992 0.9246 1.9617, -1.7992 1.0978 1.4371, -1.7992 1.0978 1.9617, -1.7992 0.6934 2.1137, -1.7992 0.7264 2.1137, -1.7992 0.6989 2.0855, -1.7992 0.7209 2.063, -1.7992 0.743 2.0518, -1.7992 0.7705 2.0461, -1.7992 0.8201 2.0461, -1.7992 0.8477 2.0518, -1.7992 0.8697 2.063, -1.7992 0.8918 2.0855, -1.7992 0.9028 2.1081, -1.7992 0.9083 2.1362, -1.7992 0.9083 2.2206, -1.7992 0.9028 2.2488, -1.7992 0.8918 2.2713, -1.7992 0.7319 2.0968, -1.7992 0.7485 2.0855, -1.7992 0.7705 2.0799, -1.7992 0.8201 2.0799, -1.7992 0.8422 2.0855, -1.7992 0.8587 2.0968, -1.7992 0.8697 2.1137, -1.7992 0.8753 2.1362, -1.7992 0.8753 2.2206, -1.7992 0.8697 2.2432, -1.7992 0.8587 2.26, -1.7992 0.8422 2.2713, -1.7992 0.8201 2.2769, -1.7992 0.7705 2.2769, -1.7992 0.7485 2.2713, -1.7992 0.7319 2.26, -1.7992 0.7264 2.2432, -1.7992 0.6934 2.2432, -1.7992 0.6989 2.2713, -1.7992 0.7209 2.2938, -1.7992 0.743 2.3051, -1.7992 0.7705 2.3107, -1.7992 0.8201 2.3107, -1.7992 -0.6859 2.1557, -1.7992 -0.6859 2.3302, -1.7992 -0.6803 2.1275, -1.7992 -0.6693 2.105, -1.7992 -0.6473 2.0825, -1.7992 -0.6252 2.0712, -1.7992 -0.5977 2.0656, -1.7992 -0.5756 2.0656, -1.7992 -0.5481 2.0712, -1.7992 -0.526 2.0825, -1.7992 -0.504 2.105, -1.7992 -0.4929 2.1275, -1.7992 -0.4874 2.1557, -1.7992 -0.4874 2.3302, -1.7992 -0.5205 2.3302, -1.7992 -0.5205 2.1557, -1.7992 -0.526 2.1331, -1.7992 -0.537 2.1163, -1.7992 -0.5536 2.105, -1.7992 -0.5756 2.0994, -1.7992 -0.5977 2.0994, -1.7992 -0.6197 2.105, -1.7992 -0.6362 2.1163, -1.7992 -0.6473 2.1331, -1.7992 -0.6528 2.1557, -1.7992 -0.6528 2.3302, -1.7992 -0.8843 2.2682, -1.7992 -0.9173 2.2682, -1.7992 -0.8788 2.2795, -1.7992 -0.8677 2.2908, -1.7992 -0.8512 2.2964, -1.7992 -0.8181 2.2964, -1.7992 -0.8016 2.2908, -1.7992 -0.7851 2.2795, -1.7992 -0.7796 2.2626, -1.7992 -0.7796 2.2514, -1.7992 -0.7851 2.2345, -1.7992 -0.8016 2.2232, -1.7992 -0.8181 2.2176, -1.7992 -0.8512 2.2176, -1.7992 -0.8788 2.212, -1.7992 -0.9008 2.2007, -1.7992 -0.9229 2.1782, -1.7992 -0.9339 2.1557, -1.7992 -0.9339 2.1275, -1.7992 -0.9229 2.105, -1.7992 -0.9008 2.0825, -1.7992 -0.8788 2.0712, -1.7992 -0.8512 2.0656, -1.7992 -0.8071 2.0656, -1.7992 -0.7796 2.0712, -1.7992 -0.752 2.0881, -1.7992 -0.7355 2.1163, -1.7992 -0.7299 2.1388, -1.7992 -0.763 2.1388, -1.7992 -0.7685 2.1219, -1.7992 -0.7851 2.105, -1.7992 -0.8071 2.0994, -1.7992 -0.8512 2.0994, -1.7992 -0.8733 2.105, -1.7992 -0.8898 2.1163, -1.7992 -0.9008 2.1331, -1.7992 -0.9008 2.15, -1.7992 -0.8898 2.1669, -1.7992 -0.8733 2.1782, -1.7992 -0.8512 2.1838, -1.7992 -0.8181 2.1838, -1.7992 -0.7961 2.1894, -1.7992 -0.774 2.2007, -1.7992 -0.752 2.2232, -1.7992 -0.7465 2.2457, -1.7992 -0.7465 2.2682, -1.7992 -0.752 2.2908, -1.7992 -0.774 2.3133, -1.7992 -0.7961 2.3245, -1.7992 -0.8181 2.3302, -1.7992 -0.8457 2.3302, -1.7992 -0.8733 2.3245, -1.7992 -0.8953 2.3077, -1.7992 -0.9118 2.2851, -1.7992 0.2655 1.6754, -1.7992 0.2655 1.6075, -1.7992 0.2596 1.7131, -1.7992 0.2537 1.7357, -1.7992 0.2419 1.7659, -1.7992 0.2241 1.7885, -1.7992 0.1946 1.8111, -1.7992 0.1592 1.8186, -1.7992 0.1237 1.8111, -1.7992 0.0942 1.7885, -1.7992 0.0765 1.7659, -1.7992 0.0647 1.7357, -1.7992 0.0588 1.7131, -1.7992 0.0529 1.6754, -1.7992 0.0529 1.6075, -1.7992 0.0588 1.5698, -1.7992 0.0647 1.5472, -1.7992 0.0765 1.5171, -1.7992 0.0942 1.4945, -1.7992 0.1237 1.4718, -1.7992 0.1592 1.4643, -1.7992 0.1946 1.4718, -1.7992 0.2241 1.4945, -1.7992 0.2419 1.5171, -1.7992 0.2537 1.5472, -1.7992 0.2596 1.5698, -1.7992 0.236 1.6679, -1.7992 0.23 1.7131, -1.7992 0.236 1.6151, -1.7992 0.23 1.5698, -1.7992 0.2064 1.5246, -1.7992 0.1887 1.5095, -1.7992 0.1592 1.502, -1.7992 0.1297 1.5095, -1.7992 0.1119 1.5246, -1.7992 0.0883 1.5698, -1.7992 0.0824 1.6151, -1.7992 0.0824 1.6679, -1.7992 0.0883 1.7131, -1.7992 0.1119 1.7583, -1.7992 0.1297 1.7734, -1.7992 0.1592 1.7809, -1.7992 0.1887 1.7734, -1.7992 0.2064 1.7583, -1.7992 0.0056 1.502, -1.7992 0.0056 1.4643, -1.7992 -0.1597 1.6905, -1.7992 -0.1715 1.7206, -1.7992 -0.1715 1.7357, -1.7992 -0.1597 1.7583, -1.7992 -0.142 1.7734, -1.7992 -0.1125 1.7809, -1.7992 -0.0889 1.7809, -1.7992 -0.0593 1.7734, -1.7992 -0.0416 1.7583, -1.7992 -0.0298 1.7357, -1.7992 -0.0003 1.7357, -1.7992 -0.0062 1.7659, -1.7992 -0.0298 1.796, -1.7992 -0.0534 1.8111, -1.7992 -0.0948 1.8186, -1.7992 -0.1184 1.8186, -1.7992 -0.1538 1.8111, -1.7992 -0.1774 1.796, -1.7992 -0.2011 1.7659, -1.7992 -0.207 1.7357, -1.7992 -0.207 1.7206, -1.7992 -0.2011 1.6905, -1.7992 -0.1892 1.6679, -1.7992 -0.0416 1.502, -1.7992 -0.207 1.502, -1.7992 -0.207 1.4643, -1.7992 -0.2542 1.502, -1.7992 -0.2542 1.4643, -1.7992 -0.4196 1.6905, -1.7992 -0.4314 1.7206, -1.7992 -0.4314 1.7357, -1.7992 -0.4196 1.7583, -1.7992 -0.4018 1.7734, -1.7992 -0.3723 1.7809, -1.7992 -0.3487 1.7809, -1.7992 -0.3192 1.7734, -1.7992 -0.3014 1.7583, -1.7992 -0.2896 1.7357, -1.7992 -0.2601 1.7357, -1.7992 -0.266 1.7659, -1.7992 -0.2896 1.796, -1.7992 -0.3133 1.8111, -1.7992 -0.3546 1.8186, -1.7992 -0.3782 1.8186, -1.7992 -0.4137 1.8111, -1.7992 -0.4373 1.796, -1.7992 -0.4609 1.7659, -1.7992 -0.4668 1.7357, -1.7992 -0.4668 1.7206, -1.7992 -0.4609 1.6905, -1.7992 -0.4491 1.6679, -1.7992 -0.3014 1.502, -1.7992 -0.4668 1.502, -1.7992 -0.4668 1.4643
            ]
        }
        coordIndex [
            0,1,2,-1,3,4,5,-1,6,0,2,-1,7,2,1,-1,2,8,9,-1,7,8,2,-1,10,2,9,-1,0,6,11,-1,10,12,2,-1,6,13,11,-1,2,12,14,-1,13,6,15,-1,14,16,2,-1,16,17,2,-1,18,15,6,-1,2,17,19,-1,18,6,20,-1,19,21,2,-1,22,2,23,-1,2,21,23,-1,24,25,2,-1,26,27,6,-1,25,28,2,-1,29,30,6,-1,2,28,31,-1,6,32,29,-1,33,2,31,-1,32,6,34,-1,33,35,2,-1,36,34,6,-1,35,37,2,-1,6,38,36,-1,39,40,41,-1,38,6,42,-1,43,44,45,-1,46,42,6,-1,47,48,49,-1,50,51,52,-1,53,54,55,-1,56,57,58,-1,59,60,61,-1,62,59,63,-1,56,64,65,-1,65,53,56,-1,66,67,56,-1,68,56,69,-1,70,71,56,-1,72,56,67,-1,56,73,66,-1,70,56,72,-1,74,56,75,-1,75,56,68,-1,74,76,56,-1,76,77,56,-1,78,79,80,-1,64,56,81,-1,82,53,83,-1,65,83,53,-1,84,85,53,-1,86,87,88,-1,89,90,91,-1,92,53,93,-1,94,95,53,-1,63,59,96,-1,97,98,79,-1,97,79,58,-1,53,95,54,-1,56,58,59,-1,99,100,96,-1,58,57,101,-1,102,103,104,-1,53,105,52,-1,56,106,57,-1,52,107,108,-1,109,110,111,-1,56,112,106,-1,47,49,113,-1,114,103,115,-1,116,115,103,-1,117,118,52,-1,48,47,119,-1,52,120,50,-1,112,121,122,-1,123,119,47,-1,124,125,126,-1,123,47,127,-1,128,129,130,-1,131,132,133,-1,134,4,132,-1,135,136,112,-1,136,133,132,-1,112,137,138,-1,135,112,138,-1,139,52,140,-1,112,141,142,-1,112,142,143,-1,141,112,139,-1,143,144,112,-1,112,144,137,-1,136,132,112,-1,145,140,52,-1,132,130,112,-1,146,4,147,-1,52,148,149,-1,132,131,150,-1,112,129,151,-1,134,132,150,-1,130,129,112,-1,134,152,4,-1,5,4,153,-1,153,4,152,-1,154,148,52,-1,4,3,155,-1,156,155,157,-1,52,158,154,-1,130,159,160,-1,156,161,155,-1,162,163,155,-1,155,164,165,-1,166,43,167,-1,43,168,169,-1,170,171,43,-1,43,172,167,-1,43,173,174,-1,173,43,45,-1,43,171,175,-1,43,175,44,-1,174,168,43,-1,170,43,166,-1,43,155,163,-1,43,176,172,-1,43,125,124,-1,169,125,43,-1,177,178,179,-1,155,180,162,-1,181,124,126,-1,165,180,155,-1,161,182,155,-1,164,155,182,-1,183,52,184,-1,185,37,186,-1,187,103,112,-1,188,189,37,-1,190,37,189,-1,185,188,37,-1,191,192,47,-1,190,193,37,-1,47,99,80,-1,37,193,194,-1,194,195,37,-1,196,197,198,-1,195,199,37,-1,41,200,201,-1,202,203,46,-1,204,37,199,-1,46,205,206,-1,207,208,46,-1,177,179,209,-1,177,210,211,-1,212,210,177,-1,213,214,177,-1,177,211,215,-1,216,217,213,-1,213,218,216,-1,219,220,221,-1,220,217,222,-1,223,224,225,-1,220,226,223,-1,227,228,225,-1,229,228,230,-1,231,232,230,-1,233,229,232,-1,234,230,228,-1,230,232,229,-1,225,224,227,-1,228,227,234,-1,223,235,224,-1,226,235,223,-1,220,222,221,-1,226,220,219,-1,218,213,177,-1,216,222,217,-1,46,214,236,-1,177,215,218,-1,177,237,212,-1,236,207,46,-1,208,238,46,-1,237,177,209,-1,46,239,240,-1,37,204,177,-1,241,46,206,-1,181,37,196,-1,196,242,111,-1,177,243,244,-1,46,245,42,-1,104,242,196,-1,177,2,37,-1,246,247,196,-1,47,80,248,-1,47,246,196,-1,181,186,37,-1,151,249,112,-1,163,176,43,-1,3,157,155,-1,149,145,52,-1,146,132,4,-1,196,250,251,-1,128,130,160,-1,103,121,112,-1,121,103,114,-1,118,120,52,-1,252,47,192,-1,253,254,255,-1,52,256,158,-1,198,250,196,-1,130,257,159,-1,124,181,196,-1,124,257,130,-1,124,196,251,-1,258,124,251,-1,124,258,257,-1,256,52,183,-1,259,184,52,-1,260,52,261,-1,262,261,52,-1,111,197,196,-1,110,263,187,-1,196,247,264,-1,52,105,107,-1,109,111,242,-1,52,51,262,-1,59,99,96,-1,58,101,265,-1,266,47,248,-1,263,110,109,-1,245,46,203,-1,267,268,269,-1,109,270,263,-1,270,109,269,-1,267,269,109,-1,271,263,270,-1,271,270,272,-1,273,80,274,-1,254,275,276,-1,104,196,264,-1,112,122,106,-1,108,117,52,-1,102,90,116,-1,265,97,58,-1,276,277,254,-1,53,92,94,-1,60,59,278,-1,93,53,85,-1,61,279,56,-1,98,274,79,-1,280,59,62,-1,59,280,278,-1,99,47,113,-1,99,113,100,-1,281,80,273,-1,252,127,47,-1,281,248,80,-1,200,41,282,-1,254,253,275,-1,40,283,41,-1,47,266,246,-1,41,284,285,-1,41,35,284,-1,91,286,287,-1,35,41,37,-1,91,90,288,-1,289,104,264,-1,90,89,116,-1,290,104,289,-1,103,102,116,-1,104,290,102,-1,86,287,286,-1,291,275,253,-1,275,291,292,-1,276,88,277,-1,88,87,277,-1,86,286,87,-1,91,287,89,-1,89,287,293,-1,56,279,73,-1,71,69,56,-1,201,294,41,-1,80,79,274,-1,283,282,41,-1,53,55,295,-1,295,105,53,-1,52,139,112,-1,260,259,52,-1,82,84,53,-1,61,56,59,-1,81,56,77,-1,249,110,112,-1,187,112,110,-1,204,243,177,-1,46,241,202,-1,294,47,41,-1,191,47,294,-1,39,41,285,-1,244,178,177,-1,240,205,46,-1,46,177,214,-1,46,296,239,-1,6,30,26,-1,22,24,2,-1,27,297,6,-1,20,6,297,-1,238,298,46,-1,296,46,298,-1,299,300,301,-1,302,303,304,-1,305,306,307,-1,300,299,308,-1,299,305,307,-1,307,306,309,-1,308,299,307,-1,309,310,307,-1,301,311,312,-1,301,300,311,-1,313,314,312,-1,301,312,314,-1,315,316,314,-1,314,313,315,-1,317,318,316,-1,317,316,315,-1,319,318,320,-1,318,319,316,-1,321,319,322,-1,320,322,319,-1,323,321,324,-1,321,322,324,-1,323,324,325,-1,326,323,325,-1,323,326,327,-1,321,323,328,-1,329,328,323,-1,327,330,323,-1,328,329,331,-1,323,330,332,-1,333,331,329,-1,334,323,332,-1,334,335,323,-1,336,323,335,-1,337,338,323,-1,336,339,323,-1,323,339,340,-1,341,329,342,-1,343,337,340,-1,344,337,343,-1,345,342,329,-1,344,346,337,-1,347,345,329,-1,346,348,337,-1,329,349,347,-1,350,338,351,-1,348,352,337,-1,353,354,355,-1,356,357,358,-1,359,360,353,-1,361,362,303,-1,363,364,365,-1,366,367,357,-1,368,369,370,-1,357,371,372,-1,369,373,374,-1,369,375,376,-1,377,369,378,-1,379,380,369,-1,381,378,369,-1,381,369,382,-1,383,369,377,-1,380,382,369,-1,373,369,384,-1,369,383,385,-1,386,379,369,-1,385,384,369,-1,387,369,376,-1,375,369,374,-1,388,369,389,-1,387,389,369,-1,388,390,369,-1,386,369,368,-1,391,357,392,-1,363,369,390,-1,393,394,363,-1,392,357,395,-1,396,363,397,-1,398,357,399,-1,400,363,401,-1,396,402,363,-1,363,403,404,-1,405,363,406,-1,407,408,357,-1,403,363,405,-1,357,409,410,-1,357,411,412,-1,413,409,357,-1,411,357,410,-1,357,414,413,-1,415,414,357,-1,416,415,357,-1,363,417,416,-1,416,357,363,-1,417,363,404,-1,357,412,407,-1,357,408,371,-1,363,400,406,-1,372,399,357,-1,363,402,401,-1,363,394,397,-1,357,398,395,-1,363,365,418,-1,363,418,393,-1,391,419,357,-1,364,363,420,-1,357,419,366,-1,421,422,369,-1,369,423,421,-1,356,354,357,-1,424,423,369,-1,353,425,426,-1,427,338,428,-1,429,359,353,-1,430,353,426,-1,353,431,432,-1,360,433,353,-1,434,353,435,-1,436,303,437,-1,303,438,304,-1,439,440,441,-1,442,440,443,-1,440,444,445,-1,440,445,446,-1,447,448,440,-1,440,448,449,-1,440,450,451,-1,450,440,449,-1,444,440,451,-1,440,452,447,-1,453,440,454,-1,452,440,453,-1,440,446,441,-1,454,440,455,-1,440,439,456,-1,440,442,455,-1,443,440,457,-1,437,440,456,-1,303,436,438,-1,458,457,440,-1,440,434,459,-1,458,440,459,-1,460,303,302,-1,461,462,463,-1,460,464,303,-1,353,432,435,-1,303,362,465,-1,431,353,433,-1,303,465,466,-1,429,353,430,-1,353,355,425,-1,467,468,338,-1,353,434,440,-1,440,437,303,-1,351,338,427,-1,357,354,353,-1,424,369,337,-1,367,358,357,-1,337,469,424,-1,338,303,466,-1,470,337,471,-1,461,338,472,-1,473,471,337,-1,329,474,475,-1,349,329,475,-1,476,474,329,-1,463,323,461,-1,461,323,338,-1,477,476,329,-1,477,329,478,-1,463,479,480,-1,478,481,482,-1,483,463,484,-1,480,485,463,-1,486,487,481,-1,488,463,483,-1,489,490,463,-1,463,491,492,-1,463,493,494,-1,463,495,496,-1,497,481,498,-1,498,481,499,-1,481,497,500,-1,463,494,499,-1,493,463,496,-1,495,463,490,-1,501,481,500,-1,502,503,481,-1,501,502,481,-1,481,463,499,-1,489,463,492,-1,488,504,463,-1,504,491,463,-1,505,484,463,-1,481,487,506,-1,481,507,508,-1,481,509,507,-1,463,510,479,-1,508,482,481,-1,481,478,329,-1,510,463,462,-1,303,464,511,-1,303,511,361,-1,370,369,422,-1,363,390,420,-1,338,350,512,-1,470,469,337,-1,466,467,338,-1,338,468,428,-1,440,303,369,-1,337,352,473,-1,440,369,363,-1,513,329,341,-1,337,323,340,-1,472,338,512,-1,506,509,481,-1,485,505,463,-1,333,329,514,-1,513,515,329,-1,514,329,515,-1,503,516,481,-1,486,481,516,-1,517,518,519,-1,520,521,522,-1,517,519,523,-1,520,523,519,-1,524,519,525,-1,526,525,527,-1,525,528,527,-1,525,526,524,-1,520,519,524,-1,520,524,521,-1,529,530,531,-1,177,532,533,-1,534,535,536,-1,177,536,537,-1,536,177,534,-1,537,538,177,-1,538,532,177,-1,539,540,541,-1,539,541,542,-1,540,533,541,-1,543,539,542,-1,544,545,546,-1,547,548,549,-1,550,551,547,-1,550,547,549,-1,552,553,547,-1,552,547,551,-1,546,545,554,-1,544,547,553,-1,546,555,556,-1,546,556,557,-1,544,546,547,-1,546,554,555,-1,558,559,2,-1,546,560,547,-1,546,543,560,-1,561,533,540,-1,560,543,542,-1,561,177,533,-1,2,562,563,-1,563,562,564,-1,2,565,562,-1,558,2,561,-1,2,559,565,-1,2,177,561,-1,2,563,566,-1,2,566,6,-1,6,567,568,-1,566,569,570,-1,6,570,571,-1,570,6,566,-1,571,572,6,-1,572,567,6,-1,573,574,575,-1,573,575,576,-1,574,568,575,-1,577,573,576,-1,578,579,580,-1,581,582,583,-1,584,585,581,-1,584,581,583,-1,586,587,581,-1,586,581,585,-1,580,579,588,-1,578,581,587,-1,580,589,590,-1,580,590,591,-1,578,580,581,-1,580,588,589,-1,592,593,46,-1,580,594,581,-1,580,577,594,-1,595,568,574,-1,594,577,576,-1,595,6,568,-1,46,596,597,-1,597,596,598,-1,46,599,596,-1,592,46,595,-1,46,593,599,-1,46,6,595,-1,46,597,534,-1,46,534,177,-1,536,596,599,-1,593,537,599,-1,536,599,537,-1,538,537,593,-1,535,596,536,-1,598,535,534,-1,535,598,596,-1,598,534,597,-1,572,558,567,-1,558,572,559,-1,592,532,538,-1,592,538,593,-1,570,562,565,-1,559,571,565,-1,570,565,571,-1,572,571,559,-1,569,562,570,-1,564,569,566,-1,569,564,562,-1,564,566,563,-1,561,540,575,-1,561,568,558,-1,568,561,575,-1,558,568,567,-1,576,575,540,-1,539,594,576,-1,576,540,539,-1,539,543,594,-1,581,543,546,-1,543,581,594,-1,587,544,553,-1,544,586,545,-1,586,544,587,-1,554,545,585,-1,586,585,545,-1,584,555,554,-1,554,585,584,-1,555,583,556,-1,583,555,584,-1,557,556,582,-1,583,582,556,-1,581,546,557,-1,557,582,581,-1,587,553,578,-1,552,579,578,-1,578,553,552,-1,579,551,588,-1,551,579,552,-1,589,588,550,-1,551,550,588,-1,549,590,589,-1,589,550,549,-1,590,548,591,-1,548,590,549,-1,548,547,591,-1,591,547,580,-1,547,577,580,-1,577,547,560,-1,595,574,541,-1,595,533,592,-1,533,595,541,-1,592,533,532,-1,542,541,574,-1,573,560,542,-1,542,574,573,-1,573,577,560,-1,196,600,601,-1,602,603,604,-1,196,604,605,-1,604,196,602,-1,605,606,196,-1,606,600,196,-1,607,608,609,-1,607,609,610,-1,608,601,609,-1,611,607,610,-1,612,613,614,-1,615,616,617,-1,618,619,615,-1,618,615,617,-1,620,621,615,-1,620,615,619,-1,614,613,622,-1,612,615,621,-1,614,623,624,-1,614,624,625,-1,612,614,615,-1,614,622,623,-1,626,627,47,-1,614,628,615,-1,614,611,628,-1,629,601,608,-1,628,611,610,-1,629,196,601,-1,47,630,631,-1,631,630,632,-1,47,633,630,-1,626,47,629,-1,47,627,633,-1,47,196,629,-1,47,631,634,-1,47,634,41,-1,41,635,636,-1,634,637,638,-1,41,638,639,-1,638,41,634,-1,639,640,41,-1,640,635,41,-1,641,642,643,-1,641,643,644,-1,642,636,643,-1,645,641,644,-1,646,647,648,-1,649,650,651,-1,652,653,649,-1,652,649,651,-1,654,655,649,-1,654,649,653,-1,648,647,656,-1,646,649,655,-1,648,657,658,-1,648,658,659,-1,646,648,649,-1,648,656,657,-1,660,661,37,-1,648,662,649,-1,648,645,662,-1,663,636,642,-1,662,645,644,-1,663,41,636,-1,37,664,665,-1,665,664,666,-1,37,667,664,-1,660,37,663,-1,37,661,667,-1,37,41,663,-1,37,665,602,-1,37,602,196,-1,604,664,667,-1,661,605,667,-1,604,667,605,-1,606,605,661,-1,603,664,604,-1,666,603,602,-1,603,666,664,-1,666,602,665,-1,640,626,635,-1,626,640,627,-1,660,600,606,-1,660,606,661,-1,638,630,633,-1,627,639,633,-1,638,633,639,-1,640,639,627,-1,637,630,638,-1,632,637,634,-1,637,632,630,-1,632,634,631,-1,629,608,643,-1,629,636,626,-1,636,629,643,-1,626,636,635,-1,644,643,608,-1,607,662,644,-1,644,608,607,-1,607,611,662,-1,649,611,614,-1,611,649,662,-1,655,612,621,-1,612,654,613,-1,654,612,655,-1,622,613,653,-1,654,653,613,-1,652,623,622,-1,622,653,652,-1,623,651,624,-1,651,623,652,-1,625,624,650,-1,651,650,624,-1,649,614,625,-1,625,650,649,-1,655,621,646,-1,620,647,646,-1,646,621,620,-1,647,619,656,-1,619,647,620,-1,657,656,618,-1,619,618,656,-1,617,658,657,-1,657,618,617,-1,658,616,659,-1,616,658,617,-1,616,615,659,-1,659,615,648,-1,615,645,648,-1,645,615,628,-1,663,642,609,-1,663,601,660,-1,601,663,609,-1,660,601,600,-1,610,609,642,-1,641,628,610,-1,610,642,641,-1,641,645,628,-1,52,668,669,-1,670,671,672,-1,52,672,673,-1,672,52,670,-1,673,674,52,-1,674,668,52,-1,675,676,677,-1,675,677,678,-1,676,669,677,-1,679,675,678,-1,680,681,682,-1,683,684,685,-1,686,687,683,-1,686,683,685,-1,688,689,683,-1,688,683,687,-1,682,681,690,-1,680,683,689,-1,682,691,692,-1,682,692,693,-1,680,682,683,-1,682,690,691,-1,694,695,53,-1,682,696,683,-1,682,679,696,-1,697,669,676,-1,696,679,678,-1,697,52,669,-1,53,698,699,-1,699,698,700,-1,53,701,698,-1,694,53,697,-1,53,695,701,-1,53,52,697,-1,53,699,702,-1,53,702,56,-1,56,703,704,-1,702,705,706,-1,56,706,707,-1,706,56,702,-1,707,708,56,-1,708,703,56,-1,709,710,711,-1,709,711,712,-1,710,704,711,-1,713,709,712,-1,714,715,716,-1,717,718,719,-1,720,721,717,-1,720,717,719,-1,722,723,717,-1,722,717,721,-1,716,715,724,-1,714,717,723,-1,716,725,726,-1,716,726,727,-1,714,716,717,-1,716,724,725,-1,728,729,112,-1,716,730,717,-1,716,713,730,-1,731,704,710,-1,730,713,712,-1,731,56,704,-1,112,732,733,-1,733,732,734,-1,112,735,732,-1,728,112,731,-1,112,729,735,-1,112,56,731,-1,112,733,670,-1,112,670,52,-1,672,732,735,-1,729,673,735,-1,672,735,673,-1,674,673,729,-1,671,732,672,-1,734,671,670,-1,671,734,732,-1,734,670,733,-1,708,694,703,-1,694,708,695,-1,728,668,674,-1,728,674,729,-1,706,698,701,-1,695,707,701,-1,706,701,707,-1,708,707,695,-1,705,698,706,-1,700,705,702,-1,705,700,698,-1,700,702,699,-1,697,676,711,-1,697,704,694,-1,704,697,711,-1,694,704,703,-1,712,711,676,-1,675,730,712,-1,712,676,675,-1,675,679,730,-1,717,679,682,-1,679,717,730,-1,723,680,689,-1,680,722,681,-1,722,680,723,-1,690,681,721,-1,722,721,681,-1,720,691,690,-1,690,721,720,-1,691,719,692,-1,719,691,720,-1,693,692,718,-1,719,718,692,-1,717,682,693,-1,693,718,717,-1,723,689,714,-1,688,715,714,-1,714,689,688,-1,715,687,724,-1,687,715,688,-1,725,724,686,-1,687,686,724,-1,685,726,725,-1,725,686,685,-1,726,684,727,-1,684,726,685,-1,684,683,727,-1,727,683,716,-1,683,713,716,-1,713,683,696,-1,731,710,677,-1,731,669,728,-1,669,731,677,-1,728,669,668,-1,678,677,710,-1,709,696,678,-1,678,710,709,-1,709,713,696,-1,463,736,737,-1,738,739,740,-1,463,740,741,-1,740,463,738,-1,741,742,463,-1,742,736,463,-1,743,744,745,-1,743,745,746,-1,744,737,745,-1,747,743,746,-1,748,749,750,-1,751,752,753,-1,754,755,751,-1,754,751,753,-1,756,757,751,-1,756,751,755,-1,750,749,758,-1,748,751,757,-1,750,759,760,-1,750,760,761,-1,748,750,751,-1,750,758,759,-1,762,763,323,-1,750,764,751,-1,750,747,764,-1,765,737,744,-1,764,747,746,-1,765,463,737,-1,323,766,767,-1,767,766,768,-1,323,769,766,-1,762,323,765,-1,323,763,769,-1,323,463,765,-1,323,767,770,-1,323,770,329,-1,329,771,772,-1,770,773,774,-1,329,774,775,-1,774,329,770,-1,775,776,329,-1,776,771,329,-1,777,778,779,-1,777,779,780,-1,778,772,779,-1,781,777,780,-1,782,783,784,-1,785,786,787,-1,788,789,785,-1,788,785,787,-1,790,791,785,-1,790,785,789,-1,784,783,792,-1,782,785,791,-1,784,793,794,-1,784,794,795,-1,782,784,785,-1,784,792,793,-1,796,797,481,-1,784,798,785,-1,784,781,798,-1,799,772,778,-1,798,781,780,-1,799,329,772,-1,481,800,801,-1,801,800,802,-1,481,803,800,-1,796,481,799,-1,481,797,803,-1,481,329,799,-1,481,801,738,-1,481,738,463,-1,740,800,803,-1,797,741,803,-1,740,803,741,-1,742,741,797,-1,739,800,740,-1,802,739,738,-1,739,802,800,-1,802,738,801,-1,776,762,771,-1,762,776,763,-1,796,736,742,-1,796,742,797,-1,774,766,769,-1,763,775,769,-1,774,769,775,-1,776,775,763,-1,773,766,774,-1,768,773,770,-1,773,768,766,-1,768,770,767,-1,765,744,779,-1,765,772,762,-1,772,765,779,-1,762,772,771,-1,780,779,744,-1,743,798,780,-1,780,744,743,-1,743,747,798,-1,785,747,750,-1,747,785,798,-1,791,748,757,-1,748,790,749,-1,790,748,791,-1,758,749,789,-1,790,789,749,-1,788,759,758,-1,758,789,788,-1,759,787,760,-1,787,759,788,-1,761,760,786,-1,787,786,760,-1,785,750,761,-1,761,786,785,-1,791,757,782,-1,756,783,782,-1,782,757,756,-1,783,755,792,-1,755,783,756,-1,793,792,754,-1,755,754,792,-1,753,794,793,-1,793,754,753,-1,794,752,795,-1,752,794,753,-1,752,751,795,-1,795,751,784,-1,751,781,784,-1,781,751,764,-1,799,778,745,-1,799,737,796,-1,737,799,745,-1,796,737,736,-1,746,745,778,-1,777,764,746,-1,746,778,777,-1,777,781,764,-1,303,804,805,-1,806,807,808,-1,303,808,809,-1,808,303,806,-1,809,810,303,-1,810,804,303,-1,811,812,813,-1,811,813,814,-1,812,805,813,-1,815,811,814,-1,816,817,818,-1,819,820,821,-1,822,823,819,-1,822,819,821,-1,824,825,819,-1,824,819,823,-1,818,817,826,-1,816,819,825,-1,818,827,828,-1,818,828,829,-1,816,818,819,-1,818,826,827,-1,830,831,369,-1,818,832,819,-1,818,815,832,-1,833,805,812,-1,832,815,814,-1,833,303,805,-1,369,834,835,-1,835,834,836,-1,369,837,834,-1,830,369,833,-1,369,831,837,-1,369,303,833,-1,369,835,838,-1,369,838,337,-1,337,839,840,-1,838,841,842,-1,337,842,843,-1,842,337,838,-1,843,844,337,-1,844,839,337,-1,845,846,847,-1,845,847,848,-1,846,840,847,-1,849,845,848,-1,850,851,852,-1,853,854,855,-1,856,857,853,-1,856,853,855,-1,858,859,853,-1,858,853,857,-1,852,851,860,-1,850,853,859,-1,852,861,862,-1,852,862,863,-1,850,852,853,-1,852,860,861,-1,864,865,338,-1,852,866,853,-1,852,849,866,-1,867,840,846,-1,866,849,848,-1,867,337,840,-1,338,868,869,-1,869,868,870,-1,338,871,868,-1,864,338,867,-1,338,865,871,-1,338,337,867,-1,338,869,806,-1,338,806,303,-1,808,868,871,-1,865,809,871,-1,808,871,809,-1,810,809,865,-1,807,868,808,-1,870,807,806,-1,807,870,868,-1,870,806,869,-1,844,830,839,-1,830,844,831,-1,864,804,810,-1,864,810,865,-1,842,834,837,-1,831,843,837,-1,842,837,843,-1,844,843,831,-1,841,834,842,-1,836,841,838,-1,841,836,834,-1,836,838,835,-1,833,812,847,-1,833,840,830,-1,840,833,847,-1,830,840,839,-1,848,847,812,-1,811,866,848,-1,848,812,811,-1,811,815,866,-1,853,815,818,-1,815,853,866,-1,859,816,825,-1,816,858,817,-1,858,816,859,-1,826,817,857,-1,858,857,817,-1,856,827,826,-1,826,857,856,-1,827,855,828,-1,855,827,856,-1,829,828,854,-1,855,854,828,-1,853,818,829,-1,829,854,853,-1,859,825,850,-1,824,851,850,-1,850,825,824,-1,851,823,860,-1,823,851,824,-1,861,860,822,-1,823,822,860,-1,821,862,861,-1,861,822,821,-1,862,820,863,-1,820,862,821,-1,820,819,863,-1,863,819,852,-1,819,849,852,-1,849,819,832,-1,867,846,813,-1,867,805,864,-1,805,867,813,-1,864,805,804,-1,814,813,846,-1,845,832,814,-1,814,846,845,-1,845,849,832,-1,353,872,873,-1,874,875,876,-1,353,876,877,-1,876,353,874,-1,877,878,353,-1,878,872,353,-1,879,880,881,-1,879,881,882,-1,880,873,881,-1,883,879,882,-1,884,885,886,-1,887,888,889,-1,890,891,887,-1,890,887,889,-1,892,893,887,-1,892,887,891,-1,886,885,894,-1,884,887,893,-1,886,895,896,-1,886,896,897,-1,884,886,887,-1,886,894,895,-1,898,899,357,-1,886,900,887,-1,886,883,900,-1,901,873,880,-1,900,883,882,-1,901,353,873,-1,357,902,903,-1,903,902,904,-1,357,905,902,-1,898,357,901,-1,357,899,905,-1,357,353,901,-1,357,903,906,-1,357,906,363,-1,363,907,908,-1,906,909,910,-1,363,910,911,-1,910,363,906,-1,911,912,363,-1,912,907,363,-1,913,914,915,-1,913,915,916,-1,914,908,915,-1,917,913,916,-1,918,919,920,-1,921,922,923,-1,924,925,921,-1,924,921,923,-1,926,927,921,-1,926,921,925,-1,920,919,928,-1,918,921,927,-1,920,929,930,-1,920,930,931,-1,918,920,921,-1,920,928,929,-1,932,933,440,-1,920,934,921,-1,920,917,934,-1,935,908,914,-1,934,917,916,-1,935,363,908,-1,440,936,937,-1,937,936,938,-1,440,939,936,-1,932,440,935,-1,440,933,939,-1,440,363,935,-1,440,937,874,-1,440,874,353,-1,876,936,939,-1,933,877,939,-1,876,939,877,-1,878,877,933,-1,875,936,876,-1,938,875,874,-1,875,938,936,-1,938,874,937,-1,912,898,907,-1,898,912,899,-1,932,872,878,-1,932,878,933,-1,910,902,905,-1,899,911,905,-1,910,905,911,-1,912,911,899,-1,909,902,910,-1,904,909,906,-1,909,904,902,-1,904,906,903,-1,901,880,915,-1,901,908,898,-1,908,901,915,-1,898,908,907,-1,916,915,880,-1,879,934,916,-1,916,880,879,-1,879,883,934,-1,921,883,886,-1,883,921,934,-1,927,884,893,-1,884,926,885,-1,926,884,927,-1,894,885,925,-1,926,925,885,-1,924,895,894,-1,894,925,924,-1,895,923,896,-1,923,895,924,-1,897,896,922,-1,923,922,896,-1,921,886,897,-1,897,922,921,-1,927,893,918,-1,892,919,918,-1,918,893,892,-1,919,891,928,-1,891,919,892,-1,929,928,890,-1,891,890,928,-1,889,930,929,-1,929,890,889,-1,930,888,931,-1,888,930,889,-1,888,887,931,-1,931,887,920,-1,887,917,920,-1,917,887,900,-1,935,914,881,-1,935,873,932,-1,873,935,881,-1,932,873,872,-1,882,881,914,-1,913,900,882,-1,882,914,913,-1,913,917,900,-1,174,173,940,-1,941,173,45,-1,940,942,174,-1,943,944,44,-1,945,943,175,-1,44,944,45,-1,943,44,175,-1,940,946,947,-1,45,944,941,-1,940,173,941,-1,171,170,948,-1,170,166,949,-1,949,948,170,-1,950,949,166,-1,945,171,948,-1,950,167,951,-1,163,162,952,-1,952,162,953,-1,172,951,167,-1,176,954,172,-1,176,955,954,-1,956,957,951,-1,955,163,952,-1,163,955,176,-1,953,162,180,-1,172,954,951,-1,958,165,164,-1,167,950,166,-1,180,165,959,-1,958,182,960,-1,165,958,959,-1,182,161,960,-1,157,961,156,-1,961,962,156,-1,161,962,960,-1,962,161,156,-1,953,180,959,-1,164,182,958,-1,5,963,3,-1,3,964,157,-1,131,965,150,-1,966,967,964,-1,153,152,968,-1,969,152,134,-1,5,153,970,-1,963,5,970,-1,969,134,971,-1,969,968,152,-1,150,971,134,-1,153,968,970,-1,964,3,963,-1,971,150,965,-1,965,131,972,-1,131,133,972,-1,973,133,136,-1,256,183,974,-1,961,157,964,-1,136,975,973,-1,135,138,976,-1,135,976,975,-1,977,138,137,-1,975,136,135,-1,144,143,978,-1,144,979,137,-1,137,979,977,-1,144,978,979,-1,980,981,982,-1,976,138,977,-1,979,983,984,-1,141,985,986,-1,141,139,985,-1,987,985,139,-1,139,140,987,-1,988,987,140,-1,986,978,142,-1,140,145,988,-1,986,142,141,-1,989,145,149,-1,145,989,988,-1,989,149,990,-1,991,992,993,-1,154,158,994,-1,995,148,154,-1,996,997,998,-1,994,995,154,-1,158,999,994,-1,158,256,999,-1,990,149,148,-1,995,990,148,-1,1000,1001,1002,-1,1003,1004,992,-1,1005,1006,184,-1,1005,184,259,-1,1006,183,184,-1,1006,974,183,-1,1007,1008,1009,-1,974,999,256,-1,260,1010,259,-1,1011,1012,1013,-1,143,142,978,-1,1003,1014,1015,-1,972,133,973,-1,945,175,171,-1,1013,1004,1011,-1,1016,1017,1018,-1,993,992,1004,-1,261,1019,1009,-1,1007,1009,1019,-1,260,1009,1010,-1,1008,1020,1015,-1,262,1019,261,-1,168,174,942,-1,1021,168,942,-1,1021,169,168,-1,1021,1022,169,-1,169,1022,125,-1,125,1022,1023,-1,1023,1024,126,-1,1025,181,1024,-1,126,125,1023,-1,1025,1026,186,-1,1024,181,126,-1,185,1026,1027,-1,181,1025,186,-1,1028,188,1027,-1,185,186,1026,-1,1028,1029,189,-1,1027,188,185,-1,190,1029,1030,-1,188,1028,189,-1,1031,193,1030,-1,190,189,1029,-1,1031,1032,194,-1,1030,193,190,-1,195,1032,1033,-1,193,1031,194,-1,1034,199,1033,-1,195,194,1032,-1,1034,1035,204,-1,1033,199,195,-1,1035,243,204,-1,199,1034,204,-1,243,1036,244,-1,1036,243,1035,-1,1037,178,1036,-1,244,1036,178,-1,1037,1038,179,-1,179,178,1037,-1,209,1038,1039,-1,1038,209,179,-1,237,209,1039,-1,1040,237,1039,-1,1040,212,237,-1,1040,1041,212,-1,212,1041,210,-1,210,1041,1042,-1,211,210,1042,-1,1043,1044,1045,-1,1043,215,211,-1,211,1042,1043,-1,215,1046,218,-1,1046,215,1043,-1,216,218,1047,-1,1046,1047,218,-1,222,1048,1049,-1,216,1047,1048,-1,1050,221,1049,-1,222,216,1048,-1,1050,1051,219,-1,1049,221,222,-1,226,1051,1052,-1,221,1050,219,-1,1053,235,1052,-1,226,219,1051,-1,1054,1055,1056,-1,1052,235,226,-1,1053,227,224,-1,235,1053,224,-1,227,1055,234,-1,1055,227,1053,-1,1057,1058,230,-1,1055,1057,234,-1,231,1058,1059,-1,234,1057,230,-1,1060,1061,1062,-1,231,230,1058,-1,232,1059,1063,-1,1059,232,231,-1,233,232,1063,-1,1064,233,1063,-1,1064,229,233,-1,1064,1065,229,-1,1066,228,1065,-1,1067,1068,1069,-1,1066,1070,225,-1,1065,228,229,-1,1071,1072,1073,-1,228,1066,225,-1,1070,1074,223,-1,223,225,1070,-1,223,1074,220,-1,220,1074,1075,-1,217,220,1075,-1,1076,217,1075,-1,1076,213,217,-1,1076,1077,213,-1,213,1077,214,-1,1078,1079,1080,-1,236,214,1080,-1,1077,1080,214,-1,1081,207,236,-1,236,1080,1081,-1,207,1082,208,-1,1082,207,1081,-1,238,208,1083,-1,1082,1083,208,-1,296,298,1084,-1,238,1083,1084,-1,1085,1086,1087,-1,298,238,1084,-1,239,296,1088,-1,1084,1088,296,-1,240,1085,1089,-1,239,1088,1085,-1,1090,205,1089,-1,240,239,1085,-1,1090,1091,206,-1,1089,205,240,-1,1092,1093,1094,-1,205,1090,206,-1,1095,1096,1097,-1,241,206,1091,-1,1098,1099,1097,-1,1099,1098,1100,-1,1101,1102,1103,-1,1104,1105,1099,-1,1091,1094,241,-1,1106,1095,1092,-1,1094,1091,1092,-1,1094,202,241,-1,1107,203,1108,-1,245,203,1107,-1,245,1109,42,-1,261,1009,260,-1,1020,1008,1007,-1,1005,1110,1111,-1,1010,1005,259,-1,1010,1009,1112,-1,1006,1111,1000,-1,1110,1005,1010,-1,974,1000,1113,-1,1111,1006,1005,-1,999,1113,1114,-1,974,1006,1000,-1,994,1114,1115,-1,1113,999,974,-1,995,1115,1116,-1,1114,994,999,-1,990,1116,1117,-1,1115,995,994,-1,989,1117,1118,-1,1116,990,995,-1,1118,981,988,-1,1117,989,990,-1,987,981,1119,-1,1118,988,989,-1,985,1119,1120,-1,981,987,988,-1,986,1120,1121,-1,1119,985,987,-1,978,1121,983,-1,1120,986,985,-1,1122,977,984,-1,1121,978,986,-1,1123,1124,1125,-1,983,979,978,-1,976,1122,1124,-1,984,977,979,-1,975,1124,1126,-1,1122,976,977,-1,973,1126,1127,-1,1124,975,976,-1,972,1127,1128,-1,1126,973,975,-1,965,1128,1129,-1,1127,972,973,-1,971,1129,1130,-1,1128,965,972,-1,969,1130,1131,-1,1129,971,965,-1,968,1131,1132,-1,971,1130,969,-1,970,1132,1133,-1,969,1131,968,-1,963,1133,966,-1,1132,970,968,-1,1134,961,967,-1,1133,963,970,-1,1135,1136,1137,-1,966,964,963,-1,1134,1135,962,-1,967,961,964,-1,1135,1138,960,-1,1134,962,961,-1,1138,1139,958,-1,1135,960,962,-1,1139,1140,959,-1,1138,958,960,-1,1140,1141,953,-1,1139,959,958,-1,1141,1142,952,-1,1140,953,959,-1,1142,1143,955,-1,1141,952,953,-1,954,1143,956,-1,1142,955,952,-1,1144,950,957,-1,1143,954,955,-1,1145,1146,1147,-1,956,951,954,-1,1144,1145,949,-1,957,950,951,-1,1145,1148,948,-1,1144,949,950,-1,1148,1149,945,-1,1145,948,949,-1,1149,1150,943,-1,1148,945,948,-1,1150,1151,944,-1,1149,943,945,-1,1151,946,941,-1,1150,944,943,-1,1152,942,947,-1,1151,941,944,-1,1153,1154,1155,-1,946,940,941,-1,1021,1152,1154,-1,947,942,940,-1,1022,1154,1156,-1,1152,1021,942,-1,1023,1156,1157,-1,1154,1022,1021,-1,1024,1157,1158,-1,1156,1023,1022,-1,1025,1158,1159,-1,1157,1024,1023,-1,1026,1159,1160,-1,1158,1025,1024,-1,1027,1160,1161,-1,1159,1026,1025,-1,1028,1161,1162,-1,1160,1027,1026,-1,1029,1162,1163,-1,1161,1028,1027,-1,1030,1163,1164,-1,1162,1029,1028,-1,1031,1164,1165,-1,1163,1030,1029,-1,1032,1165,1166,-1,1164,1031,1030,-1,1033,1166,1167,-1,1165,1032,1031,-1,1034,1167,1168,-1,1166,1033,1032,-1,1168,1169,1035,-1,1167,1034,1033,-1,1169,1170,1036,-1,1168,1035,1034,-1,1170,1171,1037,-1,1169,1036,1035,-1,1171,1172,1038,-1,1170,1037,1036,-1,1172,1173,1039,-1,1037,1171,1038,-1,1040,1173,1174,-1,1038,1172,1039,-1,1041,1174,1175,-1,1039,1173,1040,-1,1042,1175,1044,-1,1174,1041,1040,-1,1176,1046,1045,-1,1175,1042,1041,-1,1177,1047,1176,-1,1044,1043,1042,-1,1178,1179,1180,-1,1045,1046,1043,-1,1048,1177,1178,-1,1176,1047,1046,-1,1049,1178,1181,-1,1177,1048,1047,-1,1050,1181,1182,-1,1178,1049,1048,-1,1051,1182,1183,-1,1181,1050,1049,-1,1052,1183,1184,-1,1182,1051,1050,-1,1053,1184,1056,-1,1052,1051,1183,-1,1185,1186,1187,-1,1184,1053,1052,-1,1054,1185,1057,-1,1056,1055,1053,-1,1058,1185,1188,-1,1054,1057,1055,-1,1059,1188,1189,-1,1058,1057,1185,-1,1063,1189,1190,-1,1188,1059,1058,-1,1064,1190,1191,-1,1189,1063,1059,-1,1065,1191,1192,-1,1064,1063,1190,-1,1066,1192,1193,-1,1191,1065,1064,-1,1070,1193,1194,-1,1066,1065,1192,-1,1074,1194,1072,-1,1193,1070,1066,-1,1075,1072,1195,-1,1194,1074,1070,-1,1076,1195,1196,-1,1072,1075,1074,-1,1077,1196,1078,-1,1076,1075,1195,-1,1197,1198,1199,-1,1196,1077,1076,-1,1079,1197,1081,-1,1078,1080,1077,-1,1197,1200,1082,-1,1079,1081,1080,-1,1200,1201,1083,-1,1197,1082,1081,-1,1084,1201,1202,-1,1200,1083,1082,-1,1088,1202,1086,-1,1201,1084,1083,-1,1203,1089,1087,-1,1202,1088,1084,-1,1095,1106,1204,-1,1086,1085,1088,-1,1090,1203,1106,-1,1087,1089,1085,-1,1091,1106,1092,-1,1089,1203,1090,-1,1094,1108,202,-1,1091,1090,1106,-1,1108,1205,1107,-1,245,1107,1109,-1,202,1108,203,-1,1108,1093,1205,-1,1206,1109,1107,-1,1008,1112,1009,-1,1207,1015,1020,-1,1110,1016,1208,-1,1112,1110,1010,-1,1017,1112,1008,-1,1111,1208,1001,-1,1016,1110,1112,-1,1209,1210,1211,-1,1208,1111,1110,-1,1113,1002,1212,-1,1001,1000,1111,-1,1114,1212,998,-1,1002,1113,1000,-1,998,997,1115,-1,1212,1114,1113,-1,1116,997,1213,-1,998,1115,1114,-1,1117,1213,1214,-1,1115,997,1116,-1,1118,1214,982,-1,1213,1117,1116,-1,1215,1216,980,-1,1214,1118,1117,-1,980,1216,1119,-1,982,981,1118,-1,1120,1216,1217,-1,980,1119,981,-1,1121,1217,1218,-1,1119,1216,1120,-1,983,1218,1219,-1,1120,1217,1121,-1,984,1219,1220,-1,1121,1218,983,-1,1122,1220,1125,-1,1219,984,983,-1,1221,1126,1123,-1,1220,1122,984,-1,1222,1223,1221,-1,1125,1124,1122,-1,1221,1223,1127,-1,1123,1126,1124,-1,1223,1224,1128,-1,1221,1127,1126,-1,1224,1225,1129,-1,1223,1128,1127,-1,1130,1225,1226,-1,1224,1129,1128,-1,1131,1226,1227,-1,1129,1225,1130,-1,1132,1227,1228,-1,1130,1226,1131,-1,1133,1228,1229,-1,1131,1227,1132,-1,966,1229,1230,-1,1132,1228,1133,-1,967,1230,1231,-1,1133,1229,966,-1,1134,1231,1136,-1,1230,967,966,-1,1232,1138,1137,-1,1231,1134,967,-1,1233,1139,1232,-1,1136,1135,1134,-1,1234,1235,1233,-1,1137,1138,1135,-1,1233,1235,1140,-1,1232,1139,1138,-1,1235,1236,1141,-1,1233,1140,1139,-1,1142,1236,1237,-1,1235,1141,1140,-1,1143,1237,1238,-1,1141,1236,1142,-1,956,1238,1239,-1,1142,1237,1143,-1,957,1239,1240,-1,1143,1238,956,-1,1144,1240,1146,-1,1239,957,956,-1,1241,1242,1147,-1,1240,1144,957,-1,1147,1242,1148,-1,1146,1145,1144,-1,1242,1243,1149,-1,1147,1148,1145,-1,1150,1243,1244,-1,1242,1149,1148,-1,1151,1244,1245,-1,1149,1243,1150,-1,946,1245,1246,-1,1150,1244,1151,-1,947,1246,1247,-1,1151,1245,946,-1,1152,1247,1155,-1,1246,947,946,-1,1248,1156,1153,-1,1247,1152,947,-1,1249,1157,1248,-1,1155,1154,1152,-1,1250,1158,1249,-1,1153,1156,1154,-1,1251,1252,1250,-1,1248,1157,1156,-1,1250,1252,1159,-1,1249,1158,1157,-1,1252,1253,1160,-1,1250,1159,1158,-1,1253,1254,1161,-1,1252,1160,1159,-1,1254,1255,1162,-1,1253,1161,1160,-1,1255,1256,1163,-1,1254,1162,1161,-1,1256,1257,1164,-1,1255,1163,1162,-1,1257,1258,1165,-1,1256,1164,1163,-1,1258,1259,1166,-1,1257,1165,1164,-1,1259,1260,1167,-1,1258,1166,1165,-1,1260,1261,1168,-1,1259,1167,1166,-1,1261,1262,1169,-1,1260,1168,1167,-1,1262,1263,1170,-1,1261,1169,1168,-1,1171,1263,1264,-1,1262,1170,1169,-1,1172,1264,1265,-1,1263,1171,1170,-1,1173,1265,1266,-1,1171,1264,1172,-1,1174,1266,1267,-1,1172,1265,1173,-1,1175,1267,1268,-1,1173,1266,1174,-1,1044,1268,1269,-1,1174,1267,1175,-1,1045,1269,1270,-1,1175,1268,1044,-1,1176,1270,1271,-1,1044,1269,1045,-1,1177,1271,1179,-1,1270,1176,1045,-1,1272,1181,1180,-1,1271,1177,1176,-1,1273,1274,1272,-1,1179,1178,1177,-1,1272,1274,1182,-1,1180,1181,1178,-1,1274,1275,1183,-1,1272,1182,1181,-1,1184,1275,1276,-1,1274,1183,1182,-1,1056,1276,1277,-1,1183,1275,1184,-1,1054,1277,1186,-1,1276,1056,1184,-1,1278,1279,1280,-1,1277,1054,1056,-1,1188,1187,1281,-1,1186,1185,1054,-1,1189,1281,1282,-1,1188,1185,1187,-1,1282,1283,1190,-1,1281,1189,1188,-1,1191,1283,1284,-1,1282,1190,1189,-1,1192,1284,1285,-1,1283,1191,1190,-1,1193,1285,1286,-1,1284,1192,1191,-1,1194,1286,1073,-1,1285,1193,1192,-1,1287,1288,1289,-1,1286,1194,1193,-1,1071,1290,1195,-1,1073,1072,1194,-1,1196,1290,1291,-1,1071,1195,1072,-1,1078,1291,1292,-1,1195,1290,1196,-1,1079,1292,1198,-1,1291,1078,1196,-1,1293,1294,1199,-1,1292,1079,1078,-1,1199,1294,1200,-1,1198,1197,1079,-1,1201,1294,1295,-1,1199,1200,1197,-1,1202,1295,1296,-1,1294,1201,1200,-1,1086,1296,1297,-1,1201,1295,1202,-1,1087,1297,1298,-1,1202,1296,1086,-1,1203,1298,1204,-1,1297,1087,1086,-1,1097,1299,1095,-1,1298,1203,1087,-1,1095,1299,1092,-1,1204,1106,1203,-1,1300,1205,1105,-1,1205,1206,1107,-1,1094,1093,1108,-1,1093,1299,1105,-1,1300,1206,1205,-1,1015,1017,1008,-1,1301,1003,1207,-1,1302,1303,1018,-1,1017,1016,1112,-1,1014,1018,1017,-1,1303,1208,1016,-1,1018,1303,1016,-1,1304,1001,1208,-1,1208,1303,1304,-1,1210,1002,1001,-1,1304,1210,1001,-1,1209,1212,1002,-1,1210,1209,1002,-1,1305,998,1212,-1,1209,1305,1212,-1,1306,1307,1308,-1,1305,996,998,-1,1309,1213,997,-1,996,1309,997,-1,1310,1214,1213,-1,1213,1309,1310,-1,1311,982,1214,-1,1214,1310,1311,-1,1312,980,982,-1,1311,1312,982,-1,1313,1314,1315,-1,1312,1215,980,-1,1316,1217,1216,-1,1215,1316,1216,-1,1317,1218,1217,-1,1217,1316,1317,-1,1318,1219,1218,-1,1218,1317,1318,-1,1319,1220,1219,-1,1219,1318,1319,-1,1320,1125,1220,-1,1220,1319,1320,-1,1321,1123,1125,-1,1125,1320,1321,-1,1322,1221,1123,-1,1321,1322,1123,-1,1223,1323,1224,-1,1322,1222,1221,-1,1224,1324,1225,-1,1222,1323,1223,-1,1226,1225,1325,-1,1323,1324,1224,-1,1326,1327,1328,-1,1324,1325,1225,-1,1329,1227,1226,-1,1226,1325,1329,-1,1330,1228,1227,-1,1227,1329,1330,-1,1331,1229,1228,-1,1228,1330,1331,-1,1332,1230,1229,-1,1229,1331,1332,-1,1333,1231,1230,-1,1230,1332,1333,-1,1334,1136,1231,-1,1231,1333,1334,-1,1335,1137,1136,-1,1136,1334,1335,-1,1336,1232,1137,-1,1137,1335,1336,-1,1337,1233,1232,-1,1336,1337,1232,-1,1235,1338,1236,-1,1337,1234,1233,-1,1339,1340,1341,-1,1234,1338,1235,-1,1342,1237,1236,-1,1236,1338,1342,-1,1343,1238,1237,-1,1237,1342,1343,-1,1344,1239,1238,-1,1238,1343,1344,-1,1345,1240,1239,-1,1239,1344,1345,-1,1346,1146,1240,-1,1240,1345,1346,-1,1347,1147,1146,-1,1346,1347,1146,-1,1242,1348,1243,-1,1347,1241,1147,-1,1349,1350,1351,-1,1241,1348,1242,-1,1352,1244,1243,-1,1348,1352,1243,-1,1353,1245,1244,-1,1244,1352,1353,-1,1354,1246,1245,-1,1245,1353,1354,-1,1355,1247,1246,-1,1246,1354,1355,-1,1356,1155,1247,-1,1247,1355,1356,-1,1357,1153,1155,-1,1155,1356,1357,-1,1358,1248,1153,-1,1153,1357,1358,-1,1359,1249,1248,-1,1248,1358,1359,-1,1360,1250,1249,-1,1359,1360,1249,-1,1252,1361,1253,-1,1360,1251,1250,-1,1253,1362,1254,-1,1251,1361,1252,-1,1254,1363,1255,-1,1361,1362,1253,-1,1255,1364,1256,-1,1362,1363,1254,-1,1256,1365,1257,-1,1363,1364,1255,-1,1257,1366,1258,-1,1364,1365,1256,-1,1258,1367,1259,-1,1365,1366,1257,-1,1259,1368,1260,-1,1366,1367,1258,-1,1260,1369,1261,-1,1367,1368,1259,-1,1261,1370,1262,-1,1368,1369,1260,-1,1262,1371,1263,-1,1369,1370,1261,-1,1263,1372,1264,-1,1370,1371,1262,-1,1265,1264,1373,-1,1371,1372,1263,-1,1374,1375,1376,-1,1372,1373,1264,-1,1377,1266,1265,-1,1265,1373,1377,-1,1378,1267,1266,-1,1266,1377,1378,-1,1379,1268,1267,-1,1267,1378,1379,-1,1380,1269,1268,-1,1268,1379,1380,-1,1381,1270,1269,-1,1269,1380,1381,-1,1382,1271,1270,-1,1270,1381,1382,-1,1383,1179,1271,-1,1271,1382,1383,-1,1384,1180,1179,-1,1179,1383,1384,-1,1385,1272,1180,-1,1384,1385,1180,-1,1274,1386,1275,-1,1385,1273,1272,-1,1387,1388,1386,-1,1273,1386,1274,-1,1388,1276,1275,-1,1275,1386,1388,-1,1389,1277,1276,-1,1276,1388,1389,-1,1390,1186,1277,-1,1277,1389,1390,-1,1391,1187,1186,-1,1390,1391,1186,-1,1392,1281,1187,-1,1391,1392,1187,-1,1393,1282,1281,-1,1392,1393,1281,-1,1394,1283,1282,-1,1393,1394,1282,-1,1395,1284,1283,-1,1283,1394,1395,-1,1069,1285,1284,-1,1395,1069,1284,-1,1068,1286,1285,-1,1285,1069,1068,-1,1396,1073,1286,-1,1286,1068,1396,-1,1397,1071,1073,-1,1396,1397,1073,-1,1398,1290,1071,-1,1397,1398,1071,-1,1399,1291,1290,-1,1290,1398,1399,-1,1400,1292,1291,-1,1291,1399,1400,-1,1401,1198,1292,-1,1292,1400,1401,-1,1402,1199,1198,-1,1401,1402,1198,-1,1403,1404,1405,-1,1402,1293,1199,-1,1406,1295,1294,-1,1293,1406,1294,-1,1407,1296,1295,-1,1295,1406,1407,-1,1408,1297,1296,-1,1296,1407,1408,-1,1409,1298,1297,-1,1297,1408,1409,-1,1410,1204,1298,-1,1298,1409,1410,-1,1096,1095,1204,-1,1410,1096,1204,-1,1105,1299,1099,-1,1093,1105,1205,-1,1092,1299,1093,-1,1299,1097,1099,-1,1300,1105,1104,-1,1207,1003,1015,-1,1004,1301,1011,-1,1018,1014,1411,-1,1015,1014,1017,-1,1014,992,1411,-1,1411,1412,1302,-1,1411,1302,1018,-1,1304,1303,1413,-1,1303,1302,1413,-1,1210,1304,1414,-1,1304,1413,1414,-1,1414,1415,1211,-1,1414,1211,1210,-1,1305,1209,1416,-1,1209,1211,1416,-1,996,1305,1417,-1,1305,1416,1417,-1,1309,996,1307,-1,1417,1307,996,-1,1310,1309,1306,-1,1309,1307,1306,-1,1311,1310,1418,-1,1310,1306,1418,-1,1312,1311,1419,-1,1311,1418,1419,-1,1215,1312,1420,-1,1312,1419,1420,-1,1316,1215,1314,-1,1420,1314,1215,-1,1317,1316,1313,-1,1316,1314,1313,-1,1318,1317,1421,-1,1317,1313,1421,-1,1319,1318,1422,-1,1318,1421,1422,-1,1320,1319,1423,-1,1319,1422,1423,-1,1321,1320,1424,-1,1320,1423,1424,-1,1322,1321,1425,-1,1321,1424,1425,-1,1222,1322,1426,-1,1322,1425,1426,-1,1323,1222,1427,-1,1222,1426,1427,-1,1324,1323,1428,-1,1323,1427,1428,-1,1325,1324,1429,-1,1324,1428,1429,-1,1327,1329,1325,-1,1325,1429,1327,-1,1330,1329,1326,-1,1329,1327,1326,-1,1331,1330,1430,-1,1330,1326,1430,-1,1332,1331,1431,-1,1331,1430,1431,-1,1333,1332,1432,-1,1332,1431,1432,-1,1334,1333,1433,-1,1333,1432,1433,-1,1335,1334,1434,-1,1334,1433,1434,-1,1336,1335,1435,-1,1335,1434,1435,-1,1337,1336,1436,-1,1336,1435,1436,-1,1234,1337,1437,-1,1337,1436,1437,-1,1338,1234,1438,-1,1234,1437,1438,-1,1340,1342,1338,-1,1438,1340,1338,-1,1343,1342,1339,-1,1342,1340,1339,-1,1344,1343,1439,-1,1343,1339,1439,-1,1345,1344,1440,-1,1344,1439,1440,-1,1346,1345,1441,-1,1345,1440,1441,-1,1347,1346,1442,-1,1346,1441,1442,-1,1241,1347,1443,-1,1347,1442,1443,-1,1348,1241,1444,-1,1241,1443,1444,-1,1352,1348,1350,-1,1444,1350,1348,-1,1353,1352,1349,-1,1352,1350,1349,-1,1354,1353,1445,-1,1353,1349,1445,-1,1355,1354,1446,-1,1354,1445,1446,-1,1356,1355,1447,-1,1355,1446,1447,-1,1357,1356,1448,-1,1356,1447,1448,-1,1358,1357,1449,-1,1357,1448,1449,-1,1359,1358,1450,-1,1358,1449,1450,-1,1360,1359,1451,-1,1359,1450,1451,-1,1251,1360,1452,-1,1360,1451,1452,-1,1361,1251,1453,-1,1251,1452,1453,-1,1362,1361,1454,-1,1361,1453,1454,-1,1363,1362,1455,-1,1362,1454,1455,-1,1364,1363,1456,-1,1363,1455,1456,-1,1365,1364,1457,-1,1364,1456,1457,-1,1366,1365,1458,-1,1365,1457,1458,-1,1367,1366,1459,-1,1366,1458,1459,-1,1368,1367,1460,-1,1367,1459,1460,-1,1369,1368,1461,-1,1368,1460,1461,-1,1370,1369,1462,-1,1369,1461,1462,-1,1371,1370,1463,-1,1370,1462,1463,-1,1372,1371,1464,-1,1371,1463,1464,-1,1373,1372,1465,-1,1372,1464,1465,-1,1375,1377,1373,-1,1465,1375,1373,-1,1378,1377,1374,-1,1377,1375,1374,-1,1379,1378,1466,-1,1378,1374,1466,-1,1380,1379,1467,-1,1379,1466,1467,-1,1381,1380,1468,-1,1380,1467,1468,-1,1382,1381,1469,-1,1381,1468,1469,-1,1383,1382,1470,-1,1382,1469,1470,-1,1384,1383,1471,-1,1383,1470,1471,-1,1385,1384,1472,-1,1384,1471,1472,-1,1273,1385,1473,-1,1385,1472,1473,-1,1386,1273,1474,-1,1273,1473,1474,-1,1387,1474,1475,-1,1386,1474,1387,-1,1389,1388,1476,-1,1388,1387,1476,-1,1390,1389,1477,-1,1389,1476,1477,-1,1391,1390,1478,-1,1390,1477,1478,-1,1392,1391,1280,-1,1478,1280,1391,-1,1393,1392,1279,-1,1392,1280,1279,-1,1394,1393,1060,-1,1279,1060,1393,-1,1395,1394,1062,-1,1394,1060,1062,-1,1069,1395,1479,-1,1395,1062,1479,-1,1067,1479,1480,-1,1479,1067,1069,-1,1396,1068,1481,-1,1068,1067,1481,-1,1397,1396,1482,-1,1396,1481,1482,-1,1398,1397,1289,-1,1482,1289,1397,-1,1399,1398,1288,-1,1398,1289,1288,-1,1400,1399,1483,-1,1399,1288,1483,-1,1401,1400,1484,-1,1400,1483,1484,-1,1402,1401,1485,-1,1401,1484,1485,-1,1293,1402,1486,-1,1402,1485,1486,-1,1406,1293,1403,-1,1486,1403,1293,-1,1407,1406,1405,-1,1406,1403,1405,-1,1408,1407,1487,-1,1407,1405,1487,-1,1409,1408,1488,-1,1408,1487,1488,-1,1410,1409,1489,-1,1409,1488,1489,-1,1096,1410,1490,-1,1410,1489,1490,-1,1097,1096,1491,-1,1096,1490,1491,-1,1101,1103,1098,-1,1098,1097,1491,-1,1104,1099,1100,-1,1004,1003,1301,-1,1013,993,1004,-1,991,1412,1411,-1,1003,992,1014,-1,991,1411,992,-1,1412,1492,1302,-1,1492,1493,1302,-1,1302,1493,1413,-1,1493,1494,1413,-1,1494,1415,1414,-1,1494,1414,1413,-1,1415,1495,1211,-1,1495,1496,1211,-1,1211,1496,1416,-1,1496,1497,1416,-1,1497,1498,1417,-1,1497,1417,1416,-1,1498,1499,1307,-1,1498,1307,1417,-1,1308,1307,1499,-1,1308,1500,1306,-1,1500,1501,1418,-1,1500,1418,1306,-1,1501,1502,1419,-1,1501,1419,1418,-1,1502,1503,1420,-1,1502,1420,1419,-1,1503,1504,1314,-1,1503,1314,1420,-1,1315,1314,1504,-1,1315,1505,1313,-1,1313,1505,1421,-1,1505,1506,1421,-1,1421,1506,1422,-1,1506,1507,1422,-1,1507,1508,1423,-1,1507,1423,1422,-1,1508,1509,1424,-1,1508,1424,1423,-1,1509,1510,1425,-1,1509,1425,1424,-1,1510,1511,1426,-1,1510,1426,1425,-1,1511,1512,1427,-1,1511,1427,1426,-1,1512,1513,1428,-1,1512,1428,1427,-1,1513,1514,1429,-1,1513,1429,1428,-1,1327,1514,1515,-1,1514,1327,1429,-1,1328,1327,1515,-1,1328,1516,1326,-1,1326,1516,1430,-1,1516,1517,1430,-1,1430,1517,1431,-1,1517,1518,1431,-1,1431,1518,1432,-1,1518,1519,1432,-1,1432,1519,1433,-1,1519,1520,1433,-1,1520,1521,1434,-1,1520,1434,1433,-1,1521,1522,1435,-1,1521,1435,1434,-1,1522,1523,1436,-1,1522,1436,1435,-1,1523,1524,1437,-1,1523,1437,1436,-1,1524,1525,1438,-1,1524,1438,1437,-1,1525,1526,1340,-1,1525,1340,1438,-1,1341,1340,1526,-1,1341,1527,1339,-1,1339,1527,1439,-1,1527,1528,1439,-1,1439,1528,1440,-1,1528,1529,1440,-1,1529,1530,1441,-1,1529,1441,1440,-1,1530,1531,1442,-1,1530,1442,1441,-1,1531,1532,1443,-1,1531,1443,1442,-1,1532,1533,1444,-1,1532,1444,1443,-1,1533,1534,1350,-1,1533,1350,1444,-1,1351,1350,1534,-1,1351,1535,1349,-1,1349,1535,1445,-1,1535,1536,1445,-1,1445,1536,1446,-1,1536,1537,1446,-1,1446,1537,1447,-1,1537,1538,1447,-1,1538,1539,1448,-1,1538,1448,1447,-1,1539,1540,1449,-1,1539,1449,1448,-1,1540,1541,1450,-1,1540,1450,1449,-1,1541,1542,1451,-1,1541,1451,1450,-1,1542,1543,1452,-1,1542,1452,1451,-1,1543,1544,1453,-1,1543,1453,1452,-1,1544,1545,1454,-1,1544,1454,1453,-1,1545,1546,1455,-1,1545,1455,1454,-1,1546,1547,1456,-1,1546,1456,1455,-1,1547,1548,1457,-1,1547,1457,1456,-1,1548,1549,1458,-1,1548,1458,1457,-1,1549,1550,1459,-1,1549,1459,1458,-1,1550,1551,1460,-1,1550,1460,1459,-1,1551,1552,1461,-1,1551,1461,1460,-1,1552,1553,1462,-1,1552,1462,1461,-1,1553,1554,1463,-1,1553,1463,1462,-1,1554,1555,1464,-1,1554,1464,1463,-1,1555,1556,1465,-1,1555,1465,1464,-1,1556,1557,1375,-1,1556,1375,1465,-1,1376,1375,1557,-1,1376,1558,1374,-1,1374,1558,1466,-1,1558,1559,1466,-1,1466,1559,1467,-1,1559,1560,1467,-1,1467,1560,1468,-1,1560,1561,1468,-1,1468,1561,1469,-1,1561,1562,1469,-1,1469,1562,1470,-1,1562,1563,1470,-1,1563,1564,1471,-1,1563,1471,1470,-1,1564,1565,1472,-1,1564,1472,1471,-1,1565,1566,1473,-1,1565,1473,1472,-1,1566,1475,1474,-1,1566,1474,1473,-1,1387,1475,1567,-1,1567,1568,1387,-1,1387,1568,1476,-1,1568,1569,1476,-1,1476,1569,1477,-1,1569,1570,1477,-1,1570,1571,1478,-1,1570,1478,1477,-1,1571,1572,1280,-1,1571,1280,1478,-1,1278,1280,1572,-1,1278,1573,1279,-1,1573,1574,1060,-1,1573,1060,1279,-1,1061,1060,1574,-1,1061,1575,1062,-1,1575,1480,1479,-1,1575,1479,1062,-1,1480,1576,1067,-1,1576,1577,1067,-1,1067,1577,1481,-1,1577,1578,1481,-1,1578,1579,1482,-1,1578,1482,1481,-1,1579,1580,1289,-1,1579,1289,1482,-1,1287,1289,1580,-1,1287,1581,1288,-1,1288,1581,1483,-1,1581,1582,1483,-1,1582,1583,1484,-1,1582,1484,1483,-1,1583,1584,1485,-1,1583,1485,1484,-1,1584,1585,1486,-1,1584,1486,1485,-1,1585,1586,1403,-1,1585,1403,1486,-1,1404,1403,1586,-1,1404,1587,1405,-1,1405,1587,1487,-1,1587,1588,1487,-1,1487,1588,1488,-1,1588,1589,1488,-1,1589,1590,1489,-1,1589,1489,1488,-1,1590,1591,1490,-1,1590,1490,1489,-1,1591,1592,1491,-1,1591,1491,1490,-1,1592,1101,1098,-1,1098,1491,1592,-1,1100,1098,1103,-1,1593,1594,191,-1,1595,1593,201,-1,1593,191,294,-1,1593,1596,1597,-1,200,1595,201,-1,200,1598,1595,-1,1599,282,283,-1,200,282,1598,-1,285,1600,39,-1,40,1601,283,-1,39,1600,1601,-1,1599,283,1601,-1,1598,282,1599,-1,40,39,1601,-1,284,1602,285,-1,294,201,1593,-1,284,35,1603,-1,1603,1602,284,-1,35,1604,1603,-1,33,1604,35,-1,21,19,1605,-1,33,31,1604,-1,1606,24,1607,-1,1606,25,24,-1,25,1606,1608,-1,1608,28,25,-1,1608,1609,28,-1,23,1610,1607,-1,24,22,1607,-1,23,21,1610,-1,21,1605,1610,-1,22,23,1607,-1,28,1609,31,-1,1604,31,1609,-1,12,10,1611,-1,19,17,1612,-1,16,1613,1614,-1,16,14,1613,-1,1614,1612,17,-1,1611,1613,14,-1,16,1614,17,-1,14,12,1611,-1,10,9,1615,-1,1615,1611,10,-1,1613,1616,1617,-1,8,7,1618,-1,1619,9,8,-1,1619,8,1618,-1,7,1620,1618,-1,1,1620,7,-1,1619,1615,9,-1,1621,1622,29,-1,1605,19,1612,-1,1623,1620,1624,-1,0,11,1625,-1,0,1626,1,-1,1627,1625,11,-1,1625,1626,0,-1,15,1628,1627,-1,1627,11,13,-1,15,18,1628,-1,1629,1630,1631,-1,1632,1628,18,-1,20,297,1633,-1,1633,1632,20,-1,13,15,1627,-1,20,1632,18,-1,1634,1635,26,-1,30,1622,1634,-1,26,1635,27,-1,1635,1636,27,-1,1636,297,27,-1,1637,1638,1639,-1,1640,1641,1642,-1,30,1634,26,-1,1621,29,32,-1,29,1622,30,-1,1643,1103,1102,-1,1636,1633,297,-1,1644,32,34,-1,36,1645,34,-1,1621,32,1644,-1,1626,1620,1,-1,1646,1647,1206,-1,1600,285,1602,-1,1648,1649,1650,-1,1651,1652,1653,-1,1654,1655,1656,-1,1643,1650,1103,-1,1654,1649,1655,-1,1647,1109,1206,-1,1646,1300,1656,-1,1206,1300,1646,-1,1650,1649,1654,-1,42,1109,38,-1,38,1109,1647,-1,1594,192,191,-1,1594,1657,192,-1,252,1657,1658,-1,1657,252,192,-1,1659,127,1658,-1,252,1658,127,-1,1659,123,127,-1,119,123,1660,-1,1659,1660,123,-1,1660,1661,48,-1,48,119,1660,-1,48,1661,49,-1,49,1661,1662,-1,113,49,1662,-1,1663,113,1662,-1,1663,100,113,-1,1663,1664,100,-1,100,1664,96,-1,96,1664,1665,-1,63,96,1665,-1,1666,63,1665,-1,1666,62,63,-1,1667,1668,1669,-1,280,1666,1667,-1,1666,280,62,-1,60,1670,1671,-1,280,1667,278,-1,1672,61,1671,-1,60,278,1670,-1,1672,1673,279,-1,1671,61,60,-1,1674,1675,1676,-1,61,1672,279,-1,1673,1676,73,-1,73,279,1673,-1,67,66,1676,-1,1676,66,73,-1,1677,72,67,-1,67,1676,1677,-1,72,1678,70,-1,1678,72,1677,-1,71,70,1679,-1,1678,1679,70,-1,1680,69,71,-1,71,1679,1680,-1,69,1681,68,-1,1681,69,1680,-1,75,68,1682,-1,1681,1682,68,-1,1682,74,75,-1,1682,1683,74,-1,76,1683,1684,-1,1683,76,74,-1,1685,77,1684,-1,76,1684,77,-1,1685,1686,81,-1,81,77,1685,-1,1686,64,81,-1,65,64,1687,-1,1686,1687,64,-1,1688,83,65,-1,65,1687,1688,-1,82,1688,1689,-1,1688,82,83,-1,84,82,1689,-1,1690,84,1689,-1,1690,85,84,-1,1690,1691,85,-1,93,1691,1692,-1,1691,93,85,-1,93,1692,92,-1,1693,94,92,-1,92,1692,1693,-1,94,1694,95,-1,1694,94,1693,-1,54,95,1695,-1,1694,1695,95,-1,1696,55,54,-1,54,1695,1696,-1,55,1697,295,-1,1697,55,1696,-1,1698,105,1697,-1,295,1697,105,-1,1698,107,105,-1,1698,1699,107,-1,107,1699,108,-1,108,1699,1700,-1,117,108,1700,-1,1701,117,1700,-1,1701,118,117,-1,1702,1703,1704,-1,1011,1301,1705,-1,1706,1707,1708,-1,1207,1709,1710,-1,1301,1710,1705,-1,1012,1011,1711,-1,1701,1703,118,-1,1704,1712,1708,-1,1704,1703,1701,-1,118,1703,120,-1,1713,1714,50,-1,1714,51,50,-1,262,51,1019,-1,36,1647,1645,-1,1647,36,38,-1,1644,1715,1716,-1,1645,1644,34,-1,1717,1645,1647,-1,1621,1716,1718,-1,1715,1644,1645,-1,1622,1718,1719,-1,1716,1621,1644,-1,1719,1720,1634,-1,1718,1622,1621,-1,1635,1720,1721,-1,1634,1622,1719,-1,1721,1722,1636,-1,1635,1634,1720,-1,1722,1723,1633,-1,1721,1636,1635,-1,1632,1723,1724,-1,1633,1636,1722,-1,1724,1629,1628,-1,1723,1632,1633,-1,1629,1725,1627,-1,1724,1628,1632,-1,1725,1726,1625,-1,1629,1627,1628,-1,1626,1726,1624,-1,1625,1627,1725,-1,1727,1728,1729,-1,1726,1626,1625,-1,1618,1623,1730,-1,1624,1620,1626,-1,1619,1730,1731,-1,1623,1618,1620,-1,1615,1731,1732,-1,1730,1619,1618,-1,1611,1732,1616,-1,1615,1619,1731,-1,1733,1734,1735,-1,1732,1611,1615,-1,1614,1617,1733,-1,1616,1613,1611,-1,1612,1733,1736,-1,1617,1614,1613,-1,1736,1737,1605,-1,1733,1612,1614,-1,1737,1738,1610,-1,1736,1605,1612,-1,1738,1739,1607,-1,1737,1610,1605,-1,1606,1739,1740,-1,1738,1607,1610,-1,1608,1740,1741,-1,1739,1606,1607,-1,1609,1741,1742,-1,1606,1740,1608,-1,1742,1743,1604,-1,1608,1741,1609,-1,1603,1743,1744,-1,1609,1742,1604,-1,1602,1744,1745,-1,1604,1743,1603,-1,1600,1745,1746,-1,1603,1744,1602,-1,1601,1746,1747,-1,1602,1745,1600,-1,1599,1747,1748,-1,1600,1746,1601,-1,1598,1748,1749,-1,1601,1747,1599,-1,1595,1749,1596,-1,1748,1598,1599,-1,1750,1594,1597,-1,1749,1595,1598,-1,1751,1752,1753,-1,1596,1593,1595,-1,1750,1751,1657,-1,1597,1594,1593,-1,1751,1754,1658,-1,1750,1657,1594,-1,1754,1755,1659,-1,1751,1658,1657,-1,1755,1756,1660,-1,1754,1659,1658,-1,1756,1757,1661,-1,1755,1660,1659,-1,1662,1757,1758,-1,1756,1661,1660,-1,1663,1758,1759,-1,1661,1757,1662,-1,1664,1759,1760,-1,1662,1758,1663,-1,1665,1760,1761,-1,1663,1759,1664,-1,1666,1761,1668,-1,1760,1665,1664,-1,1667,1670,278,-1,1665,1761,1666,-1,1670,1669,1762,-1,1666,1668,1667,-1,1671,1762,1763,-1,1667,1669,1670,-1,1672,1763,1764,-1,1670,1762,1671,-1,1673,1764,1674,-1,1763,1672,1671,-1,1677,1675,1765,-1,1764,1673,1672,-1,1766,1678,1765,-1,1674,1676,1673,-1,1767,1679,1766,-1,1675,1677,1676,-1,1768,1680,1767,-1,1765,1678,1677,-1,1769,1681,1768,-1,1766,1679,1678,-1,1770,1682,1769,-1,1767,1680,1679,-1,1771,1683,1770,-1,1768,1681,1680,-1,1772,1684,1771,-1,1769,1682,1681,-1,1773,1685,1772,-1,1770,1683,1682,-1,1774,1686,1773,-1,1771,1684,1683,-1,1775,1687,1774,-1,1772,1685,1684,-1,1776,1688,1775,-1,1773,1686,1685,-1,1777,1689,1776,-1,1774,1687,1686,-1,1778,1690,1777,-1,1775,1688,1687,-1,1778,1779,1691,-1,1776,1689,1688,-1,1780,1692,1779,-1,1777,1690,1689,-1,1781,1782,1783,-1,1778,1691,1690,-1,1780,1781,1693,-1,1779,1692,1691,-1,1781,1784,1694,-1,1780,1693,1692,-1,1784,1785,1695,-1,1781,1694,1693,-1,1785,1786,1696,-1,1784,1695,1694,-1,1786,1787,1697,-1,1785,1696,1695,-1,1787,1788,1698,-1,1786,1697,1696,-1,1699,1788,1789,-1,1787,1698,1697,-1,1700,1789,1712,-1,1788,1699,1698,-1,1701,1712,1704,-1,1699,1789,1700,-1,1703,1713,120,-1,1701,1700,1712,-1,1713,1790,1714,-1,51,1714,1019,-1,120,1713,50,-1,1713,1702,1790,-1,1007,1019,1714,-1,1646,1717,1647,-1,1104,1656,1300,-1,1651,1653,1715,-1,1717,1715,1645,-1,1791,1717,1646,-1,1716,1653,1792,-1,1651,1715,1717,-1,1718,1792,1793,-1,1715,1653,1716,-1,1719,1793,1794,-1,1792,1718,1716,-1,1794,1795,1720,-1,1793,1719,1718,-1,1721,1795,1637,-1,1720,1719,1794,-1,1637,1639,1722,-1,1795,1721,1720,-1,1723,1639,1796,-1,1637,1722,1721,-1,1724,1796,1630,-1,1639,1723,1722,-1,1797,1798,1799,-1,1796,1724,1723,-1,1631,1800,1725,-1,1630,1629,1724,-1,1726,1800,1801,-1,1631,1725,1629,-1,1624,1801,1802,-1,1725,1800,1726,-1,1623,1802,1728,-1,1801,1624,1726,-1,1728,1727,1730,-1,1802,1623,1624,-1,1727,1803,1731,-1,1728,1730,1623,-1,1732,1803,1804,-1,1727,1731,1730,-1,1616,1804,1805,-1,1731,1803,1732,-1,1617,1805,1734,-1,1804,1616,1732,-1,1806,1736,1735,-1,1805,1617,1616,-1,1807,1808,1806,-1,1734,1733,1617,-1,1806,1808,1737,-1,1735,1736,1733,-1,1808,1809,1738,-1,1806,1737,1736,-1,1809,1810,1739,-1,1808,1738,1737,-1,1740,1810,1811,-1,1809,1739,1738,-1,1741,1811,1812,-1,1810,1740,1739,-1,1742,1812,1813,-1,1740,1811,1741,-1,1743,1813,1814,-1,1741,1812,1742,-1,1744,1814,1815,-1,1742,1813,1743,-1,1745,1815,1816,-1,1743,1814,1744,-1,1746,1816,1817,-1,1744,1815,1745,-1,1747,1817,1818,-1,1745,1816,1746,-1,1748,1818,1819,-1,1746,1817,1747,-1,1749,1819,1820,-1,1747,1818,1748,-1,1596,1820,1821,-1,1748,1819,1749,-1,1597,1821,1822,-1,1749,1820,1596,-1,1750,1822,1752,-1,1821,1597,1596,-1,1823,1754,1753,-1,1822,1750,1597,-1,1824,1825,1823,-1,1752,1751,1750,-1,1823,1825,1755,-1,1753,1754,1751,-1,1825,1826,1756,-1,1823,1755,1754,-1,1757,1826,1827,-1,1825,1756,1755,-1,1758,1827,1828,-1,1756,1826,1757,-1,1759,1828,1829,-1,1757,1827,1758,-1,1760,1829,1830,-1,1758,1828,1759,-1,1761,1830,1831,-1,1759,1829,1760,-1,1668,1831,1832,-1,1760,1830,1761,-1,1669,1832,1833,-1,1761,1831,1668,-1,1762,1833,1834,-1,1668,1832,1669,-1,1763,1834,1835,-1,1669,1833,1762,-1,1764,1835,1836,-1,1762,1834,1763,-1,1674,1836,1837,-1,1763,1835,1764,-1,1675,1837,1838,-1,1764,1836,1674,-1,1765,1838,1839,-1,1674,1837,1675,-1,1766,1839,1840,-1,1675,1838,1765,-1,1767,1840,1841,-1,1765,1839,1766,-1,1768,1841,1842,-1,1766,1840,1767,-1,1769,1842,1843,-1,1767,1841,1768,-1,1770,1843,1844,-1,1768,1842,1769,-1,1771,1844,1845,-1,1769,1843,1770,-1,1772,1845,1846,-1,1770,1844,1771,-1,1773,1846,1847,-1,1771,1845,1772,-1,1774,1847,1848,-1,1772,1846,1773,-1,1775,1848,1849,-1,1773,1847,1774,-1,1776,1849,1850,-1,1774,1848,1775,-1,1777,1850,1851,-1,1775,1849,1776,-1,1778,1851,1852,-1,1776,1850,1777,-1,1779,1852,1853,-1,1777,1851,1778,-1,1780,1853,1782,-1,1852,1779,1778,-1,1854,1784,1783,-1,1853,1780,1779,-1,1855,1785,1854,-1,1782,1781,1780,-1,1856,1857,1855,-1,1783,1784,1781,-1,1855,1857,1786,-1,1854,1785,1784,-1,1857,1858,1787,-1,1855,1786,1785,-1,1858,1859,1788,-1,1857,1787,1786,-1,1859,1860,1789,-1,1858,1788,1787,-1,1860,1708,1712,-1,1859,1789,1788,-1,1708,1861,1704,-1,1712,1789,1860,-1,1020,1790,1709,-1,1790,1007,1714,-1,1703,1702,1713,-1,1702,1861,1709,-1,1020,1007,1790,-1,1656,1791,1646,-1,1100,1654,1104,-1,1862,1651,1791,-1,1791,1651,1717,-1,1655,1862,1791,-1,1863,1864,1652,-1,1862,1652,1651,-1,1864,1792,1653,-1,1652,1864,1653,-1,1865,1793,1792,-1,1792,1864,1865,-1,1866,1794,1793,-1,1865,1866,1793,-1,1867,1795,1794,-1,1866,1867,1794,-1,1868,1637,1795,-1,1867,1868,1795,-1,1869,1870,1638,-1,1868,1638,1637,-1,1870,1796,1639,-1,1639,1638,1870,-1,1871,1630,1796,-1,1796,1870,1871,-1,1872,1631,1630,-1,1871,1872,1630,-1,1873,1800,1631,-1,1872,1873,1631,-1,1874,1801,1800,-1,1800,1873,1874,-1,1875,1802,1801,-1,1801,1874,1875,-1,1876,1728,1802,-1,1875,1876,1802,-1,1877,1878,1879,-1,1876,1729,1728,-1,1880,1803,1727,-1,1729,1880,1727,-1,1881,1804,1803,-1,1803,1880,1881,-1,1882,1805,1804,-1,1804,1881,1882,-1,1883,1734,1805,-1,1805,1882,1883,-1,1884,1735,1734,-1,1734,1883,1884,-1,1885,1806,1735,-1,1884,1885,1735,-1,1808,1886,1809,-1,1885,1807,1806,-1,1809,1887,1810,-1,1807,1886,1808,-1,1810,1888,1811,-1,1886,1887,1809,-1,1812,1811,1889,-1,1887,1888,1810,-1,1813,1812,1890,-1,1888,1889,1811,-1,1814,1813,1891,-1,1812,1889,1890,-1,1815,1814,1892,-1,1813,1890,1891,-1,1893,1894,1895,-1,1814,1891,1892,-1,1894,1816,1815,-1,1815,1892,1894,-1,1893,1817,1816,-1,1816,1894,1893,-1,1896,1818,1817,-1,1817,1893,1896,-1,1897,1819,1818,-1,1818,1896,1897,-1,1898,1820,1819,-1,1819,1897,1898,-1,1899,1821,1820,-1,1820,1898,1899,-1,1900,1822,1821,-1,1821,1899,1900,-1,1901,1752,1822,-1,1822,1900,1901,-1,1902,1753,1752,-1,1752,1901,1902,-1,1903,1823,1753,-1,1902,1903,1753,-1,1825,1904,1826,-1,1903,1824,1823,-1,1905,1906,1907,-1,1824,1904,1825,-1,1908,1827,1826,-1,1904,1908,1826,-1,1909,1828,1827,-1,1827,1908,1909,-1,1910,1829,1828,-1,1828,1909,1910,-1,1911,1830,1829,-1,1829,1910,1911,-1,1912,1831,1830,-1,1830,1911,1912,-1,1913,1832,1831,-1,1831,1912,1913,-1,1914,1833,1832,-1,1832,1913,1914,-1,1915,1834,1833,-1,1833,1914,1915,-1,1916,1835,1834,-1,1834,1915,1916,-1,1917,1836,1835,-1,1835,1916,1917,-1,1918,1837,1836,-1,1836,1917,1918,-1,1919,1838,1837,-1,1837,1918,1919,-1,1920,1839,1838,-1,1838,1919,1920,-1,1921,1840,1839,-1,1839,1920,1921,-1,1922,1841,1840,-1,1840,1921,1922,-1,1923,1842,1841,-1,1841,1922,1923,-1,1924,1843,1842,-1,1842,1923,1924,-1,1925,1844,1843,-1,1843,1924,1925,-1,1926,1845,1844,-1,1844,1925,1926,-1,1927,1846,1845,-1,1845,1926,1927,-1,1928,1847,1846,-1,1846,1927,1928,-1,1929,1848,1847,-1,1847,1928,1929,-1,1930,1849,1848,-1,1848,1929,1930,-1,1931,1850,1849,-1,1849,1930,1931,-1,1932,1851,1850,-1,1850,1931,1932,-1,1933,1852,1851,-1,1851,1932,1933,-1,1934,1853,1852,-1,1852,1933,1934,-1,1935,1782,1853,-1,1853,1934,1935,-1,1936,1783,1782,-1,1782,1935,1936,-1,1937,1854,1783,-1,1783,1936,1937,-1,1938,1855,1854,-1,1937,1938,1854,-1,1857,1939,1858,-1,1938,1856,1855,-1,1858,1940,1859,-1,1856,1939,1857,-1,1859,1941,1860,-1,1939,1940,1858,-1,1860,1706,1708,-1,1940,1941,1859,-1,1705,1710,1707,-1,1941,1706,1860,-1,1707,1861,1708,-1,1702,1709,1790,-1,1704,1861,1702,-1,1861,1707,1710,-1,1020,1709,1207,-1,1104,1654,1656,-1,1650,1100,1103,-1,1862,1655,1942,-1,1656,1655,1791,-1,1655,1649,1942,-1,1652,1862,1943,-1,1862,1942,1943,-1,1943,1944,1863,-1,1943,1863,1652,-1,1865,1864,1945,-1,1864,1863,1945,-1,1866,1865,1946,-1,1865,1945,1946,-1,1867,1866,1642,-1,1946,1642,1866,-1,1868,1867,1641,-1,1867,1642,1641,-1,1638,1868,1947,-1,1868,1641,1947,-1,1869,1947,1948,-1,1638,1947,1869,-1,1871,1870,1949,-1,1870,1869,1949,-1,1872,1871,1950,-1,1871,1949,1950,-1,1873,1872,1799,-1,1950,1799,1872,-1,1874,1873,1798,-1,1873,1799,1798,-1,1875,1874,1951,-1,1874,1798,1951,-1,1876,1875,1952,-1,1875,1951,1952,-1,1729,1876,1953,-1,1876,1952,1953,-1,1880,1729,1877,-1,1953,1877,1729,-1,1881,1880,1879,-1,1880,1877,1879,-1,1882,1881,1954,-1,1881,1879,1954,-1,1883,1882,1955,-1,1882,1954,1955,-1,1884,1883,1956,-1,1883,1955,1956,-1,1885,1884,1957,-1,1884,1956,1957,-1,1807,1885,1958,-1,1885,1957,1958,-1,1886,1807,1959,-1,1807,1958,1959,-1,1887,1886,1960,-1,1886,1959,1960,-1,1888,1887,1961,-1,1887,1960,1961,-1,1889,1888,1962,-1,1888,1961,1962,-1,1963,1890,1889,-1,1889,1962,1963,-1,1964,1891,1890,-1,1890,1963,1964,-1,1965,1892,1891,-1,1891,1964,1965,-1,1966,1894,1892,-1,1965,1966,1892,-1,1895,1967,1968,-1,1894,1966,1895,-1,1896,1893,1968,-1,1893,1895,1968,-1,1897,1896,1969,-1,1896,1968,1969,-1,1898,1897,1970,-1,1897,1969,1970,-1,1899,1898,1971,-1,1898,1970,1971,-1,1900,1899,1972,-1,1899,1971,1972,-1,1901,1900,1973,-1,1900,1972,1973,-1,1902,1901,1974,-1,1901,1973,1974,-1,1903,1902,1975,-1,1902,1974,1975,-1,1824,1903,1976,-1,1903,1975,1976,-1,1904,1824,1977,-1,1824,1976,1977,-1,1908,1904,1906,-1,1977,1906,1904,-1,1909,1908,1905,-1,1908,1906,1905,-1,1910,1909,1978,-1,1909,1905,1978,-1,1911,1910,1979,-1,1910,1978,1979,-1,1912,1911,1980,-1,1911,1979,1980,-1,1913,1912,1981,-1,1912,1980,1981,-1,1914,1913,1982,-1,1913,1981,1982,-1,1915,1914,1983,-1,1914,1982,1983,-1,1916,1915,1984,-1,1915,1983,1984,-1,1917,1916,1985,-1,1916,1984,1985,-1,1918,1917,1986,-1,1917,1985,1986,-1,1919,1918,1987,-1,1918,1986,1987,-1,1920,1919,1988,-1,1919,1987,1988,-1,1921,1920,1989,-1,1920,1988,1989,-1,1922,1921,1990,-1,1921,1989,1990,-1,1923,1922,1991,-1,1922,1990,1991,-1,1924,1923,1992,-1,1923,1991,1992,-1,1925,1924,1993,-1,1924,1992,1993,-1,1926,1925,1994,-1,1925,1993,1994,-1,1927,1926,1995,-1,1926,1994,1995,-1,1928,1927,1996,-1,1927,1995,1996,-1,1929,1928,1997,-1,1928,1996,1997,-1,1930,1929,1998,-1,1929,1997,1998,-1,1931,1930,1999,-1,1930,1998,1999,-1,1932,1931,2000,-1,1931,1999,2000,-1,1933,1932,2001,-1,1932,2000,2001,-1,1934,1933,2002,-1,1933,2001,2002,-1,1935,1934,2003,-1,1934,2002,2003,-1,1936,1935,2004,-1,1935,2003,2004,-1,1937,1936,2005,-1,1936,2004,2005,-1,1938,1937,2006,-1,1937,2005,2006,-1,1856,1938,2007,-1,1938,2006,2007,-1,1939,1856,2008,-1,1856,2007,2008,-1,1940,1939,2009,-1,1939,2008,2009,-1,1941,1940,2010,-1,1940,2009,2010,-1,1706,1941,2011,-1,1941,2010,2011,-1,1707,1706,2012,-1,2011,2012,1706,-1,1861,1710,1709,-1,1705,1707,2012,-1,1207,1710,1301,-1,1650,1654,1100,-1,1643,1648,1650,-1,1648,2013,1649,-1,2013,2014,1942,-1,2013,1942,1649,-1,2014,1944,1943,-1,2014,1943,1942,-1,1944,2015,1863,-1,2015,2016,1863,-1,1863,2016,1945,-1,2016,2017,1945,-1,2017,2018,1946,-1,2017,1946,1945,-1,2018,2019,1642,-1,2018,1642,1946,-1,1640,1642,2019,-1,1640,2020,1641,-1,2020,1948,1947,-1,2020,1947,1641,-1,1869,1948,2021,-1,2021,2022,1869,-1,1869,2022,1949,-1,2022,2023,1949,-1,2023,2024,1950,-1,2023,1950,1949,-1,2024,2025,1799,-1,2024,1799,1950,-1,1797,1799,2025,-1,1797,2026,1798,-1,1798,2026,1951,-1,2026,2027,1951,-1,2027,2028,1952,-1,2027,1952,1951,-1,2028,2029,1953,-1,2028,1953,1952,-1,2029,2030,1877,-1,2029,1877,1953,-1,1878,1877,2030,-1,1878,2031,1879,-1,1879,2031,1954,-1,2031,2032,1954,-1,1954,2032,1955,-1,2032,2033,1955,-1,2033,2034,1956,-1,2033,1956,1955,-1,2034,2035,1957,-1,2034,1957,1956,-1,2035,2036,1958,-1,2035,1958,1957,-1,2036,2037,1959,-1,2036,1959,1958,-1,2037,2038,1960,-1,2037,1960,1959,-1,2038,2039,1961,-1,2038,1961,1960,-1,2039,2040,1962,-1,2039,1962,1961,-1,2040,2041,1963,-1,2040,1963,1962,-1,2041,2042,1964,-1,2041,1964,1963,-1,2042,2043,1965,-1,2042,1965,1964,-1,2043,2044,1966,-1,2043,1966,1965,-1,1895,2044,2045,-1,2044,1895,1966,-1,1967,1895,2045,-1,1967,2046,1968,-1,1968,2046,1969,-1,2046,2047,1969,-1,1969,2047,1970,-1,2047,2048,1970,-1,1970,2048,1971,-1,2048,2049,1971,-1,1971,2049,1972,-1,2049,2050,1972,-1,1972,2050,1973,-1,2050,2051,1973,-1,2051,2052,1974,-1,2051,1974,1973,-1,2052,2053,1975,-1,2052,1975,1974,-1,2053,2054,1976,-1,2053,1976,1975,-1,2054,2055,1977,-1,2054,1977,1976,-1,2055,2056,1906,-1,2055,1906,1977,-1,1907,1906,2056,-1,1907,2057,1905,-1,1905,2057,1978,-1,2057,2058,1978,-1,1978,2058,1979,-1,2058,2059,1979,-1,1979,2059,1980,-1,2059,2060,1980,-1,1980,2060,1981,-1,2060,2061,1981,-1,1981,2061,1982,-1,2061,2062,1982,-1,1982,2062,1983,-1,2062,2063,1983,-1,1983,2063,1984,-1,2063,2064,1984,-1,1984,2064,1985,-1,2064,2065,1985,-1,1985,2065,1986,-1,2065,2066,1986,-1,1986,2066,1987,-1,2066,2067,1987,-1,1987,2067,1988,-1,2067,2068,1988,-1,1988,2068,1989,-1,2068,2069,1989,-1,1989,2069,1990,-1,2069,2070,1990,-1,1990,2070,1991,-1,2070,2071,1991,-1,1991,2071,1992,-1,2071,2072,1992,-1,1992,2072,1993,-1,2072,2073,1993,-1,1993,2073,1994,-1,2073,2074,1994,-1,1994,2074,1995,-1,2074,2075,1995,-1,1995,2075,1996,-1,2075,2076,1996,-1,1996,2076,1997,-1,2076,2077,1997,-1,1997,2077,1998,-1,2077,2078,1998,-1,1998,2078,1999,-1,2078,2079,1999,-1,1999,2079,2000,-1,2079,2080,2000,-1,2000,2080,2001,-1,2080,2081,2001,-1,2001,2081,2002,-1,2081,2082,2002,-1,2082,2083,2003,-1,2082,2003,2002,-1,2083,2084,2004,-1,2083,2004,2003,-1,2084,2085,2005,-1,2084,2005,2004,-1,2085,2086,2006,-1,2085,2006,2005,-1,2086,2087,2007,-1,2086,2007,2006,-1,2087,2088,2008,-1,2087,2008,2007,-1,2088,2089,2009,-1,2088,2009,2008,-1,2089,2090,2010,-1,2089,2010,2009,-1,2090,2091,2011,-1,2090,2011,2010,-1,2091,2092,2012,-1,2091,2012,2011,-1,2092,1711,1705,-1,2092,1705,2012,-1,1011,1705,1711,-1,460,2093,2094,-1,438,2095,2096,-1,2093,302,2097,-1,436,2095,438,-1,2097,304,2096,-1,2098,2095,436,-1,2096,304,438,-1,456,439,2099,-1,2098,437,2099,-1,2098,436,437,-1,456,2099,437,-1,441,2100,439,-1,302,304,2097,-1,2101,441,446,-1,2100,441,2101,-1,446,445,2102,-1,2102,2101,446,-1,2103,444,451,-1,444,2103,2104,-1,2103,451,2105,-1,2104,2102,445,-1,450,449,2105,-1,2104,445,444,-1,2105,449,2106,-1,2106,448,2107,-1,449,448,2106,-1,2107,447,2108,-1,2105,451,450,-1,2109,2108,452,-1,452,453,2109,-1,2107,448,447,-1,447,452,2108,-1,454,2110,2111,-1,457,2112,443,-1,455,2110,454,-1,453,2111,2109,-1,443,2112,2113,-1,442,2113,2110,-1,455,442,2110,-1,443,2113,442,-1,459,2114,2115,-1,2116,2113,2117,-1,2115,458,459,-1,457,2118,2112,-1,2118,458,2115,-1,457,458,2118,-1,2114,459,434,-1,2119,431,2120,-1,2121,2122,359,-1,2123,435,432,-1,431,433,2120,-1,435,2123,434,-1,432,2119,2123,-1,2124,2120,433,-1,360,2124,433,-1,2122,2124,360,-1,431,2119,432,-1,2121,359,429,-1,2122,360,359,-1,2123,2114,434,-1,2111,453,454,-1,429,430,2125,-1,2126,366,2127,-1,2128,354,356,-1,425,355,2129,-1,2130,426,2129,-1,2129,355,2131,-1,425,2129,426,-1,354,2128,2131,-1,355,354,2131,-1,2126,367,366,-1,2125,430,2130,-1,2126,2132,367,-1,367,2132,358,-1,358,2132,2133,-1,2133,2128,356,-1,2133,356,358,-1,2134,2135,2136,-1,2130,430,426,-1,2127,366,419,-1,2137,2138,2139,-1,429,2125,2121,-1,2139,2138,2140,-1,2141,2142,2127,-1,2137,2143,2144,-1,2145,2143,2137,-1,2146,2147,2135,-1,2147,2144,2148,-1,2149,391,2136,-1,2149,419,391,-1,2144,2143,2148,-1,2150,2134,2136,-1,2150,2136,392,-1,392,395,2150,-1,2099,439,2100,-1,2094,464,460,-1,302,2093,460,-1,464,2094,511,-1,511,2094,2151,-1,361,511,2151,-1,2152,361,2151,-1,2153,2154,2155,-1,362,2152,2155,-1,2152,362,361,-1,2156,465,2155,-1,362,2155,465,-1,466,2156,467,-1,466,465,2156,-1,2157,2158,468,-1,2156,2157,467,-1,2158,428,468,-1,467,2157,468,-1,428,2159,427,-1,2159,428,2158,-1,351,427,2160,-1,2159,2160,427,-1,2161,350,351,-1,351,2160,2161,-1,350,2161,512,-1,512,2161,2162,-1,2163,472,2162,-1,512,2162,472,-1,2163,2164,461,-1,461,472,2163,-1,2164,462,461,-1,510,462,2165,-1,2164,2165,462,-1,2165,479,510,-1,2165,2166,479,-1,479,2166,480,-1,480,2166,2167,-1,2168,485,2167,-1,480,2167,485,-1,2168,2169,505,-1,505,485,2168,-1,2169,2170,483,-1,2169,484,505,-1,484,2169,483,-1,2170,488,483,-1,2170,2171,488,-1,488,2171,504,-1,504,2171,2172,-1,491,504,2172,-1,2173,2174,2175,-1,2173,492,491,-1,491,2172,2173,-1,492,2176,489,-1,2176,492,2173,-1,2177,490,2176,-1,489,2176,490,-1,2177,495,490,-1,2177,2178,495,-1,495,2178,496,-1,496,2178,2179,-1,493,496,2179,-1,2180,2181,2182,-1,2180,494,493,-1,493,2179,2180,-1,494,2183,499,-1,2183,494,2180,-1,498,499,2184,-1,2183,2184,499,-1,2185,2186,2187,-1,498,2184,2188,-1,2188,2187,497,-1,497,498,2188,-1,501,500,2187,-1,2187,500,497,-1,2189,502,501,-1,501,2187,2189,-1,2189,2190,502,-1,2191,2192,2193,-1,503,2190,2194,-1,2190,503,502,-1,2195,516,2194,-1,503,2194,516,-1,2195,2196,486,-1,486,516,2195,-1,2197,487,2196,-1,2197,2198,2199,-1,2197,2200,506,-1,2196,487,486,-1,2201,2202,2203,-1,487,2197,506,-1,2204,2205,2206,-1,2199,2207,2202,-1,2206,2205,2208,-1,2209,2210,2205,-1,2211,2212,2213,-1,2207,2214,2208,-1,2200,2201,509,-1,2200,509,506,-1,507,2201,2215,-1,508,507,2215,-1,2216,508,2215,-1,482,508,2216,-1,482,2217,478,-1,2136,391,392,-1,2146,2135,2134,-1,2218,2126,2142,-1,2149,2127,419,-1,2219,2149,2136,-1,2220,2132,2218,-1,2141,2127,2149,-1,2221,2222,2223,-1,2142,2126,2127,-1,2220,2221,2133,-1,2218,2132,2126,-1,2221,2224,2128,-1,2220,2133,2132,-1,2224,2225,2131,-1,2221,2128,2133,-1,2225,2226,2129,-1,2224,2131,2128,-1,2226,2227,2130,-1,2225,2129,2131,-1,2125,2227,2228,-1,2226,2130,2129,-1,2121,2228,2229,-1,2227,2125,2130,-1,2122,2229,2230,-1,2228,2121,2125,-1,2124,2230,2231,-1,2121,2229,2122,-1,2120,2231,2232,-1,2122,2230,2124,-1,2119,2232,2233,-1,2124,2231,2120,-1,2123,2233,2234,-1,2120,2232,2119,-1,2234,2235,2114,-1,2119,2233,2123,-1,2115,2235,2236,-1,2123,2234,2114,-1,2118,2236,2237,-1,2114,2235,2115,-1,2112,2237,2117,-1,2236,2118,2115,-1,2238,2110,2116,-1,2237,2112,2118,-1,2239,2111,2238,-1,2117,2113,2112,-1,2240,2109,2239,-1,2116,2110,2113,-1,2241,2108,2240,-1,2238,2111,2110,-1,2242,2107,2241,-1,2239,2109,2111,-1,2243,2106,2242,-1,2240,2108,2109,-1,2244,2105,2243,-1,2241,2107,2108,-1,2245,2103,2244,-1,2242,2106,2107,-1,2246,2104,2245,-1,2243,2105,2106,-1,2246,2247,2102,-1,2244,2103,2105,-1,2248,2101,2247,-1,2245,2104,2103,-1,2249,2100,2248,-1,2246,2102,2104,-1,2250,2099,2249,-1,2247,2101,2102,-1,2251,2252,2253,-1,2248,2100,2101,-1,2250,2251,2098,-1,2249,2099,2100,-1,2095,2251,2254,-1,2250,2098,2099,-1,2096,2254,2255,-1,2251,2095,2098,-1,2097,2255,2256,-1,2254,2096,2095,-1,2093,2256,2257,-1,2255,2097,2096,-1,2257,2258,2094,-1,2256,2093,2097,-1,2151,2258,2259,-1,2093,2257,2094,-1,2152,2259,2153,-1,2258,2151,2094,-1,2260,2156,2154,-1,2259,2152,2151,-1,2261,2157,2260,-1,2153,2155,2152,-1,2262,2158,2261,-1,2154,2156,2155,-1,2263,2264,2265,-1,2260,2157,2156,-1,2262,2263,2159,-1,2261,2158,2157,-1,2263,2266,2160,-1,2262,2159,2158,-1,2266,2267,2161,-1,2263,2160,2159,-1,2267,2268,2162,-1,2266,2161,2160,-1,2268,2269,2163,-1,2267,2162,2161,-1,2269,2270,2164,-1,2268,2163,2162,-1,2270,2271,2165,-1,2269,2164,2163,-1,2166,2271,2272,-1,2270,2165,2164,-1,2272,2273,2167,-1,2271,2166,2165,-1,2273,2274,2168,-1,2272,2167,2166,-1,2274,2275,2169,-1,2273,2168,2167,-1,2170,2275,2276,-1,2274,2169,2168,-1,2171,2276,2277,-1,2275,2170,2169,-1,2172,2277,2174,-1,2276,2171,2170,-1,2278,2279,2280,-1,2277,2172,2171,-1,2175,2278,2176,-1,2174,2173,2172,-1,2278,2281,2177,-1,2175,2176,2173,-1,2178,2281,2282,-1,2278,2177,2176,-1,2179,2282,2181,-1,2178,2177,2281,-1,2283,2284,2285,-1,2282,2179,2178,-1,2182,2286,2183,-1,2181,2180,2179,-1,2286,2287,2184,-1,2182,2183,2180,-1,2188,2287,2185,-1,2184,2183,2286,-1,2288,2289,2290,-1,2287,2188,2184,-1,2186,2291,2189,-1,2185,2187,2188,-1,2190,2291,2292,-1,2189,2187,2186,-1,2292,2293,2194,-1,2291,2190,2189,-1,2293,2294,2195,-1,2292,2194,2190,-1,2294,2198,2196,-1,2195,2194,2293,-1,2295,2202,2207,-1,2294,2196,2195,-1,2200,2199,2202,-1,2196,2198,2197,-1,2197,2199,2200,-1,2215,2296,2216,-1,509,2201,507,-1,2202,2201,2200,-1,482,2216,2217,-1,2215,2203,2296,-1,2297,2217,2216,-1,2135,2219,2136,-1,2298,2147,2146,-1,2141,2299,2300,-1,2219,2141,2149,-1,2135,2301,2219,-1,2142,2300,2302,-1,2219,2299,2141,-1,2218,2302,2303,-1,2141,2300,2142,-1,2220,2303,2222,-1,2302,2218,2142,-1,2304,2224,2223,-1,2303,2220,2218,-1,2305,2225,2304,-1,2222,2221,2220,-1,2306,2307,2305,-1,2223,2224,2221,-1,2305,2307,2226,-1,2304,2225,2224,-1,2307,2308,2227,-1,2305,2226,2225,-1,2308,2309,2228,-1,2307,2227,2226,-1,2229,2309,2310,-1,2308,2228,2227,-1,2230,2310,2311,-1,2228,2309,2229,-1,2231,2311,2312,-1,2229,2310,2230,-1,2232,2312,2313,-1,2230,2311,2231,-1,2233,2313,2314,-1,2231,2312,2232,-1,2234,2314,2315,-1,2232,2313,2233,-1,2235,2315,2316,-1,2233,2314,2234,-1,2236,2316,2317,-1,2234,2315,2235,-1,2237,2317,2318,-1,2235,2316,2236,-1,2117,2318,2319,-1,2236,2317,2237,-1,2116,2319,2320,-1,2237,2318,2117,-1,2238,2320,2321,-1,2117,2319,2116,-1,2239,2321,2322,-1,2116,2320,2238,-1,2240,2322,2323,-1,2238,2321,2239,-1,2241,2323,2324,-1,2239,2322,2240,-1,2242,2324,2325,-1,2240,2323,2241,-1,2243,2325,2326,-1,2241,2324,2242,-1,2244,2326,2327,-1,2242,2325,2243,-1,2245,2327,2328,-1,2243,2326,2244,-1,2246,2328,2329,-1,2244,2327,2245,-1,2247,2329,2330,-1,2245,2328,2246,-1,2248,2330,2331,-1,2246,2329,2247,-1,2249,2331,2332,-1,2247,2330,2248,-1,2250,2332,2252,-1,2331,2249,2248,-1,2333,2254,2253,-1,2332,2250,2249,-1,2334,2335,2333,-1,2252,2251,2250,-1,2333,2335,2255,-1,2253,2254,2251,-1,2335,2336,2256,-1,2333,2255,2254,-1,2257,2336,2337,-1,2335,2256,2255,-1,2258,2337,2338,-1,2256,2336,2257,-1,2259,2338,2339,-1,2257,2337,2258,-1,2153,2339,2340,-1,2258,2338,2259,-1,2154,2340,2341,-1,2259,2339,2153,-1,2260,2341,2342,-1,2153,2340,2154,-1,2261,2342,2343,-1,2154,2341,2260,-1,2262,2343,2264,-1,2342,2261,2260,-1,2344,2266,2265,-1,2343,2262,2261,-1,2345,2267,2344,-1,2264,2263,2262,-1,2346,2268,2345,-1,2265,2266,2263,-1,2347,2269,2346,-1,2344,2267,2266,-1,2348,2270,2347,-1,2345,2268,2267,-1,2349,2271,2348,-1,2346,2269,2268,-1,2350,2272,2349,-1,2347,2270,2269,-1,2351,2273,2350,-1,2348,2271,2270,-1,2352,2353,2351,-1,2349,2272,2271,-1,2351,2353,2274,-1,2350,2273,2272,-1,2353,2354,2275,-1,2351,2274,2273,-1,2276,2354,2355,-1,2353,2275,2274,-1,2277,2355,2356,-1,2275,2354,2276,-1,2174,2356,2357,-1,2276,2355,2277,-1,2175,2357,2279,-1,2356,2174,2277,-1,2358,2359,2280,-1,2357,2175,2174,-1,2280,2359,2281,-1,2279,2278,2175,-1,2282,2359,2360,-1,2280,2281,2278,-1,2181,2360,2361,-1,2281,2359,2282,-1,2182,2361,2284,-1,2360,2181,2282,-1,2284,2283,2286,-1,2361,2182,2181,-1,2287,2283,2362,-1,2284,2286,2182,-1,2185,2362,2363,-1,2286,2283,2287,-1,2186,2363,2364,-1,2362,2185,2287,-1,2291,2364,2365,-1,2363,2186,2185,-1,2292,2365,2192,-1,2364,2291,2186,-1,2192,2191,2293,-1,2365,2292,2291,-1,2294,2191,2366,-1,2192,2293,2292,-1,2198,2366,2367,-1,2293,2191,2294,-1,2199,2367,2207,-1,2366,2198,2294,-1,2205,2210,2295,-1,2367,2199,2198,-1,2368,2296,2210,-1,2296,2297,2216,-1,2201,2203,2215,-1,2203,2295,2210,-1,2368,2297,2296,-1,2147,2301,2135,-1,2369,2144,2298,-1,2370,2299,2301,-1,2301,2299,2219,-1,2301,2148,2370,-1,2371,2300,2299,-1,2299,2370,2371,-1,2372,2302,2300,-1,2300,2371,2372,-1,2373,2303,2302,-1,2302,2372,2373,-1,2374,2222,2303,-1,2303,2373,2374,-1,2375,2223,2222,-1,2222,2374,2375,-1,2376,2304,2223,-1,2223,2375,2376,-1,2377,2305,2304,-1,2376,2377,2304,-1,2307,2378,2308,-1,2377,2306,2305,-1,2308,2379,2309,-1,2306,2378,2307,-1,2310,2309,2380,-1,2378,2379,2308,-1,2381,2382,2383,-1,2379,2380,2309,-1,2382,2311,2310,-1,2310,2380,2382,-1,2381,2312,2311,-1,2311,2382,2381,-1,2384,2313,2312,-1,2312,2381,2384,-1,2385,2314,2313,-1,2313,2384,2385,-1,2386,2315,2314,-1,2314,2385,2386,-1,2387,2316,2315,-1,2315,2386,2387,-1,2388,2317,2316,-1,2316,2387,2388,-1,2389,2318,2317,-1,2317,2388,2389,-1,2390,2319,2318,-1,2318,2389,2390,-1,2391,2320,2319,-1,2319,2390,2391,-1,2392,2321,2320,-1,2320,2391,2392,-1,2393,2322,2321,-1,2321,2392,2393,-1,2394,2323,2322,-1,2322,2393,2394,-1,2395,2324,2323,-1,2323,2394,2395,-1,2396,2325,2324,-1,2324,2395,2396,-1,2397,2326,2325,-1,2325,2396,2397,-1,2398,2327,2326,-1,2326,2397,2398,-1,2399,2328,2327,-1,2327,2398,2399,-1,2400,2329,2328,-1,2328,2399,2400,-1,2401,2330,2329,-1,2329,2400,2401,-1,2402,2331,2330,-1,2330,2401,2402,-1,2403,2332,2331,-1,2331,2402,2403,-1,2404,2252,2332,-1,2332,2403,2404,-1,2405,2253,2252,-1,2252,2404,2405,-1,2406,2333,2253,-1,2405,2406,2253,-1,2335,2407,2336,-1,2406,2334,2333,-1,2408,2409,2410,-1,2334,2407,2335,-1,2411,2337,2336,-1,2336,2407,2411,-1,2412,2338,2337,-1,2337,2411,2412,-1,2413,2339,2338,-1,2338,2412,2413,-1,2414,2340,2339,-1,2339,2413,2414,-1,2415,2341,2340,-1,2340,2414,2415,-1,2416,2342,2341,-1,2341,2415,2416,-1,2417,2343,2342,-1,2342,2416,2417,-1,2418,2264,2343,-1,2343,2417,2418,-1,2419,2265,2264,-1,2264,2418,2419,-1,2420,2344,2265,-1,2265,2419,2420,-1,2421,2345,2344,-1,2344,2420,2421,-1,2422,2346,2345,-1,2345,2421,2422,-1,2423,2347,2346,-1,2346,2422,2423,-1,2424,2348,2347,-1,2347,2423,2424,-1,2425,2349,2348,-1,2348,2424,2425,-1,2426,2350,2349,-1,2349,2425,2426,-1,2427,2351,2350,-1,2426,2427,2350,-1,2353,2428,2354,-1,2427,2352,2351,-1,2429,2430,2431,-1,2352,2428,2353,-1,2432,2355,2354,-1,2354,2428,2432,-1,2433,2356,2355,-1,2355,2432,2433,-1,2434,2357,2356,-1,2356,2433,2434,-1,2435,2279,2357,-1,2357,2434,2435,-1,2436,2280,2279,-1,2435,2436,2279,-1,2437,2438,2358,-1,2436,2358,2280,-1,2438,2360,2359,-1,2359,2358,2438,-1,2439,2361,2360,-1,2360,2438,2439,-1,2440,2284,2361,-1,2439,2440,2361,-1,2441,2442,2443,-1,2440,2285,2284,-1,2444,2362,2283,-1,2285,2444,2283,-1,2445,2363,2362,-1,2362,2444,2445,-1,2288,2364,2363,-1,2445,2288,2363,-1,2290,2365,2364,-1,2364,2288,2290,-1,2446,2192,2365,-1,2290,2446,2365,-1,2447,2448,2193,-1,2446,2193,2192,-1,2448,2366,2191,-1,2191,2193,2448,-1,2449,2367,2366,-1,2366,2448,2449,-1,2214,2207,2367,-1,2367,2449,2214,-1,2208,2295,2207,-1,2203,2210,2296,-1,2202,2295,2203,-1,2295,2208,2205,-1,2368,2210,2209,-1,2298,2144,2147,-1,2369,2138,2137,-1,2370,2148,2450,-1,2147,2148,2301,-1,2148,2143,2450,-1,2371,2370,2451,-1,2370,2450,2451,-1,2372,2371,2452,-1,2371,2451,2452,-1,2373,2372,2453,-1,2372,2452,2453,-1,2374,2373,2454,-1,2373,2453,2454,-1,2375,2374,2455,-1,2374,2454,2455,-1,2376,2375,2456,-1,2375,2455,2456,-1,2377,2376,2457,-1,2376,2456,2457,-1,2306,2377,2458,-1,2377,2457,2458,-1,2378,2306,2459,-1,2306,2458,2459,-1,2379,2378,2460,-1,2378,2459,2460,-1,2380,2379,2461,-1,2379,2460,2461,-1,2462,2382,2380,-1,2461,2462,2380,-1,2383,2463,2464,-1,2382,2462,2383,-1,2384,2381,2464,-1,2381,2383,2464,-1,2385,2384,2465,-1,2384,2464,2465,-1,2386,2385,2466,-1,2385,2465,2466,-1,2387,2386,2467,-1,2386,2466,2467,-1,2388,2387,2468,-1,2387,2467,2468,-1,2389,2388,2469,-1,2388,2468,2469,-1,2390,2389,2470,-1,2389,2469,2470,-1,2391,2390,2471,-1,2390,2470,2471,-1,2392,2391,2472,-1,2391,2471,2472,-1,2393,2392,2473,-1,2392,2472,2473,-1,2394,2393,2474,-1,2393,2473,2474,-1,2395,2394,2475,-1,2394,2474,2475,-1,2396,2395,2476,-1,2395,2475,2476,-1,2397,2396,2477,-1,2396,2476,2477,-1,2398,2397,2478,-1,2397,2477,2478,-1,2399,2398,2479,-1,2398,2478,2479,-1,2400,2399,2480,-1,2399,2479,2480,-1,2401,2400,2481,-1,2400,2480,2481,-1,2402,2401,2482,-1,2401,2481,2482,-1,2403,2402,2483,-1,2402,2482,2483,-1,2404,2403,2484,-1,2403,2483,2484,-1,2405,2404,2485,-1,2404,2484,2485,-1,2406,2405,2486,-1,2405,2485,2486,-1,2334,2406,2487,-1,2406,2486,2487,-1,2407,2334,2488,-1,2334,2487,2488,-1,2409,2411,2407,-1,2488,2409,2407,-1,2412,2411,2408,-1,2411,2409,2408,-1,2413,2412,2489,-1,2412,2408,2489,-1,2414,2413,2490,-1,2413,2489,2490,-1,2415,2414,2491,-1,2414,2490,2491,-1,2416,2415,2492,-1,2415,2491,2492,-1,2417,2416,2493,-1,2416,2492,2493,-1,2418,2417,2494,-1,2417,2493,2494,-1,2419,2418,2495,-1,2418,2494,2495,-1,2420,2419,2496,-1,2419,2495,2496,-1,2421,2420,2497,-1,2420,2496,2497,-1,2422,2421,2498,-1,2421,2497,2498,-1,2423,2422,2499,-1,2422,2498,2499,-1,2424,2423,2500,-1,2423,2499,2500,-1,2425,2424,2501,-1,2424,2500,2501,-1,2426,2425,2502,-1,2425,2501,2502,-1,2427,2426,2503,-1,2426,2502,2503,-1,2352,2427,2504,-1,2427,2503,2504,-1,2428,2352,2505,-1,2352,2504,2505,-1,2430,2432,2428,-1,2505,2430,2428,-1,2433,2432,2429,-1,2432,2430,2429,-1,2434,2433,2506,-1,2433,2429,2506,-1,2435,2434,2507,-1,2434,2506,2507,-1,2436,2435,2508,-1,2435,2507,2508,-1,2358,2436,2509,-1,2436,2508,2509,-1,2437,2509,2510,-1,2509,2437,2358,-1,2439,2438,2511,-1,2438,2437,2511,-1,2440,2439,2512,-1,2439,2511,2512,-1,2285,2440,2513,-1,2440,2512,2513,-1,2444,2285,2442,-1,2513,2442,2285,-1,2445,2444,2441,-1,2444,2442,2441,-1,2288,2445,2514,-1,2445,2441,2514,-1,2289,2514,2515,-1,2514,2289,2288,-1,2446,2290,2516,-1,2290,2289,2516,-1,2193,2446,2517,-1,2446,2516,2517,-1,2447,2517,2518,-1,2517,2447,2193,-1,2449,2448,2519,-1,2448,2447,2519,-1,2214,2449,2520,-1,2449,2519,2520,-1,2208,2214,2521,-1,2214,2520,2521,-1,2211,2213,2206,-1,2206,2208,2521,-1,2209,2205,2204,-1,2137,2144,2369,-1,2139,2145,2137,-1,2145,2522,2143,-1,2143,2522,2450,-1,2522,2523,2450,-1,2450,2523,2451,-1,2523,2524,2451,-1,2451,2524,2452,-1,2524,2525,2452,-1,2452,2525,2453,-1,2525,2526,2453,-1,2453,2526,2454,-1,2526,2527,2454,-1,2527,2528,2455,-1,2527,2455,2454,-1,2528,2529,2456,-1,2528,2456,2455,-1,2529,2530,2457,-1,2529,2457,2456,-1,2530,2531,2458,-1,2530,2458,2457,-1,2531,2532,2459,-1,2531,2459,2458,-1,2532,2533,2460,-1,2532,2460,2459,-1,2533,2534,2461,-1,2533,2461,2460,-1,2534,2535,2462,-1,2534,2462,2461,-1,2536,2462,2535,-1,2462,2536,2383,-1,2463,2383,2536,-1,2463,2537,2464,-1,2464,2537,2465,-1,2537,2538,2465,-1,2465,2538,2466,-1,2538,2539,2466,-1,2466,2539,2467,-1,2539,2540,2467,-1,2467,2540,2468,-1,2540,2541,2468,-1,2468,2541,2469,-1,2541,2542,2469,-1,2469,2542,2470,-1,2542,2543,2470,-1,2470,2543,2471,-1,2543,2544,2471,-1,2471,2544,2472,-1,2544,2545,2472,-1,2472,2545,2473,-1,2545,2546,2473,-1,2473,2546,2474,-1,2546,2547,2474,-1,2474,2547,2475,-1,2547,2548,2475,-1,2475,2548,2476,-1,2548,2549,2476,-1,2476,2549,2477,-1,2549,2550,2477,-1,2477,2550,2478,-1,2550,2551,2478,-1,2478,2551,2479,-1,2551,2552,2479,-1,2479,2552,2480,-1,2552,2553,2480,-1,2480,2553,2481,-1,2553,2554,2481,-1,2481,2554,2482,-1,2554,2555,2482,-1,2482,2555,2483,-1,2555,2556,2483,-1,2483,2556,2484,-1,2556,2557,2484,-1,2557,2558,2485,-1,2557,2485,2484,-1,2558,2559,2486,-1,2558,2486,2485,-1,2559,2560,2487,-1,2559,2487,2486,-1,2560,2561,2488,-1,2560,2488,2487,-1,2561,2562,2409,-1,2561,2409,2488,-1,2410,2409,2562,-1,2410,2563,2408,-1,2408,2563,2489,-1,2563,2564,2489,-1,2489,2564,2490,-1,2564,2565,2490,-1,2490,2565,2491,-1,2565,2566,2491,-1,2491,2566,2492,-1,2566,2567,2492,-1,2492,2567,2493,-1,2567,2568,2493,-1,2493,2568,2494,-1,2568,2569,2494,-1,2494,2569,2495,-1,2569,2570,2495,-1,2495,2570,2496,-1,2570,2571,2496,-1,2496,2571,2497,-1,2571,2572,2497,-1,2497,2572,2498,-1,2572,2573,2498,-1,2498,2573,2499,-1,2573,2574,2499,-1,2574,2575,2500,-1,2574,2500,2499,-1,2575,2576,2501,-1,2575,2501,2500,-1,2576,2577,2502,-1,2576,2502,2501,-1,2577,2578,2503,-1,2577,2503,2502,-1,2578,2579,2504,-1,2578,2504,2503,-1,2579,2580,2505,-1,2579,2505,2504,-1,2580,2581,2430,-1,2580,2430,2505,-1,2431,2430,2581,-1,2431,2582,2429,-1,2429,2582,2506,-1,2582,2583,2506,-1,2583,2584,2507,-1,2583,2507,2506,-1,2584,2585,2508,-1,2584,2508,2507,-1,2585,2510,2509,-1,2585,2509,2508,-1,2510,2586,2437,-1,2586,2587,2437,-1,2437,2587,2511,-1,2587,2588,2511,-1,2588,2589,2512,-1,2588,2512,2511,-1,2589,2590,2513,-1,2589,2513,2512,-1,2590,2591,2442,-1,2590,2442,2513,-1,2443,2442,2591,-1,2443,2592,2441,-1,2592,2515,2514,-1,2592,2514,2441,-1,2515,2593,2289,-1,2593,2594,2289,-1,2594,2595,2516,-1,2594,2516,2289,-1,2595,2518,2517,-1,2595,2517,2516,-1,2518,2596,2447,-1,2596,2597,2447,-1,2447,2597,2519,-1,2597,2598,2519,-1,2598,2599,2520,-1,2598,2520,2519,-1,2599,2600,2521,-1,2599,2521,2520,-1,2600,2211,2206,-1,2206,2521,2600,-1,2204,2206,2213,-1,343,2601,2602,-1,2602,2603,344,-1,344,343,2602,-1,2601,340,2604,-1,343,340,2601,-1,2605,2604,339,-1,2605,339,336,-1,339,2604,340,-1,335,2606,336,-1,2605,336,2606,-1,335,334,2607,-1,2607,2606,335,-1,332,2608,334,-1,330,2609,332,-1,2608,332,2609,-1,2610,2609,330,-1,334,2608,2607,-1,2610,330,327,-1,2611,2612,320,-1,346,344,2603,-1,325,2613,326,-1,2610,327,2614,-1,325,324,2615,-1,2614,326,2613,-1,2616,324,322,-1,2615,2613,325,-1,320,2612,322,-1,324,2616,2615,-1,2617,317,2618,-1,2616,322,2612,-1,315,2618,317,-1,318,317,2617,-1,2611,320,318,-1,2611,318,2617,-1,327,326,2614,-1,2618,315,313,-1,2619,300,308,-1,310,2620,307,-1,311,2621,2622,-1,2622,312,311,-1,311,300,2621,-1,2623,2622,2624,-1,2622,2625,312,-1,2619,2621,300,-1,2626,2619,308,-1,2626,307,2620,-1,2627,2620,310,-1,307,2626,308,-1,309,306,2627,-1,2625,313,312,-1,306,2628,2627,-1,309,2627,310,-1,2629,328,2630,-1,313,2625,2618,-1,316,2631,314,-1,305,299,2632,-1,299,2633,2632,-1,2634,2633,301,-1,305,2632,2628,-1,301,314,2634,-1,2634,314,2631,-1,2633,299,301,-1,2635,2636,2637,-1,321,328,2629,-1,2638,2639,2640,-1,321,2641,319,-1,319,2641,2642,-1,2643,2644,2645,-1,2641,321,2629,-1,319,2642,316,-1,2630,328,331,-1,2642,2631,316,-1,2646,2647,2648,-1,347,2649,345,-1,514,515,2650,-1,333,2651,2652,-1,2651,333,514,-1,514,2650,2651,-1,2652,2630,331,-1,342,2653,2647,-1,342,2647,341,-1,2654,513,341,-1,2654,341,2647,-1,515,513,2654,-1,2653,342,345,-1,2652,331,333,-1,515,2654,2650,-1,2628,306,305,-1,2655,2656,2657,-1,2658,2609,2659,-1,345,2649,2653,-1,2649,347,2660,-1,475,474,2661,-1,349,2662,2660,-1,474,476,2663,-1,2662,475,2661,-1,2664,2297,2665,-1,475,2662,349,-1,2666,2665,2368,-1,2667,2668,2669,-1,2670,2668,2213,-1,2668,2667,2671,-1,2213,2212,2670,-1,2671,2672,2666,-1,2672,2671,2667,-1,476,2664,2663,-1,2297,2664,2217,-1,2217,477,478,-1,2217,2664,477,-1,349,2660,347,-1,2673,2674,2675,-1,2676,348,346,-1,2676,346,2603,-1,348,2677,352,-1,2677,348,2676,-1,2678,473,2677,-1,352,2677,473,-1,2678,471,473,-1,470,471,2679,-1,2678,2679,471,-1,2680,469,470,-1,470,2679,2680,-1,2681,424,2682,-1,2682,469,2680,-1,2681,2683,423,-1,2682,424,469,-1,421,2683,2684,-1,424,2681,423,-1,2685,422,2684,-1,421,423,2683,-1,2685,2686,370,-1,2684,422,421,-1,368,2686,2687,-1,422,2685,370,-1,2688,386,2687,-1,368,370,2686,-1,2689,2690,2691,-1,2687,386,368,-1,2690,379,2688,-1,386,2688,379,-1,2690,380,379,-1,2690,2692,380,-1,380,2692,382,-1,382,2692,2693,-1,381,382,2693,-1,2694,381,2693,-1,2694,378,381,-1,2694,2695,378,-1,378,2695,377,-1,377,2695,2696,-1,383,377,2696,-1,2697,383,2696,-1,2697,385,383,-1,2697,2698,385,-1,385,2698,384,-1,2699,2700,2701,-1,373,384,2701,-1,2698,2701,384,-1,374,2702,2703,-1,373,2701,2702,-1,2704,375,2703,-1,374,373,2702,-1,2704,2705,376,-1,2703,375,374,-1,387,2705,2706,-1,375,2704,376,-1,2707,389,2706,-1,387,376,2705,-1,2707,2708,388,-1,2706,389,387,-1,390,2708,2709,-1,389,2707,388,-1,2710,420,2709,-1,390,388,2708,-1,2710,2711,364,-1,2709,420,390,-1,2712,2713,2714,-1,420,2710,364,-1,2711,2714,365,-1,365,364,2711,-1,418,2714,2715,-1,2714,418,365,-1,2716,393,2715,-1,418,2715,393,-1,2716,2717,394,-1,394,393,2716,-1,397,2717,2718,-1,2717,397,394,-1,2719,396,2718,-1,397,2718,396,-1,2719,2720,402,-1,402,396,2719,-1,401,2720,2721,-1,2720,401,402,-1,406,2721,2722,-1,401,2721,400,-1,2723,405,2722,-1,406,400,2721,-1,2724,2725,2726,-1,2722,405,406,-1,2725,403,2723,-1,405,2723,403,-1,2725,2727,404,-1,404,403,2725,-1,417,2727,2728,-1,2727,417,404,-1,2728,415,416,-1,417,2728,416,-1,2729,414,2730,-1,2730,415,2728,-1,2731,2732,2733,-1,2730,414,415,-1,2732,413,2729,-1,414,2729,413,-1,2732,2734,409,-1,409,413,2732,-1,409,2734,410,-1,410,2734,2735,-1,411,410,2735,-1,2736,411,2735,-1,2736,412,411,-1,2737,2738,2739,-1,2740,407,2741,-1,2741,412,2736,-1,2740,2742,408,-1,2741,407,412,-1,2743,2744,2745,-1,407,2740,408,-1,2746,2747,2748,-1,371,408,2742,-1,2749,2369,2745,-1,2743,2745,2298,-1,2750,2751,2752,-1,2745,2752,2749,-1,2140,2138,2753,-1,2742,2748,371,-1,2746,2754,2750,-1,2746,2748,2742,-1,371,2748,372,-1,2755,398,399,-1,2755,399,2756,-1,395,398,2150,-1,2664,476,477,-1,2368,2665,2297,-1,2661,2673,2757,-1,2663,2661,474,-1,2758,2663,2664,-1,2662,2757,2759,-1,2673,2661,2663,-1,2660,2759,2760,-1,2757,2662,2661,-1,2649,2760,2761,-1,2759,2660,2662,-1,2653,2761,2648,-1,2760,2649,2660,-1,2762,2763,2764,-1,2761,2653,2649,-1,2646,2762,2654,-1,2648,2647,2653,-1,2762,2765,2650,-1,2646,2654,2647,-1,2765,2766,2651,-1,2762,2650,2654,-1,2652,2766,2767,-1,2765,2651,2650,-1,2630,2767,2768,-1,2766,2652,2651,-1,2629,2768,2655,-1,2767,2630,2652,-1,2641,2655,2769,-1,2768,2629,2630,-1,2642,2769,2770,-1,2641,2629,2655,-1,2770,2771,2631,-1,2769,2642,2641,-1,2634,2771,2772,-1,2770,2631,2642,-1,2633,2772,2637,-1,2634,2631,2771,-1,2637,2773,2632,-1,2772,2633,2634,-1,2628,2773,2774,-1,2632,2633,2637,-1,2774,2638,2627,-1,2773,2628,2632,-1,2638,2775,2620,-1,2774,2627,2628,-1,2775,2776,2626,-1,2638,2620,2627,-1,2619,2776,2777,-1,2775,2626,2620,-1,2621,2777,2624,-1,2776,2619,2626,-1,2778,2779,2780,-1,2777,2621,2619,-1,2623,2778,2625,-1,2624,2622,2621,-1,2778,2781,2618,-1,2623,2625,2622,-1,2781,2782,2617,-1,2778,2618,2625,-1,2782,2783,2611,-1,2781,2617,2618,-1,2783,2784,2612,-1,2782,2611,2617,-1,2616,2784,2785,-1,2783,2612,2611,-1,2615,2785,2786,-1,2612,2784,2616,-1,2613,2786,2787,-1,2616,2785,2615,-1,2614,2787,2788,-1,2615,2786,2613,-1,2610,2788,2659,-1,2787,2614,2613,-1,2789,2608,2658,-1,2788,2610,2614,-1,2790,2607,2789,-1,2659,2609,2610,-1,2791,2606,2790,-1,2658,2608,2609,-1,2792,2605,2791,-1,2789,2607,2608,-1,2793,2604,2792,-1,2790,2606,2607,-1,2794,2601,2793,-1,2791,2605,2606,-1,2795,2602,2794,-1,2792,2604,2605,-1,2796,2603,2795,-1,2793,2601,2604,-1,2797,2676,2796,-1,2794,2602,2601,-1,2798,2677,2797,-1,2795,2603,2602,-1,2799,2678,2798,-1,2796,2676,2603,-1,2800,2801,2802,-1,2797,2677,2676,-1,2799,2800,2679,-1,2798,2678,2677,-1,2800,2803,2680,-1,2799,2679,2678,-1,2803,2804,2682,-1,2800,2680,2679,-1,2681,2804,2805,-1,2803,2682,2680,-1,2683,2805,2806,-1,2804,2681,2682,-1,2684,2806,2807,-1,2805,2683,2681,-1,2685,2807,2808,-1,2806,2684,2683,-1,2686,2808,2809,-1,2807,2685,2684,-1,2687,2809,2810,-1,2685,2808,2686,-1,2688,2810,2691,-1,2809,2687,2686,-1,2811,2812,2813,-1,2810,2688,2687,-1,2692,2689,2812,-1,2691,2690,2688,-1,2693,2812,2814,-1,2689,2692,2690,-1,2694,2814,2815,-1,2812,2693,2692,-1,2695,2815,2816,-1,2814,2694,2693,-1,2696,2816,2817,-1,2815,2695,2694,-1,2697,2817,2818,-1,2695,2816,2696,-1,2698,2818,2699,-1,2817,2697,2696,-1,2819,2702,2700,-1,2818,2698,2697,-1,2820,2821,2822,-1,2699,2701,2698,-1,2703,2819,2821,-1,2700,2702,2701,-1,2704,2821,2823,-1,2819,2703,2702,-1,2705,2823,2824,-1,2821,2704,2703,-1,2706,2824,2825,-1,2823,2705,2704,-1,2707,2825,2826,-1,2824,2706,2705,-1,2708,2826,2827,-1,2825,2707,2706,-1,2709,2827,2828,-1,2826,2708,2707,-1,2710,2828,2829,-1,2708,2827,2709,-1,2711,2829,2712,-1,2828,2710,2709,-1,2830,2715,2713,-1,2829,2711,2710,-1,2831,2716,2830,-1,2712,2714,2711,-1,2832,2833,2834,-1,2713,2715,2714,-1,2831,2832,2717,-1,2830,2716,2715,-1,2832,2835,2718,-1,2831,2717,2716,-1,2835,2836,2719,-1,2832,2718,2717,-1,2836,2837,2720,-1,2835,2719,2718,-1,2837,2838,2721,-1,2836,2720,2719,-1,2722,2838,2839,-1,2837,2721,2720,-1,2723,2839,2726,-1,2838,2722,2721,-1,2840,2841,2842,-1,2839,2723,2722,-1,2724,2840,2727,-1,2726,2725,2723,-1,2840,2843,2728,-1,2724,2727,2725,-1,2843,2844,2730,-1,2840,2728,2727,-1,2729,2844,2733,-1,2730,2728,2843,-1,2845,2846,2847,-1,2844,2729,2730,-1,2734,2731,2848,-1,2733,2732,2729,-1,2735,2848,2849,-1,2731,2734,2732,-1,2736,2849,2850,-1,2735,2734,2848,-1,2741,2850,2851,-1,2849,2736,2735,-1,2740,2851,2754,-1,2850,2741,2736,-1,2742,2754,2746,-1,2740,2741,2851,-1,2748,2756,372,-1,2742,2740,2754,-1,2756,2852,2755,-1,2755,2150,398,-1,372,2756,399,-1,2756,2747,2852,-1,2134,2150,2755,-1,2665,2758,2664,-1,2209,2666,2368,-1,2853,2854,2675,-1,2758,2673,2663,-1,2855,2758,2665,-1,2675,2854,2757,-1,2674,2673,2758,-1,2854,2856,2759,-1,2675,2757,2673,-1,2760,2856,2857,-1,2854,2759,2757,-1,2761,2857,2858,-1,2759,2856,2760,-1,2648,2858,2859,-1,2760,2857,2761,-1,2646,2859,2763,-1,2858,2648,2761,-1,2860,2861,2764,-1,2859,2646,2648,-1,2764,2861,2765,-1,2763,2762,2646,-1,2766,2861,2862,-1,2764,2765,2762,-1,2767,2862,2863,-1,2861,2766,2765,-1,2768,2863,2656,-1,2862,2767,2766,-1,2864,2865,2866,-1,2863,2768,2767,-1,2769,2657,2867,-1,2656,2655,2768,-1,2770,2867,2868,-1,2769,2655,2657,-1,2868,2869,2771,-1,2867,2770,2769,-1,2772,2869,2635,-1,2868,2771,2770,-1,2636,2635,2870,-1,2869,2772,2771,-1,2773,2636,2871,-1,2635,2637,2772,-1,2774,2871,2639,-1,2636,2773,2637,-1,2872,2873,2640,-1,2871,2774,2773,-1,2640,2873,2775,-1,2639,2638,2774,-1,2776,2873,2874,-1,2640,2775,2638,-1,2777,2874,2875,-1,2775,2873,2776,-1,2624,2875,2876,-1,2776,2874,2777,-1,2623,2876,2779,-1,2875,2624,2777,-1,2877,2781,2780,-1,2876,2623,2624,-1,2878,2879,2877,-1,2779,2778,2623,-1,2877,2879,2782,-1,2780,2781,2778,-1,2879,2880,2783,-1,2877,2782,2781,-1,2784,2880,2881,-1,2879,2783,2782,-1,2785,2881,2882,-1,2880,2784,2783,-1,2786,2882,2883,-1,2784,2881,2785,-1,2787,2883,2884,-1,2785,2882,2786,-1,2788,2884,2885,-1,2786,2883,2787,-1,2659,2885,2886,-1,2787,2884,2788,-1,2658,2886,2887,-1,2788,2885,2659,-1,2789,2887,2888,-1,2659,2886,2658,-1,2790,2888,2889,-1,2658,2887,2789,-1,2791,2889,2890,-1,2789,2888,2790,-1,2792,2890,2891,-1,2790,2889,2791,-1,2793,2891,2892,-1,2791,2890,2792,-1,2794,2892,2893,-1,2792,2891,2793,-1,2795,2893,2894,-1,2793,2892,2794,-1,2796,2894,2895,-1,2794,2893,2795,-1,2797,2895,2896,-1,2795,2894,2796,-1,2798,2896,2897,-1,2796,2895,2797,-1,2799,2897,2801,-1,2896,2798,2797,-1,2898,2803,2802,-1,2897,2799,2798,-1,2899,2804,2898,-1,2801,2800,2799,-1,2900,2805,2899,-1,2802,2803,2800,-1,2901,2902,2900,-1,2898,2804,2803,-1,2900,2902,2806,-1,2899,2805,2804,-1,2902,2903,2807,-1,2900,2806,2805,-1,2808,2903,2904,-1,2902,2807,2806,-1,2809,2904,2905,-1,2903,2808,2807,-1,2810,2905,2906,-1,2808,2904,2809,-1,2691,2906,2907,-1,2809,2905,2810,-1,2689,2907,2813,-1,2906,2691,2810,-1,2908,2814,2811,-1,2907,2689,2691,-1,2909,2910,2908,-1,2813,2812,2689,-1,2908,2910,2815,-1,2811,2814,2812,-1,2816,2910,2911,-1,2908,2815,2814,-1,2817,2911,2912,-1,2910,2816,2815,-1,2818,2912,2913,-1,2816,2911,2817,-1,2699,2913,2914,-1,2817,2912,2818,-1,2700,2914,2915,-1,2818,2913,2699,-1,2819,2915,2822,-1,2914,2700,2699,-1,2916,2823,2820,-1,2915,2819,2700,-1,2917,2918,2916,-1,2822,2821,2819,-1,2916,2918,2824,-1,2820,2823,2821,-1,2918,2919,2825,-1,2916,2824,2823,-1,2919,2920,2826,-1,2918,2825,2824,-1,2827,2920,2921,-1,2919,2826,2825,-1,2828,2921,2922,-1,2826,2920,2827,-1,2829,2922,2923,-1,2827,2921,2828,-1,2712,2923,2924,-1,2828,2922,2829,-1,2713,2924,2925,-1,2829,2923,2712,-1,2830,2925,2926,-1,2712,2924,2713,-1,2831,2926,2833,-1,2925,2830,2713,-1,2927,2835,2834,-1,2926,2831,2830,-1,2928,2929,2927,-1,2833,2832,2831,-1,2927,2929,2836,-1,2834,2835,2832,-1,2929,2930,2837,-1,2927,2836,2835,-1,2838,2930,2931,-1,2929,2837,2836,-1,2839,2931,2932,-1,2930,2838,2837,-1,2726,2932,2933,-1,2838,2931,2839,-1,2724,2933,2841,-1,2932,2726,2839,-1,2934,2935,2842,-1,2933,2724,2726,-1,2842,2935,2843,-1,2841,2840,2724,-1,2844,2935,2936,-1,2842,2843,2840,-1,2733,2936,2937,-1,2843,2935,2844,-1,2731,2937,2938,-1,2936,2733,2844,-1,2938,2939,2848,-1,2937,2731,2733,-1,2849,2939,2940,-1,2938,2848,2731,-1,2850,2940,2941,-1,2939,2849,2848,-1,2851,2941,2942,-1,2940,2850,2849,-1,2754,2942,2750,-1,2941,2851,2850,-1,2746,2750,2744,-1,2942,2754,2851,-1,2146,2852,2743,-1,2852,2134,2755,-1,2748,2747,2756,-1,2747,2744,2743,-1,2146,2134,2852,-1,2666,2855,2665,-1,2204,2671,2209,-1,2943,2674,2855,-1,2855,2674,2758,-1,2855,2672,2943,-1,2944,2675,2674,-1,2943,2944,2674,-1,2854,2945,2856,-1,2944,2853,2675,-1,2946,2947,2948,-1,2853,2945,2854,-1,2949,2857,2856,-1,2945,2949,2856,-1,2950,2858,2857,-1,2857,2949,2950,-1,2951,2859,2858,-1,2858,2950,2951,-1,2952,2763,2859,-1,2859,2951,2952,-1,2953,2764,2763,-1,2952,2953,2763,-1,2954,2955,2956,-1,2953,2860,2764,-1,2957,2862,2861,-1,2860,2957,2861,-1,2958,2863,2862,-1,2862,2957,2958,-1,2959,2656,2863,-1,2863,2958,2959,-1,2960,2657,2656,-1,2959,2960,2656,-1,2961,2867,2657,-1,2960,2961,2657,-1,2962,2868,2867,-1,2961,2962,2867,-1,2963,2869,2868,-1,2962,2963,2868,-1,2964,2635,2869,-1,2963,2964,2869,-1,2965,2966,2870,-1,2964,2870,2635,-1,2966,2871,2636,-1,2636,2870,2966,-1,2967,2639,2871,-1,2871,2966,2967,-1,2968,2640,2639,-1,2967,2968,2639,-1,2969,2970,2872,-1,2968,2872,2640,-1,2970,2874,2873,-1,2873,2872,2970,-1,2971,2875,2874,-1,2874,2970,2971,-1,2972,2876,2875,-1,2875,2971,2972,-1,2973,2779,2876,-1,2876,2972,2973,-1,2974,2780,2779,-1,2779,2973,2974,-1,2975,2877,2780,-1,2974,2975,2780,-1,2879,2976,2880,-1,2975,2878,2877,-1,2880,2977,2881,-1,2878,2976,2879,-1,2978,2979,2980,-1,2976,2977,2880,-1,2979,2882,2881,-1,2881,2977,2979,-1,2978,2883,2882,-1,2882,2979,2978,-1,2981,2884,2883,-1,2883,2978,2981,-1,2982,2885,2884,-1,2884,2981,2982,-1,2983,2886,2885,-1,2885,2982,2983,-1,2984,2887,2886,-1,2886,2983,2984,-1,2985,2888,2887,-1,2887,2984,2985,-1,2986,2889,2888,-1,2888,2985,2986,-1,2987,2890,2889,-1,2889,2986,2987,-1,2988,2891,2890,-1,2890,2987,2988,-1,2989,2892,2891,-1,2891,2988,2989,-1,2990,2893,2892,-1,2892,2989,2990,-1,2991,2894,2893,-1,2893,2990,2991,-1,2992,2895,2894,-1,2894,2991,2992,-1,2993,2896,2895,-1,2895,2992,2993,-1,2994,2897,2896,-1,2896,2993,2994,-1,2995,2801,2897,-1,2897,2994,2995,-1,2996,2802,2801,-1,2801,2995,2996,-1,2997,2898,2802,-1,2802,2996,2997,-1,2998,2899,2898,-1,2898,2997,2998,-1,2999,2900,2899,-1,2998,2999,2899,-1,2902,3000,2903,-1,2999,2901,2900,-1,2903,3001,2904,-1,2901,3000,2902,-1,3002,3003,3004,-1,3000,3001,2903,-1,3005,2905,2904,-1,2904,3001,3005,-1,3006,2906,2905,-1,2905,3005,3006,-1,3007,2907,2906,-1,2906,3006,3007,-1,3008,2813,2907,-1,2907,3007,3008,-1,3009,2811,2813,-1,2813,3008,3009,-1,3010,2908,2811,-1,3009,3010,2811,-1,2910,3011,2911,-1,3010,2909,2908,-1,3012,3013,3011,-1,2909,3011,2910,-1,3013,2912,2911,-1,2911,3011,3013,-1,3014,2913,2912,-1,2912,3013,3014,-1,3015,2914,2913,-1,2913,3014,3015,-1,3016,2915,2914,-1,2914,3015,3016,-1,3017,2822,2915,-1,2915,3016,3017,-1,3018,2820,2822,-1,2822,3017,3018,-1,3019,2916,2820,-1,3018,3019,2820,-1,2918,3020,2919,-1,3019,2917,2916,-1,2919,3021,2920,-1,2917,3020,2918,-1,3022,3023,3024,-1,3020,3021,2919,-1,3025,2921,2920,-1,3021,3025,2920,-1,3026,2922,2921,-1,2921,3025,3026,-1,3027,2923,2922,-1,2922,3026,3027,-1,3028,2924,2923,-1,2923,3027,3028,-1,3029,2925,2924,-1,2924,3028,3029,-1,3030,2926,2925,-1,2925,3029,3030,-1,3031,2833,2926,-1,2926,3030,3031,-1,3032,2834,2833,-1,2833,3031,3032,-1,3033,2927,2834,-1,3032,3033,2834,-1,2929,3034,2930,-1,3033,2928,2927,-1,3035,3036,3037,-1,2928,3034,2929,-1,3038,2931,2930,-1,3034,3038,2930,-1,3039,2932,2931,-1,2931,3038,3039,-1,3040,2933,2932,-1,2932,3039,3040,-1,3041,2841,2933,-1,2933,3040,3041,-1,3042,2842,2841,-1,3041,3042,2841,-1,3043,3044,2934,-1,3042,2934,2842,-1,3044,2936,2935,-1,2935,2934,3044,-1,3045,2937,2936,-1,2936,3044,3045,-1,3046,2938,2937,-1,3045,3046,2937,-1,3047,2939,2938,-1,3046,3047,2938,-1,3048,2940,2939,-1,2939,3047,3048,-1,3049,2941,2940,-1,3048,3049,2940,-1,3050,2942,2941,-1,3049,3050,2941,-1,2751,2750,2942,-1,2942,3050,2751,-1,2752,2744,2750,-1,2747,2743,2852,-1,2746,2744,2747,-1,2744,2752,2745,-1,2146,2743,2298,-1,2209,2671,2666,-1,2668,2204,2213,-1,2943,2672,3051,-1,2666,2672,2855,-1,2672,2667,3051,-1,2944,2943,3052,-1,2943,3051,3052,-1,2853,2944,3053,-1,2944,3052,3053,-1,2945,2853,3054,-1,2853,3053,3054,-1,2949,2945,2947,-1,3054,2947,2945,-1,2950,2949,2946,-1,2949,2947,2946,-1,2951,2950,3055,-1,2950,2946,3055,-1,2952,2951,3056,-1,2951,3055,3056,-1,2953,2952,3057,-1,2952,3056,3057,-1,2860,2953,3058,-1,2953,3057,3058,-1,2957,2860,2954,-1,3058,2954,2860,-1,2958,2957,2956,-1,2957,2954,2956,-1,2959,2958,3059,-1,2958,2956,3059,-1,2960,2959,3060,-1,2959,3059,3060,-1,2961,2960,2866,-1,3060,2866,2960,-1,2962,2961,2865,-1,2961,2866,2865,-1,2963,2962,2643,-1,2865,2643,2962,-1,2964,2963,2645,-1,2963,2643,2645,-1,2870,2964,3061,-1,2964,2645,3061,-1,2965,3061,3062,-1,2870,3061,2965,-1,2967,2966,3063,-1,2966,2965,3063,-1,2968,2967,3064,-1,2967,3063,3064,-1,2872,2968,3065,-1,2968,3064,3065,-1,2969,3065,3066,-1,2872,3065,2969,-1,2971,2970,3067,-1,2970,2969,3067,-1,2972,2971,3068,-1,2971,3067,3068,-1,2973,2972,3069,-1,2972,3068,3069,-1,2974,2973,3070,-1,2973,3069,3070,-1,2975,2974,3071,-1,2974,3070,3071,-1,2878,2975,3072,-1,2975,3071,3072,-1,2976,2878,3073,-1,2878,3072,3073,-1,2977,2976,3074,-1,2976,3073,3074,-1,3075,2979,2977,-1,3074,3075,2977,-1,2980,3076,3077,-1,2979,3075,2980,-1,2981,2978,3077,-1,2978,2980,3077,-1,2982,2981,3078,-1,2981,3077,3078,-1,2983,2982,3079,-1,2982,3078,3079,-1,2984,2983,3080,-1,2983,3079,3080,-1,2985,2984,3081,-1,2984,3080,3081,-1,2986,2985,3082,-1,2985,3081,3082,-1,2987,2986,3083,-1,2986,3082,3083,-1,2988,2987,3084,-1,2987,3083,3084,-1,2989,2988,3085,-1,2988,3084,3085,-1,2990,2989,3086,-1,2989,3085,3086,-1,2991,2990,3087,-1,2990,3086,3087,-1,2992,2991,3088,-1,2991,3087,3088,-1,2993,2992,3089,-1,2992,3088,3089,-1,2994,2993,3090,-1,2993,3089,3090,-1,2995,2994,3091,-1,2994,3090,3091,-1,2996,2995,3092,-1,2995,3091,3092,-1,2997,2996,3093,-1,2996,3092,3093,-1,2998,2997,3094,-1,2997,3093,3094,-1,2999,2998,3095,-1,2998,3094,3095,-1,2901,2999,3096,-1,2999,3095,3096,-1,3000,2901,3097,-1,2901,3096,3097,-1,3001,3000,3098,-1,3000,3097,3098,-1,3003,3005,3001,-1,3001,3098,3003,-1,3006,3005,3002,-1,3005,3003,3002,-1,3007,3006,3099,-1,3006,3002,3099,-1,3008,3007,3100,-1,3007,3099,3100,-1,3009,3008,3101,-1,3008,3100,3101,-1,3010,3009,3102,-1,3009,3101,3102,-1,2909,3010,3103,-1,3010,3102,3103,-1,3011,2909,3104,-1,2909,3103,3104,-1,3012,3104,3105,-1,3011,3104,3012,-1,3014,3013,3106,-1,3013,3012,3106,-1,3015,3014,3107,-1,3014,3106,3107,-1,3016,3015,3108,-1,3015,3107,3108,-1,3017,3016,3109,-1,3016,3108,3109,-1,3018,3017,3110,-1,3017,3109,3110,-1,3019,3018,3111,-1,3018,3110,3111,-1,2917,3019,3112,-1,3019,3111,3112,-1,3020,2917,3113,-1,2917,3112,3113,-1,3021,3020,3114,-1,3020,3113,3114,-1,3025,3021,3023,-1,3114,3023,3021,-1,3026,3025,3022,-1,3025,3023,3022,-1,3027,3026,3115,-1,3026,3022,3115,-1,3028,3027,3116,-1,3027,3115,3116,-1,3029,3028,3117,-1,3028,3116,3117,-1,3030,3029,3118,-1,3029,3117,3118,-1,3031,3030,3119,-1,3030,3118,3119,-1,3032,3031,3120,-1,3031,3119,3120,-1,3033,3032,3121,-1,3032,3120,3121,-1,2928,3033,3122,-1,3033,3121,3122,-1,3034,2928,3123,-1,2928,3122,3123,-1,3038,3034,3035,-1,3123,3035,3034,-1,3039,3038,3037,-1,3038,3035,3037,-1,3040,3039,3124,-1,3039,3037,3124,-1,3041,3040,3125,-1,3040,3124,3125,-1,3042,3041,3126,-1,3041,3125,3126,-1,2934,3042,3127,-1,3042,3126,3127,-1,3043,3127,3128,-1,3127,3043,2934,-1,3045,3044,3129,-1,3044,3043,3129,-1,3046,3045,3130,-1,3045,3129,3130,-1,3047,3046,2846,-1,3130,2846,3046,-1,3048,3047,2845,-1,3047,2846,2845,-1,3049,3048,3131,-1,3048,2845,3131,-1,3050,3049,2738,-1,3131,2738,3049,-1,2751,3050,2737,-1,3050,2738,2737,-1,2752,2751,3132,-1,2751,2737,3132,-1,2753,2138,2749,-1,2749,2752,3132,-1,2298,2745,2369,-1,2668,2671,2204,-1,2670,2669,2668,-1,2669,3133,2667,-1,2667,3133,3051,-1,3133,3134,3051,-1,3134,3135,3052,-1,3134,3052,3051,-1,3135,3136,3053,-1,3135,3053,3052,-1,3136,3137,3054,-1,3136,3054,3053,-1,3137,3138,2947,-1,3137,2947,3054,-1,2948,2947,3138,-1,2948,3139,2946,-1,2946,3139,3055,-1,3139,3140,3055,-1,3055,3140,3056,-1,3140,3141,3056,-1,3141,3142,3057,-1,3141,3057,3056,-1,3142,3143,3058,-1,3142,3058,3057,-1,3143,3144,2954,-1,3143,2954,3058,-1,2955,2954,3144,-1,2955,3145,2956,-1,2956,3145,3059,-1,3145,3146,3059,-1,3146,3147,3060,-1,3146,3060,3059,-1,3147,3148,2866,-1,3147,2866,3060,-1,2864,2866,3148,-1,2864,3149,2865,-1,3149,3150,2643,-1,3149,2643,2865,-1,2644,2643,3150,-1,2644,3151,2645,-1,3151,3062,3061,-1,3151,3061,2645,-1,2965,3062,3152,-1,3152,3153,2965,-1,2965,3153,3063,-1,3153,3154,3063,-1,3154,3155,3064,-1,3154,3064,3063,-1,3155,3066,3065,-1,3155,3065,3064,-1,2969,3066,3156,-1,3156,3157,2969,-1,2969,3157,3067,-1,3157,3158,3067,-1,3067,3158,3068,-1,3158,3159,3068,-1,3159,3160,3069,-1,3159,3069,3068,-1,3160,3161,3070,-1,3160,3070,3069,-1,3161,3162,3071,-1,3161,3071,3070,-1,3162,3163,3072,-1,3162,3072,3071,-1,3163,3164,3073,-1,3163,3073,3072,-1,3164,3165,3074,-1,3164,3074,3073,-1,3165,3166,3075,-1,3165,3075,3074,-1,3167,3075,3166,-1,3075,3167,2980,-1,3076,2980,3167,-1,3076,3168,3077,-1,3077,3168,3078,-1,3168,3169,3078,-1,3078,3169,3079,-1,3169,3170,3079,-1,3079,3170,3080,-1,3170,3171,3080,-1,3080,3171,3081,-1,3171,3172,3081,-1,3081,3172,3082,-1,3172,3173,3082,-1,3082,3173,3083,-1,3173,3174,3083,-1,3083,3174,3084,-1,3174,3175,3084,-1,3084,3175,3085,-1,3175,3176,3085,-1,3085,3176,3086,-1,3176,3177,3086,-1,3086,3177,3087,-1,3177,3178,3087,-1,3087,3178,3088,-1,3178,3179,3088,-1,3088,3179,3089,-1,3179,3180,3089,-1,3089,3180,3090,-1,3180,3181,3090,-1,3090,3181,3091,-1,3181,3182,3091,-1,3091,3182,3092,-1,3182,3183,3092,-1,3183,3184,3093,-1,3183,3093,3092,-1,3184,3185,3094,-1,3184,3094,3093,-1,3185,3186,3095,-1,3185,3095,3094,-1,3186,3187,3096,-1,3186,3096,3095,-1,3187,3188,3097,-1,3187,3097,3096,-1,3188,3189,3098,-1,3188,3098,3097,-1,3003,3189,3190,-1,3189,3003,3098,-1,3004,3003,3190,-1,3004,3191,3002,-1,3002,3191,3099,-1,3191,3192,3099,-1,3099,3192,3100,-1,3192,3193,3100,-1,3193,3194,3101,-1,3193,3101,3100,-1,3194,3195,3102,-1,3194,3102,3101,-1,3195,3196,3103,-1,3195,3103,3102,-1,3196,3105,3104,-1,3196,3104,3103,-1,3012,3105,3197,-1,3197,3198,3012,-1,3012,3198,3106,-1,3198,3199,3106,-1,3106,3199,3107,-1,3199,3200,3107,-1,3107,3200,3108,-1,3200,3201,3108,-1,3201,3202,3109,-1,3201,3109,3108,-1,3202,3203,3110,-1,3202,3110,3109,-1,3203,3204,3111,-1,3203,3111,3110,-1,3204,3205,3112,-1,3204,3112,3111,-1,3205,3206,3113,-1,3205,3113,3112,-1,3206,3207,3114,-1,3206,3114,3113,-1,3207,3208,3023,-1,3207,3023,3114,-1,3024,3023,3208,-1,3024,3209,3022,-1,3022,3209,3115,-1,3209,3210,3115,-1,3115,3210,3116,-1,3210,3211,3116,-1,3116,3211,3117,-1,3211,3212,3117,-1,3117,3212,3118,-1,3212,3213,3118,-1,3118,3213,3119,-1,3213,3214,3119,-1,3214,3215,3120,-1,3214,3120,3119,-1,3215,3216,3121,-1,3215,3121,3120,-1,3216,3217,3122,-1,3216,3122,3121,-1,3217,3218,3123,-1,3217,3123,3122,-1,3218,3219,3035,-1,3218,3035,3123,-1,3036,3035,3219,-1,3036,3220,3037,-1,3037,3220,3124,-1,3220,3221,3124,-1,3124,3221,3125,-1,3221,3222,3125,-1,3222,3223,3126,-1,3222,3126,3125,-1,3223,3128,3127,-1,3223,3127,3126,-1,3128,3224,3043,-1,3224,3225,3043,-1,3043,3225,3129,-1,3225,3226,3129,-1,3226,3227,3130,-1,3226,3130,3129,-1,3227,3228,2846,-1,3227,2846,3130,-1,2847,2846,3228,-1,2847,3229,2845,-1,3229,3230,3131,-1,3229,3131,2845,-1,3230,3231,2738,-1,3230,2738,3131,-1,2739,2738,3231,-1,2739,3232,2737,-1,3232,3233,3132,-1,3232,3132,2737,-1,3233,2753,2749,-1,2749,3132,3233,-1,2369,2749,2138,-1,3234,3235,3236,-1,3236,3237,3234,-1,3238,3239,3240,-1,3240,3241,3238,-1,3242,3238,3241,-1,3241,3243,3242,-1,3244,3242,3243,-1,3243,3245,3244,-1,3246,3244,3245,-1,3245,3247,3246,-1,3248,3246,3247,-1,3247,3249,3248,-1,3250,3248,3249,-1,3249,3251,3250,-1,3239,3250,3251,-1,3251,3240,3239,-1,3249,3247,3245,-1,3249,3245,3251,-1,3251,3245,3240,-1,3245,3243,3241,-1,3245,3241,3240,-1,3252,3253,3254,-1,3255,3256,3257,-1,3255,3258,3256,-1,3259,3252,3260,-1,3254,3258,3260,-1,3254,3260,3252,-1,3253,3261,3262,-1,3258,3255,3260,-1,3253,3262,3254,-1,3262,3261,3258,-1,3256,3258,3261,-1,3263,3264,3265,-1,3266,3267,3268,-1,3269,3270,3271,-1,3264,3263,3272,-1,3273,3271,3270,-1,3273,3274,3271,-1,3269,3266,3275,-1,3276,3277,3278,-1,3267,3278,3268,-1,3279,3280,3281,-1,3282,3279,3283,-1,3280,3279,3282,-1,3280,3277,3281,-1,3263,3284,3285,-1,3281,3277,3276,-1,3276,3278,3267,-1,3268,3275,3266,-1,3275,3270,3269,-1,3286,3273,3287,-1,3273,3286,3274,-1,3287,3288,3289,-1,3273,3288,3287,-1,3289,3288,3290,-1,3263,3290,3284,-1,3290,3288,3284,-1,3263,3285,3272,-1,3291,3292,3293,-1,3294,3295,3296,-1,3297,3298,3299,-1,3300,3301,3302,-1,3303,3304,3294,-1,3305,3304,3306,-1,3293,3307,3291,-1,3307,3305,3308,-1,3292,3291,3309,-1,3292,3309,3310,-1,3311,3312,3313,-1,3314,3315,3310,-1,3316,3312,3315,-1,3317,3318,3302,-1,3319,3318,3320,-1,3297,3299,3320,-1,3321,3322,3323,-1,3320,3299,3319,-1,3322,3324,3323,-1,3325,3326,3324,-1,3320,3318,3317,-1,3318,3300,3302,-1,3301,3311,3302,-1,3301,3312,3311,-1,3313,3312,3316,-1,3316,3315,3314,-1,3327,3328,3329,-1,3314,3310,3309,-1,3291,3307,3308,-1,3305,3306,3308,-1,3304,3303,3306,-1,3304,3295,3294,-1,3296,3321,3294,-1,3330,3325,3324,-1,3296,3322,3321,-1,3329,3330,3324,-1,3330,3329,3328,-1,3323,3324,3326,-1,3331,3332,3333,-1,3334,3335,3336,-1,3337,3331,3338,-1,3339,3338,3340,-1,3341,3342,3343,-1,3344,3345,3341,-1,3346,3343,3342,-1,3347,3348,3335,-1,3349,3350,3351,-1,3352,3353,3348,-1,3354,3355,3352,-1,3355,3356,3352,-1,3357,3358,3359,-1,3358,3360,3359,-1,3360,3361,3359,-1,3362,3361,3360,-1,3334,3362,3360,-1,3363,3340,3364,-1,3364,3357,3365,-1,3364,3358,3357,-1,3362,3334,3336,-1,3335,3334,3347,-1,3335,3348,3353,-1,3352,3348,3354,-1,3356,3355,3366,-1,3366,3350,3349,-1,3355,3350,3366,-1,3351,3343,3346,-1,3350,3343,3351,-1,3341,3345,3342,-1,3367,3344,3368,-1,3344,3367,3345,-1,3368,3369,3370,-1,3344,3369,3368,-1,3371,3369,3372,-1,3370,3369,3371,-1,3371,3373,3374,-1,3372,3373,3371,-1,3332,3373,3333,-1,3374,3373,3332,-1,3331,3337,3332,-1,3331,3340,3338,-1,3339,3340,3363,-1,3363,3364,3365,-1,3375,3376,3377,-1,3377,3378,3379,-1,3377,3380,3375,-1,3377,3381,3378,-1,3377,3379,3380,-1,3382,3383,3384,-1,3383,3385,3384,-1,3386,3387,3388,-1,3383,3389,3385,-1,3390,3391,3392,-1,3386,3388,3393,-1,3387,3386,3394,-1,3395,3387,3394,-1,3395,3396,3397,-1,3398,3399,3391,-1,3400,3390,3401,-1,3400,3401,3402,-1,3390,3392,3401,-1,3403,3404,3405,-1,3406,3407,3408,-1,3399,3398,3397,-1,3392,3391,3399,-1,3397,3398,3395,-1,3396,3395,3394,-1,3409,3410,3411,-1,3393,3412,3413,-1,3388,3412,3393,-1,3409,3412,3410,-1,3413,3412,3409,-1,3414,3410,3415,-1,3411,3410,3414,-1,3414,3415,3384,-1,3384,3415,3416,-1,3417,3418,3419,-1,3418,3382,3419,-1,3417,3420,3418,-1,3406,3404,3407,-1,3416,3419,3382,-1,3421,3389,3422,-1,3416,3382,3384,-1,3423,3389,3421,-1,3389,3423,3385,-1,3389,3424,3422,-1,3422,3424,3425,-1,3426,3427,3428,-1,3424,3426,3425,-1,3429,3430,3407,-1,3431,3432,3429,-1,3433,3434,3435,-1,3436,3433,3435,-1,3434,3432,3435,-1,3433,3436,3437,-1,3431,3435,3432,-1,3432,3430,3429,-1,3430,3408,3407,-1,3405,3404,3406,-1,3403,3405,3428,-1,3428,3427,3403,-1,3438,3426,3428,-1,3426,3438,3425,-1,3439,3440,3441,-1,3442,3443,3444,-1,3442,3445,3443,-1,3446,3439,3447,-1,3441,3445,3447,-1,3441,3447,3439,-1,3440,3448,3449,-1,3445,3442,3447,-1,3440,3449,3441,-1,3449,3448,3445,-1,3443,3445,3448,-1,3450,3451,3452,-1,3450,3452,3453,-1,3453,3452,3454,-1,3452,3455,3456,-1,3452,3456,3454,-1,3457,3458,3459,-1,3460,3461,3462,-1,3463,3464,3465,-1,3458,3457,3466,-1,3467,3465,3464,-1,3467,3468,3465,-1,3463,3460,3469,-1,3470,3471,3472,-1,3461,3472,3462,-1,3473,3474,3475,-1,3476,3473,3477,-1,3474,3473,3476,-1,3474,3471,3475,-1,3457,3478,3479,-1,3475,3471,3470,-1,3470,3472,3461,-1,3462,3469,3460,-1,3469,3464,3463,-1,3480,3467,3481,-1,3467,3480,3468,-1,3481,3482,3483,-1,3467,3482,3481,-1,3483,3482,3484,-1,3457,3484,3478,-1,3484,3482,3478,-1,3457,3479,3466,-1,3485,3486,3487,-1,3488,3489,3490,-1,3491,3485,3492,-1,3493,3492,3494,-1,3495,3496,3497,-1,3498,3499,3495,-1,3500,3497,3496,-1,3501,3502,3489,-1,3503,3504,3505,-1,3506,3507,3502,-1,3508,3509,3506,-1,3509,3510,3506,-1,3511,3512,3513,-1,3512,3514,3513,-1,3514,3515,3513,-1,3516,3515,3514,-1,3488,3516,3514,-1,3517,3494,3518,-1,3518,3511,3519,-1,3518,3512,3511,-1,3516,3488,3490,-1,3489,3488,3501,-1,3489,3502,3507,-1,3506,3502,3508,-1,3510,3509,3520,-1,3520,3504,3503,-1,3509,3504,3520,-1,3505,3497,3500,-1,3504,3497,3505,-1,3495,3499,3496,-1,3521,3498,3522,-1,3498,3521,3499,-1,3522,3523,3524,-1,3498,3523,3522,-1,3525,3523,3526,-1,3524,3523,3525,-1,3525,3527,3528,-1,3526,3527,3525,-1,3486,3527,3487,-1,3528,3527,3486,-1,3485,3491,3486,-1,3485,3494,3492,-1,3493,3494,3517,-1,3517,3518,3519,-1,3529,3530,3531,-1,3531,3532,3533,-1,3531,3534,3529,-1,3531,3535,3532,-1,3531,3533,3534,-1,3536,3537,3261,-1,3261,3253,3536,-1,3538,3536,3253,-1,3253,3252,3538,-1,3539,3538,3252,-1,3252,3259,3539,-1,3540,3539,3259,-1,3259,3260,3540,-1,3541,3540,3260,-1,3260,3255,3541,-1,3542,3541,3255,-1,3255,3257,3542,-1,3543,3542,3257,-1,3257,3256,3543,-1,3537,3543,3256,-1,3256,3261,3537,-1,3544,3545,3254,-1,3254,3262,3544,-1,3546,3544,3262,-1,3262,3258,3546,-1,3545,3546,3258,-1,3258,3254,3545,-1,3547,3548,3272,-1,3272,3285,3547,-1,3549,3547,3285,-1,3285,3284,3549,-1,3550,3549,3284,-1,3284,3288,3550,-1,3551,3550,3288,-1,3288,3273,3551,-1,3552,3551,3273,-1,3273,3270,3552,-1,3553,3552,3270,-1,3270,3275,3553,-1,3554,3553,3275,-1,3275,3268,3554,-1,3555,3554,3268,-1,3268,3278,3555,-1,3556,3555,3278,-1,3278,3277,3556,-1,3557,3556,3277,-1,3277,3280,3557,-1,3558,3557,3280,-1,3280,3282,3558,-1,3559,3558,3282,-1,3282,3283,3559,-1,3560,3559,3283,-1,3283,3279,3560,-1,3561,3560,3279,-1,3279,3281,3561,-1,3562,3561,3281,-1,3281,3276,3562,-1,3563,3562,3276,-1,3276,3267,3563,-1,3564,3563,3267,-1,3267,3266,3564,-1,3565,3564,3266,-1,3266,3269,3565,-1,3566,3565,3269,-1,3269,3271,3566,-1,3567,3566,3271,-1,3271,3274,3567,-1,3568,3567,3274,-1,3274,3286,3568,-1,3569,3568,3286,-1,3286,3287,3569,-1,3570,3569,3287,-1,3287,3289,3570,-1,3571,3570,3289,-1,3289,3290,3571,-1,3572,3571,3290,-1,3290,3263,3572,-1,3573,3572,3263,-1,3263,3265,3573,-1,3574,3573,3265,-1,3265,3264,3574,-1,3548,3574,3264,-1,3264,3272,3548,-1,3575,3576,3323,-1,3323,3326,3575,-1,3577,3575,3326,-1,3326,3325,3577,-1,3578,3577,3325,-1,3325,3330,3578,-1,3579,3578,3330,-1,3330,3328,3579,-1,3580,3579,3328,-1,3328,3327,3580,-1,3581,3580,3327,-1,3327,3329,3581,-1,3582,3581,3329,-1,3329,3324,3582,-1,3583,3582,3324,-1,3324,3322,3583,-1,3584,3583,3322,-1,3322,3296,3584,-1,3585,3584,3296,-1,3296,3295,3585,-1,3586,3585,3295,-1,3295,3304,3586,-1,3587,3586,3304,-1,3304,3305,3587,-1,3588,3587,3305,-1,3305,3307,3588,-1,3589,3588,3307,-1,3307,3293,3589,-1,3590,3589,3293,-1,3293,3292,3590,-1,3591,3590,3292,-1,3292,3310,3591,-1,3592,3591,3310,-1,3310,3315,3592,-1,3593,3592,3315,-1,3315,3312,3593,-1,3594,3593,3312,-1,3312,3301,3594,-1,3595,3594,3301,-1,3301,3300,3595,-1,3596,3595,3300,-1,3300,3318,3596,-1,3597,3596,3318,-1,3318,3319,3597,-1,3598,3597,3319,-1,3319,3299,3598,-1,3599,3598,3299,-1,3299,3298,3599,-1,3600,3599,3298,-1,3298,3297,3600,-1,3601,3600,3297,-1,3297,3320,3601,-1,3602,3601,3320,-1,3320,3317,3602,-1,3603,3602,3317,-1,3317,3302,3603,-1,3604,3603,3302,-1,3302,3311,3604,-1,3605,3604,3311,-1,3311,3313,3605,-1,3606,3605,3313,-1,3313,3316,3606,-1,3607,3606,3316,-1,3316,3314,3607,-1,3608,3607,3314,-1,3314,3309,3608,-1,3609,3608,3309,-1,3309,3291,3609,-1,3610,3609,3291,-1,3291,3308,3610,-1,3611,3610,3308,-1,3308,3306,3611,-1,3612,3611,3306,-1,3306,3303,3612,-1,3613,3612,3303,-1,3303,3294,3613,-1,3614,3613,3294,-1,3294,3321,3614,-1,3576,3614,3321,-1,3321,3323,3576,-1,3615,3616,3365,-1,3365,3357,3615,-1,3617,3615,3357,-1,3357,3359,3617,-1,3618,3617,3359,-1,3359,3361,3618,-1,3619,3618,3361,-1,3361,3362,3619,-1,3620,3619,3362,-1,3362,3336,3620,-1,3621,3620,3336,-1,3336,3335,3621,-1,3622,3621,3335,-1,3335,3353,3622,-1,3623,3622,3353,-1,3353,3352,3623,-1,3624,3623,3352,-1,3352,3356,3624,-1,3625,3624,3356,-1,3356,3366,3625,-1,3626,3625,3366,-1,3366,3349,3626,-1,3627,3626,3349,-1,3349,3351,3627,-1,3628,3627,3351,-1,3351,3346,3628,-1,3629,3628,3346,-1,3346,3342,3629,-1,3630,3629,3342,-1,3342,3345,3630,-1,3631,3630,3345,-1,3345,3367,3631,-1,3632,3631,3367,-1,3367,3368,3632,-1,3633,3632,3368,-1,3368,3370,3633,-1,3634,3633,3370,-1,3370,3371,3634,-1,3635,3634,3371,-1,3371,3374,3635,-1,3636,3635,3374,-1,3374,3332,3636,-1,3637,3636,3332,-1,3332,3337,3637,-1,3638,3637,3337,-1,3337,3338,3638,-1,3639,3638,3338,-1,3338,3339,3639,-1,3640,3639,3339,-1,3339,3363,3640,-1,3616,3640,3363,-1,3363,3365,3616,-1,3641,3642,3360,-1,3360,3358,3641,-1,3643,3641,3358,-1,3358,3364,3643,-1,3644,3643,3364,-1,3364,3340,3644,-1,3645,3644,3340,-1,3340,3331,3645,-1,3646,3645,3331,-1,3331,3333,3646,-1,3647,3646,3333,-1,3333,3373,3647,-1,3648,3647,3373,-1,3373,3372,3648,-1,3649,3648,3372,-1,3372,3369,3649,-1,3650,3649,3369,-1,3369,3344,3650,-1,3651,3650,3344,-1,3344,3341,3651,-1,3652,3651,3341,-1,3341,3343,3652,-1,3653,3652,3343,-1,3343,3350,3653,-1,3654,3653,3350,-1,3350,3355,3654,-1,3655,3654,3355,-1,3355,3354,3655,-1,3656,3655,3354,-1,3354,3348,3656,-1,3657,3656,3348,-1,3348,3347,3657,-1,3658,3657,3347,-1,3347,3334,3658,-1,3642,3658,3334,-1,3334,3360,3642,-1,3659,3660,3375,-1,3375,3380,3659,-1,3661,3659,3380,-1,3380,3379,3661,-1,3662,3661,3379,-1,3379,3378,3662,-1,3663,3662,3378,-1,3378,3381,3663,-1,3664,3663,3381,-1,3381,3377,3664,-1,3665,3664,3377,-1,3377,3376,3665,-1,3660,3665,3376,-1,3376,3375,3660,-1,3666,3667,3425,-1,3425,3438,3666,-1,3668,3666,3438,-1,3438,3428,3668,-1,3669,3668,3428,-1,3428,3405,3669,-1,3670,3669,3405,-1,3405,3406,3670,-1,3671,3670,3406,-1,3406,3408,3671,-1,3672,3671,3408,-1,3408,3430,3672,-1,3673,3672,3430,-1,3430,3432,3673,-1,3674,3673,3432,-1,3432,3434,3674,-1,3675,3674,3434,-1,3434,3433,3675,-1,3676,3675,3433,-1,3433,3437,3676,-1,3677,3676,3437,-1,3437,3436,3677,-1,3678,3677,3436,-1,3436,3435,3678,-1,3679,3678,3435,-1,3435,3431,3679,-1,3680,3679,3431,-1,3431,3429,3680,-1,3681,3680,3429,-1,3429,3407,3681,-1,3682,3681,3407,-1,3407,3404,3682,-1,3683,3682,3404,-1,3404,3403,3683,-1,3684,3683,3403,-1,3403,3427,3684,-1,3685,3684,3427,-1,3427,3426,3685,-1,3686,3685,3426,-1,3426,3424,3686,-1,3687,3686,3424,-1,3424,3389,3687,-1,3688,3687,3389,-1,3389,3383,3688,-1,3689,3688,3383,-1,3383,3382,3689,-1,3690,3689,3382,-1,3382,3418,3690,-1,3691,3690,3418,-1,3418,3420,3691,-1,3692,3691,3420,-1,3420,3417,3692,-1,3693,3692,3417,-1,3417,3419,3693,-1,3694,3693,3419,-1,3419,3416,3694,-1,3695,3694,3416,-1,3416,3415,3695,-1,3696,3695,3415,-1,3415,3410,3696,-1,3697,3696,3410,-1,3410,3412,3697,-1,3698,3697,3412,-1,3412,3388,3698,-1,3699,3698,3388,-1,3388,3387,3699,-1,3700,3699,3387,-1,3387,3395,3700,-1,3701,3700,3395,-1,3395,3398,3701,-1,3702,3701,3398,-1,3398,3391,3702,-1,3703,3702,3391,-1,3391,3390,3703,-1,3704,3703,3390,-1,3390,3400,3704,-1,3705,3704,3400,-1,3400,3402,3705,-1,3706,3705,3402,-1,3402,3401,3706,-1,3707,3706,3401,-1,3401,3392,3707,-1,3708,3707,3392,-1,3392,3399,3708,-1,3709,3708,3399,-1,3399,3397,3709,-1,3710,3709,3397,-1,3397,3396,3710,-1,3711,3710,3396,-1,3396,3394,3711,-1,3712,3711,3394,-1,3394,3386,3712,-1,3713,3712,3386,-1,3386,3393,3713,-1,3714,3713,3393,-1,3393,3413,3714,-1,3715,3714,3413,-1,3413,3409,3715,-1,3716,3715,3409,-1,3409,3411,3716,-1,3717,3716,3411,-1,3411,3414,3717,-1,3718,3717,3414,-1,3414,3384,3718,-1,3719,3718,3384,-1,3384,3385,3719,-1,3720,3719,3385,-1,3385,3423,3720,-1,3721,3720,3423,-1,3423,3421,3721,-1,3722,3721,3421,-1,3421,3422,3722,-1,3667,3722,3422,-1,3422,3425,3667,-1,3723,3724,3448,-1,3448,3440,3723,-1,3725,3723,3440,-1,3440,3439,3725,-1,3726,3725,3439,-1,3439,3446,3726,-1,3727,3726,3446,-1,3446,3447,3727,-1,3728,3727,3447,-1,3447,3442,3728,-1,3729,3728,3442,-1,3442,3444,3729,-1,3730,3729,3444,-1,3444,3443,3730,-1,3724,3730,3443,-1,3443,3448,3724,-1,3731,3732,3441,-1,3441,3449,3731,-1,3733,3731,3449,-1,3449,3445,3733,-1,3732,3733,3445,-1,3445,3441,3732,-1,3734,3735,3454,-1,3454,3456,3734,-1,3736,3734,3456,-1,3456,3455,3736,-1,3737,3736,3455,-1,3455,3452,3737,-1,3738,3737,3452,-1,3452,3451,3738,-1,3739,3738,3451,-1,3451,3450,3739,-1,3740,3739,3450,-1,3450,3453,3740,-1,3735,3740,3453,-1,3453,3454,3735,-1,3741,3742,3466,-1,3466,3479,3741,-1,3743,3741,3479,-1,3479,3478,3743,-1,3744,3743,3478,-1,3478,3482,3744,-1,3745,3744,3482,-1,3482,3467,3745,-1,3746,3745,3467,-1,3467,3464,3746,-1,3747,3746,3464,-1,3464,3469,3747,-1,3748,3747,3469,-1,3469,3462,3748,-1,3749,3748,3462,-1,3462,3472,3749,-1,3750,3749,3472,-1,3472,3471,3750,-1,3751,3750,3471,-1,3471,3474,3751,-1,3752,3751,3474,-1,3474,3476,3752,-1,3753,3752,3476,-1,3476,3477,3753,-1,3754,3753,3477,-1,3477,3473,3754,-1,3755,3754,3473,-1,3473,3475,3755,-1,3756,3755,3475,-1,3475,3470,3756,-1,3757,3756,3470,-1,3470,3461,3757,-1,3758,3757,3461,-1,3461,3460,3758,-1,3759,3758,3460,-1,3460,3463,3759,-1,3760,3759,3463,-1,3463,3465,3760,-1,3761,3760,3465,-1,3465,3468,3761,-1,3762,3761,3468,-1,3468,3480,3762,-1,3763,3762,3480,-1,3480,3481,3763,-1,3764,3763,3481,-1,3481,3483,3764,-1,3765,3764,3483,-1,3483,3484,3765,-1,3766,3765,3484,-1,3484,3457,3766,-1,3767,3766,3457,-1,3457,3459,3767,-1,3768,3767,3459,-1,3459,3458,3768,-1,3742,3768,3458,-1,3458,3466,3742,-1,3769,3770,3519,-1,3519,3511,3769,-1,3771,3769,3511,-1,3511,3513,3771,-1,3772,3771,3513,-1,3513,3515,3772,-1,3773,3772,3515,-1,3515,3516,3773,-1,3774,3773,3516,-1,3516,3490,3774,-1,3775,3774,3490,-1,3490,3489,3775,-1,3776,3775,3489,-1,3489,3507,3776,-1,3777,3776,3507,-1,3507,3506,3777,-1,3778,3777,3506,-1,3506,3510,3778,-1,3779,3778,3510,-1,3510,3520,3779,-1,3780,3779,3520,-1,3520,3503,3780,-1,3781,3780,3503,-1,3503,3505,3781,-1,3782,3781,3505,-1,3505,3500,3782,-1,3783,3782,3500,-1,3500,3496,3783,-1,3784,3783,3496,-1,3496,3499,3784,-1,3785,3784,3499,-1,3499,3521,3785,-1,3786,3785,3521,-1,3521,3522,3786,-1,3787,3786,3522,-1,3522,3524,3787,-1,3788,3787,3524,-1,3524,3525,3788,-1,3789,3788,3525,-1,3525,3528,3789,-1,3790,3789,3528,-1,3528,3486,3790,-1,3791,3790,3486,-1,3486,3491,3791,-1,3792,3791,3491,-1,3491,3492,3792,-1,3793,3792,3492,-1,3492,3493,3793,-1,3794,3793,3493,-1,3493,3517,3794,-1,3770,3794,3517,-1,3517,3519,3770,-1,3795,3796,3514,-1,3514,3512,3795,-1,3797,3795,3512,-1,3512,3518,3797,-1,3798,3797,3518,-1,3518,3494,3798,-1,3799,3798,3494,-1,3494,3485,3799,-1,3800,3799,3485,-1,3485,3487,3800,-1,3801,3800,3487,-1,3487,3527,3801,-1,3802,3801,3527,-1,3527,3526,3802,-1,3803,3802,3526,-1,3526,3523,3803,-1,3804,3803,3523,-1,3523,3498,3804,-1,3805,3804,3498,-1,3498,3495,3805,-1,3806,3805,3495,-1,3495,3497,3806,-1,3807,3806,3497,-1,3497,3504,3807,-1,3808,3807,3504,-1,3504,3509,3808,-1,3809,3808,3509,-1,3509,3508,3809,-1,3810,3809,3508,-1,3508,3502,3810,-1,3811,3810,3502,-1,3502,3501,3811,-1,3812,3811,3501,-1,3501,3488,3812,-1,3796,3812,3488,-1,3488,3514,3796,-1,3813,3814,3529,-1,3529,3534,3813,-1,3815,3813,3534,-1,3534,3533,3815,-1,3816,3815,3533,-1,3533,3532,3816,-1,3817,3816,3532,-1,3532,3535,3817,-1,3818,3817,3535,-1,3535,3531,3818,-1,3819,3818,3531,-1,3531,3530,3819,-1,3814,3819,3530,-1,3530,3529,3814,-1,3820,3821,3822,-1,3822,3823,3820,-1,3824,3825,3826,-1,3820,3823,3824,-1,3824,3826,3820,-1,3826,3825,3827,-1,3825,3828,3827,-1,3827,3828,3829,-1,3830,3829,3828,-1,3828,3831,3830,-1,3832,3833,3834,-1,3830,3831,3832,-1,3832,3834,3830,-1,3834,3833,3835,-1,3833,3836,3835,-1,3835,3836,3837,-1,3838,3837,3836,-1,3836,3839,3838,-1,3840,3841,3842,-1,3838,3839,3840,-1,3840,3842,3838,-1,3842,3841,3843,-1,3841,3844,3843,-1,3843,3844,3845,-1,3846,3845,3844,-1,3844,3847,3846,-1,3848,3849,3850,-1,3846,3847,3848,-1,3848,3850,3846,-1,3850,3849,3851,-1,3849,3822,3851,-1,3851,3822,3821,-1,3852,3853,3854,-1,3855,3856,3857,-1,3858,3859,3854,-1,3854,3859,3852,-1,3836,3854,3860,-1,3860,3839,3836,-1,3861,3849,3862,-1,3840,3839,3863,-1,3864,3865,3866,-1,3866,3865,3867,-1,3868,3869,3870,-1,3871,3872,3868,-1,3868,3872,3869,-1,3871,3868,3873,-1,3873,3865,3871,-1,3873,3874,3865,-1,3875,3874,3873,-1,3863,3864,3866,-1,3874,3867,3865,-1,3876,3877,3878,-1,3863,3879,3864,-1,3880,3881,3882,-1,3883,3876,3878,-1,3884,3885,3886,-1,3878,3885,3884,-1,3887,3885,3888,-1,3888,3885,3889,-1,3881,3885,3887,-1,3890,3889,3885,-1,3881,3880,3891,-1,3881,3892,3882,-1,3893,3894,3895,-1,3896,3895,3894,-1,3897,3898,3895,-1,3897,3899,3898,-1,3899,3897,3900,-1,3901,3822,3849,-1,3898,3902,3895,-1,3893,3895,3902,-1,3903,3904,3844,-1,3892,3893,3905,-1,3902,3905,3893,-1,3905,3882,3892,-1,3906,3907,3903,-1,3885,3881,3908,-1,3891,3908,3881,-1,3885,3908,3886,-1,3909,3878,3884,-1,3910,3876,3883,-1,3883,3878,3909,-1,3910,3911,3912,-1,3911,3910,3883,-1,3906,3911,3907,-1,3912,3911,3906,-1,3906,3903,3863,-1,3822,3901,3823,-1,3861,3913,3901,-1,3901,3849,3861,-1,3855,3823,3901,-1,3855,3914,3824,-1,3855,3915,3916,-1,3857,3915,3855,-1,3855,3916,3914,-1,3833,3832,3858,-1,3903,3841,3863,-1,3848,3904,3849,-1,3862,3849,3904,-1,3904,3848,3847,-1,3844,3841,3903,-1,3904,3847,3844,-1,3839,3879,3863,-1,3863,3841,3840,-1,3879,3839,3860,-1,3833,3854,3836,-1,3831,3914,3858,-1,3854,3833,3858,-1,3858,3832,3831,-1,3828,3914,3831,-1,3824,3914,3825,-1,3914,3828,3825,-1,3855,3824,3823,-1,3917,3918,3919,-1,3920,3921,3922,-1,3918,3923,3919,-1,3924,3925,3926,-1,3927,3928,3929,-1,3930,3931,3932,-1,3933,3934,3935,-1,3936,3931,3937,-1,3938,3936,3939,-1,3940,3935,3934,-1,3940,3936,3938,-1,3941,3932,3942,-1,3942,3925,3943,-1,3944,3945,3926,-1,3921,3946,3947,-1,3946,3948,3949,-1,3950,3951,3952,-1,3929,3928,3953,-1,3954,3953,3917,-1,3955,3956,3957,-1,3956,3958,3923,-1,3923,3958,3919,-1,3948,3933,3949,-1,3949,3947,3946,-1,3922,3959,3960,-1,3920,3955,3957,-1,3922,3921,3947,-1,3948,3934,3933,-1,3938,3935,3940,-1,3924,3926,3945,-1,3939,3936,3937,-1,3937,3931,3930,-1,3930,3932,3941,-1,3941,3942,3943,-1,3943,3925,3924,-1,3944,3952,3945,-1,3950,3927,3951,-1,3944,3950,3952,-1,3951,3927,3929,-1,3917,3953,3928,-1,3960,3959,3961,-1,3960,3920,3922,-1,3957,3921,3920,-1,3962,3961,3959,-1,3957,3956,3963,-1,3923,3963,3956,-1,3954,3919,3961,-1,3917,3919,3954,-1,3954,3961,3962,-1,3964,3965,3966,-1,3967,3968,3969,-1,3970,3971,3972,-1,3973,3974,3975,-1,3975,3976,3977,-1,3978,3971,3979,-1,3980,3981,3972,-1,3982,3983,3980,-1,3984,3983,3982,-1,3982,3985,3984,-1,3966,3986,3987,-1,3985,3988,3989,-1,3990,3236,3964,-1,3237,3236,3990,-1,3991,3237,3990,-1,3992,3993,3994,-1,3995,3996,3994,-1,3997,3998,3995,-1,3969,3968,3997,-1,3977,3999,4000,-1,3968,3998,3997,-1,3998,3996,3995,-1,3996,3992,3994,-1,3993,3991,3994,-1,3993,3237,3991,-1,3964,3236,3965,-1,3965,3986,3966,-1,3986,3988,3987,-1,3987,3988,3985,-1,3989,3984,3985,-1,3980,3983,3981,-1,3972,3981,3970,-1,3970,3979,3971,-1,3978,3973,3971,-1,3978,3974,3973,-1,3974,3976,3975,-1,3976,3999,3977,-1,3999,4001,4000,-1,4002,4003,4004,-1,4005,4006,4007,-1,4008,4009,4010,-1,4011,4010,4009,-1,4012,4013,4014,-1,4015,4016,4011,-1,4012,4007,4017,-1,4018,4019,4005,-1,4020,4021,4018,-1,4022,4021,4020,-1,4020,4023,4022,-1,4023,4024,4025,-1,4023,4026,4022,-1,4023,4025,4026,-1,4018,4021,4019,-1,4019,4006,4005,-1,4006,4017,4007,-1,4012,4014,4007,-1,4013,4015,4014,-1,4013,4016,4015,-1,4016,4010,4011,-1,4008,4003,4009,-1,4008,4004,4003,-1,4004,4027,4002,-1,4028,4029,4030,-1,4031,4032,4033,-1,4030,4034,4035,-1,4036,4037,4038,-1,4039,4035,4034,-1,4028,4040,4041,-1,4041,4029,4028,-1,4042,4040,4038,-1,4043,4036,4038,-1,4044,4045,4046,-1,4030,4047,4034,-1,4048,4049,4050,-1,4051,4052,4053,-1,4054,4055,4056,-1,4047,4030,4029,-1,4057,4058,4059,-1,4060,4061,4058,-1,4062,4039,4034,-1,4062,4063,4039,-1,4064,4065,4066,-1,4067,4066,4063,-1,4068,4069,4070,-1,4068,4070,4071,-1,4050,4072,4071,-1,4052,4073,4055,-1,4046,4045,4053,-1,4051,4053,4045,-1,4052,4051,4073,-1,4073,4056,4055,-1,4054,4048,4055,-1,4054,4049,4048,-1,4049,4072,4050,-1,4072,4068,4071,-1,4064,4070,4069,-1,4069,4065,4064,-1,4066,4067,4064,-1,4067,4063,4062,-1,4074,4031,4075,-1,4032,4060,4033,-1,4040,4042,4041,-1,4042,4038,4037,-1,4036,4043,4076,-1,4076,4077,4078,-1,4043,4077,4076,-1,4078,4079,4057,-1,4077,4079,4078,-1,4079,4058,4057,-1,4059,4058,4061,-1,4061,4060,4032,-1,4033,4075,4031,-1,4075,4080,4074,-1,4074,4080,4081,-1,4082,4083,4084,-1,4085,4086,4087,-1,4088,4082,4089,-1,4090,4089,4091,-1,4092,4093,4094,-1,4095,4096,4092,-1,4097,4094,4093,-1,4098,4099,4086,-1,4100,4101,4102,-1,4103,4104,4099,-1,4105,4106,4103,-1,4106,4107,4103,-1,4108,4109,4110,-1,4109,4111,4110,-1,4111,4112,4110,-1,4113,4112,4111,-1,4085,4113,4111,-1,4114,4091,4115,-1,4115,4108,4116,-1,4115,4109,4108,-1,4113,4085,4087,-1,4086,4085,4098,-1,4086,4099,4104,-1,4103,4099,4105,-1,4107,4106,4117,-1,4117,4101,4100,-1,4106,4101,4117,-1,4102,4094,4097,-1,4101,4094,4102,-1,4092,4096,4093,-1,4118,4095,4119,-1,4095,4118,4096,-1,4119,4120,4121,-1,4095,4120,4119,-1,4122,4120,4123,-1,4121,4120,4122,-1,4122,4124,4125,-1,4123,4124,4122,-1,4083,4124,4084,-1,4125,4124,4083,-1,4082,4088,4083,-1,4082,4091,4089,-1,4090,4091,4114,-1,4114,4115,4116,-1,4126,4127,4128,-1,4129,4130,4131,-1,4132,4133,4134,-1,4127,4126,4135,-1,4136,4134,4133,-1,4136,4137,4134,-1,4132,4129,4138,-1,4139,4140,4141,-1,4130,4141,4131,-1,4142,4143,4144,-1,4145,4142,4146,-1,4143,4142,4145,-1,4143,4140,4144,-1,4126,4147,4148,-1,4144,4140,4139,-1,4139,4141,4130,-1,4131,4138,4129,-1,4138,4133,4132,-1,4149,4136,4150,-1,4136,4149,4137,-1,4150,4151,4152,-1,4136,4151,4150,-1,4152,4151,4153,-1,4126,4153,4147,-1,4153,4151,4147,-1,4126,4148,4135,-1,4154,4155,4156,-1,4157,4158,4159,-1,4160,4161,4162,-1,4155,4154,4163,-1,4164,4162,4161,-1,4164,4165,4162,-1,4160,4157,4166,-1,4167,4168,4169,-1,4158,4169,4159,-1,4170,4171,4172,-1,4173,4170,4174,-1,4171,4170,4173,-1,4171,4168,4172,-1,4154,4175,4176,-1,4172,4168,4167,-1,4167,4169,4158,-1,4159,4166,4157,-1,4166,4161,4160,-1,4177,4164,4178,-1,4164,4177,4165,-1,4178,4179,4180,-1,4164,4179,4178,-1,4180,4179,4181,-1,4154,4181,4175,-1,4181,4179,4175,-1,4154,4176,4163,-1,3856,3855,4182,-1,3916,3915,4183,-1,3857,4184,4185,-1,3914,4186,4187,-1,4186,3914,3916,-1,4183,3915,4185,-1,4186,3916,4183,-1,3857,3856,4184,-1,3915,3857,4185,-1,4182,4184,3856,-1,4188,4182,3855,-1,3855,3901,4188,-1,3862,3904,4189,-1,3901,3913,4190,-1,3861,4191,4192,-1,4188,3901,4190,-1,3861,4192,3913,-1,4190,3913,4192,-1,3862,4189,4191,-1,3861,3862,4191,-1,4193,3904,3903,-1,4193,4189,3904,-1,3911,4194,4195,-1,4193,3907,4195,-1,3911,4195,3907,-1,3903,3907,4193,-1,3883,4194,3911,-1,4196,3883,3909,-1,3883,4196,4194,-1,4196,3909,4197,-1,4198,4197,3909,-1,3909,3884,4198,-1,3891,4199,3908,-1,3886,3908,4200,-1,4199,4200,3908,-1,4198,3884,3886,-1,3886,4200,4198,-1,4199,3891,4201,-1,4201,3880,4202,-1,3880,4201,3891,-1,3880,3882,4202,-1,4202,3882,4203,-1,4204,4203,3882,-1,3882,3905,4204,-1,3900,3897,4205,-1,3902,3898,4206,-1,3899,4207,4208,-1,3905,4209,4204,-1,4209,3905,3902,-1,4206,3898,4208,-1,4209,3902,4206,-1,3899,3900,4207,-1,3898,3899,4208,-1,4205,4207,3900,-1,4210,4205,3897,-1,3897,3895,4210,-1,3893,3892,4211,-1,3895,3896,4212,-1,3894,4213,4214,-1,4210,3895,4212,-1,3894,4214,3896,-1,4212,3896,4214,-1,3893,4211,4213,-1,3894,3893,4213,-1,4215,4211,3892,-1,3892,3881,4215,-1,3890,3885,4216,-1,3887,3888,4217,-1,3889,4218,4219,-1,3881,4220,4215,-1,4220,3881,3887,-1,4217,3888,4219,-1,4220,3887,4217,-1,3889,3890,4218,-1,3888,3889,4219,-1,4216,4218,3890,-1,4221,4216,3885,-1,3885,3878,4221,-1,3912,3906,4222,-1,3877,3876,4223,-1,3910,4224,4225,-1,3878,4226,4221,-1,4226,3878,3877,-1,4223,3876,4225,-1,4226,3877,4223,-1,3910,3912,4224,-1,3876,3910,4225,-1,4222,4224,3912,-1,4227,4222,3906,-1,3906,3863,4227,-1,4228,4227,3863,-1,3863,3866,4228,-1,3875,3873,4229,-1,3866,3867,4230,-1,3874,4231,4232,-1,4228,3866,4230,-1,3874,4232,3867,-1,4230,3867,4232,-1,3875,4229,4231,-1,3874,3875,4231,-1,4233,4229,3873,-1,3873,3868,4233,-1,3871,3865,4234,-1,3870,3869,4235,-1,3872,4236,4237,-1,3868,4238,4233,-1,4238,3868,3870,-1,4235,3869,4237,-1,4238,3870,4235,-1,3872,3871,4236,-1,3869,3872,4237,-1,4234,4236,3871,-1,4239,4234,3865,-1,3865,3864,4239,-1,4239,3879,4240,-1,3864,3879,4239,-1,3860,4240,3879,-1,4240,3860,4241,-1,4242,4241,3860,-1,3860,3854,4242,-1,3859,3858,4243,-1,3854,3853,4244,-1,3852,4245,4246,-1,4242,3854,4244,-1,3852,4246,3853,-1,4244,3853,4246,-1,3859,4243,4245,-1,3852,3859,4245,-1,4187,4243,3858,-1,3858,3914,4187,-1,4247,4248,3920,-1,3920,3960,4247,-1,4249,4247,3960,-1,3960,3961,4249,-1,4250,4249,3961,-1,3961,3919,4250,-1,4251,4250,3919,-1,3919,3958,4251,-1,4252,4251,3958,-1,3958,3956,4252,-1,4253,4252,3956,-1,3956,3955,4253,-1,4248,4253,3955,-1,3955,3920,4248,-1,4254,4255,3918,-1,3918,3917,4254,-1,3942,3932,4256,-1,4257,3925,3942,-1,3942,4256,4257,-1,3925,4258,3926,-1,4258,3925,4257,-1,3944,3926,4259,-1,4258,4259,3926,-1,4260,3950,3944,-1,3944,4259,4260,-1,3950,4261,3927,-1,4261,3950,4260,-1,3928,3927,4262,-1,4261,4262,3927,-1,4254,3917,3928,-1,3928,4262,4254,-1,4256,3932,4263,-1,4264,4263,3931,-1,3932,3931,4263,-1,3936,4265,4264,-1,4264,3931,3936,-1,4265,3940,4266,-1,3940,4265,3936,-1,4267,4266,3934,-1,3940,3934,4266,-1,3948,4268,4267,-1,4267,3934,3948,-1,4268,3946,4269,-1,3946,4268,3948,-1,3946,3921,4269,-1,4269,3921,4270,-1,4271,3921,3957,-1,4271,4270,3921,-1,4272,4271,3957,-1,3957,3963,4272,-1,4273,4272,3963,-1,3963,3923,4273,-1,4255,4273,3923,-1,3923,3918,4255,-1,3953,3954,4274,-1,3952,3951,4275,-1,3929,4276,4277,-1,4278,3943,3924,-1,4279,4280,3945,-1,3930,4281,3937,-1,3941,4282,4283,-1,3935,3938,4284,-1,4285,3939,4286,-1,3933,4287,4288,-1,4287,3933,3935,-1,4288,4289,3949,-1,3949,3933,4288,-1,4290,3947,4289,-1,3949,4289,3947,-1,3922,4290,4291,-1,4290,3922,3947,-1,4284,3938,4285,-1,4287,3935,4284,-1,3939,3937,4286,-1,3938,3939,4285,-1,3930,4283,4281,-1,3937,4281,4286,-1,3943,4282,3941,-1,3941,4283,3930,-1,4280,4278,3924,-1,4278,4282,3943,-1,4279,3945,3952,-1,4280,3924,3945,-1,4275,3951,4277,-1,4279,3952,4275,-1,3929,3953,4276,-1,3951,3929,4277,-1,4274,4276,3953,-1,4292,4274,3954,-1,3954,3962,4292,-1,4293,4292,3962,-1,3962,3959,4293,-1,4291,4293,3959,-1,3959,3922,4291,-1,4294,4295,4000,-1,4000,4001,4294,-1,4296,4294,4001,-1,4001,3999,4296,-1,4297,4296,3999,-1,3999,3976,4297,-1,4298,4297,3976,-1,3976,3974,4298,-1,4299,4298,3974,-1,3974,3978,4299,-1,4300,4299,3978,-1,3978,3979,4300,-1,4301,4300,3979,-1,3979,3970,4301,-1,4302,4301,3970,-1,3970,3981,4302,-1,4303,4302,3981,-1,3981,3983,4303,-1,4304,4303,3983,-1,3983,3984,4304,-1,4305,4304,3984,-1,3984,3989,4305,-1,4306,4305,3989,-1,3989,3988,4306,-1,4307,4306,3988,-1,3988,3986,4307,-1,4308,4307,3986,-1,3986,3965,4308,-1,3235,4308,3965,-1,3965,3236,3235,-1,4295,4309,3977,-1,3977,4000,4295,-1,4309,4310,3975,-1,3975,3977,4309,-1,4310,4311,3973,-1,3973,3975,4310,-1,4311,4312,3971,-1,3971,3973,4311,-1,4312,4313,3972,-1,3972,3971,4312,-1,4313,4314,3980,-1,3980,3972,4313,-1,4314,4315,3982,-1,3982,3980,4314,-1,4315,4316,3985,-1,3985,3982,4315,-1,4316,4317,3987,-1,3987,3985,4316,-1,4317,4318,3966,-1,3966,3987,4317,-1,4318,4319,3964,-1,3964,3966,4318,-1,4319,4320,3990,-1,3990,3964,4319,-1,4320,4321,3991,-1,3991,3990,4320,-1,4321,4322,3994,-1,3994,3991,4321,-1,4322,4323,3995,-1,3995,3994,4322,-1,4323,4324,3997,-1,3997,3995,4323,-1,4324,4325,3969,-1,3969,3997,4324,-1,4325,4326,3967,-1,3967,3969,4325,-1,4326,4327,3968,-1,3968,3967,4326,-1,4327,4328,3998,-1,3998,3968,4327,-1,4328,4329,3996,-1,3996,3998,4328,-1,4329,4330,3992,-1,3992,3996,4329,-1,4330,4331,3993,-1,3993,3992,4330,-1,4331,3234,3237,-1,3237,3993,4331,-1,4332,4333,4027,-1,4027,4004,4332,-1,4334,4332,4004,-1,4004,4008,4334,-1,4335,4334,4008,-1,4008,4010,4335,-1,4336,4335,4010,-1,4010,4016,4336,-1,4337,4336,4016,-1,4016,4013,4337,-1,4338,4337,4013,-1,4013,4012,4338,-1,4339,4338,4012,-1,4012,4017,4339,-1,4340,4339,4017,-1,4017,4006,4340,-1,4341,4340,4006,-1,4006,4019,4341,-1,4342,4341,4019,-1,4019,4021,4342,-1,4343,4342,4021,-1,4021,4022,4343,-1,4344,4343,4022,-1,4022,4026,4344,-1,4345,4344,4026,-1,4026,4025,4345,-1,4346,4345,4025,-1,4025,4024,4346,-1,4347,4346,4024,-1,4024,4023,4347,-1,4348,4347,4023,-1,4023,4020,4348,-1,4349,4348,4020,-1,4020,4018,4349,-1,4350,4349,4018,-1,4018,4005,4350,-1,4351,4350,4005,-1,4005,4007,4351,-1,4352,4351,4007,-1,4007,4014,4352,-1,4353,4352,4014,-1,4014,4015,4353,-1,4354,4353,4015,-1,4015,4011,4354,-1,4355,4354,4011,-1,4011,4009,4355,-1,4356,4355,4009,-1,4009,4003,4356,-1,4357,4356,4003,-1,4003,4002,4357,-1,4333,4357,4002,-1,4002,4027,4333,-1,4358,4359,4081,-1,4081,4080,4358,-1,4360,4358,4080,-1,4080,4075,4360,-1,4361,4360,4075,-1,4075,4033,4361,-1,4362,4361,4033,-1,4033,4060,4362,-1,4363,4362,4060,-1,4060,4058,4363,-1,4364,4363,4058,-1,4058,4079,4364,-1,4365,4364,4079,-1,4079,4077,4365,-1,4366,4365,4077,-1,4077,4043,4366,-1,4367,4366,4043,-1,4043,4038,4367,-1,4368,4367,4038,-1,4038,4040,4368,-1,4369,4368,4040,-1,4040,4028,4369,-1,4370,4369,4028,-1,4028,4030,4370,-1,4371,4370,4030,-1,4030,4035,4371,-1,4372,4371,4035,-1,4035,4039,4372,-1,4373,4372,4039,-1,4039,4063,4373,-1,4374,4373,4063,-1,4063,4066,4374,-1,4375,4374,4066,-1,4066,4065,4375,-1,4376,4375,4065,-1,4065,4069,4376,-1,4377,4376,4069,-1,4069,4068,4377,-1,4378,4377,4068,-1,4068,4072,4378,-1,4379,4378,4072,-1,4072,4049,4379,-1,4380,4379,4049,-1,4049,4054,4380,-1,4381,4380,4054,-1,4054,4056,4381,-1,4382,4381,4056,-1,4056,4073,4382,-1,4383,4382,4073,-1,4073,4051,4383,-1,4384,4383,4051,-1,4051,4045,4384,-1,4385,4384,4045,-1,4045,4044,4385,-1,4386,4385,4044,-1,4044,4046,4386,-1,4387,4386,4046,-1,4046,4053,4387,-1,4388,4387,4053,-1,4053,4052,4388,-1,4389,4388,4052,-1,4052,4055,4389,-1,4390,4389,4055,-1,4055,4048,4390,-1,4391,4390,4048,-1,4048,4050,4391,-1,4392,4391,4050,-1,4050,4071,4392,-1,4393,4392,4071,-1,4071,4070,4393,-1,4394,4393,4070,-1,4070,4064,4394,-1,4395,4394,4064,-1,4064,4067,4395,-1,4396,4395,4067,-1,4067,4062,4396,-1,4397,4396,4062,-1,4062,4034,4397,-1,4398,4397,4034,-1,4034,4047,4398,-1,4399,4398,4047,-1,4047,4029,4399,-1,4400,4399,4029,-1,4029,4041,4400,-1,4401,4400,4041,-1,4041,4042,4401,-1,4402,4401,4042,-1,4042,4037,4402,-1,4403,4402,4037,-1,4037,4036,4403,-1,4404,4403,4036,-1,4036,4076,4404,-1,4405,4404,4076,-1,4076,4078,4405,-1,4406,4405,4078,-1,4078,4057,4406,-1,4407,4406,4057,-1,4057,4059,4407,-1,4408,4407,4059,-1,4059,4061,4408,-1,4409,4408,4061,-1,4061,4032,4409,-1,4410,4409,4032,-1,4032,4031,4410,-1,4411,4410,4031,-1,4031,4074,4411,-1,4359,4411,4074,-1,4074,4081,4359,-1,4412,4413,4116,-1,4116,4108,4412,-1,4414,4412,4108,-1,4108,4110,4414,-1,4415,4414,4110,-1,4110,4112,4415,-1,4416,4415,4112,-1,4112,4113,4416,-1,4417,4416,4113,-1,4113,4087,4417,-1,4418,4417,4087,-1,4087,4086,4418,-1,4419,4418,4086,-1,4086,4104,4419,-1,4420,4419,4104,-1,4104,4103,4420,-1,4421,4420,4103,-1,4103,4107,4421,-1,4422,4421,4107,-1,4107,4117,4422,-1,4423,4422,4117,-1,4117,4100,4423,-1,4424,4423,4100,-1,4100,4102,4424,-1,4425,4424,4102,-1,4102,4097,4425,-1,4426,4425,4097,-1,4097,4093,4426,-1,4427,4426,4093,-1,4093,4096,4427,-1,4428,4427,4096,-1,4096,4118,4428,-1,4429,4428,4118,-1,4118,4119,4429,-1,4430,4429,4119,-1,4119,4121,4430,-1,4431,4430,4121,-1,4121,4122,4431,-1,4432,4431,4122,-1,4122,4125,4432,-1,4433,4432,4125,-1,4125,4083,4433,-1,4434,4433,4083,-1,4083,4088,4434,-1,4435,4434,4088,-1,4088,4089,4435,-1,4436,4435,4089,-1,4089,4090,4436,-1,4437,4436,4090,-1,4090,4114,4437,-1,4413,4437,4114,-1,4114,4116,4413,-1,4438,4439,4111,-1,4111,4109,4438,-1,4440,4438,4109,-1,4109,4115,4440,-1,4441,4440,4115,-1,4115,4091,4441,-1,4442,4441,4091,-1,4091,4082,4442,-1,4443,4442,4082,-1,4082,4084,4443,-1,4444,4443,4084,-1,4084,4124,4444,-1,4445,4444,4124,-1,4124,4123,4445,-1,4446,4445,4123,-1,4123,4120,4446,-1,4447,4446,4120,-1,4120,4095,4447,-1,4448,4447,4095,-1,4095,4092,4448,-1,4449,4448,4092,-1,4092,4094,4449,-1,4450,4449,4094,-1,4094,4101,4450,-1,4451,4450,4101,-1,4101,4106,4451,-1,4452,4451,4106,-1,4106,4105,4452,-1,4453,4452,4105,-1,4105,4099,4453,-1,4454,4453,4099,-1,4099,4098,4454,-1,4455,4454,4098,-1,4098,4085,4455,-1,4439,4455,4085,-1,4085,4111,4439,-1,4456,4457,4135,-1,4135,4148,4456,-1,4458,4456,4148,-1,4148,4147,4458,-1,4459,4458,4147,-1,4147,4151,4459,-1,4460,4459,4151,-1,4151,4136,4460,-1,4461,4460,4136,-1,4136,4133,4461,-1,4462,4461,4133,-1,4133,4138,4462,-1,4463,4462,4138,-1,4138,4131,4463,-1,4464,4463,4131,-1,4131,4141,4464,-1,4465,4464,4141,-1,4141,4140,4465,-1,4466,4465,4140,-1,4140,4143,4466,-1,4467,4466,4143,-1,4143,4145,4467,-1,4468,4467,4145,-1,4145,4146,4468,-1,4469,4468,4146,-1,4146,4142,4469,-1,4470,4469,4142,-1,4142,4144,4470,-1,4471,4470,4144,-1,4144,4139,4471,-1,4472,4471,4139,-1,4139,4130,4472,-1,4473,4472,4130,-1,4130,4129,4473,-1,4474,4473,4129,-1,4129,4132,4474,-1,4475,4474,4132,-1,4132,4134,4475,-1,4476,4475,4134,-1,4134,4137,4476,-1,4477,4476,4137,-1,4137,4149,4477,-1,4478,4477,4149,-1,4149,4150,4478,-1,4479,4478,4150,-1,4150,4152,4479,-1,4480,4479,4152,-1,4152,4153,4480,-1,4481,4480,4153,-1,4153,4126,4481,-1,4482,4481,4126,-1,4126,4128,4482,-1,4483,4482,4128,-1,4128,4127,4483,-1,4457,4483,4127,-1,4127,4135,4457,-1,4484,4485,4163,-1,4163,4176,4484,-1,4486,4484,4176,-1,4176,4175,4486,-1,4487,4486,4175,-1,4175,4179,4487,-1,4488,4487,4179,-1,4179,4164,4488,-1,4489,4488,4164,-1,4164,4161,4489,-1,4490,4489,4161,-1,4161,4166,4490,-1,4491,4490,4166,-1,4166,4159,4491,-1,4492,4491,4159,-1,4159,4169,4492,-1,4493,4492,4169,-1,4169,4168,4493,-1,4494,4493,4168,-1,4168,4171,4494,-1,4495,4494,4171,-1,4171,4173,4495,-1,4496,4495,4173,-1,4173,4174,4496,-1,4497,4496,4174,-1,4174,4170,4497,-1,4498,4497,4170,-1,4170,4172,4498,-1,4499,4498,4172,-1,4172,4167,4499,-1,4500,4499,4167,-1,4167,4158,4500,-1,4501,4500,4158,-1,4158,4157,4501,-1,4502,4501,4157,-1,4157,4160,4502,-1,4503,4502,4160,-1,4160,4162,4503,-1,4504,4503,4162,-1,4162,4165,4504,-1,4505,4504,4165,-1,4165,4177,4505,-1,4506,4505,4177,-1,4177,4178,4506,-1,4507,4506,4178,-1,4178,4180,4507,-1,4508,4507,4180,-1,4180,4181,4508,-1,4509,4508,4181,-1,4181,4154,4509,-1,4510,4509,4154,-1,4154,4156,4510,-1,4511,4510,4156,-1,4156,4155,4511,-1,4485,4511,4155,-1,4155,4163,4485,-1,
        ]
    }
}
Shape{
    appearance Appearance {
        material  Material 	{
            diffuseColor 0.6862745098039216 0.20392156862745098 0.1843137254901961
            specularColor 0.7529411764705882 0.7529411764705882 0.7529411764705882
            ambientIntensity 1.0
            transparency 1.0
            shininess 0.5
        }
    }
    geometry IndexedFaceSet {
        ccw TRUE
        solid FALSE
        coord DEF co Coordinate {
            point [
                0.7505 -1.5364 0.3099, 0.1575 -1.6004 0.3099, 0.7191 -1.5308 0.3099, 0.288 -0.1147 0.3099, 0.1575 1.6004 0.3099, 0.278 0.9901 0.3099, 1.4938 1.183 0.3099, 1.4843 1.2854 0.3099, 1.5055 1.1454 0.3099, 0.6881 -1.5234 0.3099, 0.6577 -1.5141 0.3099, 0.6279 -1.503 0.3099, 0.5988 -1.49 0.3099, 0.5708 -1.4748 0.3099, 0.544 -1.4575 0.3099, 0.5191 -1.4377 0.3099, 0.4959 -1.4158 0.3099, 0.475 -1.3919 0.3099, 0.4562 -1.366 0.3099, 0.4245 -1.3107 0.3099, 0.4394 -1.339 0.3099, 0.4 -1.2519 0.3099, 0.4114 -1.2816 0.3099, 0.3735 -1.1601 0.3099, 0.3811 -1.191 0.3099, 0.39 -1.2216 0.3099, 0.3606 -1.0976 0.3099, 0.3666 -1.129 0.3099, 0.3505 -1.0347 0.3099, 0.3552 -1.0663 0.3099, 0.3422 -0.9716 0.3099, 0.3461 -1.0032 0.3099, 0.335 -0.9082 0.3099, 0.3385 -0.9399 0.3099, 0.3281 -0.8449 0.3099, 0.3316 -0.8766 0.3099, 0.3176 -0.7499 0.3099, 0.3212 -0.7816 0.3099, 0.3247 -0.8132 0.3099, 0.3141 -0.7183 0.3099, 0.3105 -0.6866 0.3099, 0.307 -0.6549 0.3099, 0.3035 -0.6233 0.3099, 0.2969 -0.5599 0.3099, 0.3001 -0.5916 0.3099, 0.291 -0.4965 0.3099, 0.2938 -0.5282 0.3099, 0.286 -0.4329 0.3099, 0.2884 -0.4647 0.3099, 0.284 -0.4012 0.3099, 0.2824 -0.3693 0.3099, 0.2813 -0.3375 0.3099, 0.2807 -0.3056 0.3099, 0.2817 -0.2101 0.3099, 0.2808 -0.2419 0.3099, 0.2805 -0.2738 0.3099, 0.2866 0.927 0.3099, 0.2916 0.8955 0.3099, 0.2995 -0.0198 0.3099, 0.2913 -0.083 0.3099, 0.282 0.9585 0.3099, 0.2952 -0.0514 0.3099, 0.3145 0.0746 0.3099, 0.308 0.8014 0.3099, 0.3138 0.77 0.3099, 0.3092 0.0432 0.3099, 0.3042 0.0117 0.3099, 0.3025 0.8327 0.3099, 0.3301 0.6759 0.3099, 0.3301 0.1689 0.3099, 0.3249 0.7073 0.3099, 0.3193 0.7387 0.3099, 0.325 0.1374 0.3099, 0.3199 0.106 0.3099, 0.3432 0.2635 0.3099, 0.3399 0.6129 0.3099, 0.3467 0.2952 0.3099, 0.3392 0.2319 0.3099, 0.3352 0.6444 0.3099, 0.3536 0.4224 0.3099, 0.3441 0.5813 0.3099, 0.3477 0.5496 0.3099, 0.353 0.3906 0.3099, 0.3524 0.4861 0.3099, 0.3535 0.4543 0.3099, 0.3516 0.3587 0.3099, 0.3495 0.3269 0.3099, 0.3505 0.5179 0.3099, 0.3348 0.2004 0.3099, 0.2969 0.8641 0.3099, 0.2746 1.0218 0.3099, 0.2722 1.0535 0.3099, 0.2852 -0.1465 0.3099, 0.2706 1.0854 0.3099, 0.2831 -0.1782 0.3099, 0.2706 1.1172 0.3099, 0.2718 1.1491 0.3099, 0.2752 1.1807 0.3099, 0.2807 1.2121 0.3099, 0.2889 1.2427 0.3099, 0.3001 1.2725 0.3099, 0.3145 1.3009 0.3099, 0.3326 1.3269 0.3099, 0.3775 1.372 0.3099, 0.354 1.3509 0.3099, 0.4308 1.4072 0.3099, 0.4038 1.3907 0.3099, 0.4887 1.434 0.3099, 0.4594 1.4215 0.3099, 0.5492 1.4542 0.3099, 0.5187 1.4449 0.3099, 0.6112 1.469 0.3099, 0.58 1.4623 0.3099, 0.6425 1.4748 0.3099, 0.6741 1.4795 0.3099, 0.7057 1.4833 0.3099, 0.7374 1.4862 0.3099, 0.7692 1.4883 0.3099, 0.801 1.4896 0.3099, 1.4843 1.6004 0.3099, 0.8329 1.4902 0.3099, 0.8966 1.4892 0.3099, 0.8647 1.4901 0.3099, 0.9602 1.4856 0.3099, 0.9284 1.4877 0.3099, 0.9919 1.4828 0.3099, 1.0236 1.4793 0.3099, 1.1015 1.4676 0.3099, 1.0627 1.4741 0.3099, 1.1783 1.4504 0.3099, 1.14 1.4597 0.3099, 1.2531 1.426 0.3099, 1.2891 1.4103 0.3099, 1.216 1.4392 0.3099, 1.324 1.3921 0.3099, 1.3571 1.3708 0.3099, 1.416 1.3189 0.3099, 1.388 1.3465 0.3099, 1.4407 1.2883 0.3099, 1.4794 1.2197 0.3099, 1.7992 1.2854 0.3099, 1.563 0.9843 0.3099, 1.5146 1.107 0.3099, 1.5215 1.0683 0.3099, 1.7992 0.9843 0.3099, 1.5262 1.0292 0.3099, 1.5292 0.99 0.3099, 1.52 0.7936 0.3099, 1.5246 0.8327 0.3099, 1.5303 0.9506 0.3099, 1.5143 0.7546 0.3099, 1.5304 -0.1371 0.3099, 1.5076 0.7158 0.3099, 1.5476 -0.2139 0.3099, 1.5556 -0.2524 0.3099, 1.4845 0.6 0.3099, 1.4925 0.6386 0.3099, 1.4938 0.0161 0.3099, 1.5121 -0.0605 0.3099, 1.5002 0.6772 0.3099, 1.4697 0.1317 0.3099, 1.4629 0.4839 0.3099, 1.4694 0.5227 0.3099, 1.4852 0.0545 0.3099, 1.4771 0.093 0.3099, 1.4768 0.5614 0.3099, 1.4528 0.4059 0.3099, 1.4531 0.2486 0.3099, 1.4503 0.2879 0.3099, 1.4575 0.2095 0.3099, 1.4571 0.445 0.3099, 1.45 0.3666 0.3099, 1.4492 0.3273 0.3099, 1.463 0.1705 0.3099, 1.5029 -0.0222 0.3099, 1.5213 -0.0987 0.3099, 1.5392 -0.1754 0.3099, 1.563 -0.2911 0.3099, 1.5299 0.9112 0.3099, 1.5279 0.8719 0.3099, 1.563 -0.8785 0.3099, 1.563 -0.9843 0.3099, 1.5525 -0.9239 0.3099, 1.4843 -1.6004 0.3099, 0.8899 -1.5434 0.3099, 0.9364 -1.5395 0.3099, 1.7992 -0.9843 0.3099, 1.7992 -1.2854 0.3099, 1.4617 1.2549 0.3099, 1.5402 -0.9688 0.3099, 1.4843 -1.2854 0.3099, 1.4273 -1.2236 0.3099, 1.451 -1.1835 0.3099, 1.5102 -1.057 0.3099, 1.5262 -1.0132 0.3099, 1.4924 -1.1001 0.3099, 1.4727 -1.1423 0.3099, 1.4015 -1.2624 0.3099, 1.3735 -1.2997 0.3099, 1.3108 -1.3685 0.3099, 1.3433 -1.3352 0.3099, 1.2392 -1.4281 0.3099, 1.2761 -1.3996 0.3099, 1.1594 -1.4759 0.3099, 1.2002 -1.4536 0.3099, 1.073 -1.5108 0.3099, 1.1168 -1.495 0.3099, 0.9825 -1.5328 0.3099, 1.0281 -1.5233 0.3099, 0.8434 -1.5442 0.3099, 0.7968 -1.542 0.3099, -1.4923 -1.1001 0.3099, -1.4726 -1.1423 0.3099, -1.4843 -1.2854 0.3099, -0.3058 -0.6459 0.3099, -0.1575 -1.6004 0.3099, -0.3094 -0.6779 0.3099, -1.563 0.9843 0.3099, -1.5474 -0.2124 0.3099, -1.5554 -0.2517 0.3099, -1.4459 1.2804 0.3099, -1.4664 1.246 0.3099, -1.4843 1.2854 0.3099, -1.7992 1.2854 0.3099, -1.7992 0.9843 0.3099, -1.2761 -1.3997 0.3099, -1.2392 -1.4281 0.3099, -1.4843 -1.6004 0.3099, -1.5169 1.0943 0.3099, -1.5233 1.0547 0.3099, -0.9917 1.4828 0.3099, -1.0236 1.4793 0.3099, -1.4843 1.6004 0.3099, -1.4273 -1.2237 0.3099, -1.451 -1.1836 0.3099, -0.3486 0.5369 0.3099, -0.3509 0.3443 0.3099, -0.3527 0.3764 0.3099, -1.5389 -0.1731 0.3099, -1.563 -0.2911 0.3099, -1.4957 0.6564 0.3099, -1.5114 -0.056 0.3099, -1.5035 0.6958 0.3099, -1.5107 0.7352 0.3099, -1.5208 -0.095 0.3099, -1.5301 -0.134 0.3099, -1.4797 0.5778 0.3099, -1.484 0.0612 0.3099, -1.4929 0.0221 0.3099, -1.502 -0.017 0.3099, -1.4877 0.6171 0.3099, -1.4683 0.1399 0.3099, -1.4649 0.4989 0.3099, -1.4618 0.1795 0.3099, -1.4758 0.1005 0.3099, -1.4719 0.5384 0.3099, -1.4537 0.4195 0.3099, -1.4492 0.3393 0.3099, -1.4524 0.2592 0.3099, -1.4585 0.4593 0.3099, -1.4564 0.2193 0.3099, -0.3511 0.5048 0.3099, -0.3328 0.1847 0.3099, -0.3374 0.2165 0.3099, -0.3319 0.6642 0.3099, -1.4505 0.3794 0.3099, -1.4499 0.2992 0.3099, -0.1575 1.6004 0.3099, -0.2707 1.0771 0.3099, -0.2702 1.1092 0.3099, -1.4834 1.2097 0.3099, -1.4973 1.1721 0.3099, -1.5085 1.1336 0.3099, -1.5225 0.8146 0.3099, -1.5172 0.7748 0.3099, -1.5293 0.8945 0.3099, -1.5267 0.8545 0.3099, -1.5298 0.9748 0.3099, -1.5303 0.9346 0.3099, -1.5274 1.0148 0.3099, -1.4217 1.3124 0.3099, -1.394 1.3413 0.3099, -1.3296 1.3891 0.3099, -1.3628 1.3669 0.3099, -1.2575 1.4245 0.3099, -1.2941 1.4082 0.3099, -1.1813 1.4498 0.3099, -1.2197 1.4382 0.3099, -1.103 1.4674 0.3099, -1.1423 1.4594 0.3099, -1.0634 1.474 0.3099, -0.9276 1.4878 0.3099, -0.9597 1.4856 0.3099, -0.8634 1.4901 0.3099, -0.8955 1.4893 0.3099, -0.8313 1.4902 0.3099, -0.7671 1.4882 0.3099, -0.7992 1.4896 0.3099, -0.703 1.483 0.3099, -0.735 1.486 0.3099, -0.6394 1.4742 0.3099, -0.6711 1.4791 0.3099, -0.5764 1.4613 0.3099, -0.6078 1.4683 0.3099, -0.5148 1.4434 0.3099, -0.5454 1.453 0.3099, -0.4552 1.4194 0.3099, -0.4847 1.4322 0.3099, -0.3993 1.3877 0.3099, -0.4268 1.4045 0.3099, -0.35 1.3468 0.3099, -0.3738 1.3684 0.3099, -0.3114 1.2956 0.3099, -0.3293 1.3224 0.3099, -0.2866 1.2364 0.3099, -0.2973 1.2669 0.3099, -0.274 1.1734 0.3099, -0.2788 1.2053 0.3099, -0.271 1.1414 0.3099, -0.2753 1.013 0.3099, -0.2726 1.045 0.3099, -0.3041 0.8224 0.3099, -0.2986 0.8541 0.3099, -0.3071 0.0261 0.3099, -0.279 0.9811 0.3099, -0.3229 0.1212 0.3099, -0.3212 0.7276 0.3099, -0.3156 0.7592 0.3099, -0.3099 0.7908 0.3099, -0.3123 0.0578 0.3099, -0.3176 0.0895 0.3099, -0.328 0.1529 0.3099, -0.3267 0.6959 0.3099, -0.3453 0.2803 0.3099, -0.3484 0.3123 0.3099, -0.3413 0.6007 0.3099, -0.3368 0.6325 0.3099, -0.3416 0.2484 0.3099, -0.3452 0.5688 0.3099, -0.3536 0.4085 0.3099, -0.3537 0.4406 0.3099, -0.3529 0.4728 0.3099, -0.2839 -0.1652 0.3099, -0.2819 -0.1972 0.3099, -0.3022 -0.0056 0.3099, -0.2931 0.8857 0.3099, -0.2976 -0.0374 0.3099, -0.2933 -0.0692 0.3099, -0.288 0.9175 0.3099, -0.2832 0.9492 0.3099, -0.2895 -0.1011 0.3099, -0.2864 -0.1331 0.3099, -0.2802 -0.2614 0.3099, -0.2807 -0.2293 0.3099, -0.2802 -0.2936 0.3099, -0.2818 -0.3578 0.3099, -0.2807 -0.3257 0.3099, -0.2852 -0.422 0.3099, -0.2833 -0.3899 0.3099, -0.2899 -0.4861 0.3099, -0.2874 -0.4541 0.3099, -0.2958 -0.5501 0.3099, -0.2927 -0.5181 0.3099, -0.3024 -0.614 0.3099, -0.299 -0.582 0.3099, -0.8433 -1.5442 0.3099, -0.3167 -0.7417 0.3099, -0.313 -0.7098 0.3099, -0.3239 -0.8055 0.3099, -0.3203 -0.7736 0.3099, -0.3309 -0.8694 0.3099, -0.3274 -0.8375 0.3099, -0.3379 -0.9333 0.3099, -0.3343 -0.9013 0.3099, -0.3455 -0.9971 0.3099, -0.3415 -0.9652 0.3099, -0.3545 -1.0607 0.3099, -0.3498 -1.0289 0.3099, -0.3658 -1.1239 0.3099, -0.3598 -1.0924 0.3099, -0.3802 -1.1865 0.3099, -0.3725 -1.1554 0.3099, -0.3989 -1.248 0.3099, -0.3888 -1.2175 0.3099, -0.4232 -1.3074 0.3099, -0.4102 -1.2781 0.3099, -0.4546 -1.3634 0.3099, -0.4378 -1.336 0.3099, -0.4942 -1.4138 0.3099, -0.4733 -1.3896 0.3099, -0.5423 -1.4563 0.3099, -0.5173 -1.4363 0.3099, -0.5974 -1.4894 0.3099, -0.5693 -1.474 0.3099, -0.6568 -1.5139 0.3099, -0.6268 -1.5026 0.3099, -0.7189 -1.5307 0.3099, -0.6877 -1.5231 0.3099, -0.7968 -1.5419 0.3099, -0.7505 -1.5364 0.3099, -0.9363 -1.5397 0.3099, -0.8899 -1.5434 0.3099, -1.028 -1.5234 0.3099, -0.9824 -1.533 0.3099, -1.1167 -1.4949 0.3099, -1.0728 -1.5107 0.3099, -1.2001 -1.4536 0.3099, -1.1592 -1.4759 0.3099, -1.3433 -1.3352 0.3099, -1.3108 -1.3686 0.3099, -1.3735 -1.2998 0.3099, -1.4015 -1.2625 0.3099, -1.5101 -1.057 0.3099, -1.563 -0.9843 0.3099, -1.5261 -1.0132 0.3099, -1.5402 -0.9689 0.3099, -1.563 -0.8785 0.3099, -1.5525 -0.9239 0.3099, -1.7992 -0.9843 0.3099, -1.7992 -1.2854 0.3099, 1.563 0.689 0.9399, 1.563 -0.689 0.9399, 1.563 -0.6827 0.3099, 1.563 -0.4869 0.3099, -1.563 -0.689 0.9399, -1.563 0.689 0.9399, -1.563 -0.6827 0.3099, -1.563 -0.4869 0.3099, -1.6811 0.8366 0.6249, -1.7992 0.8366 0.6249, -1.6811 0.689 0.9399, -1.7992 1.4823 -0.0838, -1.7992 1.378 0.6249, -1.7992 1.2854 -0.0838, -1.7992 1.378 2.9477, -1.7992 1.4823 2.9477, -1.7992 -1.378 0.6249, -1.7992 -1.4823 2.9477, -1.7992 -1.378 2.9477, -1.7992 -1.4823 -0.0838, -1.7992 -0.8366 0.6249, -1.7992 -1.2854 -0.0838, 1.7402 -1.5846 2.9477, 1.6811 -1.6004 2.9477, 1.7117 -1.5964 2.9477, -1.6811 1.378 2.9477, -1.7952 1.5129 2.9477, 1.7646 -1.5658 2.9477, 1.7834 -1.5413 2.9477, 1.6811 -1.378 2.9477, 1.7952 -1.5129 2.9477, 1.7992 -1.4823 2.9477, -1.6811 -1.6004 2.9477, -1.6811 -1.378 2.9477, -1.7952 -1.5129 2.9477, -1.7402 -1.5846 2.9477, -1.7646 -1.5658 2.9477, -1.7117 -1.5964 2.9477, -1.7834 -1.5413 2.9477, -1.7834 1.5413 2.9477, 1.6811 1.378 2.9477, -1.7646 1.5658 2.9477, -1.6811 1.6004 2.9477, -1.7402 1.5846 2.9477, -1.7117 1.5964 2.9477, 1.6811 1.6004 2.9477, 1.7992 1.378 2.9477, 1.7992 1.4823 2.9477, 1.7646 1.5658 2.9477, 1.7402 1.5846 2.9477, 1.7117 1.5964 2.9477, 1.7952 1.5129 2.9477, 1.7834 1.5413 2.9477, 1.7992 -1.378 2.9477, 1.6811 -0.689 0.9399, 1.6811 -1.378 0.6249, 1.6811 -0.8366 0.6249, 1.6811 -0.689 1.3336, 1.6811 0.689 0.9399, 1.6811 0.8366 0.6249, 1.6811 1.378 0.6249, 1.6811 0.689 1.3336, 1.7992 1.378 0.6249, 1.7992 -1.4823 -0.0838, 1.7992 -1.378 0.6249, 1.7992 -1.2854 -0.0838, 1.7992 -0.8366 0.6249, 1.7992 1.4823 -0.0838, 1.7992 0.8366 0.6249, 1.7992 1.2854 -0.0838, 1.7992 -0.689 0.9399, 1.7992 0.689 0.9399, 1.7992 0.689 1.3336, 1.7992 -0.689 1.3336, 1.4843 -1.2854 -0.0838, 1.4843 -1.6004 -0.0838, -1.6811 -1.6004 -0.0838, -1.4843 -1.6004 -0.0838, 0.1575 -1.6004 0.0737, 1.6811 -1.6004 -0.0838, -0.1575 -1.6004 0.0737, 1.7117 -1.5964 -0.0838, 1.7834 -1.5413 -0.0838, 1.7646 -1.5658 -0.0838, 1.7402 -1.5846 -0.0838, 1.7952 -1.5129 -0.0838, 1.4843 1.2854 -0.0838, 1.4843 1.6004 -0.0838, 1.6811 1.6004 -0.0838, 1.7402 1.5846 -0.0838, 1.7117 1.5964 -0.0838, 1.7646 1.5658 -0.0838, 1.7952 1.5129 -0.0838, 1.7834 1.5413 -0.0838, -1.6811 1.6004 -0.0838, -1.4843 1.6004 -0.0838, -1.4843 1.2854 -0.0838, -1.7117 1.5964 -0.0838, -1.7834 1.5413 -0.0838, -1.7402 1.5846 -0.0838, -1.7952 1.5129 -0.0838, -1.7646 1.5658 -0.0838, -1.4843 -1.2854 -0.0838, -1.7402 -1.5846 -0.0838, -1.7646 -1.5658 -0.0838, -1.7117 -1.5964 -0.0838, -1.7834 -1.5413 -0.0838, -1.7952 -1.5129 -0.0838, -0.1575 1.6004 0.0737, 0.1575 1.6004 0.0737, -0.1575 -1.4429 -0.0838, -0.1575 -1.478 -0.0798, -0.1575 -1.5112 -0.0682, -0.1575 -1.5964 0.0387, -0.1575 1.5964 0.0387, -0.1575 -1.5848 0.0054, -0.1575 -1.5411 -0.0494, -0.1575 -1.566 -0.0245, -0.1575 1.5848 0.0054, -0.1575 1.566 -0.0245, -0.1575 1.5411 -0.0494, -0.1575 1.4429 -0.0838, -0.1575 1.478 -0.0798, -0.1575 1.5112 -0.0682, 0.1575 1.5411 -0.0494, 0.1575 1.5112 -0.0682, 0.1575 1.478 -0.0798, 0.1575 1.4429 -0.0838, 0.1575 1.566 -0.0245, 0.1575 1.5848 0.0054, 0.1575 1.5964 0.0387, 0.1575 -1.5964 0.0387, 0.1575 -1.5848 0.0054, 0.1575 -1.4429 -0.0838, 0.1575 -1.5112 -0.0682, 0.1575 -1.478 -0.0798, 0.1575 -1.566 -0.0245, 0.1575 -1.5411 -0.0494, -1.6811 -1.378 0.6249, -1.6811 -0.689 1.3336, -1.6811 0.689 1.3336, -1.6811 -0.689 0.9399, -1.6811 -0.8366 0.6249, -1.6811 1.378 0.6249, -1.7992 -0.689 0.9399, -1.7992 0.689 0.9399, -1.7992 -0.689 1.3336, -1.7992 0.689 1.3336
            ]
        }
        coordIndex [
            0,1,2,-1,3,4,5,-1,6,7,8,-1,9,1,10,-1,9,2,1,-1,11,1,12,-1,11,10,1,-1,13,1,14,-1,13,12,1,-1,15,1,16,-1,15,14,1,-1,17,1,18,-1,17,16,1,-1,1,19,20,-1,18,1,20,-1,1,21,22,-1,19,1,22,-1,1,23,24,-1,1,24,25,-1,1,26,27,-1,23,1,27,-1,1,28,29,-1,26,1,29,-1,1,30,31,-1,28,1,31,-1,1,32,33,-1,30,1,33,-1,1,34,35,-1,1,35,32,-1,36,37,1,-1,37,38,1,-1,36,1,39,-1,38,34,1,-1,40,1,41,-1,40,39,1,-1,42,41,1,-1,1,43,44,-1,42,1,44,-1,1,45,46,-1,43,1,46,-1,1,47,48,-1,45,1,48,-1,49,1,50,-1,47,1,49,-1,51,1,52,-1,51,50,1,-1,4,53,54,-1,55,52,1,-1,56,57,58,-1,59,60,61,-1,62,63,64,-1,65,66,67,-1,68,69,70,-1,71,72,73,-1,74,75,76,-1,77,68,78,-1,79,80,81,-1,79,82,80,-1,83,84,79,-1,80,85,86,-1,87,79,81,-1,79,87,83,-1,76,80,86,-1,80,82,85,-1,78,75,74,-1,75,80,76,-1,68,77,88,-1,78,74,77,-1,88,69,68,-1,70,72,71,-1,69,72,70,-1,73,62,64,-1,73,64,71,-1,65,67,63,-1,65,63,62,-1,66,57,89,-1,89,67,66,-1,58,61,56,-1,66,58,57,-1,59,5,60,-1,61,60,56,-1,90,5,4,-1,3,5,59,-1,90,4,91,-1,3,92,4,-1,4,93,91,-1,94,4,92,-1,54,1,4,-1,4,94,53,-1,93,4,95,-1,55,1,54,-1,96,4,97,-1,96,95,4,-1,98,4,99,-1,98,97,4,-1,100,4,101,-1,100,99,4,-1,101,4,102,-1,4,103,104,-1,102,4,104,-1,4,105,106,-1,103,4,106,-1,4,107,108,-1,105,4,108,-1,4,109,110,-1,107,4,110,-1,4,111,112,-1,109,4,112,-1,113,4,114,-1,111,4,113,-1,115,4,116,-1,115,114,4,-1,117,4,118,-1,117,116,4,-1,4,119,120,-1,120,118,4,-1,119,121,122,-1,120,119,122,-1,119,123,124,-1,121,119,124,-1,123,119,125,-1,125,119,126,-1,119,127,128,-1,126,119,128,-1,119,129,130,-1,127,119,130,-1,131,119,132,-1,131,133,119,-1,134,119,135,-1,134,132,119,-1,136,137,119,-1,137,135,119,-1,7,138,136,-1,7,6,139,-1,140,141,142,-1,7,140,8,-1,142,141,143,-1,144,141,140,-1,145,141,146,-1,145,143,141,-1,147,148,141,-1,149,146,141,-1,150,151,152,-1,153,141,154,-1,155,156,157,-1,158,156,159,-1,160,161,162,-1,163,164,165,-1,166,167,168,-1,161,169,170,-1,171,166,172,-1,166,168,172,-1,166,170,169,-1,166,169,167,-1,161,160,173,-1,173,169,161,-1,165,164,162,-1,164,160,162,-1,157,163,155,-1,163,165,155,-1,158,174,156,-1,157,156,174,-1,175,159,152,-1,158,159,175,-1,176,151,150,-1,151,175,152,-1,141,176,150,-1,141,153,176,-1,150,147,141,-1,154,141,177,-1,178,141,179,-1,179,141,148,-1,149,141,178,-1,180,181,182,-1,183,184,185,-1,8,140,142,-1,186,187,181,-1,119,7,136,-1,138,7,188,-1,139,188,7,-1,133,129,119,-1,21,1,25,-1,181,189,182,-1,190,191,192,-1,187,190,181,-1,181,193,194,-1,189,181,194,-1,195,193,190,-1,181,190,193,-1,192,196,190,-1,190,196,195,-1,191,190,197,-1,183,198,190,-1,197,190,198,-1,199,200,183,-1,183,200,198,-1,201,202,183,-1,183,202,199,-1,203,204,183,-1,183,204,201,-1,205,206,183,-1,183,206,203,-1,207,208,183,-1,183,208,205,-1,209,183,1,-1,183,185,207,-1,183,209,184,-1,0,210,1,-1,1,210,209,-1,211,212,213,-1,214,215,216,-1,217,218,219,-1,220,221,222,-1,223,217,224,-1,225,226,227,-1,217,228,229,-1,230,231,232,-1,233,213,234,-1,235,236,237,-1,218,217,238,-1,217,219,239,-1,240,241,242,-1,243,244,245,-1,246,247,248,-1,249,250,248,-1,251,252,253,-1,254,246,255,-1,256,257,258,-1,259,260,252,-1,235,237,261,-1,262,263,264,-1,257,256,265,-1,266,258,257,-1,267,268,269,-1,259,258,260,-1,259,256,258,-1,255,252,251,-1,260,253,252,-1,251,254,255,-1,248,250,246,-1,246,254,247,-1,240,249,241,-1,250,249,240,-1,222,270,271,-1,242,244,243,-1,241,244,242,-1,272,223,222,-1,217,243,238,-1,238,243,245,-1,273,274,217,-1,217,274,243,-1,275,276,217,-1,217,276,273,-1,277,278,217,-1,217,278,275,-1,229,279,217,-1,217,279,277,-1,217,223,228,-1,223,272,228,-1,222,271,272,-1,220,222,280,-1,222,221,270,-1,281,280,232,-1,222,232,280,-1,282,283,232,-1,232,283,281,-1,284,285,232,-1,232,285,282,-1,286,287,232,-1,232,287,284,-1,288,289,232,-1,232,289,286,-1,232,231,290,-1,232,290,288,-1,232,291,292,-1,230,232,292,-1,232,293,294,-1,291,232,294,-1,267,295,232,-1,293,232,295,-1,296,297,267,-1,267,297,295,-1,298,299,267,-1,267,299,296,-1,300,301,267,-1,267,301,298,-1,302,303,267,-1,267,303,300,-1,304,305,267,-1,267,305,302,-1,306,307,267,-1,267,307,304,-1,308,309,267,-1,267,309,306,-1,310,311,267,-1,267,311,308,-1,312,313,267,-1,267,313,310,-1,314,315,267,-1,267,315,312,-1,316,317,267,-1,267,317,314,-1,267,269,318,-1,267,318,316,-1,267,319,320,-1,268,267,320,-1,321,322,323,-1,319,267,324,-1,325,326,327,-1,328,329,330,-1,326,331,332,-1,333,334,335,-1,336,263,337,-1,338,334,236,-1,339,261,237,-1,340,261,339,-1,340,341,261,-1,334,338,335,-1,236,235,338,-1,335,336,337,-1,335,337,333,-1,262,264,332,-1,264,263,336,-1,331,326,325,-1,262,332,331,-1,330,325,327,-1,342,267,343,-1,321,329,328,-1,328,330,327,-1,344,323,322,-1,323,329,321,-1,345,346,344,-1,344,322,345,-1,347,346,348,-1,345,348,346,-1,347,349,350,-1,349,347,348,-1,267,350,324,-1,350,349,324,-1,267,342,351,-1,267,351,350,-1,267,352,353,-1,343,267,353,-1,354,352,215,-1,267,215,352,-1,355,356,215,-1,215,356,354,-1,357,358,215,-1,215,358,355,-1,359,360,215,-1,215,360,357,-1,361,362,215,-1,215,362,359,-1,363,364,215,-1,215,364,361,-1,227,365,215,-1,215,214,363,-1,366,367,215,-1,215,367,216,-1,368,369,215,-1,215,369,366,-1,370,371,215,-1,215,371,368,-1,372,373,215,-1,215,373,370,-1,374,375,215,-1,215,375,372,-1,376,377,215,-1,215,377,374,-1,378,379,215,-1,215,379,376,-1,380,381,215,-1,215,381,378,-1,382,383,215,-1,215,383,380,-1,384,385,215,-1,215,385,382,-1,386,387,215,-1,215,387,384,-1,388,389,215,-1,215,389,386,-1,390,391,215,-1,215,391,388,-1,392,393,215,-1,215,393,390,-1,394,395,215,-1,215,395,392,-1,396,397,215,-1,215,397,394,-1,398,399,215,-1,215,399,396,-1,215,365,398,-1,400,401,227,-1,227,401,365,-1,402,403,227,-1,227,403,400,-1,404,405,227,-1,227,405,402,-1,406,407,227,-1,227,407,404,-1,227,226,406,-1,227,408,409,-1,225,227,409,-1,213,410,227,-1,408,227,410,-1,233,411,213,-1,213,411,410,-1,234,213,212,-1,412,213,413,-1,213,412,211,-1,414,413,415,-1,414,412,413,-1,413,416,417,-1,415,413,417,-1,418,413,419,-1,419,413,213,-1,177,420,421,-1,177,141,420,-1,421,180,422,-1,421,181,180,-1,177,421,423,-1,421,422,423,-1,239,424,425,-1,239,425,217,-1,424,426,416,-1,424,416,413,-1,239,427,424,-1,424,427,426,-1,428,429,224,-1,425,430,428,-1,224,217,428,-1,428,217,425,-1,431,223,432,-1,223,431,433,-1,429,432,224,-1,432,434,435,-1,224,432,223,-1,435,431,432,-1,436,437,438,-1,436,439,437,-1,436,440,418,-1,419,441,439,-1,436,418,419,-1,419,439,436,-1,442,443,444,-1,445,446,435,-1,442,447,443,-1,443,448,449,-1,448,443,447,-1,448,450,449,-1,451,449,450,-1,452,453,454,-1,455,452,456,-1,457,452,455,-1,458,456,452,-1,454,453,437,-1,458,452,454,-1,438,437,453,-1,443,449,453,-1,452,443,453,-1,445,459,446,-1,460,445,449,-1,461,462,463,-1,445,435,434,-1,461,459,462,-1,462,464,463,-1,465,462,460,-1,445,462,459,-1,460,466,467,-1,465,468,469,-1,465,469,470,-1,465,471,472,-1,468,465,472,-1,467,471,460,-1,465,460,471,-1,462,445,460,-1,449,451,473,-1,445,453,449,-1,474,475,476,-1,477,460,449,-1,478,479,480,-1,474,477,475,-1,477,481,460,-1,475,477,449,-1,460,481,480,-1,480,481,478,-1,482,460,480,-1,482,466,460,-1,483,187,484,-1,187,483,485,-1,486,484,186,-1,484,473,451,-1,186,484,187,-1,451,483,484,-1,482,467,466,-1,482,487,467,-1,482,488,144,-1,140,489,487,-1,482,144,140,-1,140,487,482,-1,473,475,449,-1,473,484,475,-1,484,486,476,-1,476,475,484,-1,480,488,482,-1,480,479,488,-1,476,486,186,-1,476,421,474,-1,476,186,181,-1,476,181,421,-1,490,474,478,-1,421,420,474,-1,474,420,478,-1,490,478,491,-1,481,492,491,-1,481,491,478,-1,492,490,491,-1,490,492,493,-1,477,493,492,-1,477,492,481,-1,474,490,493,-1,474,493,477,-1,479,144,488,-1,420,479,478,-1,144,479,141,-1,479,420,141,-1,187,485,494,-1,187,494,190,-1,190,494,495,-1,190,495,183,-1,496,227,452,-1,227,496,497,-1,452,215,1,-1,227,215,452,-1,498,1,215,-1,499,443,183,-1,215,500,498,-1,183,443,1,-1,443,452,1,-1,183,495,499,-1,501,443,499,-1,502,447,503,-1,504,442,444,-1,483,450,505,-1,448,505,450,-1,451,450,483,-1,448,447,502,-1,448,502,505,-1,503,442,504,-1,447,442,503,-1,501,444,443,-1,504,444,501,-1,506,487,489,-1,506,507,508,-1,509,508,510,-1,506,508,487,-1,487,508,511,-1,509,511,508,-1,512,487,513,-1,487,511,513,-1,514,515,516,-1,516,431,514,-1,516,433,431,-1,517,518,519,-1,514,431,520,-1,517,520,518,-1,518,521,519,-1,520,517,514,-1,522,497,496,-1,439,441,522,-1,522,496,439,-1,496,523,524,-1,496,525,523,-1,526,439,524,-1,496,524,439,-1,439,526,527,-1,494,499,495,-1,494,485,483,-1,505,499,483,-1,494,483,499,-1,504,502,503,-1,502,504,501,-1,499,505,501,-1,505,502,501,-1,470,508,465,-1,472,511,468,-1,469,509,510,-1,467,512,471,-1,513,471,512,-1,487,512,467,-1,513,511,472,-1,513,472,471,-1,468,509,469,-1,511,509,468,-1,470,510,508,-1,469,510,470,-1,508,119,465,-1,119,508,507,-1,465,4,267,-1,119,4,465,-1,528,267,4,-1,514,462,232,-1,4,529,528,-1,232,462,267,-1,462,465,267,-1,232,515,514,-1,521,461,463,-1,464,519,463,-1,521,463,519,-1,464,462,517,-1,517,519,464,-1,462,514,517,-1,518,461,521,-1,518,520,459,-1,459,461,518,-1,446,520,431,-1,520,446,459,-1,446,431,435,-1,222,516,515,-1,222,515,232,-1,223,433,516,-1,223,516,222,-1,530,531,532,-1,533,534,535,-1,536,537,530,-1,536,530,532,-1,535,534,538,-1,539,530,537,-1,533,500,528,-1,528,534,533,-1,215,267,500,-1,267,528,500,-1,537,538,539,-1,537,535,538,-1,540,541,539,-1,539,541,530,-1,542,541,543,-1,541,540,543,-1,544,540,539,-1,540,545,543,-1,545,540,544,-1,542,543,546,-1,545,546,543,-1,547,541,542,-1,542,546,547,-1,544,539,548,-1,538,549,548,-1,548,539,538,-1,549,534,550,-1,534,549,538,-1,534,528,550,-1,550,528,529,-1,1,529,4,-1,529,1,498,-1,498,551,550,-1,548,547,544,-1,552,548,549,-1,553,554,555,-1,556,557,553,-1,553,557,554,-1,547,556,553,-1,545,547,546,-1,547,548,556,-1,548,552,556,-1,545,544,547,-1,551,549,550,-1,551,552,549,-1,550,529,498,-1,547,530,541,-1,530,547,553,-1,536,557,556,-1,557,532,554,-1,532,557,536,-1,555,554,531,-1,532,531,554,-1,530,553,555,-1,555,531,530,-1,536,556,537,-1,552,535,537,-1,537,556,552,-1,535,551,533,-1,551,535,552,-1,551,498,533,-1,533,498,500,-1,119,507,506,-1,119,506,7,-1,7,506,489,-1,7,489,140,-1,456,458,524,-1,526,458,454,-1,458,526,524,-1,437,527,454,-1,526,454,527,-1,439,527,437,-1,523,456,524,-1,523,525,455,-1,455,456,523,-1,457,525,496,-1,525,457,455,-1,457,496,452,-1,227,497,522,-1,227,522,213,-1,213,522,441,-1,213,441,419,-1,558,436,438,-1,558,438,453,-1,559,445,560,-1,558,561,562,-1,561,558,559,-1,559,558,453,-1,560,445,563,-1,430,563,428,-1,563,430,560,-1,559,453,445,-1,436,558,562,-1,436,562,440,-1,429,563,432,-1,563,429,428,-1,562,424,413,-1,418,440,562,-1,562,561,424,-1,418,562,413,-1,561,430,425,-1,564,430,561,-1,565,430,564,-1,561,425,424,-1,566,564,561,-1,561,559,566,-1,564,567,565,-1,564,566,567,-1,559,567,566,-1,559,560,567,-1,560,565,567,-1,560,430,565,-1,445,434,432,-1,445,432,563,-1,
        ]
    }
}
Shape{
    appearance Appearance {
        material  Material 	{
            diffuseColor 0.7529411764705882 0.7529411764705882 0.7529411764705882
            specularColor 0.7529411764705882 0.7529411764705882 0.7529411764705882
            ambientIntensity 1.0
            transparency 1.0
            shininess 0.5
        }
    }
    geometry IndexedFaceSet {
        ccw TRUE
        solid FALSE
        coord DEF co Coordinate {
            point [
                1.5889 -0.5167 0.3099, 1.5876 -0.6985 0.3099, 1.59 -0.653 0.3099, 1.563 -0.4869 0.3099, 1.5767 -0.3809 0.3099, 1.5704 -0.3359 0.3099, 1.563 -0.6827 0.3099, 1.563 -0.2911 0.3099, 1.586 -0.4714 0.3099, 1.5838 -0.7437 0.3099, 1.5819 -0.4261 0.3099, 1.5785 -0.7889 0.3099, 1.5906 -0.5621 0.3099, 1.591 -0.6076 0.3099, 1.563 -0.8785 0.3099, 1.5715 -0.8338 0.3099, -1.5906 -0.5622 0.3099, -1.591 -0.6077 0.3099, -1.59 -0.6531 0.3099, -1.563 -0.6827 0.3099, -1.563 -0.4869 0.3099, -1.5767 -0.381 0.3099, -1.589 -0.5168 0.3099, -1.5876 -0.6985 0.3099, -1.5838 -0.7438 0.3099, -1.586 -0.4714 0.3099, -1.582 -0.4261 0.3099, -1.5784 -0.7889 0.3099, -1.5704 -0.3359 0.3099, -1.563 -0.2911 0.3099, -1.5715 -0.8338 0.3099, -1.563 -0.8785 0.3099, -0.0075 -0.0026 9.2194, -0.0072 -0.0037 9.2194, -0.0063 -0.0052 9.2194, -0.0075 0.0031 9.2194, -0.0063 0.0052 9.2194, -0.0068 0.0045 9.2194, -0.0072 0.0038 9.2194, -0.0078 0.0023 9.2194, -0.0057 0.0058 9.2194, -0.0049 0.0063 9.2194, -0.0079 0.0014 9.2194, -0.008 0.0005 9.2194, -0.0041 0.0068 9.2194, -0.0079 -0.0005 9.2194, -0.0033 0.0072 9.2194, -0.0023 0.0076 9.2194, -0.0078 -0.0015 9.2194, -0.0057 -0.0058 9.2194, -0.0049 -0.0063 9.2194, -0.0041 -0.0068 9.2194, -0.0068 -0.0045 9.2194, -0.0033 -0.0072 9.2194, 0.0033 0.0072 9.2194, -0.0023 -0.0076 9.2194, -0.0012 -0.0079 9.2194, 0.0023 -0.0076 9.2194, 0.0078 0.0023 9.2194, 0.0079 0.0014 9.2194, 0.0033 -0.0072 9.2194, 0.0012 -0.0079 9.2194, -0.0 -0.0082 9.2194, 0.0057 -0.0058 9.2194, 0.0079 -0.0005 9.2194, 0.0049 -0.0063 9.2194, 0.0063 -0.0052 9.2194, 0.0075 -0.0026 9.2194, 0.0078 -0.0015 9.2194, 0.008 0.0005 9.2194, 0.0068 -0.0045 9.2194, 0.0072 -0.0037 9.2194, 0.0041 -0.0068 9.2194, 0.0041 0.0068 9.2194, 0.0057 0.0058 9.2194, 0.0049 0.0063 9.2194, 0.0075 0.0031 9.2194, 0.0063 0.0052 9.2194, 0.0072 0.0038 9.2194, 0.0068 0.0045 9.2194, 0.0023 0.0076 9.2194, 0.0012 0.0079 9.2194, -0.0 0.0082 9.2194, -0.0012 0.0079 9.2194
            ]
        }
        coordIndex [
            0,1,2,-1,3,4,5,-1,3,6,4,-1,7,3,5,-1,1,0,8,-1,9,10,11,-1,12,0,2,-1,2,13,12,-1,8,9,1,-1,10,4,11,-1,8,10,9,-1,11,4,6,-1,14,15,6,-1,11,6,15,-1,16,17,18,-1,19,20,21,-1,22,18,23,-1,18,22,16,-1,23,24,25,-1,25,22,23,-1,24,26,25,-1,26,27,21,-1,27,26,24,-1,20,28,21,-1,28,20,29,-1,19,21,27,-1,19,27,30,-1,31,19,30,-1,32,33,34,-1,35,36,37,-1,37,38,35,-1,36,39,40,-1,39,36,35,-1,41,40,42,-1,39,42,40,-1,43,44,41,-1,41,42,43,-1,44,45,46,-1,45,44,43,-1,47,46,48,-1,45,48,46,-1,49,32,34,-1,32,49,50,-1,51,32,50,-1,34,33,52,-1,48,32,51,-1,48,53,54,-1,51,53,48,-1,55,56,57,-1,57,58,55,-1,59,58,60,-1,57,56,61,-1,62,61,56,-1,63,64,65,-1,60,58,57,-1,66,67,68,-1,65,64,69,-1,67,66,70,-1,67,70,71,-1,68,64,63,-1,66,68,63,-1,72,65,69,-1,60,72,59,-1,69,59,72,-1,54,58,73,-1,53,55,58,-1,74,75,76,-1,73,76,75,-1,77,76,78,-1,79,77,78,-1,73,58,76,-1,74,76,77,-1,48,54,80,-1,54,53,58,-1,80,81,47,-1,47,48,80,-1,82,83,81,-1,81,83,47,-1,
        ]
    }
}
Shape{
    appearance Appearance {
        material  Material 	{
            diffuseColor 0.8196078431372549 0.8196078431372549 0.8196078431372549
            specularColor 0.7529411764705882 0.7529411764705882 0.7529411764705882
            ambientIntensity 1.0
            transparency 1.0
            shininess 0.5
        }
    }
    geometry IndexedFaceSet {
        ccw TRUE
        solid FALSE
        coord DEF co Coordinate {
            point [
                -1.7992 0.7301 0.9447, -1.7992 0.6693 0.6473, -1.7992 0.719 0.9228, -1.7992 0.3843 0.6473, -1.7992 0.3843 0.8903, -1.7992 0.6553 0.8903, -1.7992 -0.7301 1.3204, -1.7992 -1.3386 1.3165, -1.7992 -0.719 1.3424, -1.7992 0.734 0.969, -1.7992 0.734 1.2961, -1.7992 1.0978 1.4371, -1.7992 -0.9008 2.0825, -1.7992 -0.9229 2.105, -1.7992 0.6796 0.8941, -1.7992 0.7015 0.9053, -1.7992 1.3386 1.3165, -1.7992 0.8298 1.4548, -1.7992 0.7301 1.3204, -1.7992 0.719 1.3424, -1.7992 0.6553 1.3748, -1.7992 0.6898 1.5825, -1.7992 0.7153 1.5414, -1.7992 0.7015 1.3598, -1.7992 0.6796 1.371, -1.7992 0.7865 1.4764, -1.7992 0.2864 2.0936, -1.7992 0.2991 2.0742, -1.7992 0.0824 2.0817, -1.7992 0.2537 1.5472, -1.7992 0.6634 1.7236, -1.7992 0.2537 1.7357, -1.7992 0.6723 1.7712, -1.7992 -1.3386 2.9871, -1.7992 -0.9339 2.1557, -1.7992 -0.3843 0.6473, -1.7992 -0.6553 0.8903, -1.7992 -0.3843 0.8903, -1.7992 -0.8016 2.2908, -1.7992 -0.7796 2.2626, -1.7992 -0.8016 2.2232, -1.7992 -0.9229 2.1782, -1.7992 -0.9173 2.2682, -1.7992 -0.7015 1.3598, -1.7992 -0.734 1.2961, -1.7992 -0.734 0.969, -1.7992 -0.7301 0.9447, -1.7992 -0.6693 0.6473, -1.7992 -0.719 0.9228, -1.7992 -0.6796 0.8941, -1.7992 -0.7015 0.9053, -1.7992 -0.4668 1.502, -1.7992 -0.6553 1.3748, -1.7992 -0.4609 1.6905, -1.7992 -0.2011 1.6905, -1.7992 -0.2601 1.7357, -1.7992 -0.207 1.7206, -1.7992 -0.2542 1.4643, -1.7992 -0.207 1.4643, -1.7992 -0.4018 1.7734, -1.7992 -0.3723 1.7809, -1.7992 -0.4196 1.7583, -1.7992 -0.4314 1.7357, -1.7992 -0.4314 1.7206, -1.7992 -0.8788 2.0712, -1.7992 -0.4491 1.6679, -1.7992 -0.8181 2.2176, -1.7992 -0.4196 1.6905, -1.7992 -0.3487 1.7809, -1.7992 -0.3014 1.7583, -1.7992 -0.3192 1.7734, -1.7992 -0.2896 1.7357, -1.7992 -0.207 1.502, -1.7992 -0.1892 1.6679, -1.7992 -0.266 1.7659, -1.7992 -0.2011 1.7659, -1.7992 -0.1125 1.7809, -1.7992 -0.1597 1.7583, -1.7992 -0.142 1.7734, -1.7992 -0.5756 2.0656, -1.7992 -0.4137 1.8111, -1.7992 -0.4373 1.796, -1.7992 -0.207 1.7357, -1.7992 -0.0948 1.8186, -1.7992 -0.1184 1.8186, -1.7992 0.0086 2.0524, -1.7992 -0.8512 2.2964, -1.7992 -0.8843 2.2682, -1.7992 -0.8788 2.2795, -1.7992 -0.8677 2.2908, -1.7992 -0.7796 2.2514, -1.7992 -0.9339 2.1275, -1.7992 -0.6796 1.371, -1.7992 -0.4668 1.7206, -1.7992 -0.4668 1.4643, -1.7992 -0.3014 1.502, -1.7992 0.0056 1.4643, -1.7992 -0.2542 1.502, -1.7992 0.0588 1.5698, -1.7992 0.0647 1.5472, -1.7992 0.0056 1.502, -1.7992 -0.1538 1.8111, -1.7992 -0.1774 1.796, -1.7992 -0.2896 1.796, -1.7992 -0.1715 1.7206, -1.7992 -0.1715 1.7357, -1.7992 -0.5481 2.0712, -1.7992 -0.526 2.0825, -1.7992 -0.1597 1.6905, -1.7992 -0.0889 1.7809, -1.7992 -0.3133 1.8111, -1.7992 -0.0416 1.7583, -1.7992 -0.0593 1.7734, -1.7992 -0.0298 1.7357, -1.7992 0.0529 1.6754, -1.7992 -0.0003 1.7357, -1.7992 0.0529 1.6075, -1.7992 0.0588 1.7131, -1.7992 -0.0062 1.7659, -1.7992 -0.0298 1.796, -1.7992 0.0942 1.7885, -1.7992 0.0765 1.5171, -1.7992 0.0942 1.4945, -1.7992 0.0647 1.7357, -1.7992 -0.7851 2.2795, -1.7992 -0.9118 2.2851, -1.7992 -0.8181 2.2964, -1.7992 -0.0416 1.502, -1.7992 0.1237 1.8111, -1.7992 -0.0534 1.8111, -1.7992 0.3166 2.0592, -1.7992 0.1946 1.8111, -1.7992 0.1592 1.8186, -1.7992 0.3377 2.0496, -1.7992 0.0765 1.7659, -1.7992 0.6723 1.6276, -1.7992 0.2596 1.5698, -1.7992 0.2655 1.6075, -1.7992 0.0354 2.0558, -1.7992 -0.0 2.589, -1.7992 0.1131 2.6013, -1.7992 -0.0146 2.2016, -1.7992 0.1237 1.4718, -1.7992 0.1592 1.4643, -1.7992 0.1946 1.4718, -1.7992 0.2241 1.4945, -1.7992 0.2419 1.5171, -1.7992 0.2655 1.6754, -1.7992 0.6634 1.6752, -1.7992 0.8201 2.0461, -1.7992 0.8477 2.0518, -1.7992 0.8764 1.9573, -1.7992 0.7479 1.5056, -1.7992 0.7705 2.0461, -1.7992 0.7865 1.9224, -1.7992 0.743 2.0518, -1.7992 0.8298 1.944, -1.7992 0.3987 2.0464, -1.7992 0.2241 1.7885, -1.7992 0.3606 2.0464, -1.7992 0.2419 1.7659, -1.7992 0.2596 1.7131, -1.7992 0.8764 1.4416, -1.7992 0.9246 1.4371, -1.7992 1.3386 2.9871, -1.7992 1.0978 1.9617, -1.7992 -0.8512 2.0656, -1.7992 -0.4668 1.7357, -1.7992 -0.8071 2.0656, -1.7992 -0.6473 2.0825, -1.7992 -0.752 2.0881, -1.7992 -0.6693 2.105, -1.7992 -0.6803 2.1275, -1.7992 -0.7355 2.1163, -1.7992 -0.6252 2.0712, -1.7992 -0.5977 2.0656, -1.7992 -0.4609 1.7659, -1.7992 -0.7465 2.2682, -1.7992 -0.752 2.2908, -1.7992 -0.6859 2.3302, -1.7992 -0.7465 2.2457, -1.7992 -0.774 2.2007, -1.7992 -0.6859 2.1557, -1.7992 -0.7299 2.1388, -1.7992 -0.7851 2.2345, -1.7992 -0.8512 2.2176, -1.7992 -0.763 2.1388, -1.7992 -0.7961 2.1894, -1.7992 -0.8788 2.212, -1.7992 -0.8512 2.1838, -1.7992 -0.8733 2.105, -1.7992 -0.8733 2.1782, -1.7992 -0.9008 2.2007, -1.7992 -0.7685 2.1219, -1.7992 -0.7851 2.105, -1.7992 -0.8071 2.0994, -1.7992 -0.8898 2.1163, -1.7992 -0.8898 2.1669, -1.7992 -0.8512 2.0994, -1.7992 -0.9008 2.1331, -1.7992 -0.9008 2.15, -1.7992 -0.7796 2.0712, -1.7992 -0.752 2.2232, -1.7992 -0.8181 2.1838, -1.7992 -0.2769 2.0879, -1.7992 -0.504 2.105, -1.7992 -0.2827 2.1105, -1.7992 -0.774 2.3133, -1.7992 -0.7961 2.3245, -1.7992 -0.1208 2.2015, -1.7992 -0.0795 2.1629, -1.7992 -0.1169 2.1865, -1.7992 0.3487 2.3119, -1.7992 0.3406 2.2991, -1.7992 0.3412 2.3078, -1.7992 -0.8181 2.3302, -1.7992 -0.8457 2.3302, -1.7992 -0.8733 2.3245, -1.7992 -0.8953 2.3077, -1.7992 -0.2435 2.0567, -1.7992 -0.3546 1.8186, -1.7992 -0.5205 2.1557, -1.7992 -0.5756 2.0994, -1.7992 -0.5977 2.0994, -1.7992 -0.526 2.1331, -1.7992 -0.537 2.1163, -1.7992 -0.5536 2.105, -1.7992 -0.3782 1.8186, -1.7992 -0.6473 2.1331, -1.7992 -0.6197 2.105, -1.7992 -0.6362 2.1163, -1.7992 -0.4929 2.1275, -1.7992 -0.4874 2.1557, -1.7992 -0.2799 2.1336, -1.7992 -0.0677 2.1629, -1.7992 -0.119 2.2169, -1.7992 0.6077 2.5958, -1.7992 0.8201 2.3107, -1.7992 0.7705 2.3107, -1.7992 0.7209 2.063, -1.7992 0.7479 1.8933, -1.7992 0.7153 1.8575, -1.7992 0.743 2.3051, -1.7992 -0.6528 2.1557, -1.7992 -0.5205 2.3302, -1.7992 -0.6528 2.3302, -1.7992 0.192 2.6589, -1.7992 -0.0405 2.6444, -1.7992 -0.07 2.6444, -1.7992 0.8587 2.0968, -1.7992 0.8422 2.0855, -1.7992 0.8697 2.1137, -1.7992 0.6934 2.2432, -1.7992 0.4333 2.1007, -1.7992 0.4922 2.3148, -1.7992 0.6898 1.8163, -1.7992 0.4136 2.0494, -1.7992 0.8753 2.1362, -1.7992 0.8201 2.0799, -1.7992 0.8697 2.063, -1.7992 0.7264 2.2432, -1.7992 0.6934 2.1137, -1.7992 0.9246 1.9617, -1.7992 0.8918 2.0855, -1.7992 0.9028 2.1081, -1.7992 0.9083 2.1362, -1.7992 0.9083 2.2206, -1.7992 0.9028 2.2488, -1.7992 0.8201 2.2769, -1.7992 0.8753 2.2206, -1.7992 0.7264 2.1137, -1.7992 0.8918 2.2713, -1.7992 0.7485 2.2713, -1.7992 0.7705 2.2769, -1.7992 0.8697 2.2938, -1.7992 0.8477 2.3051, -1.7992 0.7319 2.26, -1.7992 0.8422 2.2713, -1.7992 0.8587 2.26, -1.7992 0.8697 2.2432, -1.7992 0.0995 2.1026, -1.7992 0.4262 2.058, -1.7992 0.0605 2.0658, -1.7992 0.7705 2.0799, -1.7992 0.7485 2.0855, -1.7992 0.7319 2.0968, -1.7992 0.6099 2.6138, -1.7992 0.7209 2.2938, -1.7992 0.6989 2.2713, -1.7992 0.53 2.3529, -1.7992 0.6053 2.6312, -1.7992 0.5794 2.6555, -1.7992 0.5947 2.6458, -1.7992 0.5617 2.6589, -1.7992 0.0019 2.6047, -1.7992 -0.0021 2.6201, -1.7992 0.1249 2.6245, -1.7992 0.1663 2.6548, -1.7992 -0.0249 2.6415, -1.7992 -0.1308 2.6001, -1.7992 -0.1217 2.618, -1.7992 -0.0348 2.1736, -1.7992 -0.0504 2.1656, -1.7992 -0.2206 2.0524, -1.7992 -0.2631 2.0692, -1.7992 -0.1078 2.174, -1.7992 -0.4874 2.3302, -1.7992 -0.0947 2.1658, -1.7992 -0.0225 2.186, -1.7992 -0.0115 2.633, -1.7992 0.1432 2.6429, -1.7992 -0.1076 2.6322, -1.7992 -0.0898 2.6413, -1.7992 0.1109 2.1271, -1.7992 0.6989 2.0855, -1.7992 0.4369 2.0859, -1.7992 0.1759 2.3302, -1.7992 0.4344 2.0709, -1.7992 0.474 2.3119, -1.7992 0.5087 2.3233, -1.7992 0.5217 2.3364, -1.7992 0.4648 2.5639, -1.7992 0.4732 2.5611, -1.7992 0.4784 2.554, -1.7992 0.4374 2.4252, -1.7992 0.4273 2.4179, -1.7992 0.4152 2.4153, -1.7992 0.4785 2.5451, -1.7992 0.1919 2.4187, -1.7992 0.1854 2.4277, -1.7992 0.2025 2.4153, -1.7992 0.1854 2.4387, -1.7992 0.4436 2.436, -1.7992 0.2186 2.5428, -1.7992 0.2475 2.5639, -1.7992 0.2249 2.5538, -1.7992 0.2351 2.5612, -1.7992 0.9419 1.7159, -1.7992 0.9952 1.8148, -1.7992 1.0062 1.6213, -1.7992 1.0547 1.9186, -1.7992 1.0547 1.4802, -1.7992 0.9458 1.4802, -1.7992 0.9246 1.9186, -1.7992 0.7116 1.7514, -1.7992 0.708 1.6658, -1.7992 0.7056 1.7088, -1.7992 0.7765 1.8611, -1.7992 0.811 1.8869, -1.7992 0.9083 1.7142, -1.7992 0.7187 1.6241, -1.7992 0.7259 1.792, -1.7992 0.7478 1.8291, -1.7992 0.7374 1.5853, -1.7992 0.7633 1.551, -1.7992 0.7954 1.5223, -1.7992 0.8915 1.9161, -1.7992 0.8498 1.9055, -1.7992 0.8325 1.5005, -1.7992 0.8732 1.4863, -1.7992 0.9617 1.8131, -1.7992 0.9194 1.4915, -1.7992 0.9158 1.4804, -1.7992 0.9736 1.6182, -1.7992 0.2064 1.5246, -1.7992 0.1887 1.5095, -1.7992 0.236 1.6151, -1.7992 0.23 1.5698, -1.7992 0.1592 1.502, -1.7992 0.236 1.6679, -1.7992 0.0824 1.6151, -1.7992 0.1297 1.5095, -1.7992 0.1119 1.5246, -1.7992 0.0883 1.5698, -1.7992 0.1592 1.7809, -1.7992 0.0824 1.6679, -1.7992 0.1297 1.7734, -1.7992 0.0883 1.7131, -1.7992 0.1119 1.7583, -1.7992 0.2064 1.7583, -1.7992 0.1887 1.7734, -1.7992 0.23 1.7131, -1.7842 1.3386 3.0334, -1.7668 -1.3386 3.0508, -1.7668 1.3386 3.0508, -1.7448 1.3386 3.062, -1.7448 -1.3386 3.062, -1.7205 -1.3386 3.0658, -1.7205 1.3386 3.0658, -1.7842 -1.3386 3.0334, -1.7954 1.3386 3.0114, -1.7954 -1.3386 3.0114, 1.7992 -1.3386 2.9871, 1.7954 -1.3386 3.0114, 1.7842 -1.3386 3.0334, 1.7668 -1.3386 3.0508, 1.7992 -1.3386 1.3165, 1.7448 -1.3386 3.062, 1.7008 -1.3386 1.3165, 1.7205 -1.3386 3.0658, 1.7205 -1.3386 2.9674, 1.7008 -1.3386 2.9674, -1.7205 -1.3386 2.9674, -1.7008 -1.3386 2.9674, -1.7008 -1.3386 1.3165, -1.7046 -1.5413 2.9674, -1.6024 -1.6004 2.9674, -1.6859 -1.5658 2.9674, 1.7205 1.3386 2.9674, 1.7008 1.3386 2.9674, 1.7205 1.4823 2.9674, 1.7164 1.5129 2.9674, 1.6024 1.6004 2.9674, 1.7046 1.5413 2.9674, -1.6614 -1.5846 2.9674, -1.6329 -1.5964 2.9674, 1.6329 1.5964 2.9674, 1.6614 1.5846 2.9674, 1.6859 1.5658 2.9674, -1.7008 1.3386 2.9674, -1.6024 1.6004 2.9674, -1.7205 1.3386 2.9674, -1.7205 1.4823 2.9674, -1.6614 1.5846 2.9674, -1.6859 1.5658 2.9674, -1.6329 1.5964 2.9674, -1.7046 1.5413 2.9674, -1.7164 1.5129 2.9674, -1.7205 -1.4823 2.9674, -1.7164 -1.5129 2.9674, 1.6024 -1.6004 2.9674, 1.6614 -1.5846 2.9674, 1.6329 -1.5964 2.9674, 1.6859 -1.5658 2.9674, 1.7046 -1.5413 2.9674, 1.7164 -1.5129 2.9674, 1.7205 -1.4823 2.9674, 1.6859 -1.5658 3.0658, 1.7046 -1.5413 3.0658, 1.7164 -1.5129 3.0658, 1.7205 -1.4823 3.0658, 1.6614 -1.5846 3.0658, 1.6329 -1.5964 3.0658, 1.6024 -1.6004 3.0658, -1.6024 -1.6004 3.0658, -1.6859 -1.5658 3.0658, -1.6614 -1.5846 3.0658, -1.6329 -1.5964 3.0658, -1.7046 -1.5413 3.0658, -1.7164 -1.5129 3.0658, -1.7205 -1.4823 3.0658, 1.6024 1.6004 3.0658, 1.7046 1.5413 3.0658, 1.6859 1.5658 3.0658, 1.6614 1.5846 3.0658, 1.6329 1.5964 3.0658, 1.7164 1.5129 3.0658, 1.7205 1.4823 3.0658, 1.7205 1.3386 3.0658, -1.1766 -0.1029 3.0658, -1.1632 -0.2051 3.0658, -1.6024 1.6004 3.0658, -1.7205 1.4823 3.0658, -1.6614 1.5846 3.0658, -1.6329 1.5964 3.0658, -1.7046 1.5413 3.0658, -1.6859 1.5658 3.0658, -1.7164 1.5129 3.0658, -1.1766 0.1029 3.0658, -1.1632 0.2051 3.0658, -0.0 -1.1811 3.0658, -0.1029 -1.1766 3.0658, 1.1811 0.0 3.0658, 1.1766 -0.1029 3.0658, 1.1632 -0.2051 3.0658, -0.1029 1.1766 3.0658, -0.2051 1.1632 3.0658, 0.2051 -1.1632 3.0658, 0.1029 -1.1766 3.0658, -1.1409 -0.3057 3.0658, 1.1409 -0.3057 3.0658, 1.1099 -0.404 3.0658, 1.0704 -0.4992 3.0658, 1.0229 -0.5906 3.0658, 0.9675 -0.6775 3.0658, 0.9048 -0.7592 3.0658, 0.8352 -0.8352 3.0658, 0.7592 -0.9048 3.0658, 0.6775 -0.9675 3.0658, 0.4992 -1.0704 3.0658, 0.5906 -1.0229 3.0658, 0.3057 -1.1409 3.0658, 0.404 -1.1099 3.0658, -0.2051 -1.1632 3.0658, -0.3057 -1.1409 3.0658, -0.404 -1.1099 3.0658, -0.4992 -1.0704 3.0658, -0.5906 -1.0229 3.0658, -0.6775 -0.9675 3.0658, -0.7592 -0.9048 3.0658, -0.9048 -0.7592 3.0658, -0.8352 -0.8352 3.0658, -1.0229 -0.5906 3.0658, -0.9675 -0.6775 3.0658, -1.1099 -0.404 3.0658, -1.0704 -0.4992 3.0658, -1.1811 0.0 3.0658, 0.0 1.1811 3.0658, 0.1029 1.1766 3.0658, -1.1409 0.3057 3.0658, -1.1099 0.404 3.0658, -1.0704 0.4992 3.0658, -1.0229 0.5906 3.0658, -0.9675 0.6775 3.0658, -0.9048 0.7592 3.0658, -0.8352 0.8352 3.0658, -0.7592 0.9048 3.0658, -0.6775 0.9675 3.0658, -0.4992 1.0704 3.0658, -0.5906 1.0229 3.0658, -0.3057 1.1409 3.0658, -0.404 1.1099 3.0658, 0.2051 1.1632 3.0658, 0.3057 1.1409 3.0658, 0.404 1.1099 3.0658, 0.4992 1.0704 3.0658, 0.5906 1.0229 3.0658, 0.6775 0.9675 3.0658, 0.7592 0.9048 3.0658, 0.9048 0.7592 3.0658, 0.8352 0.8352 3.0658, 1.0229 0.5906 3.0658, 0.9675 0.6775 3.0658, 1.1099 0.404 3.0658, 1.0704 0.4992 3.0658, 1.1632 0.2051 3.0658, 1.1409 0.3057 3.0658, 1.1766 0.1029 3.0658, -0.0 -1.1811 3.3178, 0.1029 -1.1766 3.3178, 0.2051 -1.1632 3.3178, 0.3057 -1.1409 3.3178, 0.404 -1.1099 3.3178, 0.4992 -1.0704 3.3178, 0.5906 -1.0229 3.3178, 0.6775 -0.9675 3.3178, 0.7592 -0.9048 3.3178, 0.8352 -0.8352 3.3178, 0.9048 -0.7592 3.3178, 0.9675 -0.6775 3.3178, 1.0229 -0.5906 3.3178, 1.0704 -0.4992 3.3178, 1.1099 -0.404 3.3178, 1.1409 -0.3057 3.3178, 1.1632 -0.2051 3.3178, 1.1766 -0.1029 3.3178, 1.1811 0.0 3.3178, -0.1029 -1.1766 3.3178, -0.2051 -1.1632 3.3178, -0.3057 -1.1409 3.3178, -0.404 -1.1099 3.3178, -0.4992 -1.0704 3.3178, -0.5906 -1.0229 3.3178, -0.6775 -0.9675 3.3178, -0.7592 -0.9048 3.3178, -0.8352 -0.8352 3.3178, -0.9048 -0.7592 3.3178, -0.9675 -0.6775 3.3178, -1.0229 -0.5906 3.3178, -1.0704 -0.4992 3.3178, -1.1099 -0.404 3.3178, -1.1409 -0.3057 3.3178, -1.1632 -0.2051 3.3178, -1.1766 -0.1029 3.3178, -1.1811 0.0 3.3178, 0.0 1.1811 3.3178, -0.1029 1.1766 3.3178, -0.2051 1.1632 3.3178, -0.3057 1.1409 3.3178, -0.404 1.1099 3.3178, -0.4992 1.0704 3.3178, -0.5906 1.0229 3.3178, -0.6775 0.9675 3.3178, -0.7592 0.9048 3.3178, -0.8352 0.8352 3.3178, -0.9048 0.7592 3.3178, -0.9675 0.6775 3.3178, -1.0229 0.5906 3.3178, -1.0704 0.4992 3.3178, -1.1099 0.404 3.3178, -1.1409 0.3057 3.3178, -1.1632 0.2051 3.3178, -1.1766 0.1029 3.3178, 0.1029 1.1766 3.3178, 0.2051 1.1632 3.3178, 0.3057 1.1409 3.3178, 0.404 1.1099 3.3178, 0.4992 1.0704 3.3178, 0.5906 1.0229 3.3178, 0.6775 0.9675 3.3178, 0.7592 0.9048 3.3178, 0.8352 0.8352 3.3178, 0.9048 0.7592 3.3178, 0.9675 0.6775 3.3178, 1.0229 0.5906 3.3178, 1.0704 0.4992 3.3178, 1.1099 0.404 3.3178, 1.1409 0.3057 3.3178, 1.1632 0.2051 3.3178, 1.1766 0.1029 3.3178, 0.4083 0.6733 3.3178, -0.7797 -0.11 3.3178, -0.7637 -0.1918 3.3178, 0.4772 0.6263 3.3178, 0.3348 0.7127 3.3178, 0.5408 0.5723 3.3178, 0.2575 0.7441 3.3178, 0.5983 0.5119 3.3178, -0.6491 0.4457 3.3178, 0.6491 0.4457 3.3178, -0.2575 0.7441 3.3178, 0.6926 0.3746 3.3178, -0.5408 0.5723 3.3178, -0.4772 0.6263 3.3178, 0.7559 0.2205 3.3178, 0.775 0.1393 3.3178, -0.6926 0.3746 3.3178, 0.7854 0.0565 3.3178, 0.7869 -0.0269 3.3178, -0.775 0.1393 3.3178, -0.7559 0.2205 3.3178, 0.7637 -0.1918 3.3178, -0.7854 0.0565 3.3178, -0.7869 -0.0269 3.3178, 0.7062 -0.3482 3.3178, 0.6654 -0.4209 3.3178, -0.7391 -0.2715 3.3178, 0.562 -0.5515 3.3178, -0.6654 -0.4209 3.3178, -0.7062 -0.3482 3.3178, 0.3614 -0.6996 3.3178, 0.4334 -0.6574 3.3178, -0.562 -0.5515 3.3178, 0.2062 -0.7599 3.3178, -0.3614 -0.6996 3.3178, -0.4334 -0.6574 3.3178, 0.0417 -0.7863 3.3178, -0.0417 -0.7863 3.3178, -0.2062 -0.7599 3.3178, -0.2854 -0.7339 3.3178, -0.1247 -0.7775 3.3178, -0.5005 -0.6078 3.3178, 0.1247 -0.7775 3.3178, -0.6172 -0.4889 3.3178, 0.2854 -0.7339 3.3178, 0.5005 -0.6078 3.3178, 0.6172 -0.4889 3.3178, 0.7391 -0.2715 3.3178, -0.7284 0.2992 3.3178, 0.7797 -0.11 3.3178, -0.5983 0.5119 3.3178, -0.4083 0.6733 3.3178, 0.7284 0.2992 3.3178, -0.3348 0.7127 3.3178, 0.0417 -0.7863 3.5147, -0.0417 -0.7863 3.5147, 0.1246 -0.7775 3.5147, 0.2062 -0.7599 3.5147, 0.2854 -0.7339 3.5147, 0.3614 -0.6995 3.5147, 0.4334 -0.6574 3.5147, 0.5005 -0.6079 3.5147, 0.562 -0.5515 3.5147, 0.6172 -0.489 3.5147, 0.6654 -0.4209 3.5147, 0.7062 -0.3482 3.5147, 0.7391 -0.2715 3.5147, 0.7637 -0.1918 3.5147, 0.7797 -0.11 3.5147, 0.7869 -0.0269 3.5147, 0.7854 0.0565 3.5147, 0.775 0.1393 3.5147, 0.7559 0.2205 3.5147, 0.7283 0.2992 3.5147, 0.6926 0.3746 3.5147, 0.6491 0.4457 3.5147, 0.5983 0.5119 3.5147, 0.5408 0.5723 3.5147, 0.4772 0.6263 3.5147, 0.4083 0.6733 3.5147, 0.3348 0.7127 3.5147, 0.2575 0.7441 3.5147, -0.1246 -0.7775 3.5147, -0.2062 -0.7599 3.5147, -0.2854 -0.7339 3.5147, -0.3614 -0.6995 3.5147, -0.4334 -0.6574 3.5147, -0.5005 -0.6079 3.5147, -0.562 -0.5515 3.5147, -0.6172 -0.489 3.5147, -0.6654 -0.4209 3.5147, -0.7062 -0.3482 3.5147, -0.7391 -0.2715 3.5147, -0.7637 -0.1918 3.5147, -0.7797 -0.11 3.5147, -0.7869 -0.0269 3.5147, -0.7854 0.0565 3.5147, -0.775 0.1393 3.5147, -0.7559 0.2205 3.5147, -0.7283 0.2992 3.5147, -0.6926 0.3746 3.5147, -0.6491 0.4457 3.5147, -0.5983 0.5119 3.5147, -0.5408 0.5723 3.5147, -0.4772 0.6263 3.5147, -0.4083 0.6733 3.5147, -0.3348 0.7127 3.5147, -0.2575 0.7441 3.5147, 0.3948 0.7441 3.7997, 0.3948 0.7441 3.9635, 0.4738 0.744 3.9379, 0.3776 0.7441 5.4322, 0.3781 0.744 5.3666, 0.374 0.7439 5.3584, -0.612 0.7441 5.3032, -0.548 0.7441 5.2601, -0.6301 0.7441 5.2915, -0.4915 0.7441 5.3465, -0.4696 0.7441 5.2323, 0.5465 0.7441 5.2197, 0.4708 0.7441 5.1973, 0.4739 0.7441 5.316, 0.3948 0.7441 4.784, 0.3948 0.7441 4.9478, 0.4738 0.744 4.9221, 0.3861 0.744 5.148, 0.3948 0.7441 5.1446, 0.3858 0.7439 4.9781, 0.4739 0.7441 3.8202, -0.3948 0.7441 5.3721, -0.3948 0.7441 5.2082, -0.386 0.7441 5.3749, -0.3781 0.744 5.3799, -0.3861 0.744 5.2049, -0.594 0.7441 5.3145, 0.3948 0.7441 3.5698, 0.4738 0.7441 3.5444, -0.4781 0.7441 5.0384, -0.4739 0.744 5.1545, -0.3948 0.7441 5.0114, -0.3783 0.744 5.1996, -0.3741 0.744 5.3882, -0.3741 0.7439 5.1913, -0.3948 0.7441 5.1752, -0.3859 0.744 5.178, -0.3781 0.744 5.1831, -0.3862 0.7441 5.0079, -0.557 0.744 5.1296, -0.5612 0.744 5.0681, -0.6443 0.7441 5.1004, -0.4781 0.7441 4.9565, -0.3948 0.7441 4.9784, -0.4739 0.7441 4.84, -0.3784 0.7441 5.0027, -0.3742 0.7441 4.9945, -0.3948 0.7441 4.8145, -0.386 0.7441 4.9813, -0.3782 0.7441 4.9863, -0.3861 0.7441 4.8111, -0.557 0.7441 4.8697, -0.5612 0.744 4.9315, -0.6443 0.7441 4.9035, 0.374 0.7439 3.7836, 0.3783 0.7439 3.7753, 0.3779 0.7437 3.595, -0.4739 0.7441 4.761, -0.3948 0.7441 4.7815, -0.4739 0.7441 4.6432, -0.3784 0.744 4.8059, -0.3741 0.744 4.7976, -0.3948 0.7441 4.6177, -0.386 0.744 4.7844, -0.3781 0.744 4.7894, -0.3861 0.744 4.6143, -0.557 0.7441 4.6728, -0.557 0.7441 4.736, -0.6443 0.7441 4.7067, -0.3741 0.7439 4.0102, -0.4739 0.7441 4.5641, -0.3948 0.7441 4.5847, -0.474 0.744 4.4466, -0.3783 0.7439 4.6091, -0.374 0.7438 4.6008, -0.3948 0.7441 4.4208, -0.3859 0.744 4.5875, -0.378 0.7439 4.5925, -0.386 0.7439 4.4176, -0.5572 0.744 4.4762, -0.5571 0.7441 4.5392, -0.6443 0.7441 4.5098, -0.474 0.744 4.367, -0.3948 0.7441 4.3878, -0.4738 0.744 4.2497, -0.3781 0.7437 4.4123, -0.3739 0.7436 4.4039, -0.3948 0.7441 4.2239, -0.3858 0.7438 4.3905, -0.3779 0.7437 4.3956, -0.386 0.7439 4.2207, -0.5569 0.744 4.2793, -0.5572 0.744 4.3421, -0.6443 0.7441 4.313, 0.3739 0.7436 3.5867, -0.4787 0.744 4.0546, -0.4738 0.744 4.1702, -0.3948 0.7441 4.0271, -0.3782 0.7438 4.2154, -0.374 0.7437 4.207, -0.3948 0.7441 4.191, -0.3859 0.7439 4.1937, -0.378 0.7438 4.1988, -0.3861 0.744 4.0238, -0.557 0.744 4.1452, -0.5618 0.744 4.0843, -0.6443 0.7441 4.1161, 0.5571 0.7441 3.5147, -0.4787 0.744 3.9719, -0.3948 0.7441 3.9941, -0.4739 0.7441 3.8557, -0.3783 0.7439 4.0185, -0.3948 0.7441 3.8302, -0.3859 0.744 3.9969, -0.378 0.7439 4.0019, -0.3861 0.744 3.8269, -0.5618 0.744 3.9469, -0.557 0.7441 3.8854, -0.6443 0.7441 3.9193, -0.3741 0.744 3.6165, -0.3741 0.7439 3.8133, -0.4739 0.744 3.7766, -0.3948 0.7441 3.7973, -0.4738 0.7441 3.6589, -0.3783 0.744 3.8216, -0.3948 0.7441 3.6334, -0.3859 0.744 3.8001, -0.3781 0.744 3.8051, -0.3861 0.7441 3.63, -0.557 0.7441 3.6886, -0.557 0.744 3.7517, -0.6443 0.7441 3.7224, -0.3781 0.744 3.6083, -0.6169 0.7441 3.5147, -0.4739 0.7441 3.5799, -0.3784 0.744 3.6248, -0.3948 0.7441 3.6004, -0.386 0.7441 3.6033, -0.5571 0.7441 3.5549, -0.6305 0.7441 3.5201, -0.6443 0.7441 3.5255, 0.4738 0.744 3.7411, 0.4739 0.7441 3.6234, 0.3948 0.7441 3.6028, 0.5571 0.7441 3.8452, 0.5569 0.744 3.9081, 0.6443 0.7441 3.8745, 0.3948 0.7441 3.7667, 0.3741 0.7441 4.1773, 0.374 0.744 3.9804, 0.3858 0.7439 3.6001, 0.3861 0.744 3.77, 0.557 0.744 3.7114, 0.3782 0.7437 3.5784, 0.386 0.7439 3.573, 0.3781 0.7439 3.7918, 0.5571 0.7441 3.6483, 0.6443 0.7441 3.6777, 0.3739 0.7436 4.571, 0.3741 0.7441 4.3741, 0.4739 0.744 4.0172, 0.3948 0.7441 4.1604, 0.4797 0.744 4.1327, 0.3859 0.744 3.7968, 0.3861 0.744 3.9669, 0.3784 0.744 3.9722, 0.3784 0.7441 4.169, 0.3781 0.744 3.9886, 0.5629 0.744 4.1029, 0.557 0.744 4.0422, 0.6443 0.7441 4.0714, 0.3859 0.744 3.9937, 0.3862 0.7441 4.1638, 0.3948 0.7441 3.9965, 0.3784 0.7441 4.3659, 0.3782 0.7441 4.1855, 0.557 0.7441 4.302, 0.5629 0.744 4.2408, 0.4798 0.744 4.2158, 0.6443 0.7441 4.2682, 0.3781 0.7437 4.7595, 0.3779 0.7437 4.5793, 0.3739 0.7436 4.7678, 0.3948 0.7441 4.1934, 0.4739 0.7441 4.3317, 0.386 0.7441 4.1904, 0.3861 0.7441 4.3606, 0.3948 0.7441 4.3572, 0.5568 0.7441 4.4989, 0.557 0.7441 4.4358, 0.4739 0.7441 4.4108, 0.6443 0.7441 4.4651, 0.3782 0.7437 4.5626, 0.3781 0.7441 4.3823, 0.3948 0.7441 4.5541, 0.3948 0.7441 4.3903, 0.386 0.7441 4.3873, 0.386 0.7439 4.5573, 0.4736 0.744 4.5285, 0.3948 0.7441 4.5871, 0.3858 0.7439 4.5844, 0.3948 0.7441 4.7509, 0.6443 0.7441 4.6619, 0.5569 0.7441 4.6326, 0.557 0.744 4.6956, 0.4738 0.744 4.7253, 0.4737 0.744 4.6077, 0.386 0.7439 4.7541, 0.3739 0.7437 4.9647, 0.3782 0.7437 4.9563, 0.3779 0.7437 4.7762, 0.386 0.7439 4.951, 0.3858 0.7438 4.7812, 0.5569 0.744 4.8924, 0.557 0.744 4.8296, 0.4739 0.744 4.8047, 0.4708 0.7441 5.1202, 0.3948 0.7441 4.9808, 0.6443 0.7441 4.8588, 0.5464 0.7441 5.0934, 0.6224 0.7441 5.0644, 0.557 0.744 5.0265, 0.4739 0.744 5.0015, 0.374 0.7439 5.1615, 0.1494 0.7441 5.5077, 0.2232 0.7441 5.4898, 0.3779 0.7437 4.973, 0.3783 0.7439 5.1532, -0.0766 0.7441 5.5186, 0.0766 0.7441 5.5186, 0.6442 0.744 5.0554, 0.2987 0.7441 5.4648, 0.557 0.7441 5.2864, 0.3859 0.744 5.1748, 0.3781 0.7439 5.1698, 0.3861 0.744 5.3449, 0.3948 0.7441 5.3415, 0.3948 0.7441 5.1777, 0.6224 0.7441 5.2448, 0.3783 0.744 5.3501, 0.6443 0.7441 5.2525, 0.3948 0.7441 5.3745, 0.4274 0.7441 5.3826, 0.3859 0.744 5.3716, 0.4608 0.7441 5.3914, -0.1421 0.7441 5.5091, -0.2762 0.7441 5.4729, -0.2085 0.7441 5.4939, -0.3461 0.7441 5.446, -0.3861 0.7441 5.4017, -0.3784 0.744 5.3964, -0.3948 0.7441 5.4051, -0.4069 0.7441 5.4088, -0.4192 0.7441 5.4126, 0.5229 -0.2744 5.5186, 0.6796 -0.3126 5.5186, 0.5522 -0.2094 5.5186, -0.2744 -0.5229 5.5186, -0.4035 -0.6299 5.5186, -0.342 -0.6653 5.5186, 0.442 -0.3916 5.5186, 0.5152 -0.5423 5.5186, 0.5643 -0.491 5.5186, -0.7409 0.1033 5.5186, -0.5734 0.1413 5.5186, -0.7277 0.1731 5.5186, 0.2744 -0.5229 5.5186, 0.2774 -0.6947 5.5186, 0.3421 -0.6653 5.5186, -0.7471 -0.0384 5.5186, -0.5906 0.0 5.5186, -0.7473 0.0326 5.5186, 0.1413 -0.5734 5.5186, 0.0712 -0.5862 5.5186, 0.1413 -0.7346 5.5186, -0.6795 -0.3127 5.5186, -0.5522 -0.2094 5.5186, -0.7061 -0.2469 5.5186, -0.0709 -0.7447 5.5186, -0.0712 -0.5862 5.5186, -0.1412 -0.7346 5.5186, -0.5152 -0.5423 5.5186, -0.3916 -0.442 5.5186, -0.442 -0.3916 5.5186, -0.2094 -0.5522 5.5186, -0.2773 -0.6947 5.5186, -0.2102 -0.7179 5.5186, -0.1413 -0.5734 5.5186, -0.3355 -0.486 5.5186, -0.4614 -0.5887 5.5186, -0.0 -0.5905 5.5186, 0.071 -0.7447 5.5186, 0.0 -0.748 5.5186, -0.6083 -0.4353 5.5186, -0.486 -0.3355 5.5186, 0.2103 -0.7179 5.5186, -0.5229 -0.2744 5.5186, -0.6468 -0.3757 5.5186, -0.5734 -0.1413 5.5186, -0.7264 -0.1788 5.5186, 0.2094 -0.5522 5.5186, 0.4036 -0.6298 5.5186, 0.3355 -0.486 5.5186, -0.5862 -0.0712 5.5186, -0.7401 -0.1091 5.5186, 0.3916 -0.442 5.5186, 0.4614 -0.5887 5.5186, 0.486 -0.3355 5.5186, 0.6083 -0.4353 5.5186, -0.5862 0.0712 5.5186, -0.7081 0.2413 5.5186, 0.6469 -0.3756 5.5186, 0.7062 -0.2468 5.5186, -0.5522 0.2094 5.5186, 0.7264 -0.1787 5.5186, 0.5734 -0.1413 5.5186, -0.682 0.3074 5.5186, 0.5862 -0.0712 5.5186, 0.7401 -0.109 5.5186, 0.5906 0.0 5.5186, 0.7471 -0.0384 5.5186, -0.6497 0.3707 5.5186, -0.5229 0.2744 5.5186, -0.486 0.3355 5.5186, -0.568 0.4867 5.5186, -0.6116 0.4306 5.5186, -0.442 0.3916 5.5186, -0.5194 0.5383 5.5186, 0.7473 0.0327 5.5186, -0.3916 0.442 5.5186, -0.466 0.5851 5.5186, 0.5862 0.0712 5.5186, 0.7409 0.1034 5.5186, -0.3355 0.486 5.5186, 0.7277 0.1732 5.5186, 0.5734 0.1413 5.5186, -0.4084 0.6267 5.5186, -0.2744 0.5229 5.5186, 0.5522 0.2094 5.5186, 0.708 0.2414 5.5186, -0.2827 0.6925 5.5186, -0.3471 0.6626 5.5186, 0.6819 0.3075 5.5186, 0.5229 0.2744 5.5186, 0.486 0.3355 5.5186, 0.6497 0.3707 5.5186, 0.6116 0.4306 5.5186, 0.3355 0.486 5.5186, 0.3916 0.442 5.5186, 0.4659 0.5852 5.5186, -0.2158 0.7162 5.5186, -0.1413 0.5734 5.5186, -0.1469 0.7335 5.5186, 0.1469 0.7335 5.5186, 0.1413 0.5734 5.5186, 0.2157 0.7163 5.5186, 0.0712 0.5862 5.5186, 0.2826 0.6926 5.5186, 0.2094 0.5522 5.5186, 0.2744 0.5229 5.5186, 0.4083 0.6268 5.5186, 0.347 0.6627 5.5186, -0.0712 0.5862 5.5186, -0.0 0.5905 5.5186, 0.568 0.4867 5.5186, 0.442 0.3916 5.5186, 0.5193 0.5384 5.5186, -0.2094 0.5522 5.5186, -0.5643 -0.491 5.5186, -0.826 -0.1137 5.4328, -0.828 -0.0993 5.4327, -0.8313 -0.0705 5.4324, -0.8297 -0.0849 5.4325, -0.8335 -0.0416 5.4321, -0.8325 -0.056 5.4322, -0.835 0.0019 5.4315, -0.8348 -0.0126 5.4317, -0.8328 0.0744 5.4306, -0.8344 0.0454 5.431, -0.8348 0.0309 5.4312, -0.8351 0.0164 5.4314, -0.8337 0.0599 5.4308, -0.8194 0.1749 5.4289, -0.8219 0.1607 5.4291, -0.8285 0.1176 5.4299, -0.8301 0.1032 5.4301, -0.8266 0.132 5.4296, -0.8316 0.0888 5.4303, -0.8244 0.1464 5.4294, -0.81 0.2174 5.428, -0.8063 0.2315 5.4277, -0.8165 0.1892 5.4286, -0.8134 0.2033 5.4283, -0.8343 -0.0271 5.4319, -0.7513 0.381 5.4243, -0.7573 0.3678 5.4246, -0.7986 0.2594 5.4271, -0.8026 0.2455 5.4275, -0.7896 0.287 5.4265, -0.7848 0.3007 5.4262, -0.7797 0.3142 5.4259, -0.7942 0.2733 5.4268, -0.7632 0.3545 5.4249, -0.7689 0.3412 5.4253, -0.7744 0.3277 5.4256, -0.5361 0.6605 5.416, -0.5888 0.6116 5.4176, -0.7184 0.4429 5.4227, -0.6371 0.5587 5.4193, -0.6803 0.5023 5.421, -0.4794 0.7047 5.4143, -0.8238 -0.128 5.4329, -0.7676 -0.3226 5.4338, -0.7619 -0.336 5.4337, -0.7973 -0.2409 5.4337, -0.7929 -0.2547 5.4338, -0.8014 -0.227 5.4336, -0.7784 -0.2957 5.4338, -0.7834 -0.2821 5.4338, -0.7021 -0.4518 5.4314, -0.6948 -0.4644 5.4307, -0.8214 -0.1423 5.433, -0.8186 -0.1566 5.4332, -0.7731 -0.3092 5.4338, -0.8157 -0.1708 5.4333, -0.809 -0.199 5.4335, -0.8125 -0.1849 5.4334, -0.8054 -0.213 5.4336, -0.7883 -0.2685 5.4338, -0.756 -0.3492 5.4336, -0.7499 -0.3624 5.4335, -0.7436 -0.3754 5.4334, -0.7371 -0.3884 5.4332, -0.7304 -0.4012 5.433, -0.7235 -0.414 5.4327, -0.7165 -0.4267 5.4324, -0.7093 -0.4393 5.432, -0.7798 -0.5352 5.3208, -0.6878 -0.477 5.4293, -0.6935 -0.4754 5.4257, -0.7285 -0.6005 5.3225, -0.7028 -0.4644 5.4243, -0.6717 -0.661 5.3243, -0.8252 -0.4657 5.3191, -0.7493 -0.3997 5.4172, -0.8644 -0.3925 5.3173, -0.7898 -0.3305 5.4103, -0.897 -0.3162 5.3156, -0.6097 -0.7162 5.326, -0.8239 -0.2574 5.4034, -0.5431 -0.7658 5.3278, -0.9228 -0.2373 5.3138, -0.8511 -0.181 5.3965, -0.9416 -0.1564 5.3121, -0.8711 -0.1018 5.3896, -0.4724 -0.8093 5.3296, -0.9534 -0.0742 5.3104, -0.8836 -0.0207 5.3827, -0.9579 0.0087 5.3087, -0.8886 0.0618 5.3757, -0.9553 0.0917 5.307, -0.8858 0.1448 5.3688, -0.8753 0.2277 5.362, -0.9455 0.1741 5.3053, -0.3981 -0.8464 5.3313, -0.9287 0.2554 5.3035, -0.8571 0.3097 5.3553, -0.3208 -0.8767 5.333, -0.9048 0.335 5.3018, -0.8311 0.3902 5.3484, -0.8743 0.4122 5.3001, -0.8372 0.4864 5.2984, -0.2411 -0.9001 5.3348, -0.7977 0.4683 5.3416, -0.7939 0.5573 5.2967, -0.7569 0.5434 5.3347, -0.7447 0.6241 5.295, -0.1597 -0.9162 5.3366, -0.7091 0.6148 5.3279, -0.69 0.6865 5.2933, -0.0771 -0.925 5.3384, -0.6547 0.6819 5.3212, 0.0059 -0.9264 5.3402, 0.0887 -0.9204 5.3419, 0.1706 -0.907 5.3437, 0.251 -0.8863 5.3455, 0.3292 -0.8584 5.3473, 0.4045 -0.8235 5.3491, 0.4764 -0.782 5.351, 0.5443 -0.7342 5.3527, 0.6075 -0.6804 5.3545, 0.6656 -0.621 5.3563, 0.718 -0.5566 5.3582, 0.7643 -0.4877 5.36, 0.8041 -0.4149 5.3618, 0.8371 -0.3387 5.3636, 0.863 -0.2598 5.3654, 0.8814 -0.1789 5.3673, 0.8923 -0.0966 5.3691, 0.8956 -0.0136 5.371, 0.8912 0.0693 5.3728, 0.8791 0.1514 5.3746, 0.8594 0.232 5.3764, 0.8323 0.3105 5.3784, 0.7979 0.3861 5.3802, 0.7567 0.4581 5.3821, 0.7089 0.526 5.3839, 0.6549 0.5891 5.3858, 0.5952 0.6468 5.3877, 0.5303 0.6986 5.3896, 0.5814 0.695 5.2082, 0.4942 0.6821 5.1734, 0.5404 0.6461 5.1712, 0.4456 0.7148 5.1756, -0.4634 0.7033 5.2113, -0.5279 0.6563 5.2143, -0.5695 0.7081 5.2525, -0.3844 -0.7495 5.2765, -0.3118 -0.7825 5.2795, -0.3363 -0.8442 5.3178, 0.0797 -0.8386 5.2943, -0.0 -0.8423 5.2914, -0.2363 -0.8085 5.2825, -0.2549 -0.8722 5.3208, 0.4535 -0.7098 5.3093, 0.5187 -0.6637 5.3121, 0.1587 -0.8273 5.2973, 0.2362 -0.8085 5.3003, 0.684 -0.4915 5.3212, 0.7275 -0.4246 5.3241, 0.3117 -0.7825 5.3033, 0.6345 -0.5541 5.3181, 0.3843 -0.7495 5.3063, 0.5792 -0.6116 5.3151, 0.7644 -0.3538 5.3271, 0.7945 -0.2799 5.33, 0.8174 -0.2034 5.3329, 0.833 -0.1252 5.3359, 0.8411 -0.0458 5.339, 0.8416 0.034 5.3419, 0.8346 0.1135 5.3449, 0.8201 0.192 5.3478, 0.7983 0.2687 5.3507, 0.7693 0.3431 5.3537, 0.7334 0.4143 5.3567, 0.6908 0.4818 5.3598, 0.6421 0.5451 5.3627, 0.5877 0.6034 5.3656, 0.528 0.6564 5.3686, 0.4635 0.7034 5.3715, -0.1713 -0.8923 5.3237, -0.0797 -0.8385 5.2885, -0.1587 -0.8272 5.2855, -0.4536 -0.7097 5.2736, -0.4146 -0.8085 5.3148, -0.4893 -0.7655 5.3118, -0.5188 -0.6636 5.2707, -0.5596 -0.7158 5.3089, -0.5792 -0.6115 5.2677, -0.6345 -0.554 5.2647, -0.6249 -0.6597 5.3059, -0.6845 -0.5977 5.3029, -0.6841 -0.4914 5.2617, -0.7379 -0.5302 5.3, -0.7276 -0.4245 5.2587, -0.7644 -0.3538 5.2558, -0.7847 -0.4579 5.297, -0.8245 -0.3816 5.294, -0.7945 -0.2798 5.2528, -0.857 -0.3018 5.291, -0.8173 -0.2034 5.2499, -0.8818 -0.2194 5.2881, -0.8986 -0.135 5.2851, -0.8329 -0.1251 5.2469, -0.9072 -0.0494 5.2821, -0.8411 -0.0457 5.2439, -0.8417 0.0341 5.2409, -0.9078 0.0367 5.2792, -0.9002 0.1225 5.2762, -0.8346 0.1136 5.2379, -0.8847 0.2072 5.2732, -0.8201 0.1921 5.235, -0.7982 0.2688 5.2321, -0.8612 0.29 5.2703, -0.8299 0.3701 5.2673, -0.7692 0.3431 5.2291, -0.791 0.4469 5.2643, -0.7333 0.4144 5.2261, -0.6908 0.482 5.223, -0.7451 0.5198 5.2614, -0.6926 0.588 5.2584, -0.6421 0.5452 5.2201, -0.5876 0.6035 5.2172, -0.6339 0.651 5.2554, -0.5746 0.6159 5.4134, -0.6263 0.5632 5.4162, -0.715 0.4453 5.4216, -0.6732 0.5062 5.4189, -0.4616 0.7115 5.4112, -0.4585 0.7067 5.4078, -0.5222 0.6684 5.414, -0.5185 0.6638 5.4106, 0.4314 0.7152 5.169, 0.4942 0.6821 5.1402, 0.5358 0.6406 5.1449, 0.5404 0.6461 5.138, 0.4851 0.6799 5.1474, 0.5341 0.6385 5.1546, 0.4851 0.6799 5.1666, 0.5358 0.6405 5.1643, 0.4314 0.7152 5.1498, 0.4835 0.6778 5.157, 0.43 0.7129 5.1594, 0.4456 0.7148 5.1423, -0.5187 -0.6636 5.2375, -0.4536 -0.7097 5.2405, -0.5096 -0.6618 5.2447, 0.3117 -0.7825 5.2701, 0.3666 -0.7504 5.2795, 0.2891 -0.7836 5.2763, -0.5792 -0.6115 5.2345, -0.5737 -0.607 5.2415, -0.6321 -0.5461 5.2384, 0.6345 -0.5541 5.285, 0.6321 -0.5461 5.2921, 0.574 -0.6071 5.289, 0.5792 -0.6116 5.2821, -0.6345 -0.554 5.2315, 0.2362 -0.8085 5.2672, -0.6841 -0.4914 5.2286, -0.8329 -0.1251 5.2137, -0.8173 -0.2034 5.2167, -0.8172 -0.1723 5.2226, 0.2087 -0.8089 5.2732, 0.1587 -0.8273 5.2643, 0.1261 -0.8259 5.27, -0.3666 -0.7507 5.251, -0.4404 -0.7099 5.2478, -0.3844 -0.7495 5.2435, -0.042 -0.8342 5.2637, 0.0 -0.8423 5.2583, 0.0423 -0.8343 5.2668, -0.7944 -0.2798 5.2197, -0.7957 -0.2538 5.2257, -0.684 -0.4797 5.2352, -0.7276 -0.4245 5.2257, -0.2891 -0.7838 5.2542, -0.3118 -0.7825 5.2464, -0.2363 -0.8085 5.2493, -0.7662 -0.3328 5.2289, -0.7644 -0.3538 5.2227, -0.8194 0.1628 5.2099, -0.7986 0.2445 5.2067, -0.8201 0.192 5.2019, -0.7289 -0.4084 5.2321, -0.63 -0.5443 5.248, -0.8346 0.1136 5.2049, -0.8317 0.0794 5.213, -0.8305 -0.089 5.2194, -0.8354 -0.0048 5.2162, -0.8417 0.0341 5.2078, -0.8411 -0.0457 5.2108, -0.7334 0.3998 5.2004, -0.6895 0.4718 5.1973, -0.7333 0.4144 5.193, -0.7982 0.2688 5.1988, -0.7699 0.3238 5.2036, -0.7692 0.3431 5.1959, -0.6908 0.482 5.1901, -0.6385 0.5389 5.1941, -0.6421 0.5452 5.1871, -0.5876 0.6035 5.1841, -0.5808 0.6004 5.1909, -0.5279 0.6563 5.181, -0.4471 0.7023 5.1942, -0.4485 0.7046 5.1846, -0.4485 0.7046 5.2038, -0.5156 0.6537 5.1973, -0.5173 0.6558 5.2069, -0.4634 0.7033 5.178, -0.5173 0.6558 5.1878, -0.579 0.5984 5.2005, -0.2086 -0.8088 5.2573, -0.1587 -0.8272 5.2523, -0.126 -0.8256 5.2605, -0.0797 -0.8385 5.2553, 0.0797 -0.8386 5.2613, 0.4405 -0.7097 5.2827, 0.3843 -0.7495 5.2731, 0.5082 -0.6597 5.2954, 0.5099 -0.6618 5.2858, 0.4535 -0.7098 5.2761, 0.5187 -0.6637 5.2791, 0.684 -0.4915 5.2879, 0.7275 -0.4245 5.2909, 0.6839 -0.4795 5.2953, 0.7644 -0.3538 5.2939, 0.7287 -0.4081 5.2985, 0.7662 -0.3326 5.3016, 0.7945 -0.2799 5.2969, 0.8174 -0.2034 5.2999, 0.796 -0.2537 5.3048, 0.833 -0.1252 5.3028, 0.8175 -0.1722 5.308, 0.8306 -0.089 5.3111, 0.841 -0.0458 5.3058, 0.8416 0.034 5.3087, 0.8352 -0.0048 5.3143, 0.8346 0.1135 5.3117, 0.8314 0.0795 5.3175, 0.8201 0.192 5.3147, 0.7988 0.2447 5.3238, 0.8193 0.163 5.3206, 0.7701 0.324 5.3269, 0.7983 0.2687 5.3177, 0.7693 0.3431 5.3207, 0.7334 0.3999 5.3301, 0.6893 0.4717 5.3333, 0.6382 0.5388 5.3364, 0.6871 0.4702 5.3428, 0.7334 0.4143 5.3236, 0.6908 0.4818 5.3265, 0.6421 0.5451 5.3295, 0.5877 0.6034 5.3325, 0.528 0.6564 5.3355, 0.5807 0.6005 5.3396, 0.5156 0.654 5.3523, 0.5173 0.6561 5.3428, 0.4486 0.7048 5.3459, 0.4471 0.7026 5.3555, 0.4486 0.7048 5.3651, 0.4635 0.7034 5.3385, -0.6364 0.5371 5.2037, -0.6873 0.4703 5.2068, -0.6895 0.4718 5.2164, -0.6385 0.5389 5.2132, -0.7311 0.3985 5.21, -0.7674 0.3228 5.2132, -0.7961 0.2437 5.2163, -0.8167 0.1622 5.2195, -0.829 0.0791 5.2227, -0.8328 -0.0048 5.2258, -0.8279 -0.0887 5.229, -0.8146 -0.1717 5.2321, -0.7932 -0.253 5.2353, -0.7638 -0.3317 5.2385, -0.7266 -0.4071 5.2416, -0.6818 -0.4781 5.2448, -0.5719 -0.605 5.2511, -0.5096 -0.6618 5.2639, -0.5737 -0.607 5.2607, -0.508 -0.6597 5.2543, -0.4389 -0.7076 5.2575, -0.3655 -0.7484 5.2606, -0.2882 -0.7813 5.2638, -0.2079 -0.8062 5.2669, -0.1256 -0.823 5.2701, -0.0419 -0.8315 5.2733, 0.0421 -0.8317 5.2764, 0.1257 -0.8233 5.2796, 0.208 -0.8063 5.2828, 0.2882 -0.7811 5.2859, 0.3655 -0.748 5.2891, 0.4391 -0.7074 5.2923, 0.5721 -0.6052 5.2986, 0.6301 -0.5444 5.3017, 0.6839 -0.4795 5.3145, 0.6321 -0.5461 5.3113, 0.6817 -0.478 5.3049, 0.7264 -0.4068 5.308, 0.7638 -0.3315 5.3112, 0.7934 -0.2529 5.3144, 0.8149 -0.1717 5.3175, 0.828 -0.0887 5.3207, 0.8325 -0.0047 5.3239, 0.8288 0.0793 5.3271, 0.8166 0.1624 5.3302, 0.7962 0.244 5.3334, 0.7676 0.3229 5.3365, 0.7311 0.3986 5.3397, 0.6361 0.5371 5.346, 0.5788 0.5986 5.3492, 0.5173 0.6561 5.3619, 0.5807 0.6005 5.3588, -0.5808 0.6004 5.2101, -0.7334 0.3998 5.2196, -0.7699 0.3238 5.2227, -0.7986 0.2445 5.2259, -0.8194 0.1628 5.2291, -0.8317 0.0794 5.2322, -0.8354 -0.0048 5.2354, -0.8305 -0.089 5.2386, -0.8172 -0.1723 5.2417, -0.7957 -0.2538 5.2449, -0.7662 -0.3328 5.248, -0.7289 -0.4084 5.2512, -0.684 -0.4797 5.2544, -0.6321 -0.5461 5.2575, -0.4404 -0.7099 5.267, -0.3666 -0.7507 5.2702, -0.2891 -0.7838 5.2734, -0.2086 -0.8088 5.2765, -0.126 -0.8256 5.2797, -0.042 -0.8342 5.2828, 0.0423 -0.8343 5.286, 0.1261 -0.8259 5.2892, 0.2087 -0.8089 5.2923, 0.2891 -0.7836 5.2955, 0.3666 -0.7504 5.2987, 0.4405 -0.7097 5.3018, 0.5099 -0.6618 5.305, 0.574 -0.6071 5.3082, 0.7287 -0.4081 5.3177, 0.7662 -0.3326 5.3208, 0.796 -0.2537 5.324, 0.8175 -0.1722 5.3271, 0.8306 -0.089 5.3303, 0.8352 -0.0048 5.3335, 0.8314 0.0795 5.3366, 0.8193 0.163 5.3398, 0.7988 0.2447 5.343, 0.7701 0.324 5.3461, 0.7334 0.3999 5.3493, 0.6893 0.4717 5.3525, 0.6382 0.5388 5.3556, -0.4486 0.7049 5.3814, -0.4619 0.7044 5.3749, -0.7988 0.2447 5.4228, -0.7701 0.324 5.4196, -0.7962 0.2439 5.4132, -0.7935 0.2826 5.3953, -0.7988 0.2447 5.4036, -0.7701 0.324 5.4004, -0.7279 0.4239 5.3894, -0.764 0.3548 5.3924, -0.7335 0.3999 5.3973, -0.8192 0.1629 5.4259, -0.8166 0.1624 5.4163, -0.7677 0.3229 5.41, -0.8192 0.1629 5.4067, -0.8314 0.0794 5.4291, -0.8162 0.208 5.3981, -0.8319 0.1317 5.401, -0.8314 0.0794 5.4099, -0.8287 0.0792 5.4195, -0.8326 -0.0048 5.4227, -0.8405 0.0542 5.4038, -0.8352 -0.0048 5.4131, -0.842 -0.0238 5.4068, -0.828 -0.0887 5.4258, -0.8307 -0.089 5.4162, -0.8362 -0.1015 5.4097, -0.8176 -0.1722 5.4194, -0.8149 -0.1717 5.429, -0.7934 -0.2529 5.4321, -0.796 -0.2537 5.4226, -0.7762 -0.327 5.4184, -0.7662 -0.3326 5.4257, -0.7427 -0.3974 5.4213, -0.7287 -0.4081 5.4289, -0.8032 -0.2538 5.4155, -0.8232 -0.1784 5.4127, -0.7311 0.3986 5.4068, -0.7335 0.3999 5.4164, -0.6871 0.4702 5.4037, -0.6893 0.4717 5.4132, -0.6893 0.4717 5.3941, -0.6382 0.5388 5.3909, -0.6855 0.4894 5.3865, -0.5807 0.6004 5.3878, -0.6373 0.5507 5.3835, -0.5837 0.6073 5.3806, -0.5173 0.656 5.3846, -0.5251 0.6587 5.3778, -0.5788 0.5985 5.3973, -0.5806 0.6004 5.4069, -0.5173 0.656 5.4038, -0.4471 0.7026 5.391, -0.5156 0.6539 5.3942, -0.4486 0.7049 5.4006, -0.6362 0.537 5.4005, -0.6382 0.5388 5.4101, 0.5814 0.695 5.101, 0.2562 -0.8766 5.2262, 0.1721 -0.897 5.2232, 0.2711 -0.9461 5.1853, 0.0001 -0.9133 5.2173, 0.0865 -0.9093 5.2203, 0.1826 -0.9671 5.1823, 0.338 -0.8483 5.2292, 0.4168 -0.8125 5.2321, 0.3568 -0.9172 5.1883, 0.4919 -0.7694 5.2351, 0.5189 -0.8362 5.194, 0.4394 -0.8805 5.1912, 0.5944 -0.7844 5.1969, 0.5626 -0.7196 5.2381, 0.6281 -0.6632 5.2411, 0.7295 -0.6607 5.2026, 0.6879 -0.6007 5.244, 0.665 -0.7256 5.1997, 0.7873 -0.5907 5.2056, 0.7416 -0.5328 5.247, 0.8615 -0.3034 5.2559, 0.8288 -0.3835 5.2529, 0.9183 -0.3539 5.2143, 0.0916 -0.98 5.1793, 0.7887 -0.4602 5.25, 0.8818 -0.4368 5.2115, 0.8381 -0.5159 5.2086, 0.9469 -0.2681 5.2172, 0.8864 -0.2205 5.2589, 0.9676 -0.1801 5.2199, 0.9032 -0.1357 5.2619, 0.9842 0.0 5.2255, 0.9118 -0.0496 5.2648, 0.9801 -0.0904 5.2227, 0.9124 0.037 5.2678, 0.9806 0.0839 5.2285, 0.9048 0.1232 5.2708, 0.9697 0.1676 5.2312, 0.8892 0.2083 5.2737, 0.9517 0.2505 5.234, 0.8657 0.2915 5.2767, 0.9265 0.3316 5.2367, 0.7951 0.4492 5.2827, 0.8342 0.3721 5.2797, 0.8567 0.4846 5.2418, 0.8947 0.4099 5.2393, 0.8125 0.5555 5.2444, 0.6961 0.591 5.2886, 0.7061 0.6856 5.2499, 0.6371 0.6544 5.2915, 0.7623 0.6226 5.2471, 0.7489 0.5224 5.2856, 0.5724 0.7118 5.2945, -0.0863 -0.9091 5.2143, -0.0006 -0.9842 5.1765, -0.0929 -0.9797 5.1736, -0.1838 -0.9668 5.1708, -0.172 -0.8968 5.2114, -0.2562 -0.8765 5.2084, -0.2723 -0.9457 5.1679, -0.338 -0.8485 5.2054, -0.3579 -0.9167 5.165, -0.4168 -0.8128 5.2025, -0.4404 -0.8802 5.162, -0.5196 -0.8359 5.159, -0.4917 -0.7696 5.1995, -0.5948 -0.7842 5.1561, -0.5623 -0.7195 5.1965, -0.665 -0.7255 5.1533, -0.6278 -0.663 5.1936, -0.7294 -0.6607 5.1505, -0.6879 -0.6006 5.1906, -0.7871 -0.5907 5.1477, -0.7417 -0.5329 5.1876, -0.838 -0.516 5.1447, -0.7889 -0.4604 5.1847, -0.8819 -0.4367 5.1417, -0.8288 -0.3837 5.1817, -0.9185 -0.3537 5.1388, -0.8613 -0.3035 5.1787, -0.9471 -0.2678 5.1358, -0.8861 -0.2206 5.1757, -0.9676 -0.1799 5.133, -0.903 -0.1357 5.1728, -0.98 -0.0904 5.1303, -0.9119 -0.0496 5.1698, -0.9842 -0.0 5.1272, -0.9127 0.0369 5.1668, -0.9805 0.0836 5.1248, -0.9051 0.123 5.1639, -0.9698 0.1672 5.1221, -0.8892 0.2081 5.1609, -0.8654 0.2913 5.1579, -0.9519 0.2501 5.1193, -0.834 0.3719 5.1549, -0.9267 0.3315 5.1165, -0.7951 0.4493 5.152, -0.8946 0.4104 5.1138, -0.7491 0.5226 5.149, -0.856 0.4857 5.1111, -0.6964 0.5911 5.146, -0.7609 0.6241 5.106, -0.8113 0.557 5.1086, -0.7051 0.6865 5.1033, -0.6373 0.6542 5.1431, -0.5724 0.7115 5.1401, -0.8138 0.3779 5.3606, -0.7753 0.4515 5.3577, -0.7301 0.5212 5.3549, -0.6787 0.5864 5.3519, -0.6216 0.6468 5.349, -0.5592 0.7016 5.3462, 0.9496 -0.2589 4.4299, 0.9688 -0.1732 4.4328, 0.8921 -0.1942 4.4723, 0.805 -0.4319 4.4636, 0.7616 -0.5045 4.4607, 0.8468 -0.5015 4.4217, 0.8881 -0.4241 4.4243, 0.8412 -0.3555 4.4665, 0.7116 -0.5726 4.4578, 0.799 -0.5745 4.419, 0.9226 -0.3428 4.4271, 0.3804 -0.8304 4.4433, 0.4555 -0.7914 4.4462, 0.3511 -0.7657 4.4843, 0.745 -0.643 4.4162, 0.6553 -0.6358 4.4549, 0.5935 -0.6937 4.452, 0.685 -0.7065 4.4134, 0.5499 -0.8163 4.4076, 0.5267 -0.7457 4.4491, 0.4861 -0.6878 4.49, 0.4204 -0.7298 4.4871, 0.6199 -0.7645 4.4104, 0.4754 -0.8618 4.4048, 0.5477 -0.6398 4.4929, 0.232 -0.9564 4.3967, 0.2211 -0.8863 4.4375, 0.1382 -0.9027 4.4346, 0.3021 -0.8622 4.4404, 0.2787 -0.7949 4.4815, 0.3159 -0.9321 4.3995, 0.204 -0.8173 4.4786, 0.1274 -0.8326 4.4756, 0.8703 -0.276 4.4694, 0.3972 -0.9005 4.4021, 0.054 -0.9116 4.4316, 0.0582 -0.9824 4.3906, 0.1459 -0.9732 4.394, 0.0498 -0.8408 4.4726, 0.9063 -0.1107 4.4752, 0.9803 -0.0867 4.4357, 0.9129 -0.0264 4.4781, 0.9842 0.0 4.4381, 0.9116 0.0582 4.481, 0.9805 0.0838 4.4412, 0.9024 0.1422 4.484, 0.9699 0.1671 4.4438, 0.8852 0.225 4.4868, 0.9521 0.2494 4.4464, 0.9272 0.3301 4.449, 0.8604 0.3059 4.4897, 0.7936 0.2823 4.5307, 0.8282 0.3842 4.4927, 0.8954 0.4087 4.4517, 0.7891 0.4592 4.4956, 0.764 0.3545 4.5335, 0.7433 0.5304 4.4984, 0.7279 0.4236 4.5364, 0.8569 0.4841 4.4545, 0.6856 0.4892 4.5394, 0.6912 0.5971 4.5014, 0.8123 0.5556 4.4573, 0.7057 0.6858 4.4627, 0.6331 0.6586 4.5043, 0.7619 0.6228 4.46, 0.5695 0.7142 4.5072, 0.4619 0.7043 4.5511, 0.5251 0.6586 4.5482, 0.6045 -0.5864 4.4958, 0.6562 -0.528 4.4988, 0.7023 -0.4651 4.5018, 0.7423 -0.3981 4.5047, 0.7759 -0.3277 4.5075, 0.8029 -0.2545 4.5103, 0.823 -0.1791 4.5132, 0.836 -0.1022 4.5162, 0.8419 -0.0244 4.5191, 0.8406 0.0536 4.5221, 0.8321 0.1312 4.5251, 0.8163 0.2076 4.5279, 0.6375 0.5506 4.5424, 0.5838 0.6072 4.5454, -0.2926 -0.8652 4.6165, -0.3718 -0.8345 4.6136, -0.3778 -0.9087 4.5737, -0.4586 -0.8707 4.571, 0.2923 -0.8654 4.6369, 0.2107 -0.8889 4.634, 0.3166 -0.9319 4.5962, 0.1464 -0.9732 4.5907, 0.1272 -0.9045 4.6311, 0.5194 -0.7508 4.6456, 0.4127 -0.7342 4.6836, 0.4473 -0.7959 4.6427, 0.2327 -0.9563 4.5934, 0.0426 -0.9121 4.6282, 0.0582 -0.9824 4.5875, 0.3714 -0.8343 4.6398, 0.3978 -0.9002 4.599, 0.3427 -0.7694 4.6808, 0.2697 -0.798 4.678, 0.5501 -0.816 4.6047, 0.4758 -0.8615 4.6019, 0.5992 -0.5919 4.6925, 0.6498 -0.6418 4.6515, 0.7068 -0.5788 4.6544, 0.5871 -0.6993 4.6486, 0.4792 -0.6926 4.6865, 0.6202 -0.7641 4.6075, 0.5416 -0.645 4.6895, 0.7456 -0.6424 4.6129, 0.6855 -0.7061 4.6103, 0.7575 -0.5106 4.6573, 0.6517 -0.5337 4.6955, 0.8385 -0.3615 4.6632, 0.9227 -0.3422 4.6241, 0.8684 -0.2818 4.6661, 0.8885 -0.4233 4.6212, 0.8474 -0.5007 4.6184, 0.8015 -0.438 4.6603, 0.9496 -0.2585 4.627, 0.8909 -0.1998 4.669, 0.9687 -0.1731 4.6298, 0.6985 -0.4708 4.6984, 0.9129 -0.0313 4.6748, 0.9058 -0.116 4.6719, 0.9803 -0.0867 4.6325, 0.9842 0.0 4.6351, 0.912 0.0536 4.6777, 0.9807 0.0836 4.6378, 0.9029 0.1381 4.6806, 0.97 0.1669 4.6404, 0.952 0.2496 4.6432, 0.886 0.2213 4.6836, 0.8613 0.3027 4.6865, 0.9269 0.3307 4.646, 0.8949 0.4094 4.6488, 0.8294 0.3816 4.6894, 0.7945 0.2794 4.7274, 0.7615 0.6235 4.6567, 0.6924 0.5959 4.6982, 0.7446 0.5288 4.6953, 0.7291 0.4217 4.7332, 0.7904 0.4572 4.6923, 0.8563 0.4849 4.6515, 0.6868 0.4877 4.7363, 0.8118 0.5564 4.6541, 0.7651 0.352 4.7303, 0.6341 0.6576 4.7011, 0.6385 0.5494 4.7393, 0.4622 0.7041 4.7478, 0.5257 0.6581 4.745, 0.5701 0.7135 4.704, 0.7055 0.6863 4.6593, 0.7997 -0.5738 4.6156, -0.0319 -0.9836 4.585, -0.0425 -0.912 4.6252, -0.1272 -0.9041 4.6223, -0.1211 -0.9767 4.5821, -0.2088 -0.9619 4.5792, -0.2108 -0.8885 4.6194, -0.2944 -0.9391 4.5764, -0.4476 -0.7963 4.6106, -0.5195 -0.751 4.6077, -0.5361 -0.8252 4.5681, -0.6094 -0.7727 4.5652, -0.587 -0.6993 4.6048, -0.6495 -0.6416 4.6019, -0.6775 -0.7138 4.5622, -0.7065 -0.5784 4.599, -0.7396 -0.6493 4.5592, -0.7952 -0.58 4.5564, -0.7574 -0.5103 4.596, -0.8017 -0.4378 4.5931, -0.8439 -0.5065 4.5537, -0.839 -0.3615 4.5902, -0.8857 -0.429 4.551, -0.9206 -0.3478 4.5482, -0.8687 -0.2819 4.5873, -0.9482 -0.2634 4.5454, -0.8909 -0.1999 4.5844, -0.9682 -0.1765 4.5425, -0.9055 -0.116 4.5815, -0.9802 -0.0885 4.5395, -0.9124 -0.0313 4.5786, -0.8408 0.0494 4.6166, -0.9116 0.0538 4.5756, -0.9841 -0.0 4.5364, -0.8326 0.1274 4.6138, -0.9029 0.1383 4.5727, -0.9806 0.0841 4.534, -0.8863 0.2216 4.5698, -0.8172 0.2042 4.6109, -0.9698 0.1677 4.5314, -0.7947 0.2793 4.6079, -0.8617 0.3029 4.5669, -0.9517 0.2503 4.5288, -0.7652 0.352 4.6049, -0.8296 0.3816 4.564, -0.9268 0.331 4.5262, -0.8952 0.4088 4.5235, -0.8572 0.4834 4.5208, -0.7903 0.4571 4.561, -0.7443 0.5286 4.5581, -0.8131 0.5546 4.518, -0.692 0.5957 4.5552, -0.7628 0.622 4.5152, -0.7064 0.6854 4.5125, -0.6338 0.6576 4.5523, -0.5701 0.7138 4.5494, -0.5847 0.6063 4.5933, -0.5258 0.6581 4.5905, -0.4623 0.7041 4.5875, -0.6385 0.5493 4.5962, -0.6868 0.4875 4.599, -0.7291 0.4216 4.6019, -0.8417 -0.029 4.6194, -0.8354 -0.1071 4.6223, -0.8218 -0.1844 4.6253, -0.8012 -0.26 4.6283, -0.7736 -0.3334 4.6313, -0.7392 -0.4039 4.6342, -0.6984 -0.4708 4.6371, -0.6516 -0.5337 4.6399, -0.5991 -0.5919 4.6428, -0.5415 -0.6451 4.6457, -0.4792 -0.6927 4.6487, -0.4128 -0.7343 4.6517, -0.3427 -0.7695 4.6547, -0.2696 -0.798 4.6575, -0.1943 -0.8195 4.6603, -0.1172 -0.834 4.6632, -0.0391 -0.8413 4.6661, 0.0393 -0.8413 4.6691, 0.1173 -0.8341 4.6721, 0.1944 -0.8196 4.6751, 0.7392 -0.4038 4.7013, 0.7735 -0.3332 4.7041, 0.8011 -0.2599 4.7069, 0.8218 -0.1843 4.7099, 0.8354 -0.1071 4.7128, 0.8418 -0.029 4.7159, 0.8409 0.0494 4.7188, 0.8326 0.1274 4.7217, 0.8171 0.2043 4.7245, 0.5846 0.6064 4.7422, -0.0425 -0.9121 4.8221, -0.0039 -0.9841 4.7828, 0.0426 -0.9123 4.825, -0.5197 -0.7512 4.8046, -0.5871 -0.6994 4.8017, -0.596 -0.7831 4.7625, 0.2674 -0.9472 4.7914, 0.2106 -0.8889 4.8308, 0.1791 -0.9678 4.7885, 0.1272 -0.9046 4.8279, 0.3534 -0.9186 4.7943, 0.2922 -0.8653 4.8338, 0.0883 -0.9802 4.7856, 0.3713 -0.8341 4.8367, 0.4369 -0.8818 4.7973, 0.5171 -0.8373 4.8003, 0.4473 -0.7959 4.8396, 0.5932 -0.7852 4.8032, 0.5195 -0.7508 4.8425, 0.6498 -0.642 4.8483, 0.6641 -0.7263 4.8061, 0.7289 -0.6613 4.8089, 0.5872 -0.6994 4.8454, 0.7067 -0.5789 4.8512, 0.7868 -0.5913 4.8117, 0.8376 -0.5168 4.8147, 0.7573 -0.5107 4.8541, 0.8384 -0.3614 4.86, 0.9177 -0.3554 4.8206, 0.8684 -0.2818 4.8629, 0.8013 -0.4379 4.8571, 0.8813 -0.4381 4.8177, 0.9465 -0.2692 4.8235, 0.9674 -0.1805 4.8264, 0.891 -0.1998 4.8658, 0.906 -0.1161 4.8688, 0.98 -0.0905 4.8292, 0.913 -0.0314 4.8717, 0.9843 0.0 4.8319, 0.9806 0.0842 4.8346, 0.9119 0.0535 4.8746, 0.9268 0.3308 4.8429, 0.8613 0.3027 4.8833, 0.9518 0.2502 4.8402, 0.9698 0.1678 4.8374, 0.8858 0.2213 4.8804, 0.9028 0.1379 4.8775, 0.8952 0.4087 4.8456, 0.8295 0.3816 4.8863, 0.7945 0.2794 4.9242, 0.7651 0.3521 4.9272, 0.7906 0.4572 4.8892, 0.7291 0.4217 4.9302, 0.7448 0.5289 4.8921, 0.8572 0.4834 4.8482, 0.813 0.5547 4.8508, 0.6925 0.5958 4.895, 0.6868 0.4877 4.9332, 0.6341 0.6574 4.8979, 0.7063 0.6855 4.8561, 0.57 0.7133 4.9008, 0.5257 0.6581 4.9418, 0.4622 0.7041 4.9446, 0.7626 0.6222 4.8534, 0.6385 0.5494 4.9361, -0.1271 -0.9041 4.8191, -0.096 -0.9794 4.7799, -0.2108 -0.8883 4.8162, -0.1867 -0.9662 4.777, -0.275 -0.945 4.774, -0.2925 -0.8651 4.8133, -0.3718 -0.8343 4.8104, -0.3605 -0.9159 4.771, -0.4477 -0.7963 4.8075, -0.4427 -0.8791 4.7681, -0.5214 -0.8348 4.7653, -0.6658 -0.7247 4.7597, -0.6495 -0.6416 4.7988, -0.7298 -0.6601 4.7568, -0.7064 -0.5784 4.7958, -0.7875 -0.5903 4.7539, -0.7573 -0.5102 4.7929, -0.8383 -0.5157 4.7509, -0.8016 -0.4377 4.79, -0.8822 -0.4364 4.7479, -0.839 -0.3614 4.7871, -0.9186 -0.3532 4.7451, -0.8689 -0.2819 4.7841, -0.9472 -0.2674 4.7423, -0.8911 -0.1999 4.7812, -0.9676 -0.1796 4.7395, -0.9056 -0.1161 4.7783, -0.9799 -0.0902 4.7367, -0.9124 -0.0313 4.7754, -0.8408 0.0494 4.8134, -0.9114 0.0537 4.7725, -0.9841 -0.0 4.7332, -0.8326 0.1274 4.8106, -0.9027 0.1383 4.7696, -0.9806 0.0838 4.731, -0.8862 0.2217 4.7666, -0.8172 0.2042 4.8077, -0.9699 0.1675 4.7282, -0.7947 0.2793 4.8048, -0.8618 0.303 4.7637, -0.9519 0.2504 4.7254, -0.7652 0.352 4.8019, -0.8298 0.3817 4.7608, -0.9267 0.3316 4.7228, -0.7905 0.4571 4.7579, -0.8946 0.4101 4.7202, -0.7444 0.5286 4.755, -0.8121 0.5558 4.715, -0.8563 0.485 4.7176, -0.692 0.5956 4.7521, -0.7621 0.6227 4.7123, -0.706 0.6856 4.7095, -0.6337 0.6575 4.7491, -0.5699 0.7137 4.7462, -0.5846 0.6063 4.7901, -0.5258 0.6581 4.7873, -0.4623 0.7041 4.7844, -0.6385 0.5493 4.7929, -0.6868 0.4875 4.7958, -0.7292 0.4216 4.7988, -0.8417 -0.029 4.8163, -0.8354 -0.1071 4.8192, -0.8219 -0.1844 4.8222, -0.8012 -0.26 4.8253, -0.7736 -0.3334 4.8282, -0.7392 -0.4039 4.831, -0.6984 -0.4708 4.8338, -0.6515 -0.5337 4.8367, -0.5991 -0.592 4.8396, -0.5415 -0.6451 4.8426, -0.4792 -0.6927 4.8456, -0.4128 -0.7343 4.8486, -0.3427 -0.7695 4.8515, -0.2696 -0.7979 4.8543, -0.1942 -0.8195 4.8571, -0.1172 -0.834 4.86, -0.0391 -0.8413 4.863, 0.0393 -0.8414 4.866, 0.1173 -0.8341 4.869, 0.1944 -0.8196 4.8719, 0.2697 -0.7979 4.8747, 0.3427 -0.7694 4.8776, 0.4127 -0.7342 4.8804, 0.4792 -0.6926 4.8834, 0.5416 -0.6451 4.8864, 0.5993 -0.592 4.8894, 0.6517 -0.5337 4.8923, 0.6985 -0.4707 4.8952, 0.7392 -0.4037 4.898, 0.7735 -0.3332 4.9009, 0.8011 -0.2599 4.9038, 0.8218 -0.1843 4.9068, 0.8355 -0.1071 4.9098, 0.8418 -0.029 4.9128, 0.8409 0.0494 4.9157, 0.8326 0.1274 4.9185, 0.8171 0.2043 4.9213, 0.5846 0.6064 4.939, 0.1864 -0.9664 4.9855, 0.2465 -0.8794 5.029, 0.1626 -0.8989 5.026, 0.0041 -0.9841 4.9799, 0.0772 -0.9103 5.023, -0.0089 -0.9133 5.0201, 0.0959 -0.9795 4.9827, 0.3283 -0.852 5.0319, 0.2746 -0.9451 4.9885, 0.3601 -0.9159 4.9915, 0.4072 -0.8171 5.0349, 0.4425 -0.879 4.9945, 0.4825 -0.7751 5.0378, 0.5212 -0.8347 4.9973, 0.6197 -0.6711 5.0438, 0.6802 -0.6098 5.0467, 0.5714 -0.6189 5.0848, 0.5105 -0.67 5.0818, 0.5536 -0.7264 5.0408, 0.5956 -0.7834 5.0001, 0.7293 -0.661 5.0057, 0.6652 -0.7254 5.0029, 0.8567 -0.3157 5.0585, 0.8829 -0.2335 5.0615, 0.7902 -0.2914 5.0994, 0.445 -0.7151 5.0788, 0.7345 -0.5429 5.0497, 0.7869 -0.5912 5.0086, 0.8377 -0.5165 5.0116, 0.7822 -0.4711 5.0526, 0.823 -0.3951 5.0556, 0.8817 -0.4371 5.0146, 0.6774 -0.5006 5.0907, 0.7215 -0.4345 5.0936, 0.9183 -0.3537 5.0175, 0.7592 -0.3646 5.0964, 0.6272 -0.5623 5.0878, 0.9012 -0.1493 5.0645, 0.8142 -0.2156 5.1025, 0.9113 -0.0638 5.0674, 0.831 -0.1379 5.1055, 0.9677 -0.1795 5.0232, 0.9471 -0.2675 5.0204, 0.9801 -0.09 5.026, 0.9131 0.0224 5.0704, 0.9842 0.0 5.0287, 0.8403 -0.0589 5.1085, 0.9067 0.1083 5.0733, 0.9807 0.0837 5.0315, 0.9518 0.2502 5.0371, 0.8922 0.1933 5.0763, 0.9698 0.1673 5.0343, 0.87 0.2767 5.0792, 0.9266 0.3316 5.0398, 0.7585 0.5091 5.0881, 0.7618 0.6232 5.0503, 0.7072 0.5783 5.0911, 0.8119 0.5564 5.0477, 0.8561 0.4855 5.0451, 0.8945 0.4103 5.0425, 0.8029 0.4354 5.0852, 0.8402 0.3576 5.0822, 0.7058 0.6859 5.053, 0.6494 0.6421 5.094, 0.6521 0.5332 5.1321, 0.5989 0.5922 5.135, -0.0876 -0.9802 4.977, -0.0949 -0.9082 5.0171, -0.1778 -0.9679 4.9741, -0.1802 -0.895 5.0141, -0.2658 -0.9476 4.9712, -0.2639 -0.874 5.0112, -0.3515 -0.9192 4.9682, -0.3452 -0.8454 5.0082, -0.4351 -0.8828 4.9653, -0.4235 -0.8093 5.0053, -0.5156 -0.8384 4.9623, -0.4979 -0.7659 5.0023, -0.5918 -0.7864 4.9595, -0.5678 -0.7156 4.9994, -0.6628 -0.7275 4.9566, -0.6325 -0.6587 4.9964, -0.7276 -0.6626 4.9538, -0.6917 -0.5959 4.9934, -0.7856 -0.5927 4.9509, -0.7448 -0.528 4.9905, -0.8366 -0.5184 4.9479, -0.7914 -0.4554 4.9875, -0.8806 -0.4395 4.9449, -0.8311 -0.3788 4.9846, -0.9174 -0.3565 4.942, -0.8632 -0.2989 4.9816, -0.9465 -0.2699 4.9391, -0.8875 -0.2163 4.9787, -0.9674 -0.1808 4.9363, -0.9037 -0.1317 4.9757, -0.9799 -0.0906 4.9335, -0.9119 -0.0458 4.9727, -0.9841 -0.0 4.9301, -0.9121 0.0404 4.9698, -0.9805 0.0842 4.9279, -0.9043 0.1263 4.9668, -0.8885 0.2111 4.9639, -0.8195 0.1946 5.0049, -0.9698 0.1677 4.9251, -0.7976 0.271 5.002, -0.8649 0.294 4.9609, -0.952 0.2499 4.9223, -0.7685 0.345 4.9991, -0.8334 0.3741 4.958, -0.9272 0.3303 4.9196, -0.7943 0.4509 4.955, -0.7325 0.4159 4.996, -0.8954 0.4084 4.917, -0.8128 0.5548 4.9119, -0.8572 0.4835 4.9145, -0.6952 0.5918 4.9491, -0.7624 0.6223 4.9092, -0.748 0.5236 4.952, -0.7061 0.6855 4.9064, -0.6362 0.6548 4.9461, -0.5717 0.7121 4.9432, -0.587 0.604 4.987, -0.5274 0.6567 4.9841, -0.4632 0.7035 4.9813, -0.6413 0.5459 4.9899, -0.69 0.483 4.993, -0.8341 0.1164 5.0077, -0.8414 0.0373 5.0106, -0.8412 -0.0422 5.0136, -0.8335 -0.1213 5.0167, -0.8184 -0.1994 5.0197, -0.796 -0.2756 5.0227, -0.7664 -0.3495 5.0256, -0.73 -0.4201 5.0285, -0.6871 -0.4871 5.0314, -0.6381 -0.5497 5.0343, -0.5835 -0.6074 5.0374, -0.5236 -0.6598 5.0404, -0.4591 -0.7062 5.0434, -0.3905 -0.7463 5.0464, -0.3183 -0.7798 5.0492, -0.2434 -0.8063 5.0521, -0.1663 -0.8256 5.0551, -0.0877 -0.8377 5.058, -0.0084 -0.8423 5.0611, 0.0711 -0.8393 5.0641, 0.1499 -0.8289 5.0671, 0.2274 -0.811 5.0699, 0.3028 -0.7859 5.0728, 0.3756 -0.7538 5.0757, 0.8421 0.0206 5.1114, 0.8363 0.0999 5.1143, 0.8231 0.1783 5.1171, 0.8026 0.2551 5.1201, 0.775 0.3297 5.1231, 0.7406 0.4013 5.1262, 0.6995 0.4693 5.1292, -0.0601 -0.8402 3.9112, 0.019 -0.8421 3.9141, 0.0205 -0.9133 3.9552, -0.2914 -0.7902 3.9026, -0.316 -0.8565 3.9434, -0.3643 -0.7594 3.8996, -0.0652 -0.9111 3.9523, 0.106 -0.9072 3.9581, -0.1503 -0.9008 3.9493, -0.2341 -0.8825 3.9464, -0.216 -0.8141 3.9055, -0.1386 -0.8308 3.9083, -0.5612 -0.6281 3.8906, -0.4998 -0.678 3.8935, -0.5422 -0.7352 3.9346, -0.4707 -0.7827 3.9375, -0.434 -0.7219 3.8965, -0.3951 -0.8232 3.9405, -0.8389 -0.0756 3.8671, -0.8982 -0.1669 3.911, -0.9097 -0.082 3.9081, -0.6087 -0.6812 3.9317, -0.7137 -0.4472 3.8819, -0.7737 -0.4846 3.9228, -0.7525 -0.3783 3.879, -0.6697 -0.621 3.9287, -0.7249 -0.5552 3.9258, -0.6686 -0.5122 3.8848, -0.6176 -0.5727 3.8877, -0.8159 -0.4099 3.9199, -0.7847 -0.306 3.876, -0.8509 -0.3315 3.9169, -0.8785 -0.2503 3.914, -0.81 -0.231 3.8729, -0.8281 -0.154 3.8699, -0.9467 -0.2689 3.9547, -0.9131 0.0038 3.9052, -0.8422 0.0035 3.8642, -0.8382 0.0825 3.8613, -0.9086 0.0895 3.9022, -0.8267 0.1608 3.8584, -0.8961 0.1744 3.8993, -0.7101 0.4531 3.8464, -0.8128 0.4171 3.8904, -0.7701 0.4914 3.8875, -0.8481 0.339 3.8934, -0.7495 0.3844 3.8493, -0.7822 0.3124 3.8523, -0.8759 0.2579 3.8963, -0.808 0.2376 3.8554, -0.8305 0.5283 3.9284, -0.7204 0.5612 3.8845, -0.7768 0.6043 3.9253, -0.7162 0.675 3.9227, -0.6646 0.6264 3.8815, -0.6645 0.5176 3.8436, -0.6129 0.5777 3.8407, 0.098 -0.8366 3.9171, 0.1906 -0.893 3.9611, 0.2736 -0.871 3.964, 0.176 -0.8237 3.9202, 0.2525 -0.8035 3.9232, 0.3542 -0.8415 3.967, 0.3268 -0.7762 3.9261, 0.4317 -0.8046 3.9699, 0.5054 -0.7608 3.9729, 0.3982 -0.7422 3.929, 0.4661 -0.7016 3.9318, 0.5746 -0.7102 3.9758, 0.5299 -0.6548 3.9347, 0.6386 -0.6531 3.9788, 0.6969 -0.5902 3.9817, 0.589 -0.6022 3.9377, 0.6428 -0.5442 3.9407, 0.749 -0.5221 3.9846, 0.691 -0.4815 3.9438, 0.7947 -0.4494 3.9876, 0.8335 -0.3728 3.9905, 0.7332 -0.4145 3.9467, 0.7688 -0.3439 3.9496, 0.865 -0.293 3.9935, 0.7978 -0.2702 3.9525, 0.8889 -0.2106 3.9964, 0.9047 -0.1264 3.9994, 0.8197 -0.1942 3.9553, 0.8343 -0.1164 3.9583, 0.9124 -0.041 4.0023, 0.8415 -0.0376 3.9613, 0.912 0.0448 4.0053, 0.9036 0.1302 4.0082, 0.8412 0.0415 3.9643, 0.8336 0.1202 3.9673, 0.8874 0.2145 4.0111, 0.8186 0.1979 3.9703, 0.8636 0.297 4.0141, 0.8321 0.3768 4.017, 0.7965 0.2738 3.9731, 0.7673 0.3474 3.976, 0.7932 0.4531 4.02, 0.7314 0.4179 3.9789, 0.7472 0.5254 4.0229, 0.6944 0.593 4.0259, 0.6889 0.4846 3.9819, 0.6404 0.5471 3.9849, 0.6355 0.6555 4.0288, 0.5711 0.7123 4.0318, 0.5862 0.6048 3.9879, 0.5268 0.6571 3.9909, 0.4629 0.7037 3.9938, -0.8766 0.4475 3.9313, -0.9149 0.3626 3.9341, -0.945 0.2746 3.937, -0.9667 0.1844 3.9399, -0.9797 0.0927 3.9429, -0.9841 0.0 3.9463, -0.9801 -0.09 3.949, -0.9677 -0.1799 3.9518, -0.9175 -0.3559 3.9575, -0.8804 -0.4397 3.9603, -0.8361 -0.5191 3.9633, -0.785 -0.5936 3.9662, -0.7275 -0.6629 3.9692, -0.6638 -0.7267 3.9721, -0.5944 -0.7845 3.9749, -0.5198 -0.8357 3.9777, -0.4407 -0.8799 3.9805, -0.358 -0.9167 3.9834, -0.2724 -0.9457 3.9863, -0.1846 -0.9667 3.9893, -0.0946 -0.9797 3.9923, -0.0038 -0.9842 3.9952, 0.0865 -0.9804 3.9979, 0.1758 -0.9683 4.0007, 0.2635 -0.9482 4.0035, 0.3493 -0.92 4.0064, 0.4328 -0.8839 4.0094, 0.5132 -0.8398 4.0125, 0.5894 -0.7883 4.0154, 0.6604 -0.7298 4.0183, 0.7252 -0.6652 4.0211, 0.7834 -0.5957 4.0239, 0.8347 -0.5214 4.0268, 0.8793 -0.442 4.0297, 0.9168 -0.358 4.0328, 0.9463 -0.2707 4.0358, 0.9674 -0.1811 4.0387, 0.98 -0.0906 4.0415, 0.9842 -0.0 4.0447, 0.9797 0.0931 4.0472, 0.9665 0.1856 4.0502, 0.9445 0.2765 4.0533, 0.9139 0.3654 4.0564, 0.8747 0.4511 4.0594, 0.8278 0.5324 4.0623, 0.7735 0.6084 4.0652, 0.7122 0.6791 4.0681, -0.5699 0.7132 4.074, -0.6339 0.6571 4.077, 0.2106 -0.8884 4.1586, 0.127 -0.9043 4.1557, 0.1172 -0.8341 4.1148, 0.0391 -0.8414 4.1118, 0.2924 -0.8649 4.1616, 0.1942 -0.8195 4.1178, 0.2696 -0.7979 4.1207, 0.3716 -0.8341 4.1645, 0.3427 -0.7694 4.1235, 0.4477 -0.7961 4.1674, 0.4128 -0.7342 4.1264, 0.4792 -0.6927 4.1292, 0.5198 -0.7512 4.1703, 0.5991 -0.592 4.1352, 0.7063 -0.5786 4.1791, 0.6496 -0.6419 4.1761, 0.757 -0.5103 4.182, 0.6516 -0.5337 4.1382, 0.6983 -0.4708 4.1411, 0.5873 -0.6997 4.1732, 0.5416 -0.6452 4.1322, 0.7391 -0.4038 4.144, 0.8388 -0.3613 4.1878, 0.8013 -0.4376 4.1849, 0.7735 -0.3334 4.1468, 0.8012 -0.26 4.1497, 0.8689 -0.2819 4.1907, 0.8219 -0.1844 4.1525, 0.8914 -0.2 4.1936, 0.9059 -0.1163 4.1966, 0.8355 -0.1071 4.1555, 0.8418 -0.029 4.1586, 0.9126 -0.0315 4.1995, 0.9114 0.0535 4.2024, 0.8408 0.0494 4.1615, 0.9025 0.1381 4.2053, 0.8325 0.1273 4.1644, 0.8859 0.2215 4.2082, 0.7947 0.2793 4.1701, 0.8617 0.303 4.2112, 0.8171 0.2042 4.1673, 0.8299 0.3818 4.2141, 0.8952 0.4091 4.2548, 0.7653 0.352 4.173, 0.6921 0.5954 4.2228, 0.7447 0.5285 4.2199, 0.6868 0.4876 4.1789, 0.6385 0.5493 4.1819, 0.6337 0.6572 4.2257, 0.7292 0.4216 4.1759, 0.4623 0.7041 4.1906, 0.7908 0.4571 4.217, 0.5699 0.7134 4.2287, 0.5846 0.6063 4.1849, 0.5257 0.658 4.1877, 0.0424 -0.9124 4.1528, -0.0393 -0.8414 4.1088, -0.0425 -0.9126 4.1499, -0.127 -0.9046 4.147, -0.1173 -0.8341 4.1059, -0.2105 -0.8886 4.1441, -0.1944 -0.8195 4.1031, -0.0461 -0.9831 4.1906, -0.2697 -0.7979 4.1002, -0.2922 -0.865 4.1411, -0.3427 -0.7693 4.0974, -0.4127 -0.7342 4.0944, -0.3714 -0.834 4.1382, -0.4475 -0.7959 4.1353, -0.4792 -0.6927 4.0914, -0.5197 -0.751 4.1324, -0.5416 -0.6451 4.0884, -0.5993 -0.592 4.0855, -0.5874 -0.6996 4.1295, -0.6498 -0.6421 4.1266, -0.6517 -0.5336 4.0826, -0.7065 -0.5788 4.1236, -0.6984 -0.4707 4.0798, -0.7392 -0.4037 4.0769, -0.757 -0.5105 4.1207, -0.8012 -0.4378 4.1178, -0.7735 -0.3332 4.074, -0.8385 -0.3613 4.1149, -0.8012 -0.2599 4.071, -0.8219 -0.1843 4.068, -0.8686 -0.2818 4.112, -0.8913 -0.1999 4.109, -0.8355 -0.1071 4.065, -0.9061 -0.1163 4.1061, -0.8418 -0.029 4.0622, -0.8408 0.0494 4.0593, -0.9129 -0.0316 4.1032, -0.9116 0.0534 4.1003, -0.8325 0.1274 4.0565, -0.9025 0.1379 4.0974, -0.8171 0.2043 4.0536, -0.7946 0.2794 4.0506, -0.8857 0.2213 4.0945, -0.8614 0.3028 4.0915, -0.7652 0.3521 4.0476, -0.9266 0.3315 4.1319, -0.8297 0.3817 4.0886, -0.7292 0.4217 4.0446, -0.7909 0.4573 4.0857, -0.745 0.5287 4.0828, -0.6868 0.4877 4.0417, -0.6924 0.5955 4.0799, -0.6384 0.5494 4.0389, -0.5846 0.6064 4.036, -0.5256 0.6581 4.0332, -0.4622 0.7041 4.0302, -0.7062 0.6855 4.1187, -0.7625 0.6224 4.1215, -0.8127 0.5553 4.1242, -0.8568 0.4844 4.1267, -0.8948 0.4096 4.1293, -0.9517 0.2505 4.1346, -0.9697 0.1676 4.1374, -0.9806 0.084 4.1402, -0.9842 0.0 4.1431, -0.9803 -0.0878 4.1457, -0.9685 -0.1749 4.1485, -0.949 -0.2605 4.1511, -0.922 -0.3441 4.1539, -0.8876 -0.425 4.1567, -0.8462 -0.5025 4.1595, -0.7982 -0.5759 4.1624, -0.7435 -0.6449 4.1653, -0.6825 -0.7091 4.1681, -0.6157 -0.7678 4.1709, -0.5439 -0.8201 4.1736, -0.4683 -0.8655 4.1763, -0.3894 -0.9038 4.1792, -0.3074 -0.9349 4.182, -0.2226 -0.9587 4.185, -0.1353 -0.9749 4.1878, 0.0436 -0.9832 4.1934, 0.1328 -0.9751 4.1962, 0.22 -0.9592 4.1989, 0.3049 -0.9357 4.2018, 0.3872 -0.9048 4.2047, 0.4667 -0.8666 4.2076, 0.5429 -0.8209 4.2105, 0.615 -0.7683 4.2132, 0.6821 -0.7094 4.216, 0.7432 -0.6451 4.2187, 0.7979 -0.5761 4.2215, 0.846 -0.5028 4.2244, 0.8874 -0.4256 4.2273, 0.9218 -0.3449 4.2302, 0.949 -0.2611 4.2329, 0.9685 -0.1751 4.2357, 0.9802 -0.0879 4.2384, 0.9841 -0.0 4.2416, 0.9805 0.0841 4.2438, 0.9697 0.1677 4.2466, 0.9518 0.2505 4.2494, 0.9268 0.3312 4.2521, 0.8571 0.4837 4.2573, 0.8129 0.5547 4.2599, 0.7626 0.622 4.2625, 0.7062 0.6853 4.2653, -0.57 0.7132 4.2709, -0.634 0.6573 4.2738, 0.2925 -0.865 4.3584, 0.2107 -0.8883 4.3555, 0.1942 -0.8195 4.3146, 0.2696 -0.7979 4.3175, 0.3718 -0.8342 4.3613, 0.1172 -0.834 4.3117, -0.0425 -0.9124 4.3467, -0.0393 -0.8414 4.3057, 0.0424 -0.9122 4.3497, 0.3427 -0.7694 4.3203, 0.4128 -0.7343 4.3232, 0.4478 -0.7963 4.3642, 0.5198 -0.7512 4.3672, 0.4792 -0.6927 4.3261, 0.5872 -0.6995 4.3701, 0.5415 -0.6451 4.3291, 0.5991 -0.592 4.3321, 0.7063 -0.5784 4.3759, 0.6495 -0.6417 4.373, 0.6515 -0.5337 4.3351, 0.7571 -0.5102 4.3788, 0.7391 -0.4038 4.3408, 0.7735 -0.3334 4.3436, 0.8389 -0.3614 4.3847, 0.869 -0.2819 4.3876, 0.8015 -0.4376 4.3817, 0.6984 -0.4708 4.3379, 0.8012 -0.26 4.3465, 0.8912 -0.2 4.3905, 0.7947 0.2793 4.3669, 0.7653 0.352 4.3699, 0.8299 0.3817 4.4109, 0.8354 -0.1071 4.3525, 0.9057 -0.1162 4.3934, 0.8219 -0.1844 4.3495, 0.9124 -0.0314 4.3964, 0.8417 -0.029 4.3554, 0.8408 0.0494 4.3584, 0.9114 0.0537 4.3993, 0.9026 0.1383 4.4022, 0.8326 0.1273 4.3612, 0.8618 0.303 4.408, 0.8172 0.2042 4.3641, 0.8861 0.2216 4.4051, 0.6868 0.4875 4.3758, 0.692 0.5955 4.4197, 0.7445 0.5285 4.4167, 0.6385 0.5493 4.3788, 0.6336 0.6574 4.4226, 0.7292 0.4216 4.3728, 0.7906 0.4571 4.4138, 0.5257 0.6581 4.3845, 0.4623 0.7041 4.3873, 0.5846 0.6063 4.3817, 0.5699 0.7136 4.4255, 0.1271 -0.9041 4.3526, 0.0391 -0.8414 4.3087, -0.1173 -0.8341 4.3027, -0.1944 -0.8196 4.2999, -0.1271 -0.9047 4.3438, -0.2106 -0.8888 4.3409, -0.2697 -0.7979 4.297, -0.2922 -0.8652 4.338, -0.3427 -0.7694 4.2942, -0.4127 -0.7342 4.2913, -0.3713 -0.8341 4.3351, -0.4474 -0.7958 4.3321, -0.4792 -0.6926 4.2883, -0.5196 -0.7509 4.3292, -0.5416 -0.6451 4.2853, -0.5993 -0.592 4.2823, -0.5873 -0.6995 4.3263, -0.6499 -0.642 4.3234, -0.6517 -0.5337 4.2794, -0.7066 -0.5789 4.3205, -0.6985 -0.4707 4.2766, -0.7392 -0.4037 4.2738, -0.7572 -0.5106 4.3176, -0.8012 -0.4379 4.3147, -0.7735 -0.3332 4.2709, -0.8384 -0.3614 4.3117, -0.8011 -0.2599 4.2679, -0.8219 -0.1843 4.2649, -0.8685 -0.2818 4.3088, -0.8911 -0.1998 4.3059, -0.8355 -0.1071 4.2619, -0.9061 -0.1162 4.303, -0.8418 -0.029 4.259, -0.8409 0.0494 4.2561, -0.913 -0.0315 4.3001, -0.9118 0.0534 4.2971, -0.8326 0.1274 4.2533, -0.9026 0.1379 4.2942, -0.8171 0.2043 4.2504, -0.7945 0.2794 4.2475, -0.8857 0.2213 4.2913, -0.8613 0.3028 4.2884, -0.7651 0.3521 4.2445, -0.9271 0.33 4.3288, -0.8295 0.3817 4.2855, -0.7291 0.4217 4.2415, -0.7907 0.4573 4.2826, -0.7449 0.5288 4.2797, -0.6868 0.4877 4.2385, -0.6925 0.5957 4.2767, -0.6385 0.5494 4.2357, -0.5846 0.6064 4.2328, -0.5256 0.6581 4.23, -0.4622 0.704 4.2271, -0.706 0.6858 4.3156, -0.7623 0.6227 4.3184, -0.8127 0.5552 4.321, -0.8571 0.4837 4.3235, -0.8954 0.4083 4.3262, -0.952 0.2496 4.3315, -0.9698 0.1675 4.3343, -0.9806 0.0841 4.3371, -0.9842 0.0 4.3398, -0.9802 -0.0886 4.3426, -0.9681 -0.177 4.3453, -0.9479 -0.2644 4.3481, -0.9199 -0.3497 4.3509, -0.8844 -0.4318 4.3538, -0.842 -0.5096 4.3567, -0.793 -0.5829 4.3597, -0.7373 -0.652 4.3625, -0.675 -0.7162 4.3652, -0.6067 -0.7748 4.368, -0.5333 -0.8271 4.3708, -0.4557 -0.8722 4.3737, -0.3749 -0.91 4.3766, -0.2916 -0.94 4.3795, -0.2064 -0.9624 4.3824, -0.1194 -0.977 4.3852, -0.0309 -0.9837 4.3879, -0.5707 0.7129 4.4678, -0.635 0.6566 4.4707, -0.7711 -0.3387 4.4679, -0.7981 -0.4439 4.5117, -0.8359 -0.3673 4.5088, -0.7994 -0.2652 4.465, -0.6948 -0.4762 4.4736, -0.6473 -0.5391 4.4765, -0.7019 -0.5847 4.5176, -0.6441 -0.6476 4.5205, -0.7533 -0.5167 4.5147, -0.7362 -0.4092 4.4708, -0.5941 -0.5971 4.4795, -0.5806 -0.7047 4.5235, -0.4054 -0.7382 4.4884, -0.4392 -0.8004 4.5293, -0.4726 -0.6971 4.4855, -0.3625 -0.8381 4.5323, -0.5356 -0.65 4.4825, -0.5121 -0.7558 4.5264, -0.3347 -0.7729 4.4913, -0.2827 -0.8685 4.5352, -0.261 -0.8009 4.4941, -0.1165 -0.906 4.541, -0.2005 -0.8913 4.5381, -0.185 -0.8218 4.497, -0.1075 -0.8354 4.5, -0.0314 -0.9127 4.544, -0.0289 -0.8418 4.503, 0.054 -0.9116 4.547, 0.0498 -0.8408 4.506, -0.8665 -0.2875 4.5059, -0.8207 -0.1893 4.462, -0.8897 -0.2053 4.5029, -0.8348 -0.1118 4.459, -0.9052 -0.1212 4.5, -0.8417 -0.0334 4.456, -0.8411 0.0454 4.453, -0.9128 -0.0362 4.4971, -0.9122 0.0491 4.4941, -0.8331 0.1238 4.4502, -0.9034 0.134 4.4912, -0.8179 0.2011 4.4474, -0.7955 0.2766 4.4445, -0.8867 0.2178 4.4883, -0.8624 0.2997 4.4854, -0.7662 0.3497 4.4415, -0.8306 0.379 4.4824, -0.7302 0.4198 4.4385, -0.7917 0.4551 4.4795, -0.7459 0.5272 4.4765, -0.6878 0.4862 4.4355, -0.6936 0.5946 4.4736, -0.6394 0.5483 4.4325, -0.5854 0.6056 4.4297, -0.5263 0.6576 4.4268, -0.4625 0.7039 4.424, -0.4998 -0.678 3.8605, -0.434 -0.7219 3.8633, -0.4657 -0.6936 3.8687, 0.7603 -0.3454 3.923, 0.7978 -0.2702 3.9193, 0.7918 -0.2661 3.9262, 0.7688 -0.3439 3.9162, 0.691 -0.4815 3.9103, 0.6744 -0.4925 3.9166, 0.6429 -0.5442 3.9075, 0.721 -0.4211 3.9198, 0.7332 -0.4145 3.9132, -0.534 -0.6426 3.8655, -0.5612 -0.6281 3.8575, -0.0673 -0.8327 3.8847, -0.1518 -0.8213 3.8815, -0.1386 -0.8308 3.8751, 0.4949 -0.6732 3.9071, 0.4236 -0.7199 3.9039, 0.4661 -0.7016 3.8987, -0.0601 -0.8402 3.8781, 0.0178 -0.8354 3.8879, 0.3479 -0.7591 3.9007, 0.2686 -0.7906 3.8975, 0.3268 -0.7762 3.8926, 0.3982 -0.7422 3.8956, -0.6176 -0.5727 3.8545, -0.6528 -0.5208 3.8591, -0.6686 -0.5122 3.8515, 0.1866 -0.814 3.8943, 0.1027 -0.8291 3.8911, 0.176 -0.8237 3.8868, -0.7025 -0.4515 3.8559, -0.7137 -0.4472 3.8485, -0.0671 -0.83 3.8944, -0.7797 -0.2996 3.8495, -0.7525 -0.3783 3.8456, -0.7449 -0.3775 3.8527, -0.2347 -0.8014 3.8783, -0.2914 -0.7902 3.8691, -0.216 -0.8141 3.872, -0.5965 -0.5848 3.8623, -0.3925 -0.7372 3.8719, -0.7847 -0.306 3.8427, -0.81 -0.231 3.8399, -0.7425 -0.3762 3.8624, -0.8064 -0.2187 3.8463, -0.8245 -0.1355 3.8431, -0.8389 -0.0756 3.8339, -0.8281 -0.154 3.8369, -0.8422 0.0034 3.8309, -0.8344 0.0345 3.8367, -0.8382 0.0825 3.8279, -0.8338 -0.0508 3.8399, -0.8264 0.1194 3.8335, -0.8267 0.1607 3.8249, -0.81 0.2031 3.8303, -0.808 0.2376 3.8221, -0.7853 0.2847 3.8271, -0.7822 0.3124 3.8192, -0.7524 0.3633 3.8239, -0.7495 0.3844 3.8163, -0.7115 0.4379 3.8207, -0.6609 0.5063 3.8272, -0.7092 0.4365 3.8304, -0.6631 0.508 3.8369, -0.6631 0.508 3.8175, -0.7101 0.4531 3.8134, -0.7115 0.4379 3.8401, -0.6078 0.5728 3.8336, -0.6058 0.571 3.824, -0.6078 0.5728 3.8144, -0.6129 0.5777 3.8073, -0.6645 0.5176 3.8103, -0.3643 -0.7594 3.8662, -0.3152 -0.7732 3.8751, 0.019 -0.8421 3.8811, 0.098 -0.8366 3.884, 0.2525 -0.8035 3.8897, 0.5299 -0.6548 3.9017, 0.5609 -0.6193 3.9103, 0.6209 -0.5589 3.9135, 0.589 -0.6022 3.9046, 0.7578 -0.3443 3.9327, 0.8197 -0.1942 3.9223, 0.815 -0.1842 3.9294, 0.8295 -0.1003 3.9326, 0.8343 -0.1164 3.9253, 0.8415 -0.0376 3.9281, 0.8351 -0.0153 3.9358, 0.8412 0.0415 3.931, 0.8321 0.07 3.939, 0.8206 0.1545 3.9422, 0.8336 0.1202 3.9339, 0.8186 0.1979 3.9368, 0.8007 0.2374 3.9454, 0.7965 0.2739 3.9398, 0.7725 0.3179 3.9486, 0.7363 0.395 3.9518, 0.7673 0.3474 3.9429, 0.7314 0.4179 3.9459, 0.6922 0.4678 3.955, 0.6889 0.4847 3.9488, 0.6408 0.5357 3.9582, 0.6404 0.5471 3.9516, 0.5186 0.6545 3.9646, 0.5807 0.5962 3.9711, 0.5826 0.5982 3.9614, 0.5861 0.6048 3.9545, 0.4492 0.7041 3.9678, 0.4477 0.7018 3.9775, 0.5169 0.6523 3.9743, 0.5268 0.6571 3.9574, 0.4492 0.7041 3.9872, 0.5186 0.6545 3.984, 0.4628 0.7037 3.9604, -0.75 0.3621 3.8336, -0.7827 0.2838 3.8368, -0.8073 0.2024 3.84, -0.8237 0.119 3.8432, -0.8316 0.0343 3.8464, -0.831 -0.0506 3.8496, -0.8344 0.0345 3.8561, -0.8218 -0.135 3.8528, -0.8037 -0.218 3.856, -0.7771 -0.2986 3.8592, -0.7025 -0.4515 3.8753, -0.7449 -0.3775 3.8721, -0.7002 -0.45 3.8656, -0.6507 -0.5191 3.8688, -0.5946 -0.5829 3.872, -0.5323 -0.6405 3.8752, -0.5965 -0.5848 3.8817, -0.4642 -0.6913 3.8784, -0.3913 -0.7348 3.8816, -0.3142 -0.7707 3.8848, -0.2339 -0.7987 3.888, -0.1513 -0.8186 3.8912, 0.0177 -0.8326 3.8976, 0.1024 -0.8263 3.9008, 0.1866 -0.814 3.9137, 0.1027 -0.8291 3.9105, 0.186 -0.8114 3.904, 0.2678 -0.788 3.9072, 0.3468 -0.7566 3.9104, 0.4222 -0.7175 3.9135, 0.4933 -0.671 3.9168, 0.4236 -0.7199 3.9232, 0.559 -0.6173 3.9199, 0.6188 -0.557 3.9231, 0.6722 -0.4909 3.9263, 0.7187 -0.4197 3.9295, 0.7892 -0.2653 3.9359, 0.815 -0.1842 3.9488, 0.7918 -0.2661 3.9456, 0.8123 -0.1836 3.9391, 0.8268 -0.0999 3.9423, 0.8324 -0.0152 3.9455, 0.8294 0.0697 3.9487, 0.8179 0.154 3.9519, 0.7981 0.2366 3.9551, 0.77 0.3168 3.9583, 0.8007 0.2374 3.9648, 0.7339 0.3937 3.9615, 0.6899 0.4663 3.9647, 0.6387 0.534 3.9679, 0.5826 0.5982 3.9808, -0.7524 0.3633 3.8433, -0.7853 0.2847 3.8465, -0.81 0.2031 3.8497, -0.8264 0.1194 3.8529, -0.8338 -0.0508 3.8593, -0.8245 -0.1355 3.8625, -0.8064 -0.2187 3.8657, -0.7797 -0.2996 3.8689, -0.6528 -0.5208 3.8785, -0.534 -0.6426 3.8849, -0.4657 -0.6936 3.8881, -0.3925 -0.7372 3.8913, -0.3152 -0.7732 3.8945, -0.2347 -0.8014 3.8977, -0.1518 -0.8213 3.9009, -0.0673 -0.8327 3.9041, 0.0178 -0.8354 3.9073, 0.2686 -0.7906 3.9168, 0.3479 -0.7591 3.92, 0.4949 -0.6732 3.9264, 0.5609 -0.6193 3.9296, 0.6209 -0.5589 3.9328, 0.6744 -0.4925 3.936, 0.721 -0.4211 3.9392, 0.7603 -0.3454 3.9424, 0.8295 -0.1003 3.952, 0.8351 -0.0153 3.9552, 0.8321 0.07 3.9584, 0.8206 0.1545 3.9616, 0.7725 0.3179 3.968, 0.7363 0.395 3.9712, 0.6922 0.4678 3.9744, 0.6408 0.5357 3.9776, -0.6517 -0.5336 4.0494, -0.5993 -0.592 4.0524, -0.632 -0.5463 4.0572, 0.8012 -0.26 4.1166, 0.7662 -0.3325 4.1204, 0.7735 -0.3334 4.1136, 0.7286 -0.408 4.1173, 0.7391 -0.4038 4.1106, 0.6837 -0.4794 4.1141, 0.6319 -0.546 4.1109, 0.6516 -0.5337 4.1048, 0.6983 -0.4708 4.1076, -0.3665 -0.7503 4.0698, -0.4404 -0.7096 4.0667, -0.4127 -0.7342 4.061, 0.4128 -0.7342 4.0932, 0.4792 -0.6927 4.0962, 0.4406 -0.7099 4.1015, -0.7958 -0.2537 4.0445, -0.8219 -0.1843 4.0349, -0.8012 -0.2599 4.0377, 0.3667 -0.7504 4.0983, 0.1172 -0.8341 4.0815, 0.1943 -0.8195 4.0843, 0.126 -0.8256 4.0888, 0.2696 -0.7979 4.0872, 0.2086 -0.8085 4.092, 0.3427 -0.7694 4.0902, -0.6984 -0.4707 4.0464, -0.7285 -0.4082 4.0508, -0.7391 -0.4037 4.0435, -0.3427 -0.7693 4.0639, -0.8355 -0.1071 4.032, -0.8175 -0.1723 4.0414, -0.8308 -0.0891 4.0382, -0.1259 -0.8259 4.0793, -0.2084 -0.8088 4.0762, -0.1943 -0.8195 4.0698, -0.2889 -0.7835 4.073, -0.2697 -0.7979 4.0668, -0.1173 -0.8341 4.0728, -0.5416 -0.6451 4.0553, -0.5739 -0.6072 4.0603, -0.5098 -0.6618 4.0635, -0.4792 -0.6927 4.0582, -0.8171 0.2043 4.0201, -0.8325 0.1274 4.023, -0.819 0.1627 4.0287, -0.8314 0.0792 4.0319, -0.8408 0.0494 4.026, -0.6837 -0.4797 4.054, -0.7735 -0.3332 4.0406, -0.7659 -0.3326 4.0477, -0.8418 -0.029 4.0291, -0.6384 0.5494 4.0057, -0.6868 0.4877 4.0087, -0.6385 0.5386 4.0129, -0.8354 -0.005 4.035, -0.7985 0.2445 4.0255, -0.7699 0.3239 4.0224, -0.7946 0.2794 4.0173, -0.7652 0.3521 4.0144, -0.7292 0.4217 4.0116, -0.7336 0.3999 4.0192, -0.6896 0.4717 4.016, -0.5807 0.6001 4.0097, -0.7634 -0.3315 4.0574, -0.4622 0.704 3.9968, -0.5256 0.658 3.9997, -0.5172 0.6556 4.0066, -0.5788 0.5982 4.0194, -0.4484 0.7045 4.0034, -0.447 0.7022 4.0131, -0.5846 0.6063 4.0027, -0.4484 0.7045 4.0228, -0.5172 0.6556 4.0259, -0.5155 0.6534 4.0162, -0.0421 -0.8345 4.0825, 0.0421 -0.8343 4.0856, -0.042 -0.8318 4.0922, 0.0391 -0.8414 4.0786, -0.0393 -0.8414 4.0758, 0.2891 -0.7834 4.0951, 0.5099 -0.6619 4.1046, 0.5416 -0.6452 4.0991, 0.5738 -0.6071 4.1078, 0.5992 -0.592 4.1019, 0.7262 -0.4067 4.127, 0.796 -0.2537 4.1236, 0.8219 -0.1844 4.1195, 0.8176 -0.1723 4.1268, 0.8305 -0.0891 4.1299, 0.8355 -0.1071 4.1224, 0.8417 -0.029 4.1252, 0.8351 -0.0049 4.1331, 0.8408 0.0494 4.1281, 0.8312 0.0794 4.1363, 0.8191 0.1629 4.1394, 0.8325 0.1274 4.131, 0.8171 0.2042 4.134, 0.7987 0.2447 4.1426, 0.7947 0.2793 4.137, 0.7702 0.324 4.1457, 0.7336 0.3999 4.1489, 0.7653 0.352 4.14, 0.7292 0.4216 4.1428, 0.6894 0.4716 4.1521, 0.6868 0.4876 4.1457, 0.6382 0.5386 4.1552, 0.6385 0.5493 4.1485, 0.5171 0.6558 4.1616, 0.5786 0.5982 4.1681, 0.5805 0.6002 4.1584, 0.5846 0.6063 4.1514, 0.4485 0.7048 4.1647, 0.447 0.7025 4.1744, 0.5154 0.6537 4.1712, 0.5257 0.658 4.1544, 0.4485 0.7048 4.1841, 0.4623 0.7041 4.1574, -0.6385 0.5386 4.0323, -0.5807 0.6001 4.0291, -0.6364 0.5369 4.0226, -0.6874 0.4702 4.0257, -0.7312 0.3986 4.0289, -0.7674 0.3228 4.0321, -0.7959 0.2437 4.0352, -0.8163 0.1621 4.0384, -0.8286 0.079 4.0415, -0.8326 -0.005 4.0447, -0.8314 0.0792 4.0512, -0.8281 -0.0888 4.0479, -0.8148 -0.1717 4.051, -0.7932 -0.2529 4.0542, -0.7285 -0.4082 4.0702, -0.7659 -0.3326 4.067, -0.7261 -0.4068 4.0605, -0.6815 -0.4781 4.0637, -0.63 -0.5445 4.0669, -0.5721 -0.6053 4.07, -0.632 -0.5463 4.0765, -0.5081 -0.6597 4.0732, -0.4389 -0.7073 4.0763, -0.3653 -0.7479 4.0795, -0.2879 -0.7809 4.0827, -0.2078 -0.8061 4.0858, -0.1255 -0.8232 4.089, 0.042 -0.8316 4.0953, 0.126 -0.8256 4.1082, 0.0421 -0.8343 4.105, 0.1255 -0.8229 4.0985, 0.2079 -0.8059 4.1017, 0.2882 -0.7808 4.1048, 0.3655 -0.748 4.108, 0.4391 -0.7075 4.1111, 0.3667 -0.7504 4.1177, 0.5082 -0.6598 4.1143, 0.5719 -0.6051 4.1175, 0.6298 -0.5442 4.1206, 0.6814 -0.4778 4.1238, 0.7637 -0.3314 4.1301, 0.7934 -0.2529 4.1333, 0.8176 -0.1723 4.1461, 0.796 -0.2537 4.143, 0.8149 -0.1717 4.1364, 0.8278 -0.0888 4.1396, 0.8323 -0.0048 4.1428, 0.8285 0.0792 4.1459, 0.8164 0.1624 4.1491, 0.7961 0.2439 4.1523, 0.8191 0.1629 4.1588, 0.7676 0.3229 4.1554, 0.7312 0.3986 4.1586, 0.6871 0.4701 4.1618, 0.6361 0.5368 4.1649, 0.5171 0.6558 4.1809, 0.5805 0.6002 4.1778, -0.6896 0.4717 4.0354, -0.7336 0.3999 4.0386, -0.7699 0.3239 4.0417, -0.7985 0.2445 4.0449, -0.819 0.1627 4.0481, -0.8354 -0.005 4.0544, -0.8308 -0.0891 4.0576, -0.8175 -0.1723 4.0607, -0.7958 -0.2537 4.0639, -0.6837 -0.4797 4.0734, -0.5739 -0.6072 4.0797, -0.5098 -0.6618 4.0829, -0.4404 -0.7096 4.086, -0.3665 -0.7503 4.0892, -0.2889 -0.7835 4.0924, -0.2084 -0.8088 4.0955, -0.1259 -0.8259 4.0987, -0.0421 -0.8345 4.1018, 0.2086 -0.8085 4.1113, 0.2891 -0.7834 4.1145, 0.4406 -0.7099 4.1208, 0.5099 -0.6619 4.124, 0.5738 -0.6071 4.1272, 0.6319 -0.546 4.1303, 0.6837 -0.4794 4.1335, 0.7286 -0.408 4.1366, 0.7662 -0.3325 4.1398, 0.8305 -0.0891 4.1493, 0.8351 -0.0049 4.1525, 0.8312 0.0794 4.1556, 0.7987 0.2447 4.162, 0.7702 0.324 4.1651, 0.7336 0.3999 4.1683, 0.6894 0.4716 4.1714, 0.6382 0.5386 4.1746, -0.5416 -0.6451 4.2521, -0.5739 -0.6072 4.2572, -0.5993 -0.592 4.2493, 0.6838 -0.4793 4.311, 0.6984 -0.4708 4.3045, 0.7288 -0.408 4.3141, 0.4792 -0.6927 4.293, 0.4406 -0.7099 4.2983, 0.4128 -0.7343 4.2901, 0.6516 -0.5337 4.3016, 0.7391 -0.4038 4.3075, 0.7735 -0.3334 4.3105, 0.7664 -0.3326 4.3173, -0.7285 -0.4083 4.2477, -0.7659 -0.3326 4.2445, -0.7392 -0.4037 4.2403, 0.5415 -0.6451 4.2959, 0.5098 -0.6619 4.3015, -0.8011 -0.2599 4.2345, -0.7956 -0.2537 4.2414, -0.8219 -0.1843 4.2317, -0.7735 -0.3332 4.2374, 0.3668 -0.7506 4.2951, 0.3427 -0.7694 4.2871, 0.1943 -0.8195 4.2812, 0.2087 -0.8085 4.2888, 0.126 -0.8255 4.2856, 0.0421 -0.8341 4.2825, 0.1172 -0.834 4.2782, 0.2892 -0.7835 4.292, 0.2696 -0.7979 4.2841, -0.6322 -0.5463 4.254, -0.6838 -0.4798 4.2508, -0.6517 -0.5337 4.2463, -0.4127 -0.7342 4.2578, -0.4403 -0.7096 4.2635, -0.4792 -0.6926 4.2549, -0.8355 -0.1071 4.2288, -0.8174 -0.1722 4.2382, -0.8308 -0.089 4.235, -0.1944 -0.8196 4.2667, -0.2085 -0.8089 4.273, -0.2697 -0.7979 4.2637, -0.2889 -0.7836 4.2699, -0.126 -0.826 4.2762, -0.5097 -0.6617 4.2603, -0.8315 0.0792 4.2287, -0.8326 0.1274 4.22, -0.8409 0.0494 4.223, -0.8171 0.2043 4.217, -0.8191 0.1626 4.2255, -0.7984 0.2444 4.2224, -0.6985 -0.4707 4.2433, -0.8418 -0.029 4.226, -0.8355 -0.0049 4.2319, -0.793 -0.2529 4.251, -0.7698 0.3238 4.2192, -0.7945 0.2794 4.2141, -0.7334 0.3999 4.2161, -0.7652 0.352 4.2112, -0.6868 0.4877 4.2055, -0.7291 0.4217 4.2084, -0.6896 0.4718 4.2129, -0.5846 0.6064 4.1996, -0.6385 0.5494 4.2026, -0.5809 0.6002 4.2066, -0.6385 0.5388 4.2097, -0.4484 0.7044 4.2196, -0.5172 0.6556 4.2034, -0.4622 0.704 4.1936, -0.5257 0.658 4.1966, -0.579 0.5983 4.2163, -0.5172 0.6556 4.2228, -0.4484 0.7044 4.2002, -0.447 0.7021 4.2099, -0.5155 0.6534 4.2131, -0.3664 -0.7503 4.2667, -0.3427 -0.7693 4.2607, -0.042 -0.8317 4.289, -0.0422 -0.8344 4.2793, -0.1173 -0.8341 4.2697, 0.0392 -0.8414 4.2754, -0.0393 -0.8414 4.2726, 0.5991 -0.592 4.2987, 0.5737 -0.6069 4.3046, 0.6319 -0.5459 4.3078, 0.7264 -0.4067 4.3238, 0.8012 -0.26 4.3135, 0.7961 -0.2538 4.3204, 0.8219 -0.1844 4.3164, 0.8174 -0.1723 4.3236, 0.8304 -0.089 4.3268, 0.8354 -0.1071 4.3191, 0.8417 -0.029 4.322, 0.835 -0.0047 4.3299, 0.8408 0.0494 4.3249, 0.8313 0.0796 4.3331, 0.8192 0.163 4.3363, 0.8326 0.1274 4.3279, 0.8172 0.2042 4.3309, 0.7988 0.2448 4.3394, 0.7947 0.2793 4.3339, 0.7702 0.324 4.3426, 0.7334 0.3998 4.3458, 0.7653 0.352 4.3368, 0.7292 0.4216 4.3396, 0.6892 0.4716 4.3489, 0.6868 0.4875 4.3425, 0.638 0.5386 4.3521, 0.6384 0.5493 4.3453, 0.5171 0.656 4.3584, 0.5786 0.5984 4.3649, 0.5805 0.6003 4.3553, 0.5846 0.6063 4.3483, 0.4485 0.7049 4.3616, 0.4471 0.7026 4.3713, 0.5154 0.6538 4.3681, 0.5257 0.6581 4.3513, 0.4485 0.7049 4.381, 0.4623 0.7041 4.3543, -0.6385 0.5388 4.2291, -0.5809 0.6002 4.2259, -0.6365 0.537 4.2194, -0.6873 0.4703 4.2226, -0.731 0.3985 4.2257, -0.7673 0.3227 4.2289, -0.7958 0.2436 4.2321, -0.8164 0.1621 4.2352, -0.8288 0.079 4.2384, -0.8191 0.1626 4.2449, -0.8328 -0.0049 4.2416, -0.828 -0.0887 4.2447, -0.8147 -0.1716 4.2479, -0.7634 -0.3316 4.2542, -0.7285 -0.4083 4.2671, -0.7659 -0.3326 4.2639, -0.7261 -0.4069 4.2574, -0.6816 -0.4782 4.2605, -0.6301 -0.5445 4.2637, -0.5721 -0.6052 4.2669, -0.508 -0.6596 4.2701, -0.4388 -0.7073 4.2732, -0.3652 -0.7479 4.2764, -0.2879 -0.781 4.2795, -0.2078 -0.8063 4.2827, -0.1256 -0.8233 4.2858, 0.042 -0.8314 4.2922, 0.126 -0.8255 4.305, 0.0421 -0.8341 4.3019, 0.1256 -0.8228 4.2953, 0.208 -0.8059 4.2985, 0.2883 -0.7809 4.3017, 0.3656 -0.7481 4.3048, 0.2892 -0.7835 4.3114, 0.4392 -0.7076 4.308, 0.5081 -0.6597 4.3112, 0.5718 -0.605 4.3143, 0.6298 -0.5441 4.3175, 0.6815 -0.4778 4.3206, 0.7639 -0.3315 4.327, 0.7935 -0.2529 4.3301, 0.8174 -0.1723 4.343, 0.7961 -0.2538 4.3398, 0.8148 -0.1717 4.3333, 0.8277 -0.0887 4.3365, 0.8323 -0.0047 4.3396, 0.8285 0.0793 4.3428, 0.8165 0.1625 4.346, 0.7962 0.244 4.3491, 0.8192 0.163 4.3556, 0.7676 0.3229 4.3523, 0.7311 0.3985 4.3554, 0.687 0.47 4.3586, 0.6359 0.5369 4.3618, 0.5171 0.656 4.3778, 0.5805 0.6003 4.3746, -0.6896 0.4718 4.2323, -0.7334 0.3999 4.2354, -0.7698 0.3238 4.2386, -0.7984 0.2444 4.2418, -0.8315 0.0792 4.2481, -0.8355 -0.0049 4.2512, -0.8308 -0.089 4.2544, -0.8174 -0.1722 4.2576, -0.7956 -0.2537 4.2607, -0.6838 -0.4798 4.2702, -0.6322 -0.5463 4.2734, -0.5739 -0.6072 4.2765, -0.5097 -0.6617 4.2797, -0.4403 -0.7096 4.2829, -0.3664 -0.7503 4.286, -0.2889 -0.7836 4.2892, -0.2085 -0.8089 4.2924, -0.126 -0.826 4.2955, -0.0422 -0.8344 4.2987, 0.2087 -0.8085 4.3082, 0.3668 -0.7506 4.3145, 0.4406 -0.7099 4.3177, 0.5098 -0.6619 4.3208, 0.5737 -0.6069 4.324, 0.6319 -0.5459 4.3272, 0.6838 -0.4793 4.3303, 0.7288 -0.408 4.3335, 0.7664 -0.3326 4.3367, 0.8304 -0.089 4.3462, 0.835 -0.0047 4.3493, 0.8313 0.0796 4.3525, 0.7988 0.2448 4.3588, 0.7702 0.324 4.362, 0.7334 0.3998 4.3651, 0.6892 0.4716 4.3683, 0.638 0.5386 4.3715, -0.4487 0.7042 4.3971, -0.4625 0.7038 4.3905, -0.7944 -0.2573 4.4384, -0.7994 -0.2652 4.4315, -0.7711 -0.3387 4.4345, -0.8348 -0.1118 4.4258, -0.8303 -0.0922 4.432, -0.8417 -0.0334 4.423, -0.7265 -0.4122 4.4447, -0.7362 -0.4092 4.4375, -0.6948 -0.4762 4.4405, -0.7643 -0.3365 4.4415, -0.6473 -0.5391 4.4435, -0.6813 -0.4836 4.4479, -0.5941 -0.5971 4.4464, -0.5701 -0.6105 4.4542, -0.629 -0.55 4.451, -0.5356 -0.65 4.4492, -0.5052 -0.6649 4.4574, -0.4726 -0.6971 4.452, -0.4353 -0.7126 4.4606, -0.4054 -0.7382 4.455, -0.3609 -0.753 4.4638, -0.3346 -0.7729 4.458, -0.283 -0.7859 4.4669, -0.261 -0.8008 4.461, -0.2022 -0.8107 4.4701, -0.0351 -0.8346 4.4764, -0.1193 -0.8269 4.4733, -0.1075 -0.8355 4.4669, -0.185 -0.8218 4.464, -0.2015 -0.808 4.4798, 0.0494 -0.8336 4.4796, -0.0289 -0.8418 4.4697, -0.035 -0.8318 4.4861, -0.1189 -0.8242 4.483, 0.0493 -0.8309 4.4893, 0.0494 -0.8336 4.499, -0.0351 -0.8346 4.4958, -0.8207 -0.1893 4.4286, -0.8165 -0.1756 4.4352, -0.7918 -0.2565 4.448, -0.8355 -0.0078 4.4288, -0.8411 0.0454 4.42, -0.8331 0.1238 4.417, -0.832 0.0766 4.4256, -0.8197 0.1603 4.4225, -0.8179 0.2011 4.414, -0.7991 0.2423 4.4193, -0.7955 0.2766 4.411, -0.7662 0.3497 4.4081, -0.7704 0.322 4.4161, -0.734 0.3984 4.413, -0.7302 0.4198 4.4053, -0.6902 0.4707 4.4098, -0.6879 0.4862 4.4024, -0.6394 0.5483 4.3995, -0.6392 0.5381 4.4066, -0.5815 0.5998 4.4034, -0.5854 0.6056 4.3965, -0.5177 0.6554 4.4003, -0.5263 0.6576 4.3935, -0.5796 0.5979 4.4131, -0.4487 0.7042 4.4165, -0.4472 0.7019 4.4068, -0.5161 0.6532 4.41, -0.5177 0.6554 4.4197, -0.6371 0.5363 4.4163, -0.6392 0.5381 4.426, -0.5815 0.5998 4.4228, -0.6879 0.4691 4.4195, -0.7316 0.3971 4.4227, -0.7679 0.3209 4.4258, -0.7965 0.2415 4.429, -0.817 0.1597 4.4322, -0.7991 0.2423 4.4387, -0.8292 0.0763 4.4354, -0.8328 -0.0078 4.4385, -0.8275 -0.0919 4.4417, -0.8138 -0.1751 4.4449, -0.7618 -0.3354 4.4512, -0.7265 -0.4122 4.4641, -0.7643 -0.3365 4.4609, -0.7241 -0.4108 4.4544, -0.6791 -0.482 4.4576, -0.6269 -0.5482 4.4607, -0.5682 -0.6085 4.4639, -0.5036 -0.6627 4.4671, -0.4338 -0.7102 4.4703, -0.3598 -0.7506 4.4734, -0.2821 -0.7833 4.4766, -0.3609 -0.753 4.4831, -0.6902 0.4707 4.4292, -0.734 0.3984 4.4323, -0.7704 0.322 4.4355, -0.8197 0.1603 4.4419, -0.832 0.0766 4.4451, -0.8355 -0.0078 4.4482, -0.8303 -0.0922 4.4514, -0.8165 -0.1756 4.4546, -0.7944 -0.2573 4.4577, -0.6813 -0.4836 4.4673, -0.629 -0.55 4.4704, -0.5701 -0.6105 4.4736, -0.5052 -0.6649 4.4768, -0.4353 -0.7126 4.48, -0.283 -0.7859 4.4863, -0.2022 -0.8107 4.4895, -0.1193 -0.8269 4.4927, 0.749 -0.5221 3.8694, 0.7859 -0.5926 3.8274, 0.8367 -0.5183 3.8303, 0.0205 -0.9133 3.84, -0.0652 -0.9111 3.837, -0.0027 -0.9842 3.7984, -0.1503 -0.9008 3.8341, -0.0942 -0.9797 3.7955, -0.2341 -0.8825 3.8312, -0.316 -0.8565 3.8282, -0.3951 -0.8232 3.8253, -0.3584 -0.9167 3.7868, -0.2728 -0.9457 3.7897, -0.4707 -0.7827 3.8223, -0.4411 -0.8798 3.7839, -0.1846 -0.9668 3.7926, -0.6087 -0.6812 3.8164, -0.5422 -0.7352 3.8194, -0.6697 -0.621 3.8135, -0.5943 -0.7846 3.7782, -0.6638 -0.7267 3.7753, -0.7248 -0.5553 3.8105, -0.7277 -0.6627 3.7724, -0.8509 -0.3315 3.8017, -0.8808 -0.4392 3.7637, -0.8159 -0.4099 3.8047, -0.8785 -0.2503 3.7988, -0.9178 -0.3554 3.7608, -0.8365 -0.5186 3.7667, -0.7737 -0.4847 3.8076, -0.7854 -0.5932 3.7696, -0.8982 -0.1669 3.7958, -0.9677 -0.1797 3.755, -0.9469 -0.2685 3.7579, -0.9097 -0.082 3.7929, -0.9801 -0.0899 3.7521, -0.9131 0.0037 3.7899, -0.9841 -0.0 3.749, -0.9086 0.0895 3.787, -0.9669 0.1841 3.7434, -0.9799 0.0924 3.7463, -0.8961 0.1744 3.784, -0.8759 0.2579 3.7811, -0.9452 0.2745 3.7404, -0.8481 0.339 3.7782, -0.52 -0.8357 3.7811, -0.7205 0.5612 3.7693, -0.7701 0.4913 3.7723, -0.8765 0.4478 3.7345, -0.8128 0.4171 3.7752, -0.8302 0.5286 3.7315, -0.7767 0.6046 3.7286, -0.9149 0.3628 3.7374, -0.6646 0.6264 3.7664, -0.7162 0.675 3.7253, 0.0886 -0.9802 3.8013, 0.106 -0.9072 3.8429, 0.1785 -0.9679 3.8042, 0.1906 -0.893 3.8459, 0.2736 -0.871 3.8488, 0.2662 -0.9476 3.8071, 0.3519 -0.9192 3.8099, 0.3542 -0.8415 3.8518, 0.4355 -0.8827 3.8128, 0.4317 -0.8046 3.8547, 0.5054 -0.7608 3.8577, 0.5159 -0.8382 3.8158, 0.5921 -0.7862 3.8187, 0.5746 -0.7102 3.8606, 0.663 -0.7274 3.8216, 0.6386 -0.6531 3.8635, 0.6969 -0.5902 3.8665, 0.7279 -0.6625 3.8245, 0.7947 -0.4494 3.8724, 0.8807 -0.4394 3.8332, 0.8335 -0.3728 3.8753, 0.9174 -0.3564 3.8361, 0.865 -0.293 3.8783, 0.9465 -0.2698 3.839, 0.8889 -0.2106 3.8812, 0.9675 -0.1808 3.8419, 0.9047 -0.1264 3.8841, 0.9801 -0.0906 3.8448, 0.9124 -0.041 3.8871, 0.9842 0.0 3.8475, 0.912 0.0448 3.89, 0.9806 0.0841 3.8504, 0.9036 0.1302 3.893, 0.9699 0.1677 3.853, 0.8874 0.2145 3.8959, 0.9519 0.2501 3.8557, 0.8636 0.297 3.8989, 0.9271 0.3305 3.8584, 0.8955 0.4084 3.8611, 0.8321 0.3768 3.9018, 0.7932 0.4531 3.9048, 0.8574 0.4833 3.8638, 0.7472 0.5254 3.9077, 0.6944 0.593 3.9106, 0.8131 0.5547 3.8664, 0.6355 0.6555 3.9136, 0.7627 0.6222 3.8691, 0.5711 0.7123 3.9165, 0.7063 0.6855 3.8718, 0.127 -0.9043 4.0405, 0.0424 -0.9124 4.0376, -0.127 -0.9046 4.0318, -0.2105 -0.8886 4.0288, 0.2106 -0.8884 4.0434, -0.0425 -0.9126 4.0347, 0.2924 -0.8649 4.0463, 0.3716 -0.8341 4.0493, 0.6496 -0.6419 4.0609, 0.4477 -0.7961 4.0522, 0.5198 -0.7512 4.0551, 0.5873 -0.6997 4.058, 0.757 -0.5103 4.0668, 0.7063 -0.5786 4.0638, 0.8013 -0.4376 4.0697, 0.8388 -0.3613 4.0726, 0.9059 -0.1163 4.0813, 0.8689 -0.2819 4.0755, 0.8914 -0.2 4.0784, 0.9126 -0.0315 4.0843, 0.9114 0.0535 4.0872, 0.9025 0.1381 4.0901, 0.8859 0.2215 4.093, 0.8617 0.303 4.0959, 0.83 0.3818 4.0988, 0.7908 0.4572 4.1018, 0.7447 0.5285 4.1047, 0.5699 0.7134 4.1134, 0.6337 0.6572 4.1105, 0.6922 0.5954 4.1076, -0.2922 -0.865 4.0259, -0.3714 -0.834 4.023, -0.4475 -0.7959 4.0201, -0.5197 -0.751 4.0172, -0.5874 -0.6997 4.0143, -0.6498 -0.6421 4.0113, -0.7065 -0.5788 4.0084, -0.7571 -0.5105 4.0055, -0.8012 -0.4378 4.0026, -0.8385 -0.3613 3.9997, -0.8686 -0.2818 3.9968, -0.8913 -0.1999 3.9938, -0.9061 -0.1163 3.9909, -0.9129 -0.0316 3.988, -0.9116 0.0534 3.9851, -0.9025 0.1379 3.9822, -0.8857 0.2213 3.9792, -0.8614 0.3028 3.9763, -0.8297 0.3817 3.9734, -0.7909 0.4573 3.9705, -0.745 0.5287 3.9676, -0.6925 0.5955 3.9647, -0.6339 0.6571 3.9617, -0.5699 0.7132 3.9588, -0.6811 0.7105 3.9209, 0.2925 -0.865 4.2432, 0.2107 -0.8883 4.2403, 0.1271 -0.9041 4.2374, 0.0424 -0.9122 4.2344, -0.1271 -0.9047 4.2286, -0.2105 -0.8888 4.2257, 0.3718 -0.8342 4.2461, 0.5198 -0.7512 4.2519, 0.4478 -0.7963 4.249, 0.5872 -0.6995 4.2549, 0.6495 -0.6417 4.2578, 0.7063 -0.5784 4.2607, 0.7572 -0.5102 4.2636, 0.8015 -0.4376 4.2665, 0.8389 -0.3613 4.2695, 0.9057 -0.1162 4.2782, 0.8912 -0.1999 4.2753, 0.869 -0.2819 4.2724, 0.8861 0.2216 4.2899, 0.9026 0.1383 4.2869, 0.9114 0.0537 4.284, 0.9124 -0.0314 4.2811, 0.8299 0.3817 4.2957, 0.7906 0.4571 4.2986, 0.8618 0.303 4.2928, 0.7445 0.5285 4.3015, 0.692 0.5955 4.3045, 0.6336 0.6574 4.3074, 0.5699 0.7136 4.3103, -0.0425 -0.9124 4.2315, -0.2922 -0.8652 4.2228, -0.3713 -0.8341 4.2199, -0.4473 -0.7958 4.2169, -0.5195 -0.7509 4.214, -0.5873 -0.6995 4.2111, -0.6499 -0.6421 4.2082, -0.7066 -0.5789 4.2053, -0.7572 -0.5106 4.2024, -0.8012 -0.4379 4.1994, -0.8384 -0.3614 4.1965, -0.8684 -0.2818 4.1936, -0.8911 -0.1998 4.1907, -0.9061 -0.1162 4.1878, -0.913 -0.0315 4.1849, -0.9118 0.0534 4.1819, -0.9026 0.1379 4.179, -0.8857 0.2213 4.1761, -0.8613 0.3027 4.1732, -0.8296 0.3816 4.1703, -0.7907 0.4572 4.1674, -0.7449 0.5288 4.1644, -0.6925 0.5956 4.1615, -0.634 0.6573 4.1586, -0.57 0.7132 4.1557, -0.8359 -0.3673 4.3936, -0.7981 -0.444 4.3965, -0.7019 -0.5848 4.4024, -0.7533 -0.5167 4.3995, -0.2005 -0.8913 4.4229, -0.1164 -0.906 4.4258, -0.8665 -0.2875 4.3906, -0.5121 -0.7558 4.4112, -0.5806 -0.7047 4.4082, -0.6441 -0.6476 4.4053, -0.4392 -0.8004 4.4141, -0.2827 -0.8685 4.42, -0.3625 -0.8381 4.417, -0.0314 -0.9127 4.4288, -0.8897 -0.2053 4.3877, -0.9052 -0.1213 4.3848, -0.9128 -0.0362 4.3819, -0.9122 0.0491 4.379, -0.9034 0.134 4.376, -0.8867 0.2178 4.3731, -0.8624 0.2997 4.3701, -0.8306 0.379 4.3672, -0.7917 0.4551 4.3643, -0.7459 0.5272 4.3614, -0.6936 0.5946 4.3584, -0.635 0.6566 4.3555, -0.5707 0.7129 4.3526, 0.3298 -0.7751 3.5323, 0.4219 -0.81 3.5757, 0.3436 -0.8462 3.5728, 0.0932 -0.9085 3.5639, 0.1015 -0.8361 3.5236, 0.1785 -0.8957 3.5668, 0.4009 -0.7407 3.5354, 0.2557 -0.8026 3.5294, 0.2622 -0.8748 3.5698, 0.1794 -0.823 3.5265, 0.4965 -0.7666 3.5787, 0.4685 -0.6999 3.5384, 0.6445 -0.5423 3.5471, 0.6911 -0.5971 3.5876, 0.5909 -0.6002 3.5442, 0.5666 -0.7163 3.5816, 0.6316 -0.6596 3.5846, 0.532 -0.6529 3.5413, 0.7444 -0.5292 3.5905, 0.6925 -0.4795 3.5499, 0.791 -0.4567 3.5935, 0.52 -0.8356 3.619, 0.7344 -0.4125 3.5529, 0.8305 -0.38 3.5964, 0.7698 -0.3419 3.5559, 0.8626 -0.2999 3.5994, 0.7984 -0.2683 3.5589, 0.8871 -0.2171 3.6024, 0.8344 -0.1147 3.5648, 0.9121 -0.0466 3.6083, 0.9037 -0.1325 3.6053, 0.82 -0.1923 3.5619, 0.8415 -0.036 3.5676, 0.8412 0.0429 3.5705, 0.9124 0.0397 3.6112, 0.9046 0.1256 3.6142, 0.8335 0.1216 3.5735, 0.8184 0.1991 3.5765, 0.8888 0.2104 3.6172, 0.7961 0.2749 3.5795, 0.8649 0.2933 3.6201, 0.8334 0.3736 3.6231, 0.7309 0.4185 3.5854, 0.7944 0.4506 3.626, 0.7669 0.3482 3.5825, 0.7484 0.5236 3.629, 0.8126 0.5553 3.6695, 0.6885 0.4852 3.5882, 0.6956 0.5918 3.632, 0.6401 0.5476 3.5911, 0.586 0.6051 3.594, 0.6366 0.6548 3.6349, 0.5267 0.6573 3.597, 0.572 0.7119 3.6379, 0.4627 0.7037 3.6001, 0.007 -0.9132 3.5609, 0.0228 -0.8419 3.5207, -0.0562 -0.8404 3.5178, -0.0792 -0.9098 3.558, -0.1346 -0.8315 3.5147, -0.1647 -0.8983 3.555, -0.2136 -0.8201 3.5147, -0.2487 -0.8788 3.552, -0.2911 -0.8013 3.5147, -0.3305 -0.8514 3.5491, -0.3665 -0.7753 3.5147, -0.4094 -0.8164 3.5461, -0.4391 -0.7425 3.5147, -0.4846 -0.7741 3.5431, -0.5084 -0.703 3.5147, -0.5555 -0.725 3.5402, -0.6649 -0.7258 3.5784, -0.6214 -0.6693 3.5372, -0.5738 -0.6574 3.5147, -0.6818 -0.6076 3.5343, -0.7294 -0.6608 3.5754, -0.6347 -0.6059 3.5147, -0.7872 -0.5907 3.5724, -0.7361 -0.5406 3.5313, -0.6907 -0.5492 3.5147, -0.838 -0.5161 3.5695, -0.7839 -0.4687 3.5283, -0.7414 -0.4876 3.5147, -0.8817 -0.4373 3.5667, -0.9181 -0.3546 3.5639, -0.9469 -0.2687 3.5611, -0.8575 -0.2792 3.5147, -0.8834 -0.2037 3.5147, -0.9676 -0.1803 3.5582, -0.9025 -0.1263 3.5147, -0.98 -0.0905 3.5552, -0.9148 -0.0475 3.5147, -0.9842 0.0 3.5524, -0.9202 0.032 3.5147, -0.9186 0.1117 3.5147, -0.9806 0.0841 3.5496, -0.9698 0.1677 3.5469, -0.9102 0.191 3.5147, -0.9518 0.2505 3.5443, -0.8951 0.2693 3.5147, -0.8733 0.346 3.5147, -0.9268 0.3312 3.5416, -0.8952 0.4091 3.5389, -0.845 0.4206 3.5147, -0.8571 0.4837 3.5362, -0.8106 0.4925 3.5147, -0.7703 0.5613 3.5147, -0.813 0.5547 3.5335, -0.7627 0.622 3.5308, -0.7243 0.6264 3.5147, -0.7063 0.6854 3.5281, -0.673 0.6875 3.5147, -0.825 -0.352 3.5147, -0.7863 -0.4217 3.5147, -0.5942 -0.7846 3.5813, -0.5185 -0.8365 3.5841, -0.4388 -0.8809 3.587, -0.3559 -0.9176 3.5899, -0.2701 -0.9464 3.5928, -0.1817 -0.9673 3.5958, -0.0908 -0.98 3.5987, 0.0015 -0.9842 3.6016, 0.0937 -0.9797 3.6045, 0.1846 -0.9667 3.6074, 0.273 -0.9456 3.6103, 0.3586 -0.9166 3.6132, 0.441 -0.88 3.6162, 0.5952 -0.7838 3.6219, 0.6654 -0.7251 3.6247, 0.7297 -0.6604 3.6276, 0.7875 -0.5904 3.6305, 0.8383 -0.5157 3.6335, 0.8821 -0.4366 3.6364, 0.9185 -0.3537 3.6393, 0.947 -0.2679 3.6421, 0.9676 -0.1799 3.6449, 0.98 -0.0904 3.6478, 0.9842 -0.0 3.6509, 0.9807 0.084 3.6535, 0.9698 0.1677 3.6562, 0.9518 0.2506 3.6588, 0.9267 0.3315 3.6615, 0.8949 0.4096 3.6641, 0.8567 0.4843 3.6668, 0.7624 0.6225 3.6723, 0.7062 0.6855 3.675, -0.5724 0.7117 3.6803, -0.5279 0.6564 3.6394, -0.6372 0.6543 3.6833, 0.0864 -0.9092 3.7605, 0.0797 -0.8386 3.7195, 0.1721 -0.8969 3.7635, 0.2562 -0.8766 3.7664, 0.2362 -0.8085 3.7256, 0.338 -0.8484 3.7694, 0.1587 -0.8272 3.7225, 0.3117 -0.7825 3.7286, 0.3843 -0.7494 3.7316, 0.4168 -0.8127 3.7724, 0.4918 -0.7696 3.7753, 0.4535 -0.7097 3.7345, 0.628 -0.6631 3.7813, 0.5792 -0.6116 3.7403, 0.688 -0.6007 3.7843, 0.5187 -0.6637 3.7374, 0.5624 -0.7195 3.7783, 0.6345 -0.5541 3.7433, 0.684 -0.4915 3.7463, 0.7417 -0.5329 3.7872, 0.7888 -0.4603 3.7902, 0.8288 -0.3836 3.7932, 0.7274 -0.4245 3.7494, 0.7643 -0.3538 3.7524, 0.7944 -0.2799 3.7553, 0.8614 -0.3034 3.7961, 0.8174 -0.2034 3.7582, 0.833 -0.1252 3.7611, 0.9032 -0.1357 3.8021, 0.8863 -0.2206 3.7991, 0.8411 -0.0458 3.7641, 0.9125 0.0369 3.808, 0.9119 -0.0496 3.805, 0.905 0.1231 3.811, 0.8416 0.034 3.7671, 0.8346 0.1135 3.7702, 0.8893 0.2082 3.8139, 0.8201 0.1919 3.7732, 0.8655 0.2914 3.8169, 0.8341 0.372 3.8199, 0.7952 0.4493 3.8229, 0.7982 0.2687 3.7761, 0.7693 0.343 3.779, 0.7334 0.4143 3.7819, 0.7491 0.5225 3.8258, 0.6909 0.4819 3.7848, 0.6962 0.5911 3.8288, 0.6422 0.5451 3.7879, 0.4634 0.7033 3.7969, 0.5876 0.6034 3.791, 0.6372 0.6543 3.8318, 0.5279 0.6563 3.794, 0.5724 0.7117 3.8347, -0.0 -0.8423 3.7166, 0.0 -0.9133 3.7575, -0.0797 -0.8385 3.7137, -0.0864 -0.9092 3.7546, -0.1587 -0.8271 3.7108, -0.1721 -0.8969 3.7516, -0.2363 -0.8084 3.7078, -0.2562 -0.8767 3.7486, -0.338 -0.8485 3.7456, -0.3118 -0.7824 3.7048, -0.3844 -0.7495 3.7017, -0.4168 -0.8126 3.7427, -0.4918 -0.7695 3.7397, -0.4537 -0.7097 3.6987, -0.5625 -0.7196 3.7367, -0.5188 -0.6636 3.6958, -0.5792 -0.6115 3.6929, -0.628 -0.6631 3.7338, -0.6879 -0.6007 3.7308, -0.6345 -0.5539 3.69, -0.7417 -0.5329 3.7278, -0.684 -0.4914 3.6871, -0.7275 -0.4245 3.684, -0.7888 -0.4603 3.7249, -0.8289 -0.3836 3.7219, -0.7644 -0.3538 3.681, -0.8614 -0.3035 3.7189, -0.7945 -0.2799 3.6779, -0.8174 -0.2034 3.675, -0.8862 -0.2206 3.716, -0.9031 -0.1357 3.713, -0.8329 -0.1251 3.6721, -0.912 -0.0496 3.71, -0.841 -0.0457 3.6692, -0.8415 0.0341 3.6663, -0.9126 0.0369 3.707, -0.905 0.1231 3.7041, -0.8346 0.1136 3.6633, -0.8892 0.2082 3.7011, -0.8201 0.1921 3.6602, -0.7983 0.2688 3.6572, -0.8656 0.2914 3.6981, -0.8341 0.372 3.6952, -0.7693 0.3432 3.6542, -0.7952 0.4493 3.6922, -0.7333 0.4144 3.6513, -0.6907 0.4819 3.6484, -0.749 0.5225 3.6892, -0.6962 0.5911 3.6863, -0.642 0.5451 3.6455, -0.5876 0.6034 3.6425, -0.4635 0.7034 3.6364, -0.6811 0.7104 3.7238, -0.5107 0.6698 3.8356, -0.5637 0.6258 3.8381, -0.6112 0.6786 3.8789, -0.4542 0.7093 3.833, 0.8377 0.0879 3.5392, 0.8423 0.0057 3.5361, 0.8806 0.0729 3.5147, 0.8749 0.1564 3.5147, 0.8784 -0.0105 3.5147, 0.8388 -0.0766 3.5329, 0.8684 -0.0931 3.5147, 0.7807 -0.316 3.5237, 0.793 -0.3274 3.5147, 0.8255 -0.2521 3.5147, 0.8251 0.1693 3.5422, 0.8506 -0.174 3.5147, 0.8078 -0.2382 3.5267, 0.8273 -0.1582 3.5298, 0.7462 -0.3908 3.5207, 0.7045 -0.4618 3.5177, 0.7535 -0.3992 3.5147, 0.7078 -0.4663 3.5147, 0.6559 -0.5284 3.5146, 0.8396 0.3212 3.5147, 0.8166 0.3434 3.5232, 0.8046 0.2491 3.5452, 0.8612 0.2394 3.5147, 0.7764 0.3265 3.5482, 0.7791 0.4215 3.5263, 0.734 0.4955 3.5293, 0.7408 0.4008 3.5512, 0.8102 0.4011 3.5147, 0.6821 0.5649 3.5324, 0.6981 0.4713 3.5544, 0.7734 0.478 3.5147, 0.6488 0.5372 3.5575, 0.6237 0.6289 3.5355, 0.7293 0.5514 3.5147, 0.621 0.6848 3.5147, 0.5594 0.6869 3.5385, 0.6784 0.6205 3.5147, 0.4656 0.7019 3.5666, 0.5319 0.6531 3.5636, 0.5932 0.598 3.5606, 0.0863 -0.9091 3.6455, -0.0001 -0.9133 3.6425, -0.2561 -0.8765 3.6336, 0.172 -0.8967 3.6484, 0.0797 -0.8386 3.6865, 0.4168 -0.8128 3.6573, 0.4918 -0.7697 3.6603, 0.3844 -0.7494 3.6982, 0.338 -0.8484 3.6544, 0.2363 -0.8084 3.6923, 0.2562 -0.8765 3.6514, 0.3117 -0.7824 3.6952, 0.1587 -0.8272 3.6894, 0.5623 -0.7196 3.6633, 0.5188 -0.6636 3.7043, 0.6278 -0.663 3.6663, 0.4536 -0.7097 3.7012, 0.6878 -0.6006 3.6692, 0.5793 -0.6116 3.7073, 0.7417 -0.5328 3.6722, 0.6345 -0.554 3.7102, 0.8614 -0.3035 3.6811, 0.7644 -0.3537 3.719, 0.8289 -0.3837 3.6781, 0.7889 -0.4604 3.6752, 0.6841 -0.4914 3.7131, 0.7275 -0.4245 3.716, 0.8861 -0.2206 3.6841, 0.903 -0.1357 3.687, 0.8174 -0.2034 3.725, 0.7944 -0.2798 3.722, 0.9126 0.0369 3.693, 0.9051 0.1231 3.6959, 0.9118 -0.0496 3.69, 0.8893 0.2081 3.6989, 0.8655 0.2913 3.7019, 0.8339 0.3719 3.7049, 0.749 0.5225 3.7108, 0.7333 0.4144 3.7489, 0.795 0.4492 3.7078, 0.6963 0.5911 3.7138, 0.6908 0.482 3.7518, 0.4634 0.7033 3.7635, 0.6373 0.6543 3.7167, 0.6421 0.5451 3.7547, 0.5725 0.7116 3.7197, 0.5278 0.6563 3.7605, -0.0865 -0.9093 3.6395, -0.1721 -0.897 3.6366, -0.3379 -0.8483 3.6306, -0.4168 -0.8125 3.6276, -0.4919 -0.7695 3.6247, -0.5626 -0.7196 3.6217, -0.6281 -0.6632 3.6187, -0.6879 -0.6007 3.6158, -0.7416 -0.5328 3.6128, -0.7887 -0.4602 3.6098, -0.8288 -0.3835 3.6069, -0.8615 -0.3034 3.6039, -0.8864 -0.2206 3.6009, -0.9032 -0.1357 3.598, -0.9118 -0.0496 3.595, -0.9123 0.0369 3.592, -0.9048 0.1232 3.589, -0.8892 0.2083 3.5861, -0.7983 0.2687 3.6241, -0.8657 0.2915 3.5831, -0.7693 0.3431 3.6212, -0.8342 0.3721 3.5801, -0.7951 0.4492 3.5772, -0.7333 0.4143 3.6181, -0.7489 0.5224 3.5742, -0.6961 0.591 3.5712, -0.637 0.6543 3.5683, -0.5724 0.7118 3.5653, -0.5876 0.6034 3.6091, -0.5279 0.6563 3.6063, -0.4635 0.7034 3.6034, -0.6421 0.545 3.6121, -0.6908 0.4818 3.615, -0.8201 0.1919 3.627, -0.8346 0.1135 3.6299, -0.8415 0.034 3.6328, -0.841 -0.0458 3.6358, -0.8329 -0.1252 3.6389, -0.8174 -0.2034 3.6419, -0.7945 -0.2799 3.6449, -0.7644 -0.3538 3.6478, -0.7274 -0.4245 3.6507, -0.684 -0.4915 3.6536, -0.6344 -0.554 3.6566, -0.5791 -0.6116 3.6596, -0.5187 -0.6637 3.6627, -0.4536 -0.7098 3.6657, -0.3843 -0.7495 3.6686, -0.3117 -0.7825 3.6715, -0.2362 -0.8084 3.6744, -0.1587 -0.8272 3.6774, -0.0797 -0.8385 3.6804, 0.0 -0.8423 3.6835, 0.833 -0.1251 3.7281, 0.8411 -0.0457 3.731, 0.8416 0.0341 3.7339, 0.8346 0.1136 3.7368, 0.82 0.192 3.7397, 0.7982 0.2688 3.7427, 0.7692 0.3431 3.7458, 0.5876 0.6034 3.7576, -0.6111 0.6785 3.7639, -0.5637 0.6258 3.8047, -0.5107 0.6698 3.8022, -0.4542 0.7093 3.7997, 0.1092 -0.827 3.5148, 0.6222 -0.5638 3.5145, 0.1574 -0.8186 3.5147, -0.0369 -0.8369 3.5149, -0.0859 -0.8352 3.5149, 0.0607 -0.833 3.5148, 0.012 -0.8361 3.5149, 0.4299 -0.7137 3.5145, 0.205 -0.8075 3.5147, 0.252 -0.7939 3.5147, 0.3432 -0.7587 3.5146, 0.298 -0.7775 3.5147, 0.3872 -0.7373 3.5146, 0.4715 -0.6879 3.5145, 0.55 -0.6296 3.5144, 0.5115 -0.6597 3.5144, 0.587 -0.5976 3.5145, 0.2024 -0.8106 3.5205, 0.6814 -0.4835 3.5234, 0.7267 -0.4121 3.5266, 0.2833 -0.786 3.5237, 0.5036 -0.6627 3.5236, 0.4339 -0.7103 3.5204, 0.1195 -0.8267 3.5174, 0.36 -0.7508 3.5172, 0.3611 -0.7532 3.5269, 0.5681 -0.6084 3.5267, 0.57 -0.6104 3.5171, 0.629 -0.5497 3.5202, 0.7645 -0.3365 3.5298, 0.7944 -0.2573 3.5329, 0.8164 -0.1756 3.5361, 0.8301 -0.0921 3.5393, 0.8354 -0.0077 3.5425, 0.832 0.0768 3.5456, 0.8199 0.1604 3.5488, 0.7992 0.2424 3.552, 0.7705 0.322 3.5551, 0.7339 0.3983 3.5583, 0.69 0.4707 3.5615, 0.6391 0.5381 3.5647, 0.5815 0.6 3.5678, 0.637 0.5364 3.5743, 0.4487 0.7043 3.5742, 0.4472 0.7021 3.5839, 0.5161 0.6534 3.5807, 0.4487 0.7043 3.5935, 0.5178 0.6555 3.5904, 0.5178 0.6555 3.571, 0.6269 -0.5479 3.5299, 0.6792 -0.4819 3.5331, 0.7244 -0.4108 3.5363, 0.762 -0.3354 3.5394, 0.7944 -0.2573 3.5523, 0.7645 -0.3365 3.5491, 0.7919 -0.2565 3.5426, 0.8137 -0.175 3.5458, 0.8274 -0.0918 3.5489, 0.8327 -0.0077 3.5521, 0.8293 0.0765 3.5553, 0.8354 -0.0077 3.5618, 0.8172 0.1599 3.5585, 0.7966 0.2416 3.5616, 0.768 0.3209 3.5648, 0.7316 0.3971 3.568, 0.6878 0.4691 3.5712, 0.5796 0.598 3.5775, 0.5815 0.6 3.5872, 0.4354 -0.7126 3.5301, 0.5052 -0.6648 3.5332, 0.57 -0.6104 3.5364, 0.629 -0.5497 3.5396, 0.6815 -0.4835 3.5428, 0.7268 -0.4121 3.5459, 0.8164 -0.1756 3.5554, 0.8301 -0.0921 3.5586, 0.832 0.0768 3.565, 0.8199 0.1604 3.5681, 0.7992 0.2424 3.5713, 0.7705 0.322 3.5745, 0.7339 0.3984 3.5777, 0.69 0.4707 3.5808, 0.6391 0.5381 3.584, -0.6319 -0.5459 3.6635, -0.5737 -0.607 3.6666, 0.7659 -0.3326 3.7268, 0.7957 -0.2537 3.7299, 0.4403 -0.7096 3.7078, 0.7285 -0.4082 3.7236, -0.7664 -0.3326 3.654, 0.5739 -0.6072 3.7141, 0.5081 -0.6596 3.7206, 0.5097 -0.6618 3.7109, -0.7288 -0.408 3.6572, 0.3664 -0.7503 3.7046, -0.0421 -0.8342 3.6888, 0.0421 -0.8344 3.692, 0.1259 -0.826 3.6951, -0.7961 -0.2538 3.6508, -0.8174 -0.1723 3.6477, -0.126 -0.8255 3.6856, -0.2087 -0.8086 3.6825, -0.4406 -0.7099 3.673, -0.8192 0.163 3.635, -0.6838 -0.4794 3.6603, -0.8304 -0.089 3.6445, -0.835 -0.0047 3.6413, -0.8313 0.0796 3.6382, -0.7988 0.2448 3.6318, -0.7334 0.3998 3.6255, -0.6892 0.4716 3.6224, -0.7701 0.324 3.6287, -0.638 0.5387 3.6192, -0.5805 0.6004 3.616, -0.5172 0.656 3.6129, -0.4486 0.7049 3.6097, -0.4471 0.7026 3.6194, -0.5786 0.5984 3.6257, -0.4486 0.7049 3.629, -0.5172 0.656 3.6322, -0.5155 0.6539 3.6225, -0.6299 -0.5441 3.6731, -0.5098 -0.6619 3.6698, -0.3668 -0.7506 3.6761, -0.2892 -0.7835 3.6793, 0.2085 -0.8089 3.6983, 0.2889 -0.7836 3.7014, 0.6321 -0.5463 3.7173, 0.6838 -0.4797 3.7204, 0.8175 -0.1722 3.7331, 0.8308 -0.0891 3.7362, 0.8354 -0.005 3.7394, 0.8314 0.0792 3.7426, 0.7985 0.2445 3.7489, 0.819 0.1627 3.7457, 0.7699 0.3239 3.7521, 0.7336 0.3999 3.7552, 0.6896 0.4717 3.7584, 0.5807 0.6002 3.7647, 0.6364 0.5369 3.7712, 0.6384 0.5387 3.7615, 0.5155 0.6535 3.7775, 0.5172 0.6556 3.7679, 0.4484 0.7045 3.771, 0.447 0.7022 3.7807, 0.4484 0.7045 3.7904, -0.636 0.5369 3.6289, -0.6892 0.4716 3.6417, -0.638 0.5387 3.6385, -0.6869 0.4701 3.632, -0.731 0.3985 3.6352, -0.7676 0.3229 3.6384, -0.7962 0.244 3.6415, -0.8166 0.1625 3.6447, -0.8286 0.0793 3.6478, -0.8323 -0.0047 3.651, -0.8277 -0.0887 3.6542, -0.8148 -0.1717 3.6573, -0.8304 -0.089 3.6638, -0.7935 -0.2529 3.6605, -0.7639 -0.3315 3.6637, -0.7264 -0.4067 3.6668, -0.6816 -0.4778 3.67, -0.5719 -0.605 3.6763, -0.5098 -0.6619 3.6891, -0.5737 -0.607 3.686, -0.5081 -0.6597 3.6795, -0.4392 -0.7076 3.6826, -0.3656 -0.7481 3.6858, -0.2883 -0.7809 3.689, -0.208 -0.8059 3.6921, -0.1256 -0.8228 3.6953, -0.042 -0.8315 3.6985, 0.042 -0.8317 3.7016, -0.0421 -0.8342 3.7081, 0.1255 -0.8233 3.7048, 0.2078 -0.8063 3.7079, 0.2879 -0.781 3.7111, 0.3652 -0.7479 3.7143, 0.4389 -0.7073 3.7174, 0.5721 -0.6052 3.7238, 0.6301 -0.5445 3.7269, 0.6815 -0.4781 3.7301, 0.6838 -0.4797 3.7398, 0.6321 -0.5463 3.7366, 0.7261 -0.4069 3.7333, 0.7635 -0.3315 3.7364, 0.7931 -0.2529 3.7396, 0.8148 -0.1717 3.7427, 0.8281 -0.0888 3.7459, 0.8175 -0.1722 3.7524, 0.8327 -0.0049 3.7491, 0.8287 0.079 3.7522, 0.8164 0.1622 3.7554, 0.7959 0.2437 3.7586, 0.7674 0.3228 3.7617, 0.7312 0.3986 3.7649, 0.6874 0.4702 3.7681, 0.5788 0.5982 3.7744, 0.5172 0.6556 3.7872, 0.5807 0.6002 3.784, -0.5805 0.6004 3.6354, -0.7334 0.3998 3.6449, -0.7701 0.324 3.648, -0.7988 0.2448 3.6512, -0.8192 0.163 3.6543, -0.8313 0.0796 3.6575, -0.835 -0.0047 3.6607, -0.8174 -0.1723 3.667, -0.7961 -0.2538 3.6702, -0.7664 -0.3326 3.6733, -0.7288 -0.408 3.6765, -0.6838 -0.4794 3.6797, -0.6319 -0.5459 3.6828, -0.4406 -0.7099 3.6923, -0.3668 -0.7506 3.6955, -0.2892 -0.7835 3.6986, -0.2087 -0.8086 3.7018, -0.126 -0.8255 3.705, 0.0421 -0.8344 3.7113, 0.1259 -0.826 3.7145, 0.2085 -0.8089 3.7176, 0.2889 -0.7836 3.7208, 0.3664 -0.7503 3.7239, 0.4403 -0.7096 3.7271, 0.5097 -0.6618 3.7303, 0.5739 -0.6072 3.7334, 0.7285 -0.4082 3.7429, 0.7659 -0.3326 3.7461, 0.7957 -0.2537 3.7492, 0.8308 -0.0891 3.7556, 0.8354 -0.005 3.7587, 0.8314 0.0792 3.7619, 0.819 0.1627 3.7651, 0.7985 0.2445 3.7682, 0.7699 0.3239 3.7714, 0.7336 0.3999 3.7746, 0.6896 0.4717 3.7777, 0.6384 0.5387 3.7809, -0.4387 0.7107 3.8061, -0.4989 0.6696 3.8282, -0.5536 0.6215 3.8213, -0.5554 0.6236 3.8309, -0.4373 0.7084 3.8158, -0.5554 0.6236 3.8116, -0.4989 0.6696 3.8089, -0.4973 0.6675 3.8185, -0.4387 0.7107 3.8255, 0.7678 -0.329 4.5143, 0.7968 -0.2501 4.5174, 0.8178 -0.1686 4.5206, 0.7942 -0.2493 4.5271, 0.7311 -0.4045 4.5111, 0.6868 -0.4758 4.508, 0.5775 -0.6032 4.5017, 0.6354 -0.5422 4.5048, 0.5138 -0.6582 4.4985, 0.4451 -0.7066 4.4954, 0.3719 -0.748 4.4922, 0.295 -0.7817 4.4891, 0.2151 -0.8073 4.4859, 0.1274 -0.8326 4.5088, 0.133 -0.8246 4.4827, 0.2151 -0.8073 4.5053, 0.204 -0.8173 4.5116, 0.133 -0.8246 4.5021, 0.1325 -0.822 4.4925, 0.2144 -0.8047 4.4956, 0.8307 -0.0855 4.5238, 0.8353 -0.0016 4.5269, 0.8315 0.0823 4.5301, 0.819 0.1653 4.5332, 0.798 0.2466 4.5364, 0.769 0.3255 4.5395, 0.7323 0.4012 4.5427, 0.6884 0.4729 4.5458, 0.5803 0.6012 4.5521, 0.6355 0.538 4.5587, 0.6375 0.5398 4.549, 0.4483 0.7047 4.5778, 0.5169 0.6563 4.5747, 0.4468 0.7024 4.5681, 0.5152 0.6542 4.565, 0.4483 0.7047 4.5584, 0.4619 0.7043 4.5843, 0.5169 0.6563 4.5553, 0.2941 -0.7791 4.4988, 0.3707 -0.7455 4.5019, 0.4436 -0.7043 4.5051, 0.5121 -0.656 4.5082, 0.5756 -0.6012 4.5114, 0.6333 -0.5405 4.5145, 0.5775 -0.6032 4.5211, 0.6845 -0.4743 4.5177, 0.7287 -0.4032 4.5208, 0.7653 -0.3279 4.524, 0.8178 -0.1686 4.54, 0.7968 -0.2501 4.5368, 0.8151 -0.1681 4.5303, 0.828 -0.0853 4.5334, 0.8326 -0.0016 4.5366, 0.8288 0.082 4.5397, 0.8353 -0.0016 4.5463, 0.8163 0.1647 4.5429, 0.7954 0.2458 4.546, 0.7665 0.3245 4.5492, 0.7299 0.3999 4.5523, 0.6861 0.4713 4.5555, 0.5784 0.5992 4.5618, 0.295 -0.7817 4.5084, 0.3719 -0.748 4.5116, 0.4451 -0.7066 4.5147, 0.5138 -0.6582 4.5179, 0.6354 -0.5422 4.5242, 0.6868 -0.4758 4.5274, 0.7311 -0.4045 4.5305, 0.7678 -0.329 4.5337, 0.7759 -0.3277 4.5408, 0.8229 -0.1791 4.5467, 0.8307 -0.0855 4.5431, 0.8315 0.0823 4.5494, 0.819 0.1653 4.5526, 0.798 0.2466 4.5558, 0.769 0.3255 4.5589, 0.7323 0.4012 4.5621, 0.6884 0.4729 4.5652, 0.6375 0.5398 4.5684, 0.5803 0.6012 4.5715, 0.5838 0.6072 4.5784, 0.2787 -0.7949 4.5145, 0.3511 -0.7657 4.5175, 0.4204 -0.7298 4.5205, 0.4861 -0.6878 4.5234, 0.5476 -0.6399 4.5264, 0.6045 -0.5865 4.5292, 0.6562 -0.528 4.532, 0.7023 -0.4651 4.5348, 0.7423 -0.3981 4.5378, 0.8029 -0.2545 4.5438, 0.836 -0.1022 4.5495, 0.8419 -0.0244 4.5524, 0.8406 0.0536 4.5552, 0.8321 0.1312 4.558, 0.8163 0.2076 4.561, 0.7935 0.2822 4.564, 0.764 0.3544 4.567, 0.7279 0.4236 4.5699, 0.6856 0.4892 4.5727, 0.6375 0.5506 4.5755, 0.5251 0.6586 4.5813, -0.5736 -0.6068 4.6509, -0.632 -0.5458 4.6477, -0.3668 -0.7508 4.6604, -0.2893 -0.7838 4.6635, 0.766 -0.3327 4.711, -0.684 -0.4794 4.6445, -0.729 -0.4082 4.6414, 0.5096 -0.6615 4.6952, -0.7959 -0.2538 4.6351, -0.8172 -0.1722 4.6319, 0.5738 -0.6069 4.6983, 0.6841 -0.4798 4.7047, 0.6322 -0.5461 4.7015, -0.0422 -0.8339 4.673, 0.3664 -0.7505 4.6888, 0.1261 -0.8258 4.6793, 0.0422 -0.8341 4.6762, -0.042 -0.8312 4.6827, -0.1261 -0.8255 4.6699, -0.7664 -0.3327 4.6382, -0.8315 0.0796 4.6224, -0.8195 0.163 4.6192, -0.8303 -0.0889 4.6288, -0.8351 -0.0046 4.6256, -0.4404 -0.7099 4.6572, -0.5096 -0.6617 4.654, -0.7332 0.3997 4.6097, -0.7989 0.2447 4.6161, -0.77 0.3238 4.6129, -0.689 0.4716 4.6066, -0.638 0.5388 4.6034, -0.5806 0.6006 4.6003, -0.5173 0.6561 4.5971, -0.4486 0.7049 4.594, -0.4471 0.7026 4.6036, -0.7933 -0.253 4.6447, -0.5156 0.654 4.6068, -0.4486 0.7049 4.6133, -0.4623 0.7041 4.6206, -0.5173 0.6561 4.6165, -0.5787 0.5986 4.6099, -0.2088 -0.8087 4.6667, 0.2086 -0.8091 4.6825, 0.289 -0.7838 4.6857, 0.4402 -0.7096 4.692, 0.7288 -0.4084 4.7078, 0.7635 -0.3316 4.7207, 0.7955 -0.2537 4.7141, 0.8171 -0.1721 4.7173, 0.8305 -0.0889 4.7205, 0.8355 -0.0047 4.7236, 0.8318 0.0794 4.7268, 0.8193 0.1627 4.73, 0.7985 0.2444 4.7331, 0.7697 0.3237 4.7363, 0.7332 0.3998 4.7395, 0.6893 0.4718 4.7426, 0.6384 0.539 4.7458, 0.5809 0.6005 4.749, 0.6363 0.5372 4.7555, 0.4485 0.7044 4.7553, 0.447 0.7021 4.765, 0.5156 0.6537 4.7618, 0.4485 0.7044 4.7747, 0.5173 0.6558 4.7715, 0.4622 0.7041 4.7812, 0.5173 0.6558 4.7521, -0.6359 0.5371 4.6131, -0.638 0.5388 4.6228, -0.5806 0.6006 4.6196, -0.6868 0.4701 4.6163, -0.7308 0.3984 4.6194, -0.7674 0.3228 4.6226, -0.7963 0.2439 4.6258, -0.77 0.3238 4.6323, -0.8168 0.1625 4.6289, -0.8288 0.0794 4.6321, -0.8323 -0.0046 4.6353, -0.8275 -0.0886 4.6384, -0.8145 -0.1716 4.6416, -0.7639 -0.3316 4.6479, -0.7266 -0.4068 4.6511, -0.729 -0.4082 4.6608, -0.7664 -0.3327 4.6576, -0.6817 -0.4778 4.6542, -0.6299 -0.544 4.6574, -0.5718 -0.6048 4.6606, -0.5079 -0.6595 4.6637, -0.439 -0.7075 4.6669, -0.5096 -0.6617 4.6734, -0.3656 -0.7483 4.6701, -0.2883 -0.7812 4.6732, -0.2081 -0.8061 4.6764, -0.1257 -0.8228 4.6795, 0.0421 -0.8314 4.6859, 0.0422 -0.8341 4.6956, -0.0422 -0.8339 4.6924, 0.1257 -0.8231 4.689, 0.208 -0.8064 4.6922, 0.2881 -0.7813 4.6954, 0.3652 -0.7481 4.6985, 0.4387 -0.7073 4.7017, 0.5079 -0.6594 4.7049, 0.5719 -0.6049 4.708, 0.6302 -0.5444 4.7112, 0.5738 -0.6069 4.7177, 0.6818 -0.4782 4.7143, 0.7264 -0.407 4.7175, 0.7929 -0.2529 4.7238, 0.7955 -0.2537 4.7335, 0.766 -0.3327 4.7304, 0.8144 -0.1716 4.727, 0.8278 -0.0886 4.7302, 0.8327 -0.0047 4.7333, 0.829 0.0791 4.7365, 0.8167 0.1622 4.7397, 0.7959 0.2436 4.7428, 0.7672 0.3227 4.746, 0.7308 0.3985 4.7491, 0.687 0.4703 4.7523, 0.579 0.5986 4.7586, 0.5809 0.6005 4.7683, -0.5258 0.6581 4.6235, -0.6385 0.5493 4.6295, -0.689 0.4716 4.626, -0.7332 0.3997 4.6291, -0.7989 0.2447 4.6354, -0.8195 0.163 4.6386, -0.8315 0.0796 4.6418, -0.8351 -0.0046 4.6449, -0.8303 -0.0889 4.6481, -0.8172 -0.1722 4.6513, -0.7959 -0.2538 4.6544, -0.8012 -0.26 4.6615, -0.7392 -0.4039 4.6673, -0.684 -0.4794 4.6639, -0.632 -0.5458 4.6671, -0.5736 -0.6068 4.6703, -0.4404 -0.7099 4.6766, -0.3668 -0.7508 4.6797, -0.2893 -0.7838 4.6829, -0.2088 -0.8087 4.6861, -0.1261 -0.8255 4.6892, -0.0392 -0.8413 4.6996, 0.1261 -0.8258 4.6987, 0.2086 -0.8091 4.7019, 0.289 -0.7838 4.7051, 0.3664 -0.7505 4.7082, 0.4402 -0.7096 4.7114, 0.5096 -0.6615 4.7145, 0.6322 -0.5461 4.7209, 0.6841 -0.4798 4.724, 0.7288 -0.4084 4.7272, 0.7735 -0.3333 4.7375, 0.8171 -0.1721 4.7367, 0.8305 -0.0889 4.7399, 0.8355 -0.0047 4.743, 0.8318 0.0794 4.7462, 0.8193 0.1627 4.7493, 0.7985 0.2444 4.7525, 0.7697 0.3237 4.7557, 0.7332 0.3998 4.7588, 0.6893 0.4718 4.762, 0.6384 0.539 4.7652, 0.5846 0.6064 4.7752, -0.5847 0.6063 4.6265, -0.6868 0.4875 4.6325, -0.7291 0.4216 4.6354, -0.7652 0.352 4.6382, -0.7947 0.2793 4.641, -0.8172 0.2042 4.6439, -0.8326 0.1274 4.6469, -0.8408 0.0494 4.6499, -0.8417 -0.029 4.6529, -0.8354 -0.1071 4.6558, -0.8218 -0.1843 4.6587, -0.7736 -0.3334 4.6643, -0.6984 -0.4708 4.6703, -0.6516 -0.5337 4.6733, -0.5991 -0.5919 4.6762, -0.5415 -0.6451 4.6791, -0.4792 -0.6927 4.6819, -0.4128 -0.7343 4.6848, -0.3427 -0.7695 4.6877, -0.2697 -0.798 4.6906, -0.1943 -0.8195 4.6937, -0.1172 -0.834 4.6967, 0.0393 -0.8413 4.7024, 0.1173 -0.8341 4.7052, 0.1944 -0.8196 4.7081, 0.2697 -0.798 4.711, 0.3427 -0.7694 4.7141, 0.4127 -0.7342 4.7171, 0.4792 -0.6926 4.72, 0.5415 -0.6451 4.7228, 0.5992 -0.5919 4.7257, 0.6517 -0.5337 4.7285, 0.6985 -0.4708 4.7314, 0.7392 -0.4038 4.7344, 0.8011 -0.2599 4.7404, 0.8218 -0.1843 4.7433, 0.8354 -0.1071 4.7462, 0.8418 -0.029 4.749, 0.8409 0.0494 4.7518, 0.8326 0.1274 4.7548, 0.8171 0.2043 4.7578, 0.7945 0.2794 4.7608, 0.7651 0.352 4.7638, 0.7291 0.4217 4.7666, 0.6868 0.4877 4.7694, 0.6385 0.5494 4.7723, 0.5257 0.6581 4.7782, -0.5737 -0.6069 4.8477, 0.7659 -0.3327 4.9078, 0.8172 -0.1722 4.9141, -0.6838 -0.4793 4.8414, -0.3668 -0.7507 4.8572, -0.2893 -0.7836 4.8604, 0.5096 -0.6616 4.892, -0.7665 -0.3326 4.8351, -0.796 -0.2538 4.8319, 0.5739 -0.6071 4.8952, 0.6322 -0.5463 4.8984, 0.2085 -0.809 4.8793, 0.126 -0.826 4.8762, 0.2889 -0.7837 4.8825, -0.8173 -0.1723 4.8288, 0.0422 -0.8343 4.873, -0.042 -0.8313 4.8795, -0.0421 -0.8341 4.8699, -0.2087 -0.8086 4.8636, -0.7289 -0.4081 4.8382, -0.8313 0.0796 4.8193, -0.835 -0.0047 4.8224, -0.4405 -0.7099 4.8541, -0.5097 -0.6618 4.8509, -0.6319 -0.5458 4.8446, -0.8193 0.163 4.8161, -0.7989 0.2448 4.8129, -0.8303 -0.0889 4.8256, -0.7934 -0.253 4.8416, -0.7701 0.3239 4.8098, -0.7333 0.3998 4.8066, -0.6891 0.4716 4.8034, -0.638 0.5387 4.8003, -0.5805 0.6004 4.7971, -0.5172 0.6561 4.794, -0.4471 0.7026 4.8005, -0.4486 0.7049 4.7908, -0.4623 0.7041 4.8174, -0.5786 0.5985 4.8068, -0.4486 0.7049 4.8102, -0.5172 0.6561 4.8133, -0.5155 0.6539 4.8036, -0.126 -0.8254 4.8667, 0.3664 -0.7504 4.8857, 0.4402 -0.7095 4.8889, 0.6839 -0.4798 4.9015, 0.7286 -0.4083 4.9047, 0.7634 -0.3316 4.9175, 0.7956 -0.2537 4.911, 0.8307 -0.0889 4.9173, 0.8355 -0.0049 4.9205, 0.8316 0.0793 4.9236, 0.8192 0.1627 4.9268, 0.7984 0.2444 4.93, 0.7697 0.3238 4.9331, 0.7333 0.3998 4.9363, 0.6895 0.4718 4.9395, 0.6385 0.5389 4.9427, 0.5173 0.6556 4.949, 0.579 0.5984 4.9555, 0.5809 0.6003 4.9458, 0.4484 0.7044 4.9521, 0.447 0.7021 4.9618, 0.5156 0.6535 4.9586, 0.4484 0.7044 4.9715, 0.5173 0.6556 4.9683, 0.4622 0.704 4.9781, -0.638 0.5387 4.8197, -0.5805 0.6004 4.8165, -0.6359 0.5369 4.81, -0.6869 0.47 4.8131, -0.7309 0.3985 4.8163, -0.7676 0.3229 4.8195, -0.7333 0.3998 4.826, -0.7963 0.244 4.8226, -0.8166 0.1625 4.8258, -0.8286 0.0793 4.829, -0.8323 -0.0047 4.8321, -0.8276 -0.0886 4.8353, -0.8146 -0.1717 4.8384, -0.764 -0.3316 4.8448, -0.7265 -0.4067 4.8479, -0.7289 -0.4081 4.8576, -0.7665 -0.3326 4.8545, -0.6816 -0.4778 4.8511, -0.6298 -0.544 4.8543, -0.5718 -0.6049 4.8574, -0.508 -0.6596 4.8606, -0.5737 -0.6069 4.8671, -0.4391 -0.7076 4.8638, -0.3656 -0.7482 4.8669, -0.2883 -0.781 4.8701, -0.208 -0.8059 4.8732, -0.1256 -0.8227 4.8764, 0.0421 -0.8316 4.8827, 0.0422 -0.8343 4.8924, -0.0421 -0.8341 4.8892, 0.1256 -0.8233 4.8859, 0.2078 -0.8064 4.889, 0.288 -0.7811 4.8922, 0.3652 -0.7479 4.8954, 0.4388 -0.7072 4.8986, 0.508 -0.6595 4.9017, 0.572 -0.6051 4.9049, 0.5096 -0.6616 4.9114, 0.6302 -0.5445 4.908, 0.6817 -0.4782 4.9112, 0.7262 -0.407 4.9143, 0.793 -0.2528 4.9207, 0.7956 -0.2537 4.9304, 0.7659 -0.3327 4.9272, 0.8146 -0.1716 4.9238, 0.828 -0.0887 4.927, 0.8328 -0.0048 4.9302, 0.8289 0.079 4.9333, 0.8165 0.1621 4.9365, 0.7958 0.2436 4.9397, 0.7672 0.3227 4.9428, 0.7309 0.3985 4.946, 0.6872 0.4703 4.9491, 0.6365 0.5371 4.9523, 0.5809 0.6003 4.9652, -0.5257 0.6581 4.8204, -0.6384 0.5493 4.8264, -0.6891 0.4716 4.8228, -0.7701 0.3239 4.8291, -0.7989 0.2448 4.8323, -0.8193 0.163 4.8354, -0.8313 0.0796 4.8386, -0.835 -0.0047 4.8418, -0.8303 -0.0889 4.845, -0.8173 -0.1723 4.8481, -0.796 -0.2538 4.8513, -0.8012 -0.26 4.8583, -0.7392 -0.4038 4.8642, -0.6838 -0.4793 4.8608, -0.6319 -0.5458 4.864, -0.5097 -0.6618 4.8703, -0.4405 -0.7099 4.8734, -0.3668 -0.7507 4.8766, -0.2893 -0.7836 4.8797, -0.2087 -0.8086 4.8829, -0.126 -0.8254 4.8861, -0.0392 -0.8413 4.8964, 0.126 -0.826 4.8956, 0.2085 -0.809 4.8988, 0.2889 -0.7837 4.9019, 0.3664 -0.7504 4.9051, 0.4402 -0.7095 4.9082, 0.5739 -0.6071 4.9145, 0.6322 -0.5463 4.9177, 0.6839 -0.4798 4.9209, 0.7286 -0.4083 4.924, 0.7735 -0.3332 4.9343, 0.8172 -0.1722 4.9335, 0.8307 -0.0889 4.9367, 0.8355 -0.0049 4.9399, 0.8316 0.0793 4.943, 0.8192 0.1627 4.9462, 0.7984 0.2444 4.9493, 0.7697 0.3238 4.9525, 0.7333 0.3998 4.9557, 0.6895 0.4718 4.9588, 0.6385 0.5389 4.962, 0.5846 0.6064 4.9721, -0.5846 0.6063 4.8234, -0.6868 0.4875 4.8293, -0.7291 0.4216 4.8322, -0.7652 0.352 4.835, -0.7947 0.2793 4.8378, -0.8172 0.2042 4.8408, -0.8326 0.1274 4.8438, -0.8408 0.0494 4.8468, -0.8417 -0.029 4.8497, -0.8354 -0.1071 4.8526, -0.8219 -0.1844 4.8554, -0.7736 -0.3334 4.8612, -0.6984 -0.4708 4.8672, -0.6516 -0.5337 4.8702, -0.5991 -0.5919 4.8731, -0.5415 -0.6451 4.8759, -0.4792 -0.6927 4.8787, -0.4128 -0.7343 4.8816, -0.3427 -0.7695 4.8846, -0.2696 -0.7979 4.8876, -0.1943 -0.8195 4.8906, -0.1172 -0.834 4.8935, 0.0393 -0.8414 4.8992, 0.1173 -0.8341 4.902, 0.1944 -0.8196 4.905, 0.2697 -0.7979 4.908, 0.3427 -0.7694 4.911, 0.4127 -0.7342 4.9139, 0.4792 -0.6926 4.9168, 0.5416 -0.6451 4.9197, 0.5992 -0.592 4.9225, 0.6517 -0.5337 4.9254, 0.6985 -0.4707 4.9284, 0.7392 -0.4037 4.9314, 0.8011 -0.2599 4.9373, 0.8218 -0.1843 4.9401, 0.8355 -0.1071 4.9429, 0.8418 -0.029 4.9458, 0.8409 0.0494 4.9487, 0.8326 0.1274 4.9517, 0.8171 0.2043 4.9547, 0.7945 0.2794 4.9577, 0.7651 0.352 4.9606, 0.7291 0.4217 4.9634, 0.6868 0.4877 4.9662, 0.6385 0.5494 4.9691, 0.5257 0.6581 4.9751, -0.4481 0.7051 4.9876, -0.7324 -0.4015 5.0348, -0.7691 -0.3262 5.0317, -0.5801 -0.6009 5.0442, -0.6373 -0.5395 5.0411, -0.6352 -0.5378 5.0508, 0.4275 -0.7173 5.0851, -0.2992 -0.7797 5.0568, -0.2195 -0.8057 5.06, 0.7587 -0.3488 5.104, 0.7199 -0.4232 5.1009, 0.674 -0.4934 5.0977, -0.4489 -0.7047 5.0505, -0.376 -0.746 5.0537, -0.0542 -0.8335 5.0663, 0.0296 -0.835 5.0694, 0.6214 -0.5586 5.0946, 0.5623 -0.618 5.0914, 0.7899 -0.2709 5.1071, 0.2757 -0.7883 5.0788, 0.1953 -0.8122 5.0757, 0.113 -0.8279 5.0725, 0.4974 -0.671 5.0883, 0.4958 -0.6688 5.098, 0.8133 -0.1904 5.1103, 0.8285 -0.108 5.1134, 0.8332 0.0593 5.1197, 0.8352 -0.0245 5.1166, 0.8228 0.1425 5.1229, 0.7436 0.3805 5.1323, 0.7778 0.3039 5.1292, 0.8043 0.2243 5.126, 0.702 0.4532 5.1355, 0.6531 0.5211 5.1386, 0.6509 0.5194 5.1483, 0.5975 0.5838 5.1417, 0.5955 0.5818 5.1515, 0.6997 0.4517 5.1452, 0.5975 0.5838 5.1612, 0.5989 0.5922 5.1682, 0.3534 -0.7566 5.082, -0.1375 -0.8237 5.0631, -0.5171 -0.6562 5.0474, -0.6882 -0.4728 5.038, -0.798 -0.2475 5.0285, -0.8187 -0.1664 5.0254, -0.831 -0.0834 5.0222, -0.835 0.0003 5.0191, -0.8308 0.0841 5.0159, -0.8183 0.1671 5.0128, -0.7977 0.2483 5.0096, -0.7689 0.327 5.0065, -0.7322 0.4023 5.0034, -0.688 0.4735 5.0002, -0.6369 0.54 4.9971, -0.5795 0.6012 4.9939, -0.5164 0.6565 4.9908, -0.5776 0.5993 5.0036, -0.4481 0.7051 5.007, -0.5164 0.6565 5.0101, -0.4632 0.7035 5.0143, -0.5147 0.6543 5.0004, -0.4467 0.7028 4.9973, -0.6348 0.5383 5.0067, -0.688 0.4735 5.0196, -0.6369 0.54 5.0164, -0.6857 0.4719 5.0099, -0.7298 0.401 5.013, -0.7664 0.3259 5.0162, -0.7951 0.2475 5.0193, -0.8156 0.1665 5.0225, -0.8281 0.0839 5.0256, -0.8323 0.0003 5.0288, -0.8283 -0.0832 5.0319, -0.816 -0.1658 5.0351, -0.831 -0.0834 5.0416, -0.7954 -0.2467 5.0382, -0.7666 -0.3251 5.0414, -0.73 -0.4002 5.0445, -0.686 -0.4713 5.0477, -0.5782 -0.5989 5.054, -0.5154 -0.654 5.0571, -0.4474 -0.7024 5.0602, -0.4489 -0.7047 5.0699, -0.5171 -0.6562 5.0668, -0.3748 -0.7436 5.0634, -0.2982 -0.7772 5.0665, -0.2187 -0.803 5.0697, -0.137 -0.821 5.0728, -0.054 -0.8308 5.076, 0.0295 -0.8322 5.0791, -0.0542 -0.8335 5.0856, 0.1127 -0.8252 5.0823, 0.1947 -0.8095 5.0854, 0.2748 -0.7857 5.0886, 0.3522 -0.7541 5.0917, 0.4261 -0.715 5.0948, 0.5605 -0.6159 5.1011, 0.6193 -0.5567 5.1043, 0.6718 -0.4918 5.1074, 0.7199 -0.4232 5.1203, 0.674 -0.4934 5.1171, 0.7176 -0.4218 5.1106, 0.7562 -0.3477 5.1137, 0.7873 -0.2701 5.1169, 0.8107 -0.1898 5.12, 0.8258 -0.1077 5.1231, 0.8133 -0.1904 5.1297, 0.8324 -0.0244 5.1263, 0.8305 0.0591 5.1294, 0.8201 0.142 5.1326, 0.8017 0.2236 5.1357, 0.7753 0.3029 5.1389, 0.7412 0.3792 5.142, 0.7436 0.3805 5.1517, -0.5274 0.6567 5.0174, -0.5795 0.6012 5.0133, -0.587 0.604 5.0204, -0.69 0.4831 5.0263, -0.7322 0.4023 5.0227, -0.7689 0.327 5.0259, -0.7977 0.2483 5.029, -0.8183 0.1671 5.0322, -0.8308 0.0841 5.0353, -0.835 0.0003 5.0385, -0.8187 -0.1664 5.0447, -0.798 -0.2475 5.0479, -0.7691 -0.3262 5.051, -0.7324 -0.4015 5.0542, -0.6882 -0.4728 5.0573, -0.6373 -0.5395 5.0605, -0.5801 -0.6009 5.0636, -0.5835 -0.6074 5.0706, -0.4591 -0.7062 5.0764, -0.376 -0.746 5.0731, -0.2992 -0.7797 5.0762, -0.2195 -0.8057 5.0793, -0.1375 -0.8237 5.0825, 0.0296 -0.835 5.0888, 0.113 -0.8279 5.0919, 0.1953 -0.8122 5.0951, 0.2757 -0.7883 5.0982, 0.3534 -0.7566 5.1014, 0.4275 -0.7173 5.1045, 0.4974 -0.671 5.1077, 0.5623 -0.618 5.1108, 0.6214 -0.5586 5.114, 0.6272 -0.5623 5.1208, 0.7215 -0.4345 5.1269, 0.7587 -0.3488 5.1234, 0.7899 -0.2709 5.1265, 0.8285 -0.108 5.1328, 0.8352 -0.0245 5.136, 0.8332 0.0593 5.1391, 0.8228 0.1425 5.1423, 0.8043 0.2243 5.1454, 0.7778 0.3039 5.1486, 0.702 0.4532 5.1549, 0.6531 0.5211 5.158, -0.6413 0.5459 5.0234, -0.7325 0.4159 5.0292, -0.7685 0.345 5.0321, -0.7975 0.271 5.0351, -0.8195 0.1946 5.0381, -0.8341 0.1164 5.0412, -0.8414 0.0373 5.0441, -0.8412 -0.0422 5.0471, -0.8335 -0.1213 5.0499, -0.8184 -0.1994 5.0528, -0.796 -0.2756 5.0557, -0.7664 -0.3494 5.0588, -0.73 -0.4201 5.0618, -0.6871 -0.4871 5.0648, -0.6381 -0.5497 5.0678, -0.5236 -0.6598 5.0735, -0.3905 -0.7463 5.0795, -0.3183 -0.7798 5.0825, -0.2434 -0.8063 5.0855, -0.1663 -0.8256 5.0885, -0.0878 -0.8377 5.0914, -0.0084 -0.8423 5.0943, 0.0711 -0.8393 5.0971, 0.1499 -0.8289 5.1001, 0.2274 -0.811 5.1032, 0.3028 -0.7859 5.1062, 0.3756 -0.7538 5.1092, 0.445 -0.7151 5.1121, 0.5105 -0.67 5.115, 0.5714 -0.6189 5.1178, 0.6774 -0.5006 5.1239, 0.7592 -0.3646 5.1299, 0.7902 -0.2914 5.1328, 0.8142 -0.2156 5.1357, 0.831 -0.1379 5.1386, 0.8403 -0.0589 5.1415, 0.8421 0.0206 5.1445, 0.8363 0.0999 5.1476, 0.8231 0.1783 5.1506, 0.8026 0.2551 5.1536, 0.7751 0.3297 5.1565, 0.7406 0.4013 5.1593, 0.6995 0.4693 5.1622, 0.6521 0.5332 5.1652, 0.8412 -0.3555 4.5817, 0.8049 -0.4319 4.5788, 0.7616 -0.5045 4.5759, 0.8703 -0.276 4.5847, 0.6553 -0.6358 4.5701, 0.7116 -0.5726 4.573, 0.5935 -0.6937 4.5672, 0.5267 -0.7457 4.5643, 0.4555 -0.7914 4.5614, 0.3804 -0.8304 4.5585, 0.3021 -0.8622 4.5556, 0.2211 -0.8863 4.5527, 0.1382 -0.9027 4.5498, 0.8921 -0.1942 4.5875, 0.9063 -0.1108 4.5904, 0.9129 -0.0264 4.5934, 0.9116 0.0582 4.5963, 0.9024 0.1422 4.5991, 0.8852 0.225 4.6021, 0.8604 0.3058 4.605, 0.8282 0.3842 4.6079, 0.7891 0.4592 4.6108, 0.7433 0.5304 4.6137, 0.6912 0.5971 4.6166, 0.6332 0.6586 4.6195, 0.5695 0.7142 4.6224, -0.5701 0.7138 4.6646, -0.6338 0.6576 4.6675, -0.4476 -0.7963 4.7258, -0.0425 -0.912 4.7404, 0.2923 -0.8654 4.7521, 0.0426 -0.9121 4.7434, 0.3714 -0.8343 4.755, 0.4473 -0.796 4.758, 0.5194 -0.7508 4.7609, 0.5871 -0.6993 4.7638, 0.7068 -0.5788 4.7696, 0.6498 -0.6418 4.7667, 0.7575 -0.5107 4.7725, 0.8015 -0.438 4.7754, 0.8385 -0.3615 4.7784, 0.912 0.0536 4.793, 0.9129 -0.0313 4.7901, 0.9058 -0.116 4.7871, 0.8909 -0.1998 4.7842, 0.8684 -0.2818 4.7813, 0.9029 0.138 4.7959, 0.886 0.2213 4.7988, 0.8614 0.3027 4.8017, 0.8294 0.3816 4.8046, 0.7904 0.4572 4.8075, 0.7446 0.5288 4.8104, 0.6924 0.5959 4.8134, 0.6341 0.6576 4.8163, 0.5701 0.7135 4.8192, 0.2107 -0.8889 4.7492, 0.1272 -0.9045 4.7463, -0.1272 -0.9041 4.7375, -0.2108 -0.8885 4.7346, -0.2926 -0.8653 4.7317, -0.3718 -0.8345 4.7288, -0.5196 -0.751 4.7229, -0.587 -0.6993 4.72, -0.6495 -0.6416 4.7171, -0.7065 -0.5784 4.7142, -0.7574 -0.5103 4.7113, -0.8018 -0.4378 4.7084, -0.839 -0.3615 4.7054, -0.8687 -0.2819 4.7025, -0.891 -0.1998 4.6996, -0.9056 -0.116 4.6967, -0.9125 -0.0312 4.6938, -0.9116 0.0538 4.6908, -0.9029 0.1383 4.6879, -0.8863 0.2216 4.685, -0.8617 0.303 4.6821, -0.8296 0.3816 4.6792, -0.7903 0.4571 4.6763, -0.7443 0.5286 4.6734, -0.692 0.5957 4.6704, -0.5699 0.7137 4.8614, -0.6337 0.6575 4.8643, -0.1271 -0.9041 4.9344, -0.2108 -0.8883 4.9315, 0.2106 -0.8889 4.946, 0.1272 -0.9046 4.9431, 0.3713 -0.8341 4.9519, 0.2922 -0.8653 4.949, 0.5195 -0.7508 4.9577, 0.4473 -0.7959 4.9548, 0.6498 -0.642 4.9636, 0.5872 -0.6994 4.9606, 0.7067 -0.5789 4.9665, 0.7573 -0.5107 4.9694, 0.8013 -0.4379 4.9723, 0.8384 -0.3614 4.9752, 0.8684 -0.2818 4.9781, 0.891 -0.1998 4.981, 0.9059 -0.1161 4.984, 0.913 -0.0315 4.9869, 0.9028 0.1379 4.9927, 0.9119 0.0535 4.9898, 0.8858 0.2213 4.9956, 0.8613 0.3027 4.9986, 0.8295 0.3816 5.0015, 0.7906 0.4572 5.0044, 0.7448 0.5288 5.0073, 0.6926 0.5957 5.0102, 0.6341 0.6574 5.0131, 0.5701 0.7133 5.016, 0.0425 -0.9123 4.9402, -0.0425 -0.9121 4.9373, -0.2926 -0.8651 4.9285, -0.3718 -0.8343 4.9256, -0.4477 -0.7963 4.9227, -0.5197 -0.7512 4.9198, -0.5871 -0.6994 4.9169, -0.6495 -0.6416 4.914, -0.7064 -0.5784 4.911, -0.7573 -0.5102 4.9081, -0.8016 -0.4377 4.9052, -0.839 -0.3614 4.9023, -0.8689 -0.2819 4.8993, -0.8911 -0.1999 4.8964, -0.9056 -0.1161 4.8935, -0.9124 -0.0313 4.8906, -0.9114 0.0537 4.8877, -0.9027 0.1383 4.8848, -0.8862 0.2217 4.8819, -0.8618 0.303 4.879, -0.8298 0.3817 4.876, -0.7905 0.4571 4.8731, -0.7444 0.5286 4.8702, -0.692 0.5956 4.8673, -0.5717 0.7121 5.0584, -0.6362 0.6548 5.0614, -0.0949 -0.9082 5.1323, -0.1802 -0.895 5.1294, 0.2465 -0.8794 5.1442, 0.1626 -0.8989 5.1412, 0.0772 -0.9103 5.1382, 0.4072 -0.8171 5.1501, 0.3282 -0.852 5.1471, 0.5536 -0.7264 5.156, 0.4825 -0.7751 5.153, 0.6197 -0.6711 5.159, 0.7345 -0.5429 5.1649, 0.7822 -0.4711 5.1678, 0.6802 -0.6098 5.1619, 0.823 -0.3951 5.1708, 0.8567 -0.3157 5.1738, 0.8829 -0.2335 5.1767, 0.9113 -0.0638 5.1826, 0.9012 -0.1493 5.1797, 0.9131 0.0223 5.1856, 0.9067 0.1083 5.1886, 0.8922 0.1933 5.1915, 0.8402 0.3576 5.1974, 0.87 0.2767 5.1945, 0.8029 0.4354 5.2004, 0.7072 0.5782 5.2063, 0.7585 0.5091 5.2033, 0.6494 0.6421 5.2093, -0.0089 -0.9133 5.1353, -0.2639 -0.874 5.1264, -0.3452 -0.8454 5.1235, -0.4235 -0.8093 5.1205, -0.4979 -0.7659 5.1175, -0.5678 -0.7156 5.1146, -0.6325 -0.6587 5.1116, -0.6917 -0.5959 5.1087, -0.7448 -0.528 5.1057, -0.7914 -0.4554 5.1028, -0.8311 -0.3788 5.0998, -0.8632 -0.2989 5.0968, -0.8875 -0.2163 5.0939, -0.9037 -0.1317 5.0909, -0.9119 -0.0458 5.088, -0.9121 0.0404 5.085, -0.9043 0.1263 5.0821, -0.8885 0.2111 5.0791, -0.8649 0.294 5.0761, -0.8334 0.3741 5.0732, -0.7943 0.4509 5.0702, -0.748 0.5236 5.0673, -0.6952 0.5918 5.0643, 0.5862 0.0712 4.7312, 0.5906 -0.0 4.7312, 0.5229 0.2744 4.7312, 0.5522 0.2094 4.7312, 0.5734 0.1413 4.7312, 0.3916 0.442 4.7312, 0.442 0.3916 4.7312, 0.486 0.3355 4.7312, 0.2744 0.5229 4.7312, 0.2094 0.5522 4.7312, 0.3355 0.486 4.7312, 0.0 0.5906 4.7312, 0.0712 0.5862 4.7312, 0.1413 0.5734 4.7312, -0.2094 0.5522 4.7312, -0.1413 0.5734 4.7312, -0.0712 0.5862 4.7312, -0.3355 0.486 4.7312, -0.3916 0.442 4.7312, -0.2744 0.5229 4.7312, -0.442 0.3916 4.7312, -0.486 0.3355 4.7312, -0.5229 0.2744 4.7312, -0.5522 0.2094 4.7312, -0.5734 0.1413 4.7312, -0.5862 0.0712 4.7312, -0.5906 -0.0 4.7312, -0.5862 -0.0712 4.7312, -0.5229 -0.2744 4.7312, -0.5522 -0.2094 4.7312, -0.5734 -0.1413 4.7312, -0.3916 -0.442 4.7312, -0.442 -0.3916 4.7312, -0.486 -0.3355 4.7312, -0.2744 -0.5229 4.7312, -0.2094 -0.5522 4.7312, -0.3355 -0.486 4.7312, -0.0 -0.5906 4.7312, -0.0712 -0.5862 4.7312, -0.1413 -0.5734 4.7312, 0.2094 -0.5522 4.7312, 0.1413 -0.5734 4.7312, 0.0712 -0.5862 4.7312, 0.3355 -0.486 4.7312, 0.3916 -0.442 4.7312, 0.2744 -0.5229 4.7312, 0.442 -0.3916 4.7312, 0.486 -0.3355 4.7312, 0.5229 -0.2744 4.7312, 0.5522 -0.2094 4.7312, 0.5734 -0.1413 4.7312, 0.5862 -0.0712 4.7312, -0.1507 -0.3637 4.7312, -0.1019 -0.3803 4.7312, -0.2784 0.2784 4.7312, -0.3123 0.2397 4.7312, -0.0514 -0.3903 4.7312, 0.3903 -0.0515 4.7312, 0.3803 -0.102 4.7312, -0.2397 -0.3123 4.7312, -0.1969 -0.3409 4.7312, -0.2784 -0.2783 4.7312, -0.3124 -0.2396 4.7312, 0.0 -0.3937 4.7312, -0.341 -0.1968 4.7312, -0.3637 -0.1506 4.7312, -0.3803 -0.1018 4.7312, -0.3937 0.0001 4.7312, -0.3903 0.0515 4.7312, 0.2784 -0.2784 4.7312, -0.3637 0.1507 4.7312, -0.341 0.1968 4.7312, -0.2396 0.3124 4.7312, 0.3903 0.0513 4.7312, -0.1018 0.3803 4.7312, -0.1506 0.3638 4.7312, 0.341 0.1968 4.7312, 0.3637 0.1506 4.7312, 0.0 0.3937 4.7312, 0.2784 0.2783 4.7312, 0.2397 0.3123 4.7312, 0.1019 0.3803 4.7312, 0.1507 0.3637 4.7312, 0.0514 0.3903 4.7312, 0.1969 0.3409 4.7312, -0.0514 0.3903 4.7312, 0.3124 0.2396 4.7312, -0.1968 0.341 4.7312, 0.3803 0.1018 4.7312, 0.3937 -0.0001 4.7312, -0.3803 0.102 4.7312, 0.3637 -0.1507 4.7312, 0.341 -0.1968 4.7312, 0.3123 -0.2397 4.7312, -0.3903 -0.0513 4.7312, 0.0514 -0.3903 4.7312, 0.1018 -0.3803 4.7312, 0.1506 -0.3638 4.7312, 0.2396 -0.3124 4.7312, 0.1968 -0.341 4.7312, -0.4853 -0.0546 8.7277, -0.4884 -0.0 8.7277, -0.4853 0.0547 8.7277, -0.4761 0.1087 8.7277, -0.4609 0.1614 8.7277, -0.44 0.2119 8.7277, -0.4135 0.2599 8.7277, -0.3818 0.3045 8.7277, -0.3453 0.3453 8.7277, -0.3045 0.3818 8.7277, -0.2598 0.4135 8.7277, -0.2118 0.44 8.7277, -0.1612 0.461 8.7277, -0.1086 0.4761 8.7277, -0.0547 0.4853 8.7277, 0.0 0.4884 8.7277, -0.4761 -0.1086 8.7277, -0.461 -0.1612 8.7277, -0.44 -0.2118 8.7277, -0.4135 -0.2598 8.7277, -0.3818 -0.3045 8.7277, -0.3045 -0.3818 8.7277, -0.3453 -0.3453 8.7277, -0.2599 -0.4135 8.7277, -0.212 -0.44 8.7277, -0.1614 -0.4609 8.7277, -0.1087 -0.4761 8.7277, -0.0547 -0.4853 8.7277, 0.0 -0.4884 8.7277, -0.0 0.4865 8.7824, -0.0569 0.4832 8.7819, -0.0479 0.4069 9.0027, -0.0 0.4187 8.9884, -0.0514 0.4369 8.9495, -0.0 0.3877 9.0334, -0.0 0.4785 8.8364, 0.0 0.4444 8.9401, 0.0 0.4644 8.8892, -0.0541 0.4596 8.894, -0.0559 0.475 8.8377, -0.3344 0.3535 8.7819, -0.3781 0.3063 8.7819, -0.0435 0.3698 9.0522, -0.0 0.3518 9.0747, -0.0384 0.3266 9.0966, 0.0 0.3115 9.1115, -0.0328 0.2783 9.1349, 0.0 0.2672 9.1436, -0.0202 0.1718 9.1902, -0.0 0.2196 9.1704, -0.0266 0.2263 9.1662, -0.0 0.1692 9.1916, 0.0 0.1167 9.207, 0.0 0.0628 9.2163, -0.0137 0.1165 9.2068, -0.0072 0.0615 9.2164, -0.0 0.0082 9.2194, -0.0779 0.3195 9.0966, -0.0882 0.3618 9.0522, -0.157 0.411 8.9495, -0.1462 0.3827 9.0027, -0.097 0.398 9.0027, -0.1329 0.3479 9.0522, -0.1174 0.3072 9.0966, -0.1559 0.2896 9.0966, -0.1766 0.3279 9.0522, -0.1942 0.3607 9.0027, -0.218 0.3019 9.0522, -0.1925 0.2667 9.0966, -0.2398 0.3322 9.0027, -0.2559 0.2705 9.0522, -0.226 0.2389 9.0966, -0.2815 0.2976 9.0027, -0.2894 0.2344 9.0522, -0.2556 0.207 9.0966, -0.2805 0.1718 9.0966, -0.3176 0.1945 9.0522, -0.3184 0.2578 9.0027, -0.3493 0.214 9.0027, -0.3399 0.1521 9.0522, -0.3002 0.1343 9.0966, -0.374 0.1673 9.0027, -0.3147 0.0956 9.0966, -0.3563 0.1083 9.0522, -0.392 0.1191 9.0027, -0.409 0.0231 9.0027, -0.4392 -0.0248 8.9495, -0.409 -0.0231 9.0027, -0.3668 0.0642 9.0522, -0.4035 0.0707 9.0027, -0.324 0.0567 9.0966, -0.3284 0.0186 9.0966, -0.3718 -0.021 9.0522, -0.3284 -0.0186 9.0966, -0.3718 0.021 9.0522, -0.324 -0.0567 9.0966, -0.3668 -0.0642 9.0522, -0.392 -0.1191 9.0027, -0.4016 -0.1797 8.9495, -0.374 -0.1673 9.0027, -0.2815 -0.2976 9.0027, -0.2398 -0.3322 9.0027, -0.2559 -0.2705 9.0522, -0.3493 -0.214 9.0027, -0.3752 -0.2298 8.9495, -0.2307 -0.4284 8.7819, -0.2848 -0.3945 8.7819, -0.3023 -0.3196 8.9495, -0.3419 -0.2769 8.9495, -0.3181 -0.3362 8.894, -0.0541 -0.4596 8.894, -0.1096 -0.4497 8.894, -0.0559 -0.475 8.8377, -0.3596 -0.2913 8.894, -0.0569 -0.4832 8.7819, -0.1132 -0.4647 8.8377, -0.1152 -0.4727 8.7819, -0.1736 -0.4545 8.7819, -0.0 -0.4865 8.7824, -0.0 -0.4785 8.8365, -0.4334 -0.0759 8.9495, -0.4035 -0.0707 9.0027, -0.2682 -0.0815 9.1349, -0.3002 -0.1343 9.0966, -0.2558 -0.1144 9.1349, -0.208 -0.093 9.1662, -0.239 -0.1464 9.1349, -0.1943 -0.119 9.1662, -0.2761 -0.0483 9.1349, -0.3147 -0.0956 9.0966, -0.0072 -0.0615 9.2164, -0.0023 -0.0076 9.2194, -0.0147 -0.0602 9.2164, -0.2805 -0.1718 9.0966, -0.3563 -0.1083 9.0522, -0.1926 -0.2036 9.1349, -0.1925 -0.2667 9.0966, -0.164 -0.2272 9.1349, -0.2178 -0.1764 9.1349, -0.177 -0.1434 9.1662, -0.1013 -0.1403 9.1902, -0.0806 -0.0852 9.2068, -0.1189 -0.1257 9.1902, -0.1566 -0.1655 9.1662, -0.1333 -0.1847 9.1662, -0.0033 -0.0072 9.2194, -0.0221 -0.0579 9.2164, -0.0012 -0.0079 9.2194, 0.0 -0.0628 9.2163, -0.0 -0.0082 9.2194, -0.0137 -0.1165 9.2068, -0.0419 -0.1096 9.2068, -0.0294 -0.0546 9.2164, -0.0556 -0.1033 9.2068, -0.1152 0.4727 8.7819, -0.1736 0.4545 8.7819, -0.1132 0.4647 8.8377, -0.1096 0.4497 8.894, -0.1041 0.4274 8.9495, -0.0663 0.2723 9.1349, -0.0539 0.2213 9.1662, -0.041 0.1681 9.1902, -0.0147 0.0602 9.2164, -0.0278 0.114 9.2068, -0.0012 0.0079 9.2194, -0.0023 0.0076 9.2194, -0.2307 0.4284 8.7819, -0.1707 0.4468 8.8377, -0.1651 0.4324 8.894, -0.4016 0.1797 8.9495, -0.3752 0.2298 8.9495, -0.4225 0.189 8.894, -0.1 0.2618 9.1349, -0.0813 0.2128 9.1662, -0.0617 0.1616 9.1902, -0.0221 0.0579 9.2164, -0.0419 0.1096 9.2068, -0.0033 0.0072 9.2194, -0.2848 0.3945 8.7819, -0.2267 0.4211 8.8377, -0.2194 0.4075 8.894, -0.2086 0.3874 8.9495, -0.1329 0.2468 9.1349, -0.108 0.2006 9.1662, -0.082 0.1523 9.1902, -0.0294 0.0546 9.2164, -0.0556 0.1033 9.2068, -0.0041 0.0068 9.2194, -0.2799 0.3878 8.8377, -0.2709 0.3753 8.894, -0.2575 0.3567 8.9495, -0.164 0.2272 9.1349, -0.1333 0.1847 9.1662, -0.0687 0.0951 9.2068, -0.0363 0.0502 9.2164, -0.1013 0.1403 9.1902, -0.0049 0.0063 9.2194, -0.4149 -0.2542 8.7819, -0.3287 0.3474 8.8377, -0.3181 0.3362 8.894, -0.3023 0.3196 8.9495, -0.1926 0.2036 9.1349, -0.1566 0.1655 9.1662, -0.0806 0.0852 9.2068, -0.0426 0.045 9.2164, -0.1189 0.1257 9.1902, -0.0057 0.0058 9.2194, -0.4149 0.2542 8.7819, -0.3716 0.301 8.8377, -0.3596 0.2913 8.894, -0.3419 0.2769 8.9495, -0.2178 0.1764 9.1349, -0.177 0.1434 9.1662, -0.0911 0.0738 9.2068, -0.0482 0.039 9.2164, -0.1345 0.1089 9.1902, -0.0063 0.0052 9.2194, -0.4442 0.1987 8.7819, -0.4078 0.2498 8.8377, -0.3947 0.2417 8.894, -0.239 0.1464 9.1349, -0.1943 0.119 9.1662, -0.1 0.0613 9.2068, -0.0528 0.0324 9.2164, -0.1475 0.0904 9.1902, -0.0068 0.0045 9.2194, -0.4656 0.1415 8.7819, -0.4366 0.1953 8.8377, -0.4442 -0.1987 8.7819, -0.2558 0.1144 9.1349, -0.208 0.093 9.1662, -0.1071 0.0479 9.2068, -0.0566 0.0253 9.2164, -0.1579 0.0707 9.1902, -0.0072 0.0038 9.2194, -0.4793 0.0839 8.7819, -0.4576 0.139 8.8377, -0.4428 0.1345 8.894, -0.4209 0.1279 8.9495, -0.2682 0.0815 9.1349, -0.218 0.0662 9.1662, -0.1122 0.0341 9.2068, -0.0593 0.018 9.2164, -0.1655 0.0503 9.1902, -0.0075 0.0031 9.2194, -0.4858 0.0275 8.7819, -0.4711 0.0825 8.8377, -0.4559 0.0798 8.894, -0.4334 0.0759 8.9495, -0.2761 0.0483 9.1349, -0.2244 0.0393 9.1662, -0.1155 0.0202 9.2068, -0.061 0.0107 9.2164, -0.1704 0.0298 9.1902, -0.0078 0.0023 9.2194, -0.4858 -0.0275 8.7819, -0.4775 0.027 8.8377, -0.4621 0.0261 8.894, -0.4392 0.0248 8.9495, -0.2798 0.0158 9.1349, -0.2275 0.0129 9.1662, -0.1171 0.0066 9.2068, -0.0619 0.0035 9.2164, -0.1727 0.0098 9.1902, -0.0079 0.0014 9.2194, -0.4793 -0.0839 8.7819, -0.4775 -0.027 8.8377, -0.4621 -0.0261 8.894, -0.3947 -0.2417 8.894, -0.2798 -0.0158 9.1349, -0.2275 -0.0129 9.1662, -0.1171 -0.0066 9.2068, -0.0619 -0.0035 9.2164, -0.1727 -0.0098 9.1902, -0.008 0.0005 9.2194, -0.4656 -0.1415 8.7819, -0.4711 -0.0825 8.8377, -0.4559 -0.0798 8.894, -0.4209 -0.1279 8.9495, -0.2244 -0.0393 9.1662, -0.1155 -0.0202 9.2068, -0.061 -0.0107 9.2164, -0.1704 -0.0298 9.1902, -0.0079 -0.0005 9.2194, -0.4576 -0.139 8.8377, -0.4428 -0.1345 8.894, -0.218 -0.0662 9.1662, -0.1122 -0.0341 9.2068, -0.0078 -0.0015 9.2194, -0.0593 -0.018 9.2164, -0.1655 -0.0503 9.1902, -0.4366 -0.1953 8.8377, -0.4225 -0.189 8.894, -0.3399 -0.1521 9.0522, -0.1071 -0.0479 9.2068, -0.0075 -0.0026 9.2194, -0.0566 -0.0253 9.2164, -0.1579 -0.0707 9.1902, -0.3781 -0.3063 8.7819, -0.4078 -0.2498 8.8377, -0.2709 -0.3753 8.894, -0.3176 -0.1945 9.0522, -0.0687 -0.0951 9.2068, -0.0426 -0.045 9.2164, -0.2556 -0.207 9.0966, -0.1 -0.0613 9.2068, -0.0072 -0.0037 9.2194, -0.0528 -0.0324 9.2164, -0.1475 -0.0904 9.1902, -0.3344 -0.3535 8.7819, -0.3716 -0.301 8.8377, -0.3184 -0.2578 9.0027, -0.2894 -0.2344 9.0522, -0.226 -0.2389 9.0966, -0.0911 -0.0738 9.2068, -0.0068 -0.0045 9.2194, -0.0482 -0.039 9.2164, -0.1345 -0.1089 9.1902, -0.3287 -0.3474 8.8377, -0.0063 -0.0052 9.2194, -0.2799 -0.3878 8.8377, -0.2575 -0.3567 8.9495, -0.108 -0.2006 9.1662, -0.1329 -0.2468 9.1349, -0.1 -0.2618 9.1349, -0.218 -0.3019 9.0522, -0.082 -0.1523 9.1902, -0.0057 -0.0058 9.2194, -0.0363 -0.0502 9.2164, -0.2194 -0.4075 8.894, -0.2267 -0.4211 8.8377, -0.2086 -0.3874 8.9495, -0.1942 -0.3607 9.0027, -0.1766 -0.3279 9.0522, -0.1559 -0.2896 9.0966, -0.0049 -0.0063 9.2194, -0.1651 -0.4324 8.894, -0.1707 -0.4468 8.8377, -0.157 -0.411 8.9495, -0.1462 -0.3827 9.0027, -0.1329 -0.3479 9.0522, -0.1174 -0.3072 9.0966, -0.0617 -0.1616 9.1902, -0.041 -0.1681 9.1902, -0.0813 -0.2128 9.1662, -0.0041 -0.0068 9.2194, -0.1041 -0.4274 8.9495, -0.097 -0.398 9.0027, -0.0882 -0.3618 9.0522, -0.0779 -0.3195 9.0966, -0.0663 -0.2723 9.1349, -0.0539 -0.2213 9.1662, -0.0278 -0.114 9.2068, -0.0 -0.4644 8.8893, -0.0514 -0.4369 8.9495, -0.0479 -0.4069 9.0027, -0.0435 -0.3698 9.0522, -0.0384 -0.3266 9.0966, -0.0328 -0.2783 9.1349, -0.0266 -0.2263 9.1662, -0.0202 -0.1718 9.1902, 0.0 -0.1166 9.207, -0.0 -0.4444 8.9402, 0.0 -0.4187 8.9884, 0.0 -0.3877 9.0335, 0.0 -0.3518 9.0747, -0.0 -0.3114 9.1115, 0.0 -0.2671 9.1436, 0.0 -0.2194 9.1704, 0.0 -0.169 9.1916, 0.0547 -0.4853 8.7277, 0.0569 -0.4832 8.7819, 0.1087 -0.4761 8.7277, 0.0479 -0.4069 9.0027, 0.0514 -0.4369 8.9495, 0.0541 -0.4596 8.894, 0.0559 -0.475 8.8377, 0.3344 -0.3535 8.7819, 0.3453 -0.3453 8.7277, 0.3781 -0.3063 8.7819, 0.0435 -0.3698 9.0522, 0.0384 -0.3266 9.0966, 0.0328 -0.2783 9.1349, 0.0202 -0.1718 9.1902, 0.0266 -0.2263 9.1662, 0.0137 -0.1165 9.2068, 0.0072 -0.0615 9.2164, 0.0779 -0.3195 9.0966, 0.0882 -0.3618 9.0522, 0.157 -0.411 8.9495, 0.1462 -0.3827 9.0027, 0.097 -0.398 9.0027, 0.1329 -0.3479 9.0522, 0.1174 -0.3072 9.0966, 0.1559 -0.2896 9.0966, 0.1766 -0.3279 9.0522, 0.1942 -0.3607 9.0027, 0.218 -0.3019 9.0522, 0.1925 -0.2667 9.0966, 0.2398 -0.3322 9.0027, 0.2559 -0.2705 9.0522, 0.226 -0.2389 9.0966, 0.2815 -0.2976 9.0027, 0.2894 -0.2344 9.0522, 0.2556 -0.207 9.0966, 0.2805 -0.1718 9.0966, 0.3176 -0.1945 9.0522, 0.3184 -0.2578 9.0027, 0.3493 -0.214 9.0027, 0.3399 -0.1521 9.0522, 0.3002 -0.1343 9.0966, 0.374 -0.1673 9.0027, 0.3147 -0.0956 9.0966, 0.3563 -0.1083 9.0522, 0.392 -0.1191 9.0027, 0.409 -0.0231 9.0027, 0.4392 0.0248 8.9495, 0.409 0.0231 9.0027, 0.3668 -0.0642 9.0522, 0.4035 -0.0707 9.0027, 0.324 -0.0567 9.0966, 0.3284 -0.0186 9.0966, 0.3718 0.021 9.0522, 0.3284 0.0186 9.0966, 0.3718 -0.021 9.0522, 0.324 0.0567 9.0966, 0.3668 0.0642 9.0522, 0.392 0.1191 9.0027, 0.4016 0.1797 8.9495, 0.374 0.1673 9.0027, 0.2815 0.2976 9.0027, 0.2398 0.3322 9.0027, 0.2559 0.2705 9.0522, 0.3493 0.214 9.0027, 0.3752 0.2298 8.9495, 0.2307 0.4284 8.7819, 0.2848 0.3945 8.7819, 0.2598 0.4135 8.7277, 0.3023 0.3196 8.9495, 0.3419 0.2769 8.9495, 0.3181 0.3362 8.894, 0.0541 0.4596 8.894, 0.1096 0.4497 8.894, 0.0559 0.475 8.8377, 0.3596 0.2913 8.894, 0.0569 0.4832 8.7819, 0.1132 0.4647 8.8377, 0.1152 0.4727 8.7819, 0.2118 0.44 8.7277, 0.1736 0.4545 8.7819, 0.4334 0.0759 8.9495, 0.4035 0.0707 9.0027, 0.2682 0.0815 9.1349, 0.3002 0.1343 9.0966, 0.2558 0.1144 9.1349, 0.208 0.093 9.1662, 0.239 0.1464 9.1349, 0.1943 0.119 9.1662, 0.2761 0.0483 9.1349, 0.3147 0.0956 9.0966, 0.0072 0.0615 9.2164, 0.0023 0.0076 9.2194, 0.0147 0.0602 9.2164, 0.2805 0.1718 9.0966, 0.3563 0.1083 9.0522, 0.1926 0.2036 9.1349, 0.1925 0.2667 9.0966, 0.164 0.2272 9.1349, 0.2178 0.1764 9.1349, 0.177 0.1434 9.1662, 0.1013 0.1403 9.1902, 0.0806 0.0852 9.2068, 0.1189 0.1257 9.1902, 0.1566 0.1655 9.1662, 0.1333 0.1847 9.1662, 0.0033 0.0072 9.2194, 0.0221 0.0579 9.2164, 0.0012 0.0079 9.2194, 0.0137 0.1165 9.2068, 0.0419 0.1096 9.2068, 0.0294 0.0546 9.2164, 0.0556 0.1033 9.2068, 0.1614 -0.4609 8.7277, 0.1152 -0.4727 8.7819, 0.4135 -0.2598 8.7277, 0.3818 -0.3045 8.7277, 0.1736 -0.4545 8.7819, 0.1132 -0.4647 8.8377, 0.1096 -0.4497 8.894, 0.1041 -0.4274 8.9495, 0.0663 -0.2723 9.1349, 0.0539 -0.2213 9.1662, 0.041 -0.1681 9.1902, 0.0147 -0.0602 9.2164, 0.0278 -0.114 9.2068, 0.0012 -0.0079 9.2194, 0.0023 -0.0076 9.2194, 0.2119 -0.44 8.7277, 0.2307 -0.4284 8.7819, 0.1707 -0.4468 8.8377, 0.1651 -0.4324 8.894, 0.4016 -0.1797 8.9495, 0.3752 -0.2298 8.9495, 0.4225 -0.189 8.894, 0.1 -0.2618 9.1349, 0.0813 -0.2128 9.1662, 0.0617 -0.1616 9.1902, 0.0221 -0.0579 9.2164, 0.0419 -0.1096 9.2068, 0.0033 -0.0072 9.2194, 0.2599 -0.4135 8.7277, 0.2848 -0.3945 8.7819, 0.2267 -0.4211 8.8377, 0.2194 -0.4075 8.894, 0.2086 -0.3874 8.9495, 0.1329 -0.2468 9.1349, 0.108 -0.2006 9.1662, 0.082 -0.1523 9.1902, 0.0294 -0.0546 9.2164, 0.0556 -0.1033 9.2068, 0.0041 -0.0068 9.2194, 0.3045 -0.3818 8.7277, 0.2799 -0.3878 8.8377, 0.2709 -0.3753 8.894, 0.2575 -0.3567 8.9495, 0.164 -0.2272 9.1349, 0.1333 -0.1847 9.1662, 0.0687 -0.0951 9.2068, 0.0363 -0.0502 9.2164, 0.1013 -0.1403 9.1902, 0.0049 -0.0063 9.2194, 0.3818 0.3045 8.7277, 0.4149 0.2542 8.7819, 0.4135 0.2599 8.7277, 0.3287 -0.3474 8.8377, 0.3181 -0.3362 8.894, 0.3023 -0.3196 8.9495, 0.1926 -0.2036 9.1349, 0.1566 -0.1655 9.1662, 0.0806 -0.0852 9.2068, 0.0426 -0.045 9.2164, 0.1189 -0.1257 9.1902, 0.0057 -0.0058 9.2194, 0.4149 -0.2542 8.7819, 0.3716 -0.301 8.8377, 0.3596 -0.2913 8.894, 0.3419 -0.2769 8.9495, 0.2178 -0.1764 9.1349, 0.177 -0.1434 9.1662, 0.0911 -0.0738 9.2068, 0.0482 -0.039 9.2164, 0.1345 -0.1089 9.1902, 0.0063 -0.0052 9.2194, 0.44 -0.2118 8.7277, 0.4442 -0.1987 8.7819, 0.4078 -0.2498 8.8377, 0.3947 -0.2417 8.894, 0.239 -0.1464 9.1349, 0.1943 -0.119 9.1662, 0.1 -0.0613 9.2068, 0.0528 -0.0324 9.2164, 0.1475 -0.0904 9.1902, 0.0068 -0.0045 9.2194, 0.461 -0.1612 8.7277, 0.4656 -0.1415 8.7819, 0.4366 -0.1953 8.8377, 0.4442 0.1987 8.7819, 0.44 0.2119 8.7277, 0.2558 -0.1144 9.1349, 0.208 -0.093 9.1662, 0.1071 -0.0479 9.2068, 0.0566 -0.0253 9.2164, 0.1579 -0.0707 9.1902, 0.0072 -0.0037 9.2194, 0.4761 -0.1086 8.7277, 0.4793 -0.0839 8.7819, 0.4576 -0.139 8.8377, 0.4428 -0.1345 8.894, 0.4209 -0.1279 8.9495, 0.2682 -0.0815 9.1349, 0.218 -0.0662 9.1662, 0.1122 -0.0341 9.2068, 0.0593 -0.018 9.2164, 0.1655 -0.0503 9.1902, 0.0075 -0.0026 9.2194, 0.4853 -0.0546 8.7277, 0.4858 -0.0275 8.7819, 0.4711 -0.0825 8.8377, 0.4559 -0.0798 8.894, 0.4334 -0.0759 8.9495, 0.2761 -0.0483 9.1349, 0.2244 -0.0393 9.1662, 0.1155 -0.0202 9.2068, 0.061 -0.0107 9.2164, 0.1704 -0.0298 9.1902, 0.0078 -0.0015 9.2194, 0.4884 -0.0 8.7277, 0.4858 0.0275 8.7819, 0.4775 -0.027 8.8377, 0.4621 -0.0261 8.894, 0.4392 -0.0248 8.9495, 0.2798 -0.0158 9.1349, 0.2275 -0.0129 9.1662, 0.1171 -0.0066 9.2068, 0.0619 -0.0035 9.2164, 0.1727 -0.0098 9.1902, 0.0079 -0.0005 9.2194, 0.4853 0.0547 8.7277, 0.4793 0.0839 8.7819, 0.4775 0.027 8.8377, 0.4621 0.0261 8.894, 0.3947 0.2417 8.894, 0.2798 0.0158 9.1349, 0.2275 0.0129 9.1662, 0.1171 0.0066 9.2068, 0.0619 0.0035 9.2164, 0.1727 0.0098 9.1902, 0.008 0.0005 9.2194, 0.4761 0.1087 8.7277, 0.4656 0.1415 8.7819, 0.4711 0.0825 8.8377, 0.4559 0.0798 8.894, 0.4209 0.1279 8.9495, 0.2244 0.0393 9.1662, 0.1155 0.0202 9.2068, 0.061 0.0107 9.2164, 0.1704 0.0298 9.1902, 0.0079 0.0014 9.2194, 0.4609 0.1614 8.7277, 0.4576 0.139 8.8377, 0.4428 0.1345 8.894, 0.218 0.0662 9.1662, 0.1122 0.0341 9.2068, 0.0078 0.0023 9.2194, 0.0593 0.018 9.2164, 0.1655 0.0503 9.1902, 0.4366 0.1953 8.8377, 0.4225 0.189 8.894, 0.3399 0.1521 9.0522, 0.1071 0.0479 9.2068, 0.0075 0.0031 9.2194, 0.0566 0.0253 9.2164, 0.1579 0.0707 9.1902, 0.3781 0.3063 8.7819, 0.4078 0.2498 8.8377, 0.2709 0.3753 8.894, 0.3176 0.1945 9.0522, 0.0687 0.0951 9.2068, 0.0426 0.045 9.2164, 0.2556 0.207 9.0966, 0.1 0.0613 9.2068, 0.0072 0.0038 9.2194, 0.0528 0.0324 9.2164, 0.1475 0.0904 9.1902, 0.3453 0.3453 8.7277, 0.3344 0.3535 8.7819, 0.3716 0.301 8.8377, 0.3184 0.2578 9.0027, 0.2894 0.2344 9.0522, 0.226 0.2389 9.0966, 0.0911 0.0738 9.2068, 0.0068 0.0045 9.2194, 0.0482 0.039 9.2164, 0.1345 0.1089 9.1902, 0.3045 0.3818 8.7277, 0.3287 0.3474 8.8377, 0.0063 0.0052 9.2194, 0.1612 0.461 8.7277, 0.2799 0.3878 8.8377, 0.2575 0.3567 8.9495, 0.108 0.2006 9.1662, 0.1329 0.2468 9.1349, 0.1 0.2618 9.1349, 0.218 0.3019 9.0522, 0.082 0.1523 9.1902, 0.0057 0.0058 9.2194, 0.0363 0.0502 9.2164, 0.2194 0.4075 8.894, 0.2267 0.4211 8.8377, 0.2086 0.3874 8.9495, 0.1942 0.3607 9.0027, 0.1766 0.3279 9.0522, 0.1559 0.2896 9.0966, 0.0049 0.0063 9.2194, 0.1651 0.4324 8.894, 0.1707 0.4468 8.8377, 0.157 0.411 8.9495, 0.1462 0.3827 9.0027, 0.1329 0.3479 9.0522, 0.1174 0.3072 9.0966, 0.0617 0.1616 9.1902, 0.041 0.1681 9.1902, 0.0813 0.2128 9.1662, 0.0041 0.0068 9.2194, 0.1086 0.4761 8.7277, 0.1041 0.4274 8.9495, 0.097 0.398 9.0027, 0.0882 0.3618 9.0522, 0.0779 0.3195 9.0966, 0.0663 0.2723 9.1349, 0.0539 0.2213 9.1662, 0.0278 0.114 9.2068, 0.0547 0.4853 8.7277, 0.0514 0.4369 8.9495, 0.0479 0.4069 9.0027, 0.0435 0.3698 9.0522, 0.0384 0.3266 9.0966, 0.0328 0.2783 9.1349, 0.0266 0.2263 9.1662, 0.0202 0.1718 9.1902, 1.7448 1.3386 3.062, 1.7668 1.3386 3.0508, 1.7992 1.3386 1.3165, 1.7008 1.3386 1.3165, 1.7954 1.3386 3.0114, 1.7992 1.3386 2.9871, 1.7842 1.3386 3.0334, -1.7008 1.3386 1.3165, 1.7008 0.7301 0.9447, 1.7008 0.6693 0.6473, 1.7008 0.719 0.9228, 1.7008 0.4269 0.6473, 1.7008 0.4269 0.8903, 1.7008 0.6553 0.8903, 1.7008 -0.7301 1.3204, 1.7008 -0.719 1.3424, 1.7008 0.734 0.969, 1.7008 0.734 1.2961, 1.7008 -0.6553 1.3748, 1.7008 0.6553 1.3748, 1.7008 0.6796 0.8941, 1.7008 0.7015 0.9053, 1.7008 0.7301 1.3204, 1.7008 0.719 1.3424, 1.7008 0.7015 1.3598, 1.7008 0.6796 1.371, 1.7008 -0.6796 1.371, 1.7008 -0.4269 0.6473, 1.7008 -0.6553 0.8903, 1.7008 -0.4269 0.8903, 1.7008 -0.7015 1.3598, 1.7008 -0.734 1.2961, 1.7008 -0.734 0.969, 1.7008 -0.7301 0.9447, 1.7008 -0.6693 0.6473, 1.7008 -0.719 0.9228, 1.7008 -0.6796 0.8941, 1.7008 -0.7015 0.9053, 1.7992 -0.6693 0.6473, 1.7992 -0.7301 0.9447, 1.7992 -0.719 0.9228, 1.7992 -0.3843 0.6473, 1.7992 -0.3843 0.8903, 1.7992 -0.6553 0.8903, 1.7992 1.0949 1.6298, 1.7992 1.0293 1.6298, 1.7992 -0.734 0.969, 1.7992 -0.734 1.2961, 1.7992 0.8981 2.0235, 1.7992 0.7341 2.0151, 1.7992 0.7751 1.99, 1.7992 -0.6796 0.8941, 1.7992 -0.7015 0.9053, 1.7992 -0.7301 1.3204, 1.7992 -0.7259 1.6298, 1.7992 -0.7751 1.6298, 1.7992 -0.6796 1.371, 1.7992 -0.8654 1.6717, 1.7992 -0.89 1.6549, 1.7992 -0.6553 1.3748, 1.7992 -0.6931 1.7303, 1.7992 -0.4963 1.6298, 1.7992 -0.5291 1.7303, 1.7992 0.0123 1.9648, 1.7992 -0.1846 2.1446, 1.7992 0.0123 1.8978, 1.7992 0.8243 1.747, 1.7992 0.8161 1.7219, 1.7992 0.3843 0.6473, 1.7992 0.6553 0.8903, 1.7992 0.3843 0.8903, 1.7992 1.2262 2.0235, 1.7992 0.7301 1.3204, 1.7992 0.734 1.2961, 1.7992 0.734 0.969, 1.7992 0.7301 0.9447, 1.7992 0.6693 0.6473, 1.7992 0.719 0.9228, 1.7992 0.6796 0.8941, 1.7992 0.7015 0.9053, 1.7992 1.2262 2.5383, 1.7992 0.7015 1.3598, 1.7992 0.719 1.3424, 1.7992 0.8325 1.7889, 1.7992 0.4716 1.9146, 1.7992 0.5454 1.9062, 1.7992 0.4716 1.9313, 1.7992 0.7751 1.6633, 1.7992 0.7341 1.6382, 1.7992 1.0293 2.1446, 1.7992 0.9473 2.0235, 1.7992 1.177 2.0235, 1.7992 1.0621 1.68, 1.7992 1.0949 2.1446, 1.7992 0.4716 1.6717, 1.7992 0.57 1.6884, 1.7992 0.5536 1.7219, 1.7992 0.8981 2.5383, 1.7992 0.8325 2.3791, 1.7992 0.5536 1.9313, 1.7992 0.4634 1.9648, 1.7992 0.5946 1.99, 1.7992 0.57 1.9648, 1.7992 0.5372 1.7889, 1.7992 0.5454 1.747, 1.7992 0.5372 1.8643, 1.7992 0.1763 1.6717, 1.7992 0.1107 1.6298, 1.7992 0.1763 1.6298, 1.7992 0.6848 2.0235, 1.7992 0.6356 2.153, 1.7992 0.6356 2.0151, 1.7992 0.7341 2.153, 1.7992 0.6848 2.1446, 1.7992 0.8161 1.9313, 1.7992 0.8243 1.9062, 1.7992 0.7997 1.9648, 1.7992 0.8325 1.8643, 1.7992 0.7997 1.6884, 1.7992 0.6796 1.371, 1.7992 0.6848 1.6298, 1.7992 0.6553 1.3748, 1.7992 0.6356 1.6382, 1.7992 0.4716 1.6298, 1.7992 0.5946 1.6633, 1.7992 0.447 1.8559, 1.7992 0.4634 1.8811, 1.7992 0.2419 1.6717, 1.7992 0.3075 1.9816, 1.7992 0.406 1.8811, 1.7992 0.3404 1.9816, 1.7992 0.5946 2.1781, 1.7992 0.4224 1.9146, 1.7992 0.4224 1.9313, 1.7992 0.406 1.9565, 1.7992 0.7997 2.2032, 1.7992 0.7751 2.1781, 1.7992 0.7341 2.5299, 1.7992 0.7751 2.5048, 1.7992 0.3814 1.9732, 1.7992 0.2255 1.9313, 1.7992 0.2665 1.9732, 1.7992 0.2419 1.9565, 1.7992 0.1845 1.9313, 1.7992 0.1927 1.9648, 1.7992 0.1107 2.0235, 1.7992 0.5454 2.2619, 1.7992 0.4716 2.287, 1.7992 0.4716 2.2535, 1.7992 0.2583 2.0151, 1.7992 0.2583 2.153, 1.7992 0.1107 2.1446, 1.7992 0.4552 2.4964, 1.7992 0.5454 2.421, 1.7992 0.5536 2.4461, 1.7992 0.5372 2.3037, 1.7992 0.4552 2.3289, 1.7992 0.4306 1.9983, 1.7992 -0.447 1.6298, 1.7992 0.0615 1.6298, 1.7992 0.2255 1.9983, 1.7992 0.3978 2.0151, 1.7992 0.3896 2.153, 1.7992 0.0615 1.9565, 1.7992 -0.5783 2.0235, 1.7992 0.0615 2.0235, 1.7992 0.3486 2.1446, 1.7992 0.3486 2.0235, 1.7992 -0.719 1.3424, 1.7992 -0.9556 1.6298, 1.7992 -0.1846 2.1865, 1.7992 -0.6439 2.1446, 1.7992 -0.6439 2.0235, 1.7992 -0.8489 1.9146, 1.7992 -0.8572 1.8811, 1.7992 -0.7015 1.3598, 1.7992 -0.9228 1.6382, 1.7992 -0.8489 1.6968, 1.7992 -0.8489 1.9313, 1.7992 -0.9228 1.68, 1.7992 -0.8818 1.7219, 1.7992 -0.8818 1.7554, 1.7992 -1.0868 1.7052, 1.7992 -1.0704 1.6884, 1.7992 -1.054 1.68, 1.7992 -1.095 1.7219, 1.7992 -1.0048 1.8141, 1.7992 -1.013 1.6717, 1.7992 -1.0212 1.6298, 1.7992 -0.8982 1.7889, 1.7992 -0.9228 1.8057, 1.7992 -0.9064 1.6884, 1.7992 -0.89 1.7052, 1.7992 -1.054 1.6382, 1.7992 -1.0868 1.6549, 1.7992 -1.1114 1.6717, 1.7992 -1.1278 1.6968, 1.7992 -1.1278 1.9313, 1.7992 -1.136 1.7219, 1.7992 -0.9638 1.6717, 1.7992 -0.972 1.8141, 1.7992 -0.8489 1.7889, 1.7992 -0.8654 1.8141, 1.7992 -0.8407 1.7554, 1.7992 -1.0048 1.8476, 1.7992 -1.0868 1.9313, 1.7992 -0.9064 1.8811, 1.7992 -0.89 1.9146, 1.7992 -0.9064 1.9565, 1.7992 -1.0048 1.9816, 1.7992 -0.972 1.8476, 1.7992 -0.972 1.9816, 1.7992 -0.931 1.9732, 1.7992 -0.89 1.9313, 1.7992 -0.89 1.9983, 1.7992 -0.6931 2.1446, 1.7992 -0.9228 2.1446, 1.7992 -0.8572 1.9648, 1.7992 -0.9228 1.8643, 1.7992 -1.0458 1.9732, 1.7992 -1.0704 1.9565, 1.7992 -1.136 2.4126, 1.7992 -1.1196 1.9648, 1.7992 -1.0868 2.1446, 1.7992 -1.0868 1.9983, 1.7992 -1.054 2.0151, 1.7992 -0.9966 2.0235, 1.7992 -0.972 2.1446, 1.7992 -1.0376 2.1446, 1.7992 -0.9802 2.0235, 1.7992 -0.9228 2.0151, 1.7992 -0.9064 1.8308, 1.7992 -0.8736 1.8559, 1.7992 -0.8407 1.7219, 1.7992 1.177 2.5383, 1.7992 0.8243 2.421, 1.7992 0.57 2.2032, 1.7992 0.4552 2.2116, 1.7992 0.4306 2.1781, 1.7992 0.9473 2.5383, 1.7992 1.0621 2.1948, 1.7992 0.6848 2.5383, 1.7992 0.4306 2.3624, 1.7992 0.57 2.4796, 1.7992 0.4224 2.3037, 1.7992 0.4306 2.2619, 1.7992 0.4306 2.2786, 1.7992 0.2993 2.1446, 1.7992 0.3157 2.0235, 1.7992 0.4552 2.5383, 1.7992 0.6356 2.5299, 1.7992 0.5946 2.5048, 1.7992 -0.0451 2.5383, 1.7992 -0.0123 2.5383, 1.7992 0.8161 2.4461, 1.7992 0.7997 2.4796, 1.7992 0.8243 2.2619, 1.7992 0.8325 2.3037, 1.7992 0.8161 2.2367, 1.7992 0.5536 2.2367, 1.7992 0.5372 2.3791, 1.7992 0.3896 2.3875, 1.7992 0.2173 2.1781, 1.7992 0.1107 2.1865, 1.7992 0.0861 2.3708, 1.7992 -0.119 2.1865, 1.7992 -0.0944 2.488, 1.7992 -0.1354 2.4461, 1.7992 -0.0533 2.4964, 1.7992 0.1763 2.5383, 1.7992 0.3486 2.3959, 1.7992 0.2337 2.3205, 1.7992 0.2255 2.2451, 1.7992 0.2665 2.3456, 1.7992 0.2173 2.4964, 1.7992 0.2583 2.3875, 1.7992 0.2993 2.3959, 1.7992 0.2173 2.3624, 1.7992 0.3814 2.3456, 1.7992 0.3486 2.354, 1.7992 0.4224 2.2367, 1.7992 0.3486 2.1865, 1.7992 0.2993 2.354, 1.7992 0.3814 2.1948, 1.7992 0.406 2.2116, 1.7992 0.2993 2.1865, 1.7992 0.2665 2.1948, 1.7992 0.2419 2.2116, 1.7992 0.1763 2.3205, 1.7992 0.1763 2.2451, 1.7992 0.1927 2.2116, 1.7992 0.1025 2.3959, 1.7992 0.406 2.3289, 1.7992 0.1025 2.4796, 1.7992 0.1107 2.4461, 1.7992 0.0615 2.4294, 1.7992 0.0615 2.4461, 1.7992 0.0451 2.4713, 1.7992 0.0451 2.3959, 1.7992 -0.0205 2.4964, 1.7992 0.1107 2.4294, 1.7992 0.0205 2.488, 1.7992 0.0369 2.5299, 1.7992 0.0697 2.5132, 1.7992 -0.119 2.4713, 1.7992 -0.1764 2.4461, 1.7992 -0.7751 2.5383, 1.7992 -0.1682 2.4796, 1.7992 -0.1354 2.5132, 1.7992 -0.1026 2.5299, 1.7992 -0.8407 2.5383, 1.7992 -0.89 2.2451, 1.7992 -0.7259 2.2451, 1.7992 -1.0376 2.5383, 1.7992 -1.0868 2.5383, 1.7992 -1.0868 2.4713, 1.7992 -1.136 2.4796, 1.7992 -0.7341 2.2786, 1.7992 -0.8079 2.5048, 1.7992 -0.8818 2.2786, 1.7992 0.6192 2.2116, 1.7992 0.6438 2.1948, 1.7992 0.5782 2.3121, 1.7992 0.5864 2.2619, 1.7992 0.6848 2.1865, 1.7992 0.5782 2.3708, 1.7992 0.7915 2.3121, 1.7992 0.7259 2.1948, 1.7992 0.7505 2.2116, 1.7992 0.7833 2.2619, 1.7992 0.6848 2.4964, 1.7992 0.7915 2.3708, 1.7992 0.7259 2.488, 1.7992 0.7833 2.421, 1.7992 0.7505 2.4713, 1.7992 0.6192 2.4713, 1.7992 0.6438 2.488, 1.7992 0.5864 2.421, 1.7992 -0.5373 1.7638, 1.7992 -0.6111 1.99, 1.7992 -0.6849 1.7638, 1.7992 0.6192 1.6968, 1.7992 0.6438 1.68, 1.7992 0.5782 1.7973, 1.7992 0.5864 1.747, 1.7992 0.6848 1.6717, 1.7992 0.5782 1.8559, 1.7992 0.7915 1.7973, 1.7992 0.7259 1.68, 1.7992 0.7505 1.6968, 1.7992 0.7833 1.747, 1.7992 0.6848 1.9816, 1.7992 0.7915 1.8559, 1.7992 0.7259 1.9732, 1.7992 0.7833 1.9062, 1.7992 0.7505 1.9565, 1.7992 0.6192 1.9565, 1.7992 0.6438 1.9732, 1.7992 0.5864 1.9062, 1.6975 0.2887 0.6473, 1.599 -0.3312 0.6473, 1.599 0.3312 0.6473, 1.6975 -0.2887 0.6473, 1.6975 -0.2887 0.8903, 1.599 0.3312 0.8903, 1.599 -0.3312 0.8903, 1.6975 0.2887 0.8903, -1.7008 0.6693 0.6473, -1.7008 0.4269 0.6473, -1.7008 0.6553 0.8903, -1.7008 0.4269 0.8903, -1.7008 -0.7301 1.3204, -1.7008 -0.719 1.3424, -1.7008 0.7301 0.9447, -1.7008 0.719 0.9228, -1.7008 -0.4269 0.6473, -1.7008 -0.4269 0.8903, -1.7008 -0.6553 0.8903, -1.7008 0.6796 0.8941, -1.7008 0.7015 0.9053, -1.7008 0.734 0.969, -1.7008 0.7301 1.3204, -1.7008 0.734 1.2961, -1.7008 0.7015 1.3598, -1.7008 0.719 1.3424, -1.7008 -0.6553 1.3748, -1.7008 0.6553 1.3748, -1.7008 0.6796 1.371, -1.7008 -0.7015 1.3598, -1.7008 -0.6796 1.371, -1.7008 -0.734 0.969, -1.7008 -0.734 1.2961, -1.7008 -0.7301 0.9447, -1.7008 -0.6693 0.6473, -1.7008 -0.719 0.9228, -1.7008 -0.6796 0.8941, -1.7008 -0.7015 0.9053, -1.6975 -0.2887 0.6473, -1.599 0.3312 0.6473, -1.599 -0.3312 0.6473, -1.6975 0.2887 0.6473, -1.599 -0.3312 0.8903, -1.6975 0.2887 0.8903, -1.599 0.3312 0.8903, -1.6975 -0.2887 0.8903, 0.9843 0.0 3.0658, 0.9746 0.0 3.0658, 0.9794 0.0 3.0631, 0.9843 0.0 3.0603, 0.9804 0.0873 3.0658, 0.9688 0.1739 3.0658, 0.9756 0.087 3.0658, 0.9804 0.0873 3.0631
            ]
        }
        coordIndex [
            0,1,2,-1,3,4,5,-1,6,7,8,-1,9,10,11,-1,12,7,13,-1,14,1,5,-1,3,5,1,-1,1,15,2,-1,1,14,15,-1,1,0,16,-1,16,0,9,-1,17,18,19,-1,20,21,22,-1,23,24,25,-1,26,27,28,-1,20,29,21,-1,30,31,32,-1,33,34,7,-1,35,36,37,-1,38,39,40,-1,41,34,42,-1,43,8,7,-1,7,44,45,-1,44,7,6,-1,7,45,46,-1,47,46,48,-1,46,47,7,-1,36,47,49,-1,48,50,47,-1,47,36,35,-1,49,47,50,-1,51,52,53,-1,54,55,56,-1,52,57,58,-1,59,60,61,-1,62,61,63,-1,7,64,43,-1,53,65,51,-1,60,63,61,-1,38,40,66,-1,63,60,67,-1,67,60,68,-1,69,68,70,-1,68,69,71,-1,57,72,58,-1,71,67,68,-1,71,54,73,-1,71,55,54,-1,55,74,75,-1,76,77,78,-1,79,80,81,-1,56,55,82,-1,83,84,85,-1,86,87,88,-1,89,86,88,-1,90,40,39,-1,7,34,91,-1,92,93,53,-1,52,92,53,-1,52,51,94,-1,65,95,51,-1,57,52,94,-1,52,96,20,-1,97,72,57,-1,97,73,72,-1,98,99,100,-1,101,102,103,-1,104,105,77,-1,76,104,77,-1,80,106,107,-1,104,76,108,-1,108,76,109,-1,75,74,102,-1,110,101,103,-1,74,103,102,-1,111,109,112,-1,109,111,113,-1,114,113,115,-1,113,108,109,-1,113,114,116,-1,115,117,114,-1,118,119,120,-1,96,121,122,-1,115,118,123,-1,38,124,39,-1,33,125,42,-1,66,126,38,-1,55,75,82,-1,71,73,67,-1,97,67,73,-1,73,127,72,-1,96,52,58,-1,128,119,129,-1,130,131,132,-1,85,129,83,-1,130,133,131,-1,130,132,27,-1,134,123,118,-1,135,136,137,-1,120,134,118,-1,138,132,128,-1,139,140,141,-1,119,128,120,-1,113,116,108,-1,115,123,117,-1,100,108,116,-1,98,100,116,-1,99,121,100,-1,96,100,121,-1,142,96,122,-1,20,96,143,-1,96,142,143,-1,20,143,144,-1,20,144,145,-1,20,145,146,-1,20,146,29,-1,137,147,148,-1,136,135,21,-1,149,150,151,-1,152,20,22,-1,153,154,155,-1,149,156,153,-1,157,158,159,-1,32,31,160,-1,160,158,157,-1,161,31,30,-1,147,30,148,-1,30,147,161,-1,135,137,148,-1,29,136,21,-1,152,25,24,-1,24,20,152,-1,17,23,25,-1,17,162,18,-1,17,19,23,-1,10,162,163,-1,18,162,10,-1,163,11,10,-1,11,16,9,-1,164,16,165,-1,11,165,16,-1,166,92,43,-1,167,166,168,-1,93,166,167,-1,169,170,171,-1,172,171,173,-1,174,175,176,-1,177,178,179,-1,177,179,180,-1,181,182,183,-1,90,184,40,-1,66,185,126,-1,92,166,93,-1,86,126,185,-1,176,167,168,-1,185,87,86,-1,186,187,181,-1,185,188,87,-1,87,188,42,-1,189,190,191,-1,42,188,192,-1,193,194,195,-1,42,192,41,-1,186,193,195,-1,42,34,33,-1,190,196,191,-1,197,191,196,-1,7,91,13,-1,7,12,64,-1,189,198,190,-1,166,43,64,-1,199,200,197,-1,196,199,197,-1,201,176,168,-1,201,170,169,-1,171,170,173,-1,172,173,183,-1,182,172,183,-1,181,202,182,-1,179,182,180,-1,203,198,189,-1,203,195,198,-1,195,203,186,-1,186,203,187,-1,186,181,183,-1,202,180,182,-1,106,80,79,-1,204,205,206,-1,207,208,179,-1,209,210,211,-1,212,213,214,-1,208,215,179,-1,179,215,33,-1,33,215,216,-1,33,216,217,-1,33,217,218,-1,33,218,125,-1,219,110,220,-1,178,207,179,-1,221,222,223,-1,81,175,79,-1,201,174,176,-1,224,225,226,-1,201,169,174,-1,224,226,222,-1,175,81,176,-1,221,224,222,-1,107,227,80,-1,228,229,230,-1,206,205,231,-1,229,228,223,-1,205,204,107,-1,206,232,233,-1,234,209,235,-1,236,237,238,-1,239,240,241,-1,238,242,236,-1,223,228,221,-1,221,228,243,-1,244,221,243,-1,244,243,245,-1,246,247,248,-1,249,250,251,-1,240,239,155,-1,155,154,240,-1,252,253,254,-1,241,255,256,-1,153,156,154,-1,257,251,258,-1,149,151,156,-1,251,250,258,-1,150,259,151,-1,260,261,252,-1,259,262,151,-1,259,263,262,-1,165,263,264,-1,262,263,165,-1,264,265,165,-1,265,266,165,-1,266,267,165,-1,260,268,269,-1,165,267,164,-1,260,270,261,-1,164,267,271,-1,272,273,260,-1,164,271,274,-1,268,260,273,-1,164,274,275,-1,260,276,272,-1,275,237,236,-1,277,278,279,-1,33,164,246,-1,280,26,28,-1,239,241,281,-1,85,138,128,-1,138,282,132,-1,277,279,268,-1,269,268,279,-1,270,260,269,-1,257,270,269,-1,257,258,270,-1,270,258,283,-1,270,283,284,-1,270,284,285,-1,275,236,286,-1,287,288,289,-1,290,164,286,-1,275,286,164,-1,291,164,292,-1,164,290,292,-1,164,293,246,-1,164,291,293,-1,294,295,140,-1,295,296,140,-1,297,298,247,-1,299,245,300,-1,234,235,301,-1,301,302,234,-1,101,110,303,-1,132,282,28,-1,304,220,227,-1,110,219,303,-1,210,305,211,-1,85,128,129,-1,306,233,232,-1,206,231,232,-1,307,305,210,-1,233,306,299,-1,209,234,210,-1,308,301,235,-1,244,245,299,-1,235,141,308,-1,235,139,141,-1,294,140,139,-1,179,300,245,-1,296,309,310,-1,309,296,295,-1,297,310,298,-1,309,298,310,-1,247,246,297,-1,33,246,248,-1,33,300,179,-1,311,33,312,-1,33,248,312,-1,33,311,300,-1,306,244,299,-1,304,107,204,-1,304,227,107,-1,304,219,220,-1,303,84,101,-1,303,85,84,-1,280,313,26,-1,314,315,261,-1,313,316,26,-1,314,281,317,-1,261,315,253,-1,157,32,160,-1,28,27,132,-1,133,158,131,-1,133,159,158,-1,256,32,157,-1,281,241,256,-1,256,255,32,-1,239,281,314,-1,317,315,314,-1,253,252,261,-1,212,318,213,-1,253,213,318,-1,253,318,254,-1,319,252,254,-1,252,320,288,-1,320,252,319,-1,320,289,288,-1,236,242,289,-1,287,289,242,-1,321,322,323,-1,324,325,326,-1,323,327,321,-1,328,329,330,-1,331,330,329,-1,326,332,324,-1,330,331,326,-1,333,332,331,-1,326,331,332,-1,327,332,333,-1,334,333,335,-1,336,334,335,-1,334,327,333,-1,327,334,321,-1,337,338,339,-1,340,341,339,-1,341,342,339,-1,340,338,343,-1,339,338,340,-1,344,345,346,-1,347,348,349,-1,350,344,351,-1,344,350,345,-1,352,353,351,-1,350,351,353,-1,347,349,352,-1,353,352,349,-1,354,353,349,-1,355,354,349,-1,356,349,357,-1,358,349,359,-1,349,356,360,-1,361,359,349,-1,355,349,358,-1,357,349,348,-1,359,361,362,-1,349,363,361,-1,364,365,366,-1,366,367,364,-1,365,368,366,-1,368,369,366,-1,370,371,372,-1,373,370,372,-1,371,370,368,-1,374,370,375,-1,374,375,376,-1,375,377,378,-1,378,376,375,-1,370,374,368,-1,368,374,369,-1,379,369,380,-1,369,374,380,-1,381,369,379,-1,382,383,384,-1,385,384,386,-1,383,386,384,-1,387,388,385,-1,385,386,387,-1,383,382,389,-1,389,390,391,-1,390,389,382,-1,390,164,391,-1,391,164,33,-1,392,393,394,-1,395,396,394,-1,394,396,392,-1,396,397,398,-1,396,395,397,-1,397,399,400,-1,400,401,398,-1,398,397,400,-1,386,383,7,-1,402,387,386,-1,403,402,404,-1,391,33,389,-1,389,33,7,-1,386,7,404,-1,7,383,389,-1,386,404,402,-1,405,406,407,-1,408,409,410,-1,411,412,413,-1,414,406,415,-1,416,417,412,-1,412,417,418,-1,412,411,410,-1,413,412,418,-1,409,412,410,-1,419,420,412,-1,419,421,422,-1,423,420,424,-1,425,420,423,-1,426,424,420,-1,420,422,427,-1,426,420,427,-1,422,420,419,-1,409,403,419,-1,419,412,409,-1,403,428,402,-1,403,409,401,-1,429,406,405,-1,414,407,406,-1,403,406,428,-1,406,429,428,-1,406,401,430,-1,401,406,403,-1,431,432,430,-1,433,430,434,-1,433,431,430,-1,435,430,436,-1,435,434,430,-1,436,430,401,-1,401,400,436,-1,433,434,437,-1,438,434,435,-1,434,438,437,-1,436,439,435,-1,438,435,439,-1,440,439,436,-1,441,433,437,-1,441,442,431,-1,431,433,441,-1,432,442,443,-1,442,432,431,-1,432,443,430,-1,444,406,430,-1,444,430,443,-1,407,414,445,-1,446,414,415,-1,414,446,445,-1,406,447,415,-1,446,415,447,-1,444,447,406,-1,448,407,445,-1,448,449,405,-1,405,407,448,-1,429,449,450,-1,449,429,405,-1,429,450,428,-1,387,402,428,-1,387,428,450,-1,451,452,453,-1,449,444,450,-1,454,455,451,-1,453,454,451,-1,451,456,452,-1,457,451,458,-1,457,456,451,-1,459,387,460,-1,461,462,388,-1,463,461,464,-1,465,461,466,-1,461,463,466,-1,461,465,467,-1,388,468,469,-1,462,461,467,-1,444,470,471,-1,472,399,458,-1,447,444,446,-1,444,448,445,-1,446,444,445,-1,450,444,387,-1,444,449,448,-1,399,472,473,-1,399,473,474,-1,443,440,399,-1,443,441,437,-1,443,442,441,-1,443,438,439,-1,437,438,443,-1,443,439,440,-1,475,461,476,-1,477,478,443,-1,387,479,460,-1,399,480,481,-1,474,480,399,-1,399,482,483,-1,481,482,399,-1,399,484,485,-1,483,484,399,-1,399,486,487,-1,485,486,399,-1,488,443,487,-1,399,487,443,-1,489,443,490,-1,443,488,490,-1,491,443,492,-1,443,489,492,-1,443,491,477,-1,443,470,444,-1,478,470,443,-1,444,493,494,-1,471,493,444,-1,444,495,496,-1,494,495,444,-1,444,497,498,-1,496,497,444,-1,387,444,499,-1,498,499,444,-1,500,387,501,-1,387,499,501,-1,502,387,503,-1,387,500,503,-1,504,387,505,-1,387,502,505,-1,387,504,479,-1,506,387,459,-1,506,388,387,-1,507,508,451,-1,506,468,388,-1,388,509,510,-1,469,509,388,-1,388,511,512,-1,510,511,388,-1,388,513,514,-1,512,513,388,-1,388,515,516,-1,514,515,388,-1,517,461,516,-1,388,516,461,-1,518,461,519,-1,461,517,519,-1,520,461,521,-1,461,518,521,-1,461,520,476,-1,461,507,451,-1,475,507,461,-1,451,522,523,-1,508,522,451,-1,451,524,525,-1,523,524,451,-1,451,526,527,-1,525,526,451,-1,458,451,528,-1,527,528,451,-1,529,458,530,-1,458,528,530,-1,531,458,532,-1,458,529,532,-1,533,458,534,-1,458,531,534,-1,535,458,536,-1,458,533,536,-1,472,458,537,-1,458,535,537,-1,538,470,478,-1,477,539,478,-1,538,478,539,-1,477,491,540,-1,540,539,477,-1,541,491,492,-1,491,541,540,-1,489,542,492,-1,541,492,542,-1,489,490,543,-1,543,542,489,-1,544,490,488,-1,490,544,543,-1,487,545,488,-1,544,488,545,-1,487,486,546,-1,546,545,487,-1,547,486,485,-1,486,547,546,-1,484,548,485,-1,547,485,548,-1,484,483,549,-1,549,548,484,-1,550,483,482,-1,483,550,549,-1,481,551,482,-1,550,482,551,-1,481,480,552,-1,552,551,481,-1,553,480,474,-1,480,553,552,-1,473,554,474,-1,553,474,554,-1,473,472,555,-1,555,554,473,-1,472,556,555,-1,557,470,538,-1,557,558,471,-1,471,470,557,-1,493,558,559,-1,558,493,471,-1,560,494,559,-1,493,559,494,-1,560,561,495,-1,495,494,560,-1,496,561,562,-1,561,496,495,-1,563,497,562,-1,496,562,497,-1,563,564,498,-1,498,497,563,-1,499,564,565,-1,564,499,498,-1,566,501,565,-1,499,565,501,-1,566,567,500,-1,500,501,566,-1,503,567,568,-1,567,503,500,-1,569,502,568,-1,503,568,502,-1,569,570,505,-1,505,502,569,-1,504,570,571,-1,570,504,505,-1,572,479,571,-1,504,571,479,-1,572,573,460,-1,460,479,572,-1,459,573,574,-1,573,459,460,-1,459,574,506,-1,575,507,475,-1,476,576,475,-1,575,475,576,-1,476,520,577,-1,577,576,476,-1,578,520,521,-1,520,578,577,-1,518,579,521,-1,578,521,579,-1,518,519,580,-1,580,579,518,-1,581,519,517,-1,519,581,580,-1,516,582,517,-1,581,517,582,-1,516,515,583,-1,583,582,516,-1,584,515,514,-1,515,584,583,-1,513,585,514,-1,584,514,585,-1,513,512,586,-1,586,585,513,-1,587,512,511,-1,512,587,586,-1,510,588,511,-1,587,511,588,-1,510,509,589,-1,589,588,510,-1,590,509,469,-1,509,590,589,-1,468,591,469,-1,590,469,591,-1,468,506,592,-1,592,591,468,-1,506,574,592,-1,593,507,575,-1,593,594,508,-1,508,507,593,-1,522,594,595,-1,594,522,508,-1,596,523,595,-1,522,595,523,-1,596,597,524,-1,524,523,596,-1,525,597,598,-1,597,525,524,-1,599,526,598,-1,525,598,526,-1,599,600,527,-1,527,526,599,-1,528,600,601,-1,600,528,527,-1,602,530,601,-1,528,601,530,-1,602,603,529,-1,529,530,602,-1,532,603,604,-1,603,532,529,-1,605,531,604,-1,532,604,531,-1,605,606,534,-1,534,531,605,-1,533,606,607,-1,606,533,534,-1,608,536,607,-1,533,607,536,-1,608,609,535,-1,535,536,608,-1,537,609,556,-1,609,537,535,-1,537,556,472,-1,610,599,598,-1,611,572,612,-1,610,613,599,-1,610,598,614,-1,599,613,600,-1,597,614,598,-1,600,613,615,-1,597,596,614,-1,601,600,615,-1,616,614,596,-1,596,595,616,-1,595,594,616,-1,617,601,615,-1,616,594,593,-1,586,587,618,-1,575,616,593,-1,603,617,619,-1,576,620,575,-1,604,619,621,-1,622,623,583,-1,624,625,607,-1,626,618,587,-1,556,627,628,-1,590,629,630,-1,554,631,553,-1,632,574,633,-1,634,635,550,-1,612,571,636,-1,637,547,548,-1,568,638,639,-1,640,544,641,-1,564,642,565,-1,541,542,643,-1,562,644,645,-1,646,647,538,-1,558,648,559,-1,644,561,649,-1,560,648,649,-1,557,647,650,-1,557,650,558,-1,564,563,651,-1,645,651,563,-1,643,652,540,-1,646,539,652,-1,638,567,653,-1,566,642,653,-1,640,654,543,-1,542,654,643,-1,636,570,569,-1,639,636,569,-1,547,655,546,-1,655,641,545,-1,573,611,633,-1,635,656,549,-1,548,656,637,-1,629,591,592,-1,632,592,574,-1,553,657,552,-1,657,634,551,-1,588,658,626,-1,630,658,589,-1,659,631,554,-1,585,586,618,-1,555,628,659,-1,625,627,609,-1,660,622,584,-1,582,661,581,-1,608,607,625,-1,605,621,662,-1,606,662,624,-1,578,579,620,-1,580,581,663,-1,602,617,603,-1,617,602,601,-1,603,619,604,-1,604,621,605,-1,605,662,606,-1,606,624,607,-1,608,625,609,-1,609,627,556,-1,556,628,555,-1,555,659,554,-1,631,657,553,-1,552,657,551,-1,551,634,550,-1,550,635,549,-1,549,656,548,-1,637,655,547,-1,546,655,545,-1,545,641,544,-1,544,640,543,-1,543,654,542,-1,541,643,540,-1,540,652,539,-1,539,646,538,-1,538,647,557,-1,650,648,558,-1,559,648,560,-1,560,649,561,-1,561,644,562,-1,562,645,563,-1,651,642,564,-1,565,642,566,-1,566,653,567,-1,567,638,568,-1,568,639,569,-1,570,636,571,-1,571,612,572,-1,572,611,573,-1,573,633,574,-1,632,629,592,-1,591,629,590,-1,590,630,589,-1,589,658,588,-1,588,626,587,-1,618,660,585,-1,584,622,583,-1,585,660,584,-1,583,623,582,-1,581,661,663,-1,582,623,661,-1,579,580,663,-1,620,577,578,-1,620,579,663,-1,575,620,616,-1,577,620,576,-1,664,665,646,-1,652,666,664,-1,664,646,652,-1,666,643,667,-1,643,666,652,-1,668,667,654,-1,643,654,667,-1,640,669,668,-1,668,654,640,-1,669,641,670,-1,641,669,640,-1,671,670,655,-1,641,655,670,-1,637,672,671,-1,671,655,637,-1,672,656,673,-1,656,672,637,-1,674,673,635,-1,656,635,673,-1,634,675,674,-1,674,635,634,-1,675,657,676,-1,657,675,634,-1,677,676,631,-1,657,631,676,-1,659,678,677,-1,677,631,659,-1,678,628,679,-1,628,678,659,-1,680,679,627,-1,628,627,679,-1,625,681,680,-1,680,627,625,-1,681,624,682,-1,624,681,625,-1,683,682,662,-1,624,662,682,-1,621,684,683,-1,683,662,621,-1,684,619,685,-1,619,684,621,-1,686,685,617,-1,619,617,685,-1,615,687,686,-1,686,617,615,-1,687,613,688,-1,613,687,615,-1,689,688,610,-1,613,610,688,-1,614,690,689,-1,689,610,614,-1,616,690,614,-1,616,691,690,-1,646,665,647,-1,647,692,650,-1,692,647,665,-1,648,650,693,-1,692,693,650,-1,694,649,648,-1,648,693,694,-1,649,695,644,-1,695,649,694,-1,645,644,696,-1,695,696,644,-1,697,651,645,-1,645,696,697,-1,651,698,642,-1,698,651,697,-1,653,642,699,-1,698,699,642,-1,700,638,653,-1,653,699,700,-1,638,701,639,-1,701,638,700,-1,636,639,702,-1,701,702,639,-1,703,612,636,-1,636,702,703,-1,612,704,611,-1,704,612,703,-1,633,611,705,-1,704,705,611,-1,706,632,633,-1,633,705,706,-1,632,707,629,-1,707,632,706,-1,630,629,708,-1,707,708,629,-1,709,658,630,-1,630,708,709,-1,658,710,626,-1,710,658,709,-1,618,626,711,-1,710,711,626,-1,712,660,618,-1,618,711,712,-1,660,713,622,-1,713,660,712,-1,623,622,714,-1,713,714,622,-1,715,661,623,-1,623,714,715,-1,661,716,663,-1,716,661,715,-1,716,717,663,-1,663,717,620,-1,718,719,720,-1,721,722,723,-1,724,725,726,-1,727,728,725,-1,729,730,731,-1,732,733,734,-1,735,736,737,-1,738,718,720,-1,728,739,740,-1,741,742,743,-1,744,725,724,-1,744,727,725,-1,691,745,746,-1,727,739,728,-1,747,748,749,-1,740,739,741,-1,743,742,750,-1,740,741,743,-1,742,751,752,-1,750,742,752,-1,753,754,749,-1,754,755,756,-1,757,747,758,-1,748,747,757,-1,758,759,757,-1,760,761,762,-1,749,748,753,-1,756,755,763,-1,749,754,756,-1,755,752,764,-1,763,755,764,-1,762,761,765,-1,766,767,768,-1,760,769,770,-1,762,769,760,-1,769,771,770,-1,772,773,774,-1,775,776,777,-1,766,765,761,-1,768,767,778,-1,765,766,768,-1,767,764,779,-1,778,767,779,-1,777,776,780,-1,781,782,783,-1,775,784,785,-1,777,784,775,-1,784,786,785,-1,787,691,717,-1,788,789,790,-1,781,780,776,-1,783,782,791,-1,780,781,783,-1,782,779,792,-1,791,782,792,-1,790,789,793,-1,794,795,796,-1,788,797,798,-1,790,797,788,-1,797,799,798,-1,717,691,616,-1,800,801,802,-1,794,793,789,-1,796,795,803,-1,793,794,796,-1,795,792,804,-1,803,795,804,-1,802,801,805,-1,806,807,808,-1,800,809,810,-1,802,809,800,-1,809,811,810,-1,774,812,772,-1,813,814,815,-1,806,805,801,-1,808,807,816,-1,805,806,808,-1,807,804,817,-1,816,807,817,-1,818,819,815,-1,819,820,821,-1,822,813,823,-1,814,813,822,-1,823,824,822,-1,825,691,746,-1,826,827,828,-1,815,814,818,-1,821,820,829,-1,815,819,821,-1,820,817,787,-1,829,820,787,-1,828,827,830,-1,831,832,833,-1,834,835,836,-1,835,826,828,-1,834,826,835,-1,717,837,838,-1,839,840,841,-1,831,830,827,-1,833,832,842,-1,830,831,833,-1,832,787,838,-1,842,832,838,-1,841,840,843,-1,844,845,846,-1,839,847,848,-1,841,847,839,-1,847,849,848,-1,717,850,837,-1,851,852,717,-1,844,843,840,-1,846,845,853,-1,843,844,846,-1,845,838,837,-1,853,845,837,-1,854,855,717,-1,850,717,855,-1,856,851,857,-1,852,851,856,-1,857,858,856,-1,717,852,854,-1,620,717,616,-1,838,787,717,-1,859,860,861,-1,862,863,864,-1,865,859,861,-1,866,867,787,-1,865,868,869,-1,859,870,860,-1,869,868,774,-1,871,872,691,-1,691,872,745,-1,691,812,871,-1,865,861,868,-1,873,772,867,-1,874,870,875,-1,870,874,860,-1,804,876,877,-1,878,879,880,-1,881,873,882,-1,882,873,883,-1,774,773,869,-1,691,772,812,-1,883,873,867,-1,719,718,881,-1,720,863,738,-1,866,884,885,-1,862,738,863,-1,880,886,887,-1,887,886,888,-1,866,885,867,-1,889,885,890,-1,691,867,772,-1,719,881,882,-1,867,691,787,-1,884,890,885,-1,879,891,889,-1,878,891,879,-1,880,887,878,-1,892,893,877,-1,894,895,896,-1,895,894,897,-1,898,899,900,-1,896,901,902,-1,903,893,904,-1,817,877,866,-1,879,889,890,-1,817,866,787,-1,892,904,893,-1,905,901,903,-1,905,902,901,-1,896,902,894,-1,906,907,908,-1,909,907,906,-1,910,911,876,-1,912,913,914,-1,914,911,915,-1,866,877,893,-1,905,903,904,-1,804,877,817,-1,910,915,911,-1,900,876,792,-1,908,913,916,-1,908,916,906,-1,917,918,919,-1,920,921,922,-1,913,912,916,-1,917,923,924,-1,918,899,925,-1,877,876,911,-1,912,914,915,-1,792,876,804,-1,898,925,899,-1,926,927,928,-1,922,924,923,-1,921,924,922,-1,929,930,928,-1,931,932,933,-1,917,919,923,-1,732,734,933,-1,926,900,779,-1,876,900,899,-1,919,918,925,-1,779,900,792,-1,927,929,928,-1,733,732,930,-1,931,933,734,-1,736,934,935,-1,936,932,931,-1,937,938,939,-1,935,934,940,-1,941,942,943,-1,944,945,735,-1,900,926,928,-1,733,930,929,-1,926,946,947,-1,735,737,944,-1,736,935,737,-1,937,940,934,-1,939,940,937,-1,948,939,938,-1,941,943,949,-1,731,950,729,-1,951,952,953,-1,949,723,941,-1,926,941,944,-1,941,945,944,-1,954,955,951,-1,954,951,953,-1,730,954,731,-1,956,729,950,-1,730,955,954,-1,953,952,957,-1,956,950,958,-1,957,952,723,-1,941,723,952,-1,959,721,960,-1,942,941,926,-1,722,721,961,-1,721,723,949,-1,721,959,961,-1,942,926,947,-1,946,926,779,-1,960,721,962,-1,946,779,764,-1,963,946,764,-1,764,752,963,-1,964,965,752,-1,752,965,963,-1,751,964,752,-1,966,964,751,-1,967,966,968,-1,966,751,968,-1,969,970,966,-1,969,966,967,-1,970,971,966,-1,972,973,974,-1,975,976,977,-1,978,979,980,-1,981,982,983,-1,984,985,986,-1,987,988,989,-1,990,991,992,-1,993,994,995,-1,996,997,998,-1,999,1000,1001,-1,1002,975,1003,-1,1002,1004,1005,-1,1006,1007,976,-1,998,997,1005,-1,991,1008,1009,-1,1010,1008,996,-1,1011,1001,1012,-1,1013,990,992,-1,1012,1014,1015,-1,995,1016,1017,-1,1018,1013,985,-1,1019,1020,984,-1,1021,987,1022,-1,1023,1024,979,-1,1024,1023,1020,-1,1025,978,1026,-1,981,1027,982,-1,983,982,1028,-1,972,1025,1029,-1,1030,974,973,-1,1028,982,1031,-1,1032,1033,1030,-1,1031,1034,1028,-1,1035,1033,1036,-1,1006,1000,1007,-1,1037,1035,1038,-1,1039,1040,1041,-1,1042,1043,1041,-1,1042,1044,1045,-1,1038,1046,1037,-1,1047,1048,1045,-1,1049,1046,1050,-1,1048,1047,1051,-1,1050,1052,1053,-1,1054,1051,1055,-1,1056,1053,1057,-1,1058,1059,1055,-1,1056,1060,1061,-1,1062,1063,1064,-1,1063,1061,1060,-1,1065,1066,1067,-1,1068,1069,1070,-1,1071,1072,1073,-1,1074,1071,947,-1,1075,1076,1077,-1,1076,1073,1072,-1,1065,1067,1078,-1,1077,1078,1079,-1,1070,1080,946,-1,1081,947,946,-1,1062,1082,1083,-1,1066,1083,1084,-1,1085,1068,1058,-1,989,1027,981,-1,1027,989,988,-1,1039,1034,1040,-1,1034,1031,1040,-1,1043,1039,1041,-1,1044,1042,1041,-1,1047,1045,1044,-1,1054,1048,1051,-1,1059,1054,1055,-1,1085,1058,1055,-1,1069,1068,1085,-1,1080,1070,1069,-1,1081,946,1080,-1,1074,947,1081,-1,1072,1071,1074,-1,1075,1073,1076,-1,1079,1075,1077,-1,1065,1078,1077,-1,1084,1067,1066,-1,1082,1084,1083,-1,1064,1082,1062,-1,1061,1063,1062,-1,1057,1060,1056,-1,1052,1057,1053,-1,1049,1050,1053,-1,1037,1046,1049,-1,1036,1038,1035,-1,1032,1036,1033,-1,974,1030,1033,-1,1029,973,972,-1,1026,1029,1025,-1,980,1026,978,-1,1023,979,978,-1,1019,1024,1020,-1,986,1019,984,-1,1018,985,984,-1,990,1013,1018,-1,1009,992,991,-1,1010,1009,1008,-1,997,996,1008,-1,1004,998,1005,-1,1003,1004,1002,-1,977,1003,975,-1,1006,976,975,-1,1086,999,1001,-1,999,1007,1000,-1,1012,1015,1011,-1,1001,1011,1086,-1,1014,993,1015,-1,994,1016,995,-1,1014,994,993,-1,1017,1016,1022,-1,987,1021,988,-1,1022,1016,1021,-1,1087,1022,1088,-1,987,1089,1090,-1,1022,1090,1088,-1,1091,1092,987,-1,1022,987,1090,-1,987,1092,1089,-1,987,1093,1094,-1,1095,989,981,-1,1096,1097,989,-1,987,989,1093,-1,989,1098,1093,-1,1097,1098,989,-1,1099,989,1095,-1,1100,1101,983,-1,1096,989,1099,-1,981,1102,1103,-1,1102,981,1104,-1,1095,981,1105,-1,1106,981,1101,-1,1106,1104,981,-1,1105,981,1103,-1,1101,981,983,-1,1107,983,1108,-1,1109,983,1110,-1,1109,1100,983,-1,1107,1110,983,-1,1111,987,1094,-1,983,1028,1108,-1,1111,1091,987,-1,1112,1113,1034,-1,1028,1114,1115,-1,1116,1028,1117,-1,1117,1028,1118,-1,1118,1028,1034,-1,1028,1116,1119,-1,1120,1034,1113,-1,1034,1120,1121,-1,1034,1121,1122,-1,1028,1119,1114,-1,1118,1034,1122,-1,1123,1124,1045,-1,1125,1112,1039,-1,1125,1039,1043,-1,1126,1127,1042,-1,1045,1126,1042,-1,1127,1043,1042,-1,1126,1045,1124,-1,1125,1043,1127,-1,1123,1045,1048,-1,1054,1128,1048,-1,1123,1048,1128,-1,971,1054,1059,-1,1128,1054,971,-1,1112,1034,1039,-1,1108,1028,1115,-1,964,1058,1068,-1,1059,1058,966,-1,1058,964,966,-1,965,964,1068,-1,1070,965,1068,-1,965,1070,963,-1,966,971,1059,-1,1070,946,963,-1,1129,1022,1087,-1,1130,1131,993,-1,995,1132,1133,-1,1134,1132,1017,-1,1135,995,1136,-1,1011,1137,1138,-1,1022,1139,1140,-1,1129,1139,1022,-1,995,1141,993,-1,1142,1017,1140,-1,1022,1140,1017,-1,1143,1017,1144,-1,1017,1142,1144,-1,1145,1017,1143,-1,1017,1145,1134,-1,1017,1132,995,-1,1146,1136,995,-1,1133,1146,995,-1,1141,995,1135,-1,1130,993,1141,-1,1147,1148,993,-1,1147,993,1131,-1,1149,1150,993,-1,1149,993,1148,-1,1015,1150,1151,-1,1150,1015,993,-1,1015,1152,1153,-1,1151,1152,1015,-1,1015,1154,1137,-1,1153,1154,1015,-1,1015,1137,1011,-1,1155,1011,1156,-1,1011,1138,1156,-1,1157,1155,1156,-1,1011,1155,1158,-1,1011,1158,1086,-1,1159,1155,1157,-1,1160,1086,1158,-1,1159,1161,1155,-1,1162,1163,1161,-1,1161,1159,1162,-1,1163,1162,1164,-1,1086,1160,999,-1,1164,1165,1163,-1,1166,999,1160,-1,1165,1164,1167,-1,1166,1007,999,-1,1166,1168,1007,-1,1165,1167,1169,-1,1169,1170,1171,-1,1170,1169,1167,-1,1172,1171,1170,-1,1168,976,1007,-1,976,1168,1173,-1,1174,1171,1172,-1,1172,1175,1174,-1,1174,1175,1176,-1,977,976,1173,-1,1176,1175,1177,-1,1178,1177,1179,-1,1177,1178,1176,-1,1180,1181,1179,-1,1181,1178,1179,-1,1182,977,1173,-1,1180,1183,1181,-1,977,1182,1003,-1,1183,1180,1184,-1,1003,1182,1185,-1,1184,1186,1183,-1,1184,1187,1186,-1,1186,1187,1188,-1,1003,1185,1004,-1,1187,1189,1188,-1,1004,1185,1190,-1,1189,1187,1191,-1,1192,1189,1191,-1,1192,1191,1193,-1,1004,1190,998,-1,1193,1194,1192,-1,998,1190,1195,-1,1194,1193,1196,-1,996,998,1195,-1,1196,1197,1194,-1,1198,996,1195,-1,1197,1196,1199,-1,1198,1010,996,-1,1199,726,1197,-1,1198,1200,1010,-1,724,726,1199,-1,1010,1200,1009,-1,1199,744,724,-1,1009,1200,1201,-1,1202,1009,1201,-1,992,1009,1202,-1,1203,1013,992,-1,992,1202,1203,-1,1013,1204,985,-1,1204,1013,1203,-1,986,985,1205,-1,1204,1205,985,-1,1206,1019,986,-1,986,1205,1206,-1,1019,1207,1024,-1,1207,1019,1206,-1,979,1024,1208,-1,1207,1208,1024,-1,1209,980,979,-1,979,1208,1209,-1,980,1210,1026,-1,1210,980,1209,-1,1029,1026,1211,-1,1210,1211,1026,-1,1212,973,1029,-1,1029,1211,1212,-1,973,1213,1030,-1,1213,973,1212,-1,1032,1030,1214,-1,1213,1214,1030,-1,1215,1036,1032,-1,1032,1214,1215,-1,1036,1216,1038,-1,1216,1036,1215,-1,1046,1038,1217,-1,1216,1217,1038,-1,1218,1050,1046,-1,1046,1217,1218,-1,1050,1219,1052,-1,1219,1050,1218,-1,1057,1052,1220,-1,1219,1220,1052,-1,1221,1060,1057,-1,1057,1220,1221,-1,1060,1222,1063,-1,1222,1060,1221,-1,1064,1063,1223,-1,1222,1223,1063,-1,1224,1082,1064,-1,1064,1223,1224,-1,1082,1225,1084,-1,1225,1082,1224,-1,1067,1084,1226,-1,1225,1226,1084,-1,1227,1078,1067,-1,1067,1226,1227,-1,1078,962,1079,-1,962,1078,1227,-1,1075,1079,721,-1,962,721,1079,-1,942,1073,943,-1,1073,1075,949,-1,721,949,1075,-1,1073,949,943,-1,947,1071,942,-1,1073,942,1071,-1,729,1228,1229,-1,956,1228,729,-1,1230,1229,1228,-1,955,730,1231,-1,1229,1231,730,-1,729,1229,730,-1,1232,1233,1234,-1,1235,1236,1237,-1,1238,1201,1239,-1,1236,1240,1241,-1,1242,1243,1207,-1,1244,1245,1203,-1,1211,1246,1247,-1,1204,1245,1248,-1,1210,1249,1246,-1,1206,1250,1242,-1,1250,1205,1248,-1,1251,1249,1209,-1,1208,1243,1251,-1,1212,1252,1213,-1,1246,1211,1210,-1,1212,1211,1247,-1,1212,1247,1252,-1,1252,1253,1213,-1,1254,1214,1253,-1,1215,1254,1255,-1,1213,1253,1214,-1,1215,1214,1254,-1,1256,1216,1255,-1,1215,1255,1216,-1,1257,1217,1256,-1,1258,1219,1218,-1,1257,1218,1217,-1,1258,1218,1257,-1,1219,1258,1259,-1,1217,1216,1256,-1,1260,1221,1220,-1,1260,1261,1221,-1,1222,1221,1261,-1,1220,1259,1260,-1,1261,1262,1222,-1,1219,1259,1220,-1,1263,1224,1223,-1,1262,1263,1223,-1,1223,1222,1262,-1,1263,1264,1224,-1,1224,1264,1225,-1,1265,1225,1264,-1,1227,1226,1266,-1,1226,1265,1266,-1,1266,1267,1227,-1,1265,1226,1225,-1,1267,960,962,-1,1227,1267,962,-1,1267,959,960,-1,1244,1202,1238,-1,1268,1269,1198,-1,1269,1239,1198,-1,1270,1268,1240,-1,1270,1269,1268,-1,1241,1237,1236,-1,1268,1241,1240,-1,1271,1235,1272,-1,1235,1237,1272,-1,1271,1273,1274,-1,1273,1271,1272,-1,1275,1276,1274,-1,1274,1273,1275,-1,1277,1276,1278,-1,1275,1278,1276,-1,1277,1279,1280,-1,1279,1277,1278,-1,1281,1282,1280,-1,1280,1279,1281,-1,1283,1282,1284,-1,1281,1284,1282,-1,1283,1285,1286,-1,1285,1283,1284,-1,1285,1163,1287,-1,1286,1285,1287,-1,1287,1288,1286,-1,1287,1289,1288,-1,1289,1290,1291,-1,1291,1288,1289,-1,1292,1293,1290,-1,1291,1290,1293,-1,1294,1292,1295,-1,1292,1294,1293,-1,1295,1296,1297,-1,1297,1294,1295,-1,1298,1299,1296,-1,1297,1296,1299,-1,1300,1298,1301,-1,1298,1300,1299,-1,1301,1302,1303,-1,1303,1300,1301,-1,1304,1305,1302,-1,1303,1302,1305,-1,1306,1304,1307,-1,1304,1306,1305,-1,1307,1308,1309,-1,1309,1306,1307,-1,1310,1309,1308,-1,1308,1307,1192,-1,1311,726,1234,-1,1311,1310,1308,-1,725,728,1234,-1,1232,728,740,-1,1234,728,1232,-1,1234,1233,1311,-1,725,1234,726,-1,1311,1197,726,-1,1197,1308,1194,-1,1233,1310,1311,-1,1197,1311,1308,-1,1192,1194,1308,-1,1192,1307,1189,-1,1307,1304,1189,-1,1189,1304,1188,-1,1304,1302,1188,-1,1188,1302,1186,-1,1302,1301,1186,-1,1186,1301,1183,-1,1301,1298,1183,-1,1183,1298,1181,-1,1181,1296,1178,-1,1181,1298,1296,-1,1178,1295,1176,-1,1178,1296,1295,-1,1176,1292,1174,-1,1176,1295,1292,-1,1174,1290,1171,-1,1174,1292,1290,-1,1171,1289,1169,-1,1171,1290,1289,-1,1287,1165,1169,-1,1169,1289,1287,-1,1163,1165,1287,-1,1163,1285,1161,-1,1285,1284,1161,-1,1161,1284,1155,-1,1284,1281,1155,-1,1155,1281,1158,-1,1281,1279,1158,-1,1158,1279,1160,-1,1279,1278,1160,-1,1160,1278,1166,-1,1278,1275,1166,-1,1166,1275,1168,-1,1275,1273,1168,-1,1168,1273,1173,-1,1273,1272,1173,-1,1173,1272,1182,-1,1272,1237,1182,-1,1182,1237,1185,-1,1237,1241,1185,-1,1185,1241,1190,-1,1190,1268,1195,-1,1190,1241,1268,-1,1195,1268,1198,-1,1198,1239,1200,-1,1239,1201,1200,-1,1238,1202,1201,-1,1203,1202,1244,-1,1204,1203,1245,-1,1204,1248,1205,-1,1205,1250,1206,-1,1206,1242,1207,-1,1207,1243,1208,-1,1208,1251,1209,-1,1209,1249,1210,-1,1124,1312,1313,-1,1313,1126,1124,-1,1314,1112,1125,-1,1315,1126,1313,-1,1314,1127,1315,-1,1127,1314,1125,-1,1315,1127,1126,-1,1316,1317,1318,-1,1318,1319,1312,-1,1317,970,969,-1,1319,1318,1317,-1,1128,971,1316,-1,1317,1316,970,-1,971,970,1316,-1,1318,1123,1128,-1,1128,1316,1318,-1,1318,1124,1123,-1,1312,1124,1318,-1,952,951,1320,-1,1321,1322,1323,-1,1321,1324,1322,-1,1324,1325,1322,-1,1326,1320,1231,-1,1230,1327,1229,-1,1328,1329,1324,-1,1320,1326,1330,-1,955,1231,951,-1,1329,1328,1330,-1,1329,1327,1325,-1,945,1330,1328,-1,736,735,1331,-1,1331,1328,1324,-1,1325,1324,1329,-1,1324,1321,1331,-1,945,1328,735,-1,1331,735,1328,-1,1327,1326,1229,-1,1330,945,941,-1,1330,1326,1329,-1,952,1330,941,-1,1327,1329,1326,-1,1229,1326,1231,-1,951,1231,1320,-1,1330,952,1320,-1,1332,1333,1334,-1,1335,1336,1337,-1,1338,1339,1340,-1,1341,1342,1343,-1,1341,1343,1344,-1,1340,1345,1338,-1,1335,1337,1346,-1,1345,1340,1347,-1,1348,1349,1350,-1,1351,1352,1346,-1,1353,1352,1351,-1,1354,1355,1356,-1,1357,1358,1359,-1,1349,1360,1361,-1,1347,1362,1363,-1,1364,1365,1366,-1,1355,1334,1333,-1,1367,1360,1368,-1,1356,1355,1333,-1,1369,1370,1371,-1,1363,1362,1372,-1,1340,1362,1347,-1,1360,1367,1361,-1,1367,1368,1372,-1,1340,1339,1373,-1,1374,1375,1369,-1,1376,1348,1350,-1,1377,1378,1379,-1,1348,1376,1379,-1,1376,1377,1379,-1,1374,1378,1375,-1,1375,1378,1377,-1,1371,1374,1369,-1,1380,1381,1382,-1,1370,1383,1371,-1,1384,1383,1370,-1,1380,1385,1384,-1,1383,1384,1385,-1,1350,1349,1361,-1,1382,1385,1380,-1,1386,1387,1388,-1,1387,1386,1381,-1,1389,1390,1391,-1,1387,1390,1388,-1,1392,755,1393,-1,1389,1388,1390,-1,1394,1232,743,-1,1394,1392,1395,-1,1396,1232,1394,-1,1232,740,743,-1,1397,1391,1398,-1,1399,1390,1387,-1,1381,1386,1382,-1,754,753,1397,-1,1393,755,754,-1,1397,1393,754,-1,752,1392,750,-1,1363,1372,1368,-1,1339,1338,1332,-1,1356,1365,1354,-1,1339,1332,1334,-1,1400,1364,1366,-1,1364,1354,1365,-1,1401,1402,1400,-1,1400,1366,1401,-1,1357,1402,1403,-1,1401,1403,1402,-1,1404,1359,1358,-1,1358,1357,1403,-1,1404,1352,1353,-1,1353,1359,1404,-1,1405,1336,1406,-1,1351,1346,1337,-1,1343,1407,1408,-1,1406,1336,1335,-1,1409,1408,1405,-1,1405,1406,1409,-1,1408,1410,1344,-1,1409,1410,1408,-1,1411,1342,1341,-1,1343,1408,1344,-1,1411,1412,1413,-1,1413,1342,1411,-1,1414,1415,1412,-1,1413,1412,1415,-1,1416,1414,1417,-1,1414,1416,1415,-1,1417,1418,1419,-1,1419,1416,1417,-1,1420,1421,1418,-1,1419,1418,1421,-1,1422,1420,1423,-1,1420,1422,1421,-1,1423,1424,1425,-1,1425,1422,1423,-1,1426,1427,1424,-1,1425,1424,1427,-1,1428,1429,1430,-1,1426,1430,1427,-1,1431,1429,1432,-1,1428,1430,1426,-1,1431,1433,1434,-1,1429,1428,1432,-1,1435,1436,1437,-1,1432,1433,1431,-1,1434,1438,1435,-1,1438,1434,1433,-1,1439,1436,1435,-1,1435,1438,1439,-1,1436,1440,1441,-1,1439,1440,1436,-1,1441,1442,1443,-1,1443,1436,1441,-1,1444,1445,1446,-1,1444,1446,1447,-1,1267,961,959,-1,1448,722,961,-1,1447,1446,957,-1,1445,1443,1442,-1,1445,1442,1449,-1,954,953,1449,-1,953,1446,1449,-1,1393,1397,1398,-1,752,755,1392,-1,1450,1387,1381,-1,1398,1391,1390,-1,1392,1398,1395,-1,1451,1452,1453,-1,1395,1390,1399,-1,1381,1380,1451,-1,1399,1387,1450,-1,1380,1384,1454,-1,1450,1381,1451,-1,1384,1370,1455,-1,1380,1454,1451,-1,1370,1369,1456,-1,1384,1455,1454,-1,1369,1375,1457,-1,1370,1456,1455,-1,1375,1377,1458,-1,1369,1457,1456,-1,1377,1376,1459,-1,1375,1458,1457,-1,1376,1350,1460,-1,1377,1459,1458,-1,1350,1361,1461,-1,1376,1460,1459,-1,1367,1462,1361,-1,1350,1461,1460,-1,1372,1463,1367,-1,1361,1462,1461,-1,1362,1464,1372,-1,1367,1463,1462,-1,1340,1465,1362,-1,1463,1372,1464,-1,1466,1339,1334,-1,1464,1362,1465,-1,1467,1468,1469,-1,1465,1340,1373,-1,1334,1355,1469,-1,1373,1339,1466,-1,1355,1354,1470,-1,1334,1469,1466,-1,1354,1364,1471,-1,1355,1470,1469,-1,1364,1400,1472,-1,1354,1471,1470,-1,1400,1402,1473,-1,1364,1472,1471,-1,1402,1357,1474,-1,1400,1473,1472,-1,1357,1359,1475,-1,1402,1474,1473,-1,1359,1353,1476,-1,1357,1475,1474,-1,1353,1351,1477,-1,1359,1476,1475,-1,1351,1337,1478,-1,1353,1477,1476,-1,1336,1479,1337,-1,1351,1478,1477,-1,1405,1480,1336,-1,1337,1479,1478,-1,1408,1481,1405,-1,1479,1336,1480,-1,1482,1343,1342,-1,1480,1405,1481,-1,1483,1342,1413,-1,1481,1408,1407,-1,1484,1485,1486,-1,1407,1343,1482,-1,1413,1415,1486,-1,1482,1342,1483,-1,1415,1416,1487,-1,1413,1486,1483,-1,1416,1419,1488,-1,1415,1487,1486,-1,1419,1421,1489,-1,1416,1488,1487,-1,1421,1422,1490,-1,1419,1489,1488,-1,1422,1425,1491,-1,1421,1490,1489,-1,1425,1427,1492,-1,1422,1491,1490,-1,1427,1430,1493,-1,1425,1492,1491,-1,1430,1429,1494,-1,1427,1493,1492,-1,1431,1495,1429,-1,1430,1494,1493,-1,1434,1496,1431,-1,1429,1495,1494,-1,1435,1497,1434,-1,1495,1431,1496,-1,1498,1436,1443,-1,1496,1434,1497,-1,1499,1443,1445,-1,1497,1435,1437,-1,1500,1501,1444,-1,1437,1436,1498,-1,1448,1500,1447,-1,1499,1498,1443,-1,1445,1444,1499,-1,953,957,1446,-1,1449,1446,1445,-1,1393,1398,1392,-1,1396,1233,1232,-1,1396,1399,1502,-1,1398,1390,1395,-1,1399,1396,1395,-1,1453,1310,1502,-1,1450,1502,1399,-1,1306,1453,1452,-1,1450,1453,1502,-1,1452,1454,1503,-1,1454,1452,1451,-1,1503,1455,1504,-1,1455,1503,1454,-1,1504,1456,1505,-1,1456,1504,1455,-1,1505,1457,1506,-1,1457,1505,1456,-1,1506,1458,1507,-1,1458,1506,1457,-1,1507,1459,1508,-1,1459,1507,1458,-1,1508,1460,1509,-1,1460,1508,1459,-1,1509,1461,1510,-1,1461,1509,1460,-1,1510,1462,1511,-1,1462,1510,1461,-1,1511,1463,1512,-1,1463,1511,1462,-1,1512,1464,1513,-1,1464,1512,1463,-1,1513,1465,1514,-1,1465,1513,1464,-1,1514,1373,1515,-1,1373,1514,1465,-1,1468,1277,1515,-1,1466,1515,1373,-1,1274,1468,1467,-1,1466,1468,1515,-1,1467,1470,1516,-1,1470,1467,1469,-1,1516,1471,1517,-1,1471,1516,1470,-1,1517,1472,1518,-1,1472,1517,1471,-1,1518,1473,1519,-1,1473,1518,1472,-1,1519,1474,1520,-1,1474,1519,1473,-1,1520,1475,1521,-1,1475,1520,1474,-1,1521,1476,1522,-1,1476,1521,1475,-1,1522,1477,1523,-1,1477,1522,1476,-1,1523,1478,1524,-1,1478,1523,1477,-1,1524,1479,1525,-1,1479,1524,1478,-1,1525,1480,1526,-1,1480,1525,1479,-1,1526,1481,1527,-1,1481,1526,1480,-1,1527,1407,1528,-1,1407,1527,1481,-1,1528,1482,1529,-1,1482,1528,1407,-1,1485,1251,1529,-1,1483,1529,1482,-1,1246,1485,1484,-1,1483,1485,1529,-1,1484,1487,1530,-1,1487,1484,1486,-1,1530,1488,1531,-1,1488,1530,1487,-1,1531,1489,1532,-1,1489,1531,1488,-1,1532,1490,1533,-1,1490,1532,1489,-1,1533,1491,1534,-1,1491,1533,1490,-1,1534,1492,1535,-1,1492,1534,1491,-1,1535,1493,1536,-1,1493,1535,1492,-1,1536,1494,1537,-1,1494,1536,1493,-1,1537,1495,1538,-1,1495,1537,1494,-1,1538,1496,1539,-1,1496,1538,1495,-1,1539,1497,1540,-1,1497,1539,1496,-1,1540,1437,1541,-1,1437,1540,1497,-1,1541,1498,1542,-1,1498,1541,1437,-1,1501,1264,1542,-1,1499,1542,1498,-1,1499,1501,1542,-1,1499,1444,1501,-1,1447,957,723,-1,1447,1500,1444,-1,722,1447,723,-1,1392,1394,750,-1,743,750,1394,-1,1233,1502,1310,-1,1395,1396,1394,-1,1233,1396,1502,-1,1310,1453,1309,-1,1306,1309,1453,-1,1451,1453,1450,-1,1306,1452,1305,-1,1452,1503,1305,-1,1305,1503,1303,-1,1503,1504,1303,-1,1303,1504,1300,-1,1504,1505,1300,-1,1300,1505,1299,-1,1505,1506,1299,-1,1299,1506,1297,-1,1506,1507,1297,-1,1297,1507,1294,-1,1507,1508,1294,-1,1294,1508,1293,-1,1293,1509,1291,-1,1293,1508,1509,-1,1291,1510,1288,-1,1291,1509,1510,-1,1288,1511,1286,-1,1288,1510,1511,-1,1286,1512,1283,-1,1286,1511,1512,-1,1283,1513,1282,-1,1283,1512,1513,-1,1282,1514,1280,-1,1282,1513,1514,-1,1280,1515,1277,-1,1280,1514,1515,-1,1277,1468,1276,-1,1274,1276,1468,-1,1469,1468,1466,-1,1274,1467,1271,-1,1467,1516,1271,-1,1271,1516,1235,-1,1516,1517,1235,-1,1235,1517,1236,-1,1517,1518,1236,-1,1236,1518,1240,-1,1518,1519,1240,-1,1240,1519,1270,-1,1519,1520,1270,-1,1270,1520,1269,-1,1520,1521,1269,-1,1269,1521,1239,-1,1239,1522,1238,-1,1239,1521,1522,-1,1238,1523,1244,-1,1238,1522,1523,-1,1244,1524,1245,-1,1244,1523,1524,-1,1245,1525,1248,-1,1245,1524,1525,-1,1248,1526,1250,-1,1248,1525,1526,-1,1250,1527,1242,-1,1250,1526,1527,-1,1242,1528,1243,-1,1242,1527,1528,-1,1243,1529,1251,-1,1243,1528,1529,-1,1251,1485,1249,-1,1246,1249,1485,-1,1486,1485,1483,-1,1246,1484,1247,-1,1484,1530,1247,-1,1247,1530,1252,-1,1530,1531,1252,-1,1252,1531,1253,-1,1531,1532,1253,-1,1253,1532,1254,-1,1532,1533,1254,-1,1254,1533,1255,-1,1533,1534,1255,-1,1255,1534,1256,-1,1256,1535,1257,-1,1256,1534,1535,-1,1257,1536,1258,-1,1257,1535,1536,-1,1258,1537,1259,-1,1258,1536,1537,-1,1259,1538,1260,-1,1259,1537,1538,-1,1260,1539,1261,-1,1260,1538,1539,-1,1261,1540,1262,-1,1261,1539,1540,-1,1262,1541,1263,-1,1262,1540,1541,-1,1263,1542,1264,-1,1263,1541,1542,-1,1264,1501,1265,-1,1265,1501,1266,-1,1501,1500,1266,-1,1266,1500,1267,-1,1448,1447,722,-1,1500,1448,1267,-1,961,1267,1448,-1,1543,741,1544,-1,1545,1546,1547,-1,1548,1549,1550,-1,1551,1552,1553,-1,1550,1553,1552,-1,1545,1110,1107,-1,1546,1118,1122,-1,1110,1554,1109,-1,1545,1555,1554,-1,1547,1556,1549,-1,1555,1547,1557,-1,1104,1554,1102,-1,1554,1558,1102,-1,1559,1549,1548,-1,1557,1559,1560,-1,1103,1558,1105,-1,1099,1558,1096,-1,1561,1562,1555,-1,1097,1563,1098,-1,1096,1562,1097,-1,1561,1560,1564,-1,1563,1093,1098,-1,1561,1564,1565,-1,1563,1562,1565,-1,1111,1563,1091,-1,1091,1563,1092,-1,1564,1566,1565,-1,1089,1092,1567,-1,1565,1566,1568,-1,1567,1092,1563,-1,1568,1566,1569,-1,1567,1129,1087,-1,1570,1568,1569,-1,1571,1142,1140,-1,1572,1134,1571,-1,1145,1143,1571,-1,1573,1572,1571,-1,1132,1134,1572,-1,1141,1135,1573,-1,1572,1573,1136,-1,1573,1574,1575,-1,1131,1130,1575,-1,1575,1576,1577,-1,1574,1576,1575,-1,1157,1138,1159,-1,1138,1137,1577,-1,1159,1138,1577,-1,1157,1156,1138,-1,1137,1154,1577,-1,1159,1577,1576,-1,1151,1577,1152,-1,1153,1577,1154,-1,1575,1150,1149,-1,1577,1151,1150,-1,1131,1575,1147,-1,1148,1575,1149,-1,1575,1130,1141,-1,1578,1574,1573,-1,1136,1146,1572,-1,1573,1570,1578,-1,1569,1579,1570,-1,1579,1578,1570,-1,1571,1139,1567,-1,1571,1567,1570,-1,1563,1568,1567,-1,1567,1139,1129,-1,1549,1559,1557,-1,1561,1557,1560,-1,1552,1548,1550,-1,1545,1554,1110,-1,1580,1550,1556,-1,1115,1114,1545,-1,1581,1556,1546,-1,1116,1546,1119,-1,1582,1580,1583,-1,1551,1553,1584,-1,1584,1585,1586,-1,1546,1121,1120,-1,1587,1588,1585,-1,1586,1551,1584,-1,1589,1587,1590,-1,1586,1585,1588,-1,1590,1591,1589,-1,1587,1589,1588,-1,1590,1543,1544,-1,1591,1590,1544,-1,1543,742,741,-1,739,1544,741,-1,1592,1593,1594,-1,1595,1596,1597,-1,1317,1597,1594,-1,969,967,1317,-1,967,1597,1317,-1,751,742,1595,-1,751,1595,968,-1,1595,742,1543,-1,1585,1592,1587,-1,1595,1590,1596,-1,1584,1598,1585,-1,1587,1592,1596,-1,1553,1582,1584,-1,1585,1598,1592,-1,1581,1120,1113,-1,1598,1584,1582,-1,1546,1116,1117,-1,1580,1553,1550,-1,1545,1107,1108,-1,1549,1556,1550,-1,1554,1104,1106,-1,1547,1549,1557,-1,1554,1562,1558,-1,1555,1557,1561,-1,1094,1093,1563,-1,1561,1565,1562,-1,1090,1089,1567,-1,1565,1568,1563,-1,1140,1139,1571,-1,1570,1567,1568,-1,1571,1134,1145,-1,1573,1571,1570,-1,1135,1136,1573,-1,1573,1575,1141,-1,1148,1147,1575,-1,1577,1150,1575,-1,1153,1152,1577,-1,1543,1590,1595,-1,1594,1319,1317,-1,1596,1594,1597,-1,1590,1587,1596,-1,1592,1594,1596,-1,1593,1598,1599,-1,1598,1593,1592,-1,1599,1582,1583,-1,1582,1599,1598,-1,1583,1580,1581,-1,1122,1121,1546,-1,1553,1580,1582,-1,1580,1556,1581,-1,1114,1119,1545,-1,1556,1547,1546,-1,1100,1109,1554,-1,1555,1545,1547,-1,1103,1102,1558,-1,1562,1554,1555,-1,1562,1096,1558,-1,1562,1563,1097,-1,1111,1094,1563,-1,1090,1567,1088,-1,1087,1088,1567,-1,1142,1571,1144,-1,1143,1144,1571,-1,1132,1572,1133,-1,1146,1133,1572,-1,1595,1597,968,-1,967,968,1597,-1,1319,1594,1312,-1,1594,1593,1312,-1,1312,1593,1313,-1,1593,1599,1313,-1,1313,1599,1315,-1,1315,1583,1314,-1,1315,1599,1583,-1,1314,1581,1112,-1,1314,1583,1581,-1,1113,1112,1581,-1,1581,1546,1120,-1,1117,1118,1546,-1,1545,1119,1546,-1,1108,1115,1545,-1,1100,1554,1101,-1,1106,1101,1554,-1,1105,1558,1095,-1,1099,1095,1558,-1,934,736,1331,-1,1321,934,1331,-1,937,934,1321,-1,1321,1323,1600,-1,938,937,1600,-1,1321,1600,937,-1,1601,1602,1603,-1,1358,1604,1605,-1,1605,1606,1602,-1,1602,1404,1605,-1,1346,1601,1607,-1,1352,1602,1601,-1,1607,1608,1335,-1,1601,1609,1607,-1,1608,1610,1406,-1,1610,1608,1611,-1,1612,1608,1607,-1,1613,1614,1610,-1,1409,1610,1614,-1,1410,1614,1615,-1,1616,1617,1615,-1,1618,1615,1614,-1,1617,1344,1615,-1,1619,1620,1617,-1,1620,1341,1617,-1,1621,1622,1623,-1,1604,1624,1605,-1,1625,1626,1622,-1,1622,1412,1625,-1,1625,1620,1627,-1,1414,1622,1621,-1,1628,1629,1621,-1,1629,1417,1621,-1,1630,1631,1629,-1,1632,1633,1634,-1,1631,1634,1633,-1,1631,1418,1629,-1,1635,1633,1632,-1,1632,1636,1635,-1,1635,1636,1637,-1,1638,1639,1637,-1,1640,1639,1638,-1,1641,1640,1642,-1,1637,1636,1638,-1,1643,1644,1645,-1,1620,1625,1411,-1,1641,1642,1644,-1,1646,1645,1644,-1,1647,1643,1645,-1,1646,1644,1642,-1,1648,1649,1650,-1,1640,1641,1639,-1,1650,1440,1648,-1,1651,1648,1652,-1,1652,1643,1647,-1,1652,1648,1439,-1,1650,958,1653,-1,1652,1438,1643,-1,1449,731,954,-1,1442,731,1449,-1,1653,958,950,-1,1653,950,731,-1,1604,1654,1655,-1,1654,1656,1655,-1,1403,1654,1604,-1,1657,1656,1658,-1,1654,1658,1656,-1,1657,1659,1660,-1,1659,1657,1658,-1,1661,1662,1660,-1,1660,1659,1661,-1,1663,1664,1661,-1,1662,1661,1664,-1,1663,1665,1664,-1,1663,1666,1665,-1,1667,1665,1666,-1,1668,1667,1666,-1,1667,1668,1669,-1,1669,1668,1670,-1,1670,1671,1669,-1,1670,1672,1671,-1,1673,1671,1672,-1,1674,1673,1672,-1,1673,1674,1675,-1,1675,1674,1676,-1,1676,1677,1675,-1,1676,1678,1677,-1,1679,1677,1678,-1,1680,1679,1678,-1,1679,1680,1681,-1,1681,1680,1682,-1,1682,1683,1681,-1,1682,1684,1683,-1,1685,1683,1684,-1,1686,1685,1684,-1,1685,1686,1687,-1,1687,1686,1688,-1,1688,1689,1687,-1,1688,1690,1689,-1,1691,1689,1690,-1,1692,1691,1690,-1,1692,1383,1693,-1,1692,1693,1694,-1,1385,1695,1693,-1,1695,1696,1693,-1,1697,1695,1382,-1,1698,1695,1697,-1,1697,1386,1699,-1,1697,1699,1700,-1,1701,1702,1699,-1,1699,1703,1700,-1,1704,1701,1705,-1,1703,1699,1702,-1,1705,1706,759,-1,1701,1704,1702,-1,1389,1391,1705,-1,1706,757,759,-1,1397,748,1706,-1,753,748,1397,-1,1706,1391,1397,-1,1706,748,757,-1,759,1704,1705,-1,1391,1706,1705,-1,1701,1388,1389,-1,1389,1705,1701,-1,1699,1386,1388,-1,1388,1701,1699,-1,1386,1697,1382,-1,1695,1385,1382,-1,1698,1697,1700,-1,1693,1383,1385,-1,1696,1695,1698,-1,1692,1371,1383,-1,1694,1693,1696,-1,1690,1374,1371,-1,1691,1692,1694,-1,1371,1692,1690,-1,1688,1378,1374,-1,1374,1690,1688,-1,1686,1379,1378,-1,1378,1688,1686,-1,1684,1348,1379,-1,1379,1686,1684,-1,1682,1349,1348,-1,1348,1684,1682,-1,1680,1360,1349,-1,1349,1682,1680,-1,1678,1368,1360,-1,1360,1680,1678,-1,1676,1363,1368,-1,1368,1678,1676,-1,1674,1347,1363,-1,1363,1676,1674,-1,1672,1345,1347,-1,1347,1674,1672,-1,1670,1338,1345,-1,1345,1672,1670,-1,1668,1332,1338,-1,1338,1670,1668,-1,1666,1333,1332,-1,1332,1668,1666,-1,1663,1356,1333,-1,1333,1666,1663,-1,1356,1661,1365,-1,1356,1663,1661,-1,1365,1659,1366,-1,1365,1661,1659,-1,1366,1658,1401,-1,1366,1659,1658,-1,1401,1654,1403,-1,1401,1658,1654,-1,1403,1604,1358,-1,1605,1404,1358,-1,1624,1604,1655,-1,1602,1352,1404,-1,1606,1605,1624,-1,1601,1346,1352,-1,1603,1602,1606,-1,1607,1335,1346,-1,1609,1601,1603,-1,1608,1406,1335,-1,1612,1607,1609,-1,1610,1409,1406,-1,1611,1608,1612,-1,1614,1410,1409,-1,1613,1610,1611,-1,1615,1344,1410,-1,1618,1614,1613,-1,1617,1341,1344,-1,1616,1615,1618,-1,1620,1411,1341,-1,1619,1617,1616,-1,1625,1412,1411,-1,1627,1620,1619,-1,1622,1414,1412,-1,1626,1625,1627,-1,1621,1417,1414,-1,1623,1622,1626,-1,1629,1418,1417,-1,1628,1621,1623,-1,1631,1420,1418,-1,1630,1629,1628,-1,1633,1423,1420,-1,1634,1631,1630,-1,1420,1631,1633,-1,1635,1424,1423,-1,1423,1633,1635,-1,1637,1426,1424,-1,1424,1635,1637,-1,1639,1428,1426,-1,1426,1637,1639,-1,1641,1432,1428,-1,1428,1639,1641,-1,1644,1433,1432,-1,1432,1641,1644,-1,1433,1643,1438,-1,1433,1644,1643,-1,1438,1652,1439,-1,1648,1440,1439,-1,1651,1652,1647,-1,1650,1441,1440,-1,1649,1648,1651,-1,1441,1653,1442,-1,958,1650,1649,-1,1441,1650,1653,-1,731,1442,1653,-1,1179,1560,1559,-1,1172,1566,1175,-1,1170,1569,1172,-1,1564,1175,1566,-1,1569,1566,1172,-1,1177,1564,1560,-1,1177,1175,1564,-1,1576,1574,1162,-1,1574,1578,1164,-1,1164,1578,1167,-1,1579,1167,1578,-1,1162,1574,1164,-1,1170,1579,1569,-1,1170,1167,1579,-1,1576,1162,1159,-1,1184,1548,1707,-1,1707,1708,1187,-1,1707,1548,1552,-1,1709,1191,1708,-1,1551,1708,1707,-1,1193,1709,1710,-1,1709,1708,1586,-1,1710,1711,1196,-1,1709,1588,1710,-1,1712,1199,1711,-1,1589,1711,1710,-1,744,1199,1712,-1,1712,1711,1591,-1,727,744,1712,-1,1591,1544,727,-1,739,727,1544,-1,727,1712,1591,-1,1591,1711,1589,-1,1710,1588,1589,-1,1196,1711,1199,-1,1709,1586,1588,-1,1193,1710,1196,-1,1708,1551,1586,-1,1191,1709,1193,-1,1707,1552,1551,-1,1187,1708,1191,-1,1184,1707,1187,-1,1548,1180,1559,-1,1180,1548,1184,-1,1179,1559,1180,-1,1177,1560,1179,-1,1713,1714,1715,-1,1716,1717,1718,-1,1716,1719,1720,-1,1717,1721,1722,-1,1716,1718,1719,-1,1719,1723,1720,-1,1718,1717,1722,-1,1724,1725,1726,-1,1727,1721,1728,-1,1728,1729,1730,-1,1731,1732,1725,-1,1732,1729,1733,-1,1725,1732,1734,-1,1732,1735,1729,-1,1736,1725,1724,-1,1728,1737,1729,-1,1722,1721,1727,-1,1738,1739,1740,-1,1741,1724,1742,-1,1743,1741,1739,-1,1741,1744,1739,-1,1739,1744,1745,-1,1740,1739,1745,-1,1723,1713,1746,-1,1747,1724,1741,-1,1748,1749,1750,-1,1751,1740,1745,-1,1740,1751,1748,-1,1713,1715,1746,-1,1723,1746,1720,-1,1715,1714,1752,-1,1714,1753,1752,-1,1753,1754,1752,-1,1755,1754,1753,-1,1756,1754,1755,-1,1756,1755,1757,-1,1756,1757,1758,-1,1757,1759,1758,-1,1759,1760,1758,-1,1761,1760,1759,-1,1760,1762,1763,-1,1762,1760,1761,-1,1764,1763,1765,-1,1763,1762,1766,-1,1765,1767,1768,-1,1766,1765,1763,-1,1769,1770,1767,-1,1767,1765,1771,-1,1772,1769,1773,-1,1767,1774,1769,-1,1775,909,1776,-1,1777,1773,1769,-1,906,1778,909,-1,1775,1776,1773,-1,1779,1780,916,-1,1779,916,912,-1,909,1778,1776,-1,916,1778,906,-1,1738,1740,1750,-1,1748,1750,1740,-1,1741,1742,1744,-1,1743,1739,1738,-1,1724,1726,1742,-1,1747,1741,1743,-1,1725,1734,1726,-1,1736,1724,1747,-1,1732,1733,1734,-1,1731,1725,1736,-1,1729,1737,1733,-1,1735,1732,1731,-1,1728,1781,1737,-1,1730,1729,1735,-1,1721,1782,1781,-1,1727,1728,1730,-1,1781,1728,1721,-1,1717,1783,1782,-1,1782,1721,1717,-1,1716,1784,1783,-1,1783,1717,1716,-1,1720,1785,1784,-1,1784,1716,1720,-1,1746,1786,1785,-1,1785,1720,1746,-1,1715,1787,1786,-1,1786,1746,1715,-1,1752,1788,1787,-1,1787,1715,1752,-1,1754,1789,1788,-1,1788,1752,1754,-1,1756,1790,1789,-1,1789,1754,1756,-1,1758,1791,1790,-1,1790,1756,1758,-1,1760,1792,1791,-1,1791,1758,1760,-1,1792,1763,1764,-1,1792,1760,1763,-1,1764,1765,1768,-1,1767,1770,1768,-1,1771,1765,1766,-1,1769,1772,1770,-1,1774,1767,1771,-1,1773,1793,1772,-1,1777,1769,1774,-1,1776,1794,1793,-1,1775,1773,1777,-1,1793,1773,1776,-1,1794,1778,1780,-1,1794,1776,1778,-1,916,1780,1778,-1,1795,1796,1797,-1,1796,1798,1797,-1,1799,1800,1801,-1,1802,1800,1803,-1,1804,1805,1806,-1,1800,1807,1801,-1,1808,1809,1803,-1,1810,1799,1811,-1,1812,1810,1806,-1,1810,1813,1799,-1,1804,1806,1814,-1,1806,1810,1815,-1,1816,1817,1818,-1,1819,1820,1804,-1,1804,1821,1819,-1,1817,1822,1819,-1,1823,1818,1817,-1,1824,1817,1819,-1,1811,1799,1801,-1,1818,1825,1826,-1,1827,1828,1829,-1,1827,1830,1828,-1,1831,1832,1825,-1,1828,1833,1829,-1,1832,1830,1827,-1,1834,1833,1835,-1,1832,1836,1825,-1,1833,1834,1829,-1,1837,1838,1839,-1,1840,1837,1839,-1,1834,1835,1838,-1,1839,1838,1835,-1,1841,1840,1842,-1,1843,1842,1844,-1,1837,1840,1841,-1,1845,1846,1844,-1,1843,1844,1846,-1,1845,1847,1846,-1,1848,1849,1847,-1,1847,1845,1848,-1,1847,1850,1851,-1,1842,1843,1841,-1,1852,1853,1854,-1,1854,1855,1856,-1,1856,1850,1857,-1,1858,1854,1853,-1,1859,1854,1856,-1,1847,1849,1850,-1,1856,1860,1850,-1,1861,1862,1853,-1,1863,1864,923,-1,1865,920,922,-1,922,923,1865,-1,1866,1861,1853,-1,1865,1861,920,-1,1825,1818,1867,-1,923,919,1863,-1,1802,1807,1800,-1,1868,1808,1869,-1,1809,1802,1803,-1,1870,1871,1869,-1,1868,1809,1808,-1,1872,1870,1873,-1,1868,1869,1871,-1,1873,1795,1874,-1,1870,1872,1871,-1,1797,1874,1795,-1,1874,1872,1873,-1,1875,1876,1877,-1,1796,1875,1798,-1,1878,1876,1879,-1,1798,1875,1877,-1,1879,1880,1881,-1,1876,1878,1877,-1,1882,1883,1880,-1,1881,1878,1879,-1,1884,1882,1885,-1,1881,1880,1883,-1,1885,1886,1887,-1,1882,1884,1883,-1,1888,1889,1886,-1,1887,1884,1885,-1,1890,1888,1891,-1,1887,1886,1889,-1,1888,1890,1889,-1,1890,1891,1892,-1,1892,1891,1893,-1,1893,1894,1892,-1,1893,1895,1894,-1,1896,1894,1895,-1,1897,1896,1895,-1,1897,1898,1899,-1,1897,1899,1900,-1,1901,1902,1899,-1,1902,1903,1899,-1,1904,1902,1905,-1,1906,1902,1904,-1,1904,1907,1908,-1,1904,1908,1909,-1,1910,1911,1908,-1,1911,1912,1908,-1,1913,1911,1914,-1,1913,1912,1911,-1,1915,1916,1917,-1,1914,1911,1915,-1,1918,1919,1916,-1,1917,1914,1915,-1,1920,1918,1921,-1,1917,1916,1919,-1,1921,1922,799,-1,1918,1920,1919,-1,1923,1924,1921,-1,1922,798,799,-1,788,1922,1924,-1,789,788,1925,-1,1924,1925,788,-1,1922,788,798,-1,799,1920,1921,-1,1924,1922,1921,-1,1918,1926,1923,-1,1923,1921,1918,-1,1916,1927,1926,-1,1926,1918,1916,-1,1915,1928,1927,-1,1927,1916,1915,-1,1928,1911,1910,-1,1928,1915,1911,-1,1910,1908,1907,-1,1904,1905,1907,-1,1909,1908,1912,-1,1902,1901,1905,-1,1906,1904,1909,-1,1899,1898,1901,-1,1903,1902,1906,-1,1897,1929,1898,-1,1900,1899,1903,-1,1895,1930,1929,-1,1896,1897,1900,-1,1929,1897,1895,-1,1893,1931,1930,-1,1930,1895,1893,-1,1891,1932,1931,-1,1931,1893,1891,-1,1888,1933,1932,-1,1932,1891,1888,-1,1886,1934,1933,-1,1933,1888,1886,-1,1885,1935,1934,-1,1934,1886,1885,-1,1882,1936,1935,-1,1935,1885,1882,-1,1880,1937,1936,-1,1936,1882,1880,-1,1879,1938,1937,-1,1937,1880,1879,-1,1876,1939,1938,-1,1938,1879,1876,-1,1875,1940,1939,-1,1939,1876,1875,-1,1796,1941,1940,-1,1940,1875,1796,-1,1795,1942,1941,-1,1941,1796,1795,-1,1873,1943,1942,-1,1942,1795,1873,-1,1870,1944,1943,-1,1943,1873,1870,-1,1869,1945,1944,-1,1944,1870,1869,-1,1808,1946,1945,-1,1945,1869,1808,-1,1946,1803,1947,-1,1946,1808,1803,-1,1947,1800,1948,-1,1947,1803,1800,-1,1948,1799,1813,-1,1948,1800,1799,-1,1813,1810,1812,-1,1806,1805,1812,-1,1815,1810,1811,-1,1804,1820,1805,-1,1814,1806,1815,-1,1819,1822,1820,-1,1821,1804,1814,-1,1817,1816,1822,-1,1824,1819,1821,-1,1818,1826,1816,-1,1823,1817,1824,-1,1825,1836,1826,-1,1867,1818,1823,-1,1832,1949,1836,-1,1831,1825,1867,-1,1827,1950,1949,-1,1830,1832,1831,-1,1949,1832,1827,-1,1829,1951,1950,-1,1950,1827,1829,-1,1834,1952,1951,-1,1951,1829,1834,-1,1838,1953,1952,-1,1952,1834,1838,-1,1837,1954,1953,-1,1953,1838,1837,-1,1841,1955,1954,-1,1954,1837,1841,-1,1843,1956,1955,-1,1955,1841,1843,-1,1846,1957,1956,-1,1956,1843,1846,-1,1957,1847,1851,-1,1957,1846,1847,-1,1851,1850,1860,-1,1856,1855,1860,-1,1857,1850,1849,-1,1854,1858,1855,-1,1859,1856,1857,-1,1853,1862,1858,-1,1852,1854,1859,-1,1861,1958,1862,-1,1866,1853,1852,-1,1958,1865,1864,-1,920,1861,1866,-1,1958,1861,1865,-1,923,1864,1865,-1,1959,1960,1961,-1,1962,1963,1964,-1,1965,1966,1967,-1,1968,1967,1966,-1,1965,1969,1970,-1,1971,1967,1968,-1,1972,1969,1973,-1,1974,1975,1973,-1,1966,1965,1970,-1,1974,1976,1977,-1,1969,1972,1970,-1,1978,1979,1980,-1,1975,1972,1973,-1,1976,1979,1981,-1,1981,1977,1976,-1,1978,1980,1982,-1,1981,1979,1978,-1,1983,1984,1985,-1,1980,1983,1982,-1,1986,1987,1988,-1,1989,1984,1990,-1,1985,1984,1989,-1,1988,1987,1991,-1,1986,1990,1987,-1,1982,1983,1985,-1,1986,1989,1990,-1,1992,1993,1991,-1,1994,1995,1996,-1,1995,1994,1992,-1,1993,1992,1994,-1,1993,1988,1991,-1,1996,1995,1997,-1,1977,1975,1974,-1,1998,1999,1997,-1,2000,2001,2002,-1,2003,2004,2005,-1,2004,2003,2002,-1,2005,1999,1998,-1,2002,2001,2004,-1,2001,2000,2006,-1,2003,2005,1998,-1,2007,2008,2001,-1,2009,2007,2010,-1,2011,2010,2012,-1,2010,2007,2013,-1,2006,2007,2001,-1,2010,2014,2012,-1,1996,1997,1999,-1,2012,2015,2016,-1,2017,2015,2018,-1,936,931,2019,-1,2017,936,2019,-1,2020,734,2021,-1,931,734,2019,-1,2012,2022,2015,-1,2017,2023,2015,-1,2021,734,733,-1,1968,1961,1971,-1,1959,2024,2025,-1,1971,1961,1960,-1,2026,2027,2024,-1,2025,1960,1959,-1,2028,2026,2029,-1,2025,2024,2027,-1,2029,2030,2031,-1,2026,2028,2027,-1,2032,2033,2030,-1,2031,2028,2029,-1,2034,2032,1962,-1,2031,2030,2033,-1,1962,1964,2034,-1,2032,2034,2033,-1,1964,1963,2035,-1,2035,1963,2036,-1,2036,2037,2035,-1,2036,2038,2037,-1,2039,2037,2038,-1,2040,2039,2038,-1,2039,2040,2041,-1,2041,2040,2042,-1,2042,2043,2041,-1,2042,2044,2043,-1,2045,2043,2044,-1,2046,2045,2044,-1,2045,2046,2047,-1,2047,2046,2048,-1,2048,2049,2047,-1,2048,2050,2049,-1,2051,2049,2050,-1,2052,2051,2050,-1,2052,2053,2054,-1,2052,2054,2055,-1,2056,2057,2054,-1,2057,2058,2054,-1,2059,2057,2060,-1,2061,2057,2059,-1,2059,2062,2063,-1,2059,2063,2064,-1,2065,2066,2063,-1,2066,2067,2063,-1,2066,2068,2069,-1,2069,2067,2066,-1,2068,2070,2071,-1,2069,2068,2072,-1,2073,2074,2070,-1,2071,2072,2068,-1,2075,2073,2076,-1,2071,2070,2074,-1,2076,2077,786,-1,2073,2075,2074,-1,2078,2079,2076,-1,2077,785,786,-1,775,2077,2079,-1,776,775,2080,-1,2079,2080,775,-1,2077,775,785,-1,786,2075,2076,-1,2079,2077,2076,-1,2073,2081,2078,-1,2078,2076,2073,-1,2070,2082,2081,-1,2081,2073,2070,-1,2068,2083,2082,-1,2082,2070,2068,-1,2083,2066,2065,-1,2083,2068,2066,-1,2065,2063,2062,-1,2059,2060,2062,-1,2064,2063,2067,-1,2057,2056,2060,-1,2061,2059,2064,-1,2054,2053,2056,-1,2058,2057,2061,-1,2052,2084,2053,-1,2055,2054,2058,-1,2050,2085,2084,-1,2051,2052,2055,-1,2084,2052,2050,-1,2048,2086,2085,-1,2085,2050,2048,-1,2046,2087,2086,-1,2086,2048,2046,-1,2044,2088,2087,-1,2087,2046,2044,-1,2042,2089,2088,-1,2088,2044,2042,-1,2040,2090,2089,-1,2089,2042,2040,-1,2038,2091,2090,-1,2090,2040,2038,-1,2036,2092,2091,-1,2091,2038,2036,-1,1963,2093,2092,-1,2092,2036,1963,-1,1962,2094,2093,-1,2093,1963,1962,-1,2032,2095,2094,-1,2094,1962,2032,-1,2030,2096,2095,-1,2095,2032,2030,-1,2029,2097,2096,-1,2096,2030,2029,-1,2026,2098,2097,-1,2097,2029,2026,-1,2024,2099,2098,-1,2098,2026,2024,-1,1959,2100,2099,-1,2099,2024,1959,-1,1961,2101,2100,-1,2100,1959,1961,-1,1968,2102,2101,-1,2101,1961,1968,-1,1966,2103,2102,-1,2102,1968,1966,-1,1970,2104,2103,-1,2103,1966,1970,-1,1972,2105,2104,-1,2104,1970,1972,-1,1975,2106,2105,-1,2105,1972,1975,-1,1977,2107,2106,-1,2106,1975,1977,-1,1981,2108,2107,-1,2107,1977,1981,-1,1978,2109,2108,-1,2108,1981,1978,-1,1982,2110,2109,-1,2109,1978,1982,-1,1985,2111,2110,-1,2110,1982,1985,-1,1989,2112,2111,-1,2111,1985,1989,-1,1986,2113,2112,-1,2112,1989,1986,-1,1988,2114,2113,-1,2113,1986,1988,-1,1993,2115,2114,-1,2114,1988,1993,-1,1994,2116,2115,-1,2115,1993,1994,-1,1996,2117,2116,-1,2116,1994,1996,-1,1999,2118,2117,-1,2117,1996,1999,-1,2005,2119,2118,-1,2118,1999,2005,-1,2004,2120,2119,-1,2119,2005,2004,-1,2120,2001,2008,-1,2120,2004,2001,-1,2008,2007,2009,-1,2010,2011,2009,-1,2013,2007,2006,-1,2012,2016,2011,-1,2014,2010,2013,-1,2015,2023,2016,-1,2022,2012,2014,-1,2017,2121,2023,-1,2018,2015,2022,-1,2121,2019,2020,-1,936,2017,2018,-1,2121,2017,2019,-1,734,2020,2019,-1,2122,2123,2124,-1,2125,2126,2127,-1,2128,2122,2124,-1,2129,2123,2130,-1,2126,2128,2124,-1,2129,2131,2132,-1,2132,2131,2133,-1,2123,2122,2130,-1,2134,2132,2135,-1,2132,2133,2135,-1,2136,2137,2138,-1,2130,2131,2129,-1,2136,2139,2140,-1,2134,2141,2140,-1,2142,2137,2136,-1,2140,2143,2136,-1,2144,2145,2146,-1,2140,2147,2134,-1,2148,2137,2149,-1,2150,2151,2148,-1,2152,2151,2153,-1,2154,2148,2151,-1,2152,2155,2151,-1,2152,2156,2144,-1,2152,2144,2157,-1,2148,2158,2137,-1,2145,2159,2160,-1,2159,2161,2162,-1,2145,2163,2159,-1,2145,2144,2164,-1,2165,2161,2159,-1,2166,2161,2167,-1,2166,2168,2161,-1,2169,2166,2170,-1,2171,2172,2173,-1,2169,2173,2172,-1,2174,2172,2171,-1,2171,2175,2174,-1,2176,2177,2178,-1,2169,2170,2173,-1,2176,2179,2177,-1,2180,2179,2176,-1,2181,2182,2183,-1,2180,2182,2181,-1,2180,2176,2182,-1,2183,2175,2181,-1,2174,2175,2183,-1,2135,2141,2134,-1,2184,2185,2178,-1,2185,2184,948,-1,2185,948,938,-1,2186,2178,2185,-1,1323,2187,1600,-1,2184,2178,2177,-1,2128,2126,2125,-1,2188,2125,2127,-1,2189,2188,2127,-1,2188,2189,2190,-1,2190,2189,2191,-1,2191,2192,2190,-1,2191,2193,2192,-1,2194,2192,2193,-1,2195,2194,2193,-1,2194,2195,2196,-1,2196,2195,2197,-1,2197,2198,2196,-1,2197,2199,2198,-1,2200,2198,2199,-1,2201,2200,2199,-1,2200,2201,2202,-1,2202,2201,2203,-1,2203,2204,2202,-1,2203,2205,2204,-1,2206,2204,2205,-1,2207,2206,2205,-1,2206,2207,2208,-1,2208,2207,2209,-1,2209,2210,2208,-1,2209,2211,2210,-1,2212,2210,2211,-1,2213,2212,2211,-1,2212,2213,2214,-1,2214,2213,2215,-1,2215,2216,2214,-1,2215,2217,2216,-1,2218,2216,2217,-1,2219,2218,2217,-1,2218,2219,2220,-1,2220,2219,2221,-1,2221,2222,2220,-1,2221,2223,2222,-1,2224,2223,2225,-1,2226,2223,2224,-1,2224,2227,2228,-1,2224,2228,2229,-1,2230,2231,2228,-1,2231,2232,2228,-1,2233,2231,2234,-1,2235,2231,2233,-1,2233,2236,2237,-1,2235,2233,2237,-1,2238,2239,2240,-1,2233,2240,2236,-1,2241,2238,2242,-1,2236,2240,2239,-1,2242,2243,771,-1,2238,2241,2239,-1,2244,2245,2242,-1,2243,770,771,-1,760,2243,2245,-1,761,760,2246,-1,2245,2246,760,-1,2243,760,770,-1,771,2241,2242,-1,2245,2243,2242,-1,2238,2247,2244,-1,2244,2242,2238,-1,2240,2248,2247,-1,2247,2238,2240,-1,2248,2233,2234,-1,2248,2240,2233,-1,2234,2231,2230,-1,2228,2227,2230,-1,2232,2231,2235,-1,2224,2225,2227,-1,2229,2228,2232,-1,2223,2249,2225,-1,2226,2224,2229,-1,2221,2250,2249,-1,2222,2223,2226,-1,2249,2223,2221,-1,2219,2251,2250,-1,2250,2221,2219,-1,2217,2252,2251,-1,2251,2219,2217,-1,2215,2253,2252,-1,2252,2217,2215,-1,2213,2254,2253,-1,2253,2215,2213,-1,2211,2255,2254,-1,2254,2213,2211,-1,2209,2256,2255,-1,2255,2211,2209,-1,2207,2257,2256,-1,2256,2209,2207,-1,2205,2258,2257,-1,2257,2207,2205,-1,2203,2259,2258,-1,2258,2205,2203,-1,2201,2260,2259,-1,2259,2203,2201,-1,2199,2261,2260,-1,2260,2201,2199,-1,2197,2262,2261,-1,2261,2199,2197,-1,2195,2263,2262,-1,2262,2197,2195,-1,2193,2264,2263,-1,2263,2195,2193,-1,2191,2265,2264,-1,2264,2193,2191,-1,2189,2266,2265,-1,2265,2191,2189,-1,2127,2267,2266,-1,2266,2189,2127,-1,2126,2268,2267,-1,2267,2127,2126,-1,2124,2269,2268,-1,2268,2126,2124,-1,2123,2270,2269,-1,2269,2124,2123,-1,2270,2129,2271,-1,2270,2123,2129,-1,2271,2132,2272,-1,2271,2129,2132,-1,2272,2134,2147,-1,2272,2132,2134,-1,2147,2140,2139,-1,2136,2138,2139,-1,2143,2140,2141,-1,2137,2158,2138,-1,2142,2136,2143,-1,2148,2154,2158,-1,2149,2137,2142,-1,2151,2155,2154,-1,2150,2148,2149,-1,2152,2157,2155,-1,2153,2151,2150,-1,2144,2146,2157,-1,2156,2152,2153,-1,2145,2160,2146,-1,2164,2144,2156,-1,2159,2162,2160,-1,2163,2145,2164,-1,2161,2168,2162,-1,2165,2159,2163,-1,2166,2273,2168,-1,2167,2161,2165,-1,2169,2274,2273,-1,2170,2166,2167,-1,2273,2166,2169,-1,2172,2275,2274,-1,2274,2169,2172,-1,2174,2276,2275,-1,2275,2172,2174,-1,2183,2277,2276,-1,2276,2174,2183,-1,2182,2278,2277,-1,2277,2183,2182,-1,2176,2279,2278,-1,2278,2182,2176,-1,2279,2178,2186,-1,2279,2176,2178,-1,2186,2185,2187,-1,2187,2185,1600,-1,938,1600,2185,-1,2280,2281,2282,-1,2283,2284,2285,-1,2286,2280,2282,-1,2282,2281,2287,-1,2288,2289,2290,-1,2283,2289,2284,-1,2291,2288,2290,-1,2291,2286,2288,-1,2289,2283,2290,-1,2280,2286,2291,-1,2292,2293,2294,-1,2295,2293,2296,-1,2295,2296,2297,-1,2285,2297,2296,-1,2293,2295,2294,-1,2298,2299,2300,-1,2301,2292,2294,-1,2302,2303,2304,-1,2305,2306,2307,-1,2306,2302,2307,-1,2308,2305,2307,-1,2302,2306,2303,-1,2304,2303,2309,-1,2305,2308,2301,-1,2310,2304,2309,-1,2311,2312,2313,-1,2313,2310,2311,-1,2299,2314,2312,-1,2312,2314,2313,-1,2312,2315,2299,-1,2309,2311,2310,-1,2300,2316,2317,-1,2318,2319,2320,-1,2317,2298,2300,-1,2316,2319,2318,-1,2320,2319,2321,-1,2316,2318,2317,-1,2322,2323,2324,-1,2314,2299,2298,-1,2325,2326,2327,-1,2328,2327,2329,-1,2325,2327,2328,-1,2329,2320,2321,-1,2323,2326,2325,-1,2308,2292,2301,-1,2321,2328,2329,-1,2297,2285,2284,-1,2330,2331,2324,-1,2332,2333,2334,-1,2331,2330,2332,-1,2324,2331,2335,-1,2334,2336,2331,-1,2326,2323,2322,-1,2287,2281,2337,-1,2287,2337,2338,-1,2339,2338,2340,-1,2337,2340,2338,-1,2339,2341,2342,-1,2341,2339,2340,-1,2343,2344,2342,-1,2342,2341,2343,-1,2345,2344,2346,-1,2343,2346,2344,-1,2345,2347,2348,-1,2347,2345,2346,-1,2349,2350,2348,-1,2348,2347,2349,-1,2351,2350,2352,-1,2349,2352,2350,-1,2351,2353,2354,-1,2353,2351,2352,-1,2355,2356,2354,-1,2354,2353,2355,-1,2357,2356,2358,-1,2355,2358,2356,-1,2357,2359,2360,-1,2359,2357,2358,-1,2361,2362,2360,-1,2360,2359,2361,-1,2363,2362,2364,-1,2361,2364,2362,-1,2363,2365,2366,-1,2365,2363,2364,-1,2367,2368,2366,-1,2366,2365,2367,-1,2369,2368,2370,-1,2367,2370,2368,-1,2369,2371,2372,-1,2371,2369,2370,-1,2373,2374,2372,-1,2372,2371,2373,-1,2375,2374,2376,-1,2373,2376,2374,-1,2375,2377,2378,-1,2377,2375,2376,-1,2379,2380,2378,-1,2378,2377,2379,-1,2381,2380,2382,-1,2379,2382,2380,-1,2381,2383,2384,-1,2383,2381,2382,-1,2385,2386,2387,-1,2384,2383,2386,-1,2384,2386,2385,-1,878,2385,2387,-1,891,878,2388,-1,2387,2388,878,-1,2336,2335,2331,-1,2334,2331,2332,-1,2389,2330,2324,-1,2335,2322,2324,-1,2324,2323,2389,-1,2325,2390,2389,-1,2389,2323,2325,-1,2328,2391,2390,-1,2390,2325,2328,-1,2321,2392,2391,-1,2391,2328,2321,-1,2319,2393,2392,-1,2392,2321,2319,-1,2316,2394,2393,-1,2393,2319,2316,-1,2300,2395,2394,-1,2394,2316,2300,-1,2396,2395,2300,-1,2300,2299,2396,-1,2315,2396,2299,-1,2315,2312,2397,-1,2312,2311,2397,-1,2397,2311,2398,-1,2311,2309,2398,-1,2398,2309,2399,-1,2309,2303,2399,-1,2399,2303,2400,-1,2303,2306,2400,-1,2400,2306,2401,-1,2306,2305,2401,-1,2401,2305,2402,-1,2305,2301,2402,-1,2402,2301,2403,-1,2301,2294,2403,-1,2403,2294,2404,-1,2294,2295,2404,-1,2404,2295,2405,-1,2295,2297,2405,-1,2405,2297,2406,-1,2297,2284,2406,-1,2406,2284,2407,-1,2284,2289,2407,-1,2407,2289,2408,-1,2289,2288,2408,-1,2408,2288,2409,-1,2288,2286,2409,-1,2409,2286,2410,-1,2286,2282,2410,-1,2410,2282,2411,-1,2282,2287,2411,-1,2411,2287,2412,-1,2287,2338,2412,-1,2412,2338,2413,-1,2338,2339,2413,-1,2413,2339,2414,-1,2339,2342,2414,-1,2414,2342,2415,-1,2342,2344,2415,-1,2415,2344,2416,-1,2344,2345,2416,-1,2416,2345,2417,-1,2345,2348,2417,-1,2417,2348,2418,-1,2348,2350,2418,-1,2418,2350,2419,-1,2419,2351,2420,-1,2419,2350,2351,-1,2420,2354,2421,-1,2420,2351,2354,-1,2421,2356,2422,-1,2421,2354,2356,-1,2422,2357,2423,-1,2422,2356,2357,-1,2423,2360,2424,-1,2423,2357,2360,-1,2424,2362,2425,-1,2424,2360,2362,-1,2425,2363,2426,-1,2425,2362,2363,-1,2426,2366,2427,-1,2426,2363,2366,-1,2427,2368,2428,-1,2427,2366,2368,-1,2428,2369,2429,-1,2428,2368,2369,-1,2429,2372,2430,-1,2429,2369,2372,-1,2430,2374,2431,-1,2430,2372,2374,-1,2431,2375,2432,-1,2431,2374,2375,-1,2432,2378,2433,-1,2432,2375,2378,-1,2433,2380,2434,-1,2433,2378,2380,-1,2434,2381,2435,-1,2434,2380,2381,-1,2381,2384,2435,-1,2435,2384,888,-1,2385,887,888,-1,888,2384,2385,-1,878,887,2385,-1,2436,2437,824,-1,2438,2439,2440,-1,2441,2440,2439,-1,2442,2443,2444,-1,2443,2442,2438,-1,2445,2444,2446,-1,2440,2443,2438,-1,2442,2444,2445,-1,2445,2446,2447,-1,2447,2446,2448,-1,2449,2450,2448,-1,2448,2450,2447,-1,2451,2452,2453,-1,2454,2455,2456,-1,2453,2457,2458,-1,2453,2458,2451,-1,2455,2454,2452,-1,2451,2455,2452,-1,2449,2457,2450,-1,2458,2457,2449,-1,2459,2460,2461,-1,2462,2463,2464,-1,2462,2464,2460,-1,2460,2459,2462,-1,2465,2466,2463,-1,2463,2466,2464,-1,2465,2467,2466,-1,2456,2459,2461,-1,2468,2469,2470,-1,2468,2470,2467,-1,2471,2469,2472,-1,2469,2471,2470,-1,2468,2467,2465,-1,2472,2473,2471,-1,2472,2474,2473,-1,2475,2473,2474,-1,2476,2477,2478,-1,2479,2480,2477,-1,2477,2476,2479,-1,2475,2478,2477,-1,2481,2479,2476,-1,2478,2475,2474,-1,2456,2461,2454,-1,2482,2483,2484,-1,2485,2486,2482,-1,2483,2487,2484,-1,2485,2482,2484,-1,896,2488,901,-1,2489,2487,2483,-1,2481,2489,2479,-1,2481,2487,2489,-1,2490,2486,2491,-1,2485,2491,2486,-1,2492,2488,896,-1,2490,2492,896,-1,2439,2493,2441,-1,2492,2490,2491,-1,2441,2493,2494,-1,2495,2494,2493,-1,2495,2496,2497,-1,2497,2494,2495,-1,2498,2499,2496,-1,2496,2495,2500,-1,2499,2498,2501,-1,2497,2496,2499,-1,2502,2503,2501,-1,2501,2498,2502,-1,2504,2503,2505,-1,2502,2505,2503,-1,2504,2506,2507,-1,2506,2504,2505,-1,2508,2509,2507,-1,2507,2506,2508,-1,2510,2509,2511,-1,2508,2511,2509,-1,2510,2512,2513,-1,2512,2510,2511,-1,2514,2515,2513,-1,2513,2512,2514,-1,2516,2515,2517,-1,2514,2517,2515,-1,2516,2518,2519,-1,2518,2516,2517,-1,2520,2521,2519,-1,2519,2518,2520,-1,2522,2521,2523,-1,2520,2523,2521,-1,2522,2524,2525,-1,2524,2522,2523,-1,2526,2527,2525,-1,2525,2524,2526,-1,2528,2527,2529,-1,2526,2529,2527,-1,2528,2530,2531,-1,2530,2528,2529,-1,2532,2533,2531,-1,2531,2530,2532,-1,2534,2533,2535,-1,2532,2535,2533,-1,2534,2536,2537,-1,2536,2534,2535,-1,2536,2538,2539,-1,2537,2536,2539,-1,2540,2539,2541,-1,2539,2540,2537,-1,2541,2542,2543,-1,2543,2540,2541,-1,2544,2545,2542,-1,2543,2542,2545,-1,2546,2544,2437,-1,2544,2546,2545,-1,2436,813,2547,-1,813,815,2548,-1,2548,2547,813,-1,813,2436,823,-1,2436,2547,2437,-1,823,2436,824,-1,2437,2549,824,-1,2549,2544,2550,-1,2547,2546,2437,-1,2549,2437,2544,-1,2550,2542,2551,-1,2550,2544,2542,-1,2551,2541,2552,-1,2551,2542,2541,-1,2552,2539,2553,-1,2552,2541,2539,-1,2538,2553,2539,-1,2538,2536,2554,-1,2536,2535,2554,-1,2554,2535,2555,-1,2535,2532,2555,-1,2555,2532,2556,-1,2532,2530,2556,-1,2556,2530,2557,-1,2530,2529,2557,-1,2557,2529,2558,-1,2558,2526,2559,-1,2558,2529,2526,-1,2559,2524,2560,-1,2559,2526,2524,-1,2560,2523,2561,-1,2560,2524,2523,-1,2561,2520,2562,-1,2561,2523,2520,-1,2562,2518,2563,-1,2562,2520,2518,-1,2563,2517,2564,-1,2563,2518,2517,-1,2564,2514,2565,-1,2564,2517,2514,-1,2565,2512,2566,-1,2565,2514,2512,-1,2566,2511,2567,-1,2566,2512,2511,-1,2567,2508,2568,-1,2567,2511,2508,-1,2568,2506,2569,-1,2568,2508,2506,-1,2569,2505,2570,-1,2569,2506,2505,-1,2570,2502,2571,-1,2570,2505,2502,-1,2571,2498,2572,-1,2571,2502,2498,-1,2496,2573,2572,-1,2572,2498,2496,-1,2500,2573,2496,-1,2500,2495,2574,-1,2495,2493,2574,-1,2574,2493,2575,-1,2493,2439,2575,-1,2575,2439,2576,-1,2439,2438,2576,-1,2576,2438,2577,-1,2438,2442,2577,-1,2577,2442,2578,-1,2442,2445,2578,-1,2578,2445,2579,-1,2445,2447,2579,-1,2579,2447,2580,-1,2447,2450,2580,-1,2580,2450,2581,-1,2450,2457,2581,-1,2581,2457,2582,-1,2457,2453,2582,-1,2582,2453,2583,-1,2453,2452,2583,-1,2583,2452,2584,-1,2452,2454,2584,-1,2584,2454,2585,-1,2454,2461,2585,-1,2585,2461,2586,-1,2586,2460,2587,-1,2586,2461,2460,-1,2587,2464,2588,-1,2587,2460,2464,-1,2588,2466,2589,-1,2588,2464,2466,-1,2589,2467,2590,-1,2589,2466,2467,-1,2590,2470,2591,-1,2590,2467,2470,-1,2591,2471,2592,-1,2591,2470,2471,-1,2592,2473,2593,-1,2592,2471,2473,-1,2593,2475,2594,-1,2593,2473,2475,-1,2594,2477,2595,-1,2594,2475,2477,-1,2480,2595,2477,-1,2480,2479,2596,-1,2479,2489,2596,-1,2596,2489,2597,-1,2489,2483,2597,-1,2597,2483,2598,-1,2483,2482,2598,-1,2598,2482,2599,-1,2482,2486,2599,-1,2599,2486,897,-1,2490,895,897,-1,897,2486,2490,-1,896,895,2490,-1,2600,2601,811,-1,2602,2603,2604,-1,2602,2604,2605,-1,2606,2602,2605,-1,2606,1747,2602,-1,2604,2603,2607,-1,2608,2609,2610,-1,2611,2612,2613,-1,2605,2611,2606,-1,2614,2613,2612,-1,2612,2615,2614,-1,2615,2616,2614,-1,2616,2615,2617,-1,2618,2619,2620,-1,2620,2616,2617,-1,2620,2617,2618,-1,2619,2618,2621,-1,2619,2621,2622,-1,2606,2611,2613,-1,2623,2624,2625,-1,2625,2624,2626,-1,2623,2627,2628,-1,2627,2623,2625,-1,2629,2630,2626,-1,2624,2629,2626,-1,2631,2632,2633,-1,2628,2627,2622,-1,2634,2635,2636,-1,2637,2635,2634,-1,2637,2634,2638,-1,2639,2640,2638,-1,2638,2640,2637,-1,2639,2641,2640,-1,2630,2636,2635,-1,2642,2641,2639,-1,2631,2643,2644,-1,2643,2645,2644,-1,2644,2645,2642,-1,1766,2643,2633,-1,2631,2633,2643,-1,2645,2641,2642,-1,2636,2630,2629,-1,2646,2647,2648,-1,2649,2650,2647,-1,2651,2646,2648,-1,2646,2649,2647,-1,2652,2651,2648,-1,2632,2652,2633,-1,2651,2652,2632,-1,2628,2622,2621,-1,2653,2654,908,-1,913,908,2654,-1,2650,2655,2656,-1,908,2656,2653,-1,2653,2656,2655,-1,2603,2657,2607,-1,2655,2650,2649,-1,2657,2658,2607,-1,2658,2657,2610,-1,2609,2608,2659,-1,2658,2610,2609,-1,2660,2659,2661,-1,2608,2661,2659,-1,2660,2662,2663,-1,2662,2660,2661,-1,2664,2665,2663,-1,2663,2662,2664,-1,2666,2665,2667,-1,2664,2667,2665,-1,2666,2668,2669,-1,2668,2666,2667,-1,2670,2671,2669,-1,2669,2668,2670,-1,2672,2671,2673,-1,2670,2673,2671,-1,2672,2674,2675,-1,2674,2672,2673,-1,2676,2677,2675,-1,2675,2674,2676,-1,2678,2677,2679,-1,2676,2679,2677,-1,2678,2680,2681,-1,2680,2678,2679,-1,2682,2683,2681,-1,2681,2680,2682,-1,2684,2683,2685,-1,2682,2685,2683,-1,2684,2686,2687,-1,2686,2684,2685,-1,2688,2689,2687,-1,2687,2686,2688,-1,2690,2689,2691,-1,2688,2691,2689,-1,2690,2692,2693,-1,2692,2690,2691,-1,2694,2695,2693,-1,2693,2692,2694,-1,2696,2695,2697,-1,2694,2697,2695,-1,2696,2698,2699,-1,2698,2696,2697,-1,2698,2700,2701,-1,2699,2698,2701,-1,2702,2701,2703,-1,2701,2702,2699,-1,2703,2704,2705,-1,2705,2702,2703,-1,2706,2707,2704,-1,2705,2704,2707,-1,2708,2706,2601,-1,2706,2708,2707,-1,2600,802,2709,-1,802,805,2710,-1,2710,2709,802,-1,802,2600,809,-1,2600,2709,2601,-1,809,2600,811,-1,2601,2711,811,-1,2711,2706,2712,-1,2709,2708,2601,-1,2711,2601,2706,-1,2712,2704,2713,-1,2712,2706,2704,-1,2713,2703,2714,-1,2713,2704,2703,-1,2714,2701,2715,-1,2714,2703,2701,-1,2700,2715,2701,-1,2700,2698,2716,-1,2698,2697,2716,-1,2716,2697,2717,-1,2697,2694,2717,-1,2717,2694,2718,-1,2694,2692,2718,-1,2718,2692,2719,-1,2692,2691,2719,-1,2719,2691,2720,-1,2691,2688,2720,-1,2720,2688,2721,-1,2721,2686,2722,-1,2721,2688,2686,-1,2722,2685,2723,-1,2722,2686,2685,-1,2723,2682,2724,-1,2723,2685,2682,-1,2724,2680,2725,-1,2724,2682,2680,-1,2725,2679,2726,-1,2725,2680,2679,-1,2726,2676,2727,-1,2726,2679,2676,-1,2727,2674,2728,-1,2727,2676,2674,-1,2728,2673,2729,-1,2728,2674,2673,-1,2729,2670,2730,-1,2729,2673,2670,-1,2730,2668,2731,-1,2730,2670,2668,-1,2731,2667,2732,-1,2731,2668,2667,-1,2732,2664,2733,-1,2732,2667,2664,-1,2733,2662,2734,-1,2733,2664,2662,-1,2734,2661,2735,-1,2734,2662,2661,-1,2735,2608,2736,-1,2735,2661,2608,-1,2736,2610,1749,-1,2736,2608,2610,-1,1749,2657,1750,-1,1749,2610,2657,-1,1750,2603,1738,-1,1750,2657,2603,-1,2602,1743,1738,-1,1738,2603,2602,-1,1747,1743,2602,-1,1747,2606,1736,-1,2606,2613,1736,-1,1736,2613,1731,-1,2613,2614,1731,-1,1731,2614,1735,-1,2614,2616,1735,-1,1735,2616,1730,-1,2616,2620,1730,-1,1730,2620,1727,-1,2620,2619,1727,-1,1727,2619,1722,-1,2619,2622,1722,-1,1722,2622,1718,-1,2622,2627,1718,-1,1718,2627,1719,-1,1719,2625,1723,-1,1719,2627,2625,-1,1723,2626,1713,-1,1723,2625,2626,-1,1713,2630,1714,-1,1713,2626,2630,-1,1714,2635,1753,-1,1714,2630,2635,-1,1753,2637,1755,-1,1753,2635,2637,-1,1755,2640,1757,-1,1755,2637,2640,-1,1757,2641,1759,-1,1757,2640,2641,-1,1759,2645,1761,-1,1759,2641,2645,-1,1761,2643,1762,-1,1761,2645,2643,-1,1766,1762,2643,-1,1766,2633,1771,-1,2633,2652,1771,-1,1771,2652,1774,-1,2652,2648,1774,-1,1774,2648,1777,-1,2648,2647,1777,-1,1777,2647,1775,-1,2647,2650,1775,-1,1775,2650,909,-1,2656,907,909,-1,909,2650,2656,-1,908,907,2656,-1,2737,2738,799,-1,2739,2740,2741,-1,2741,2742,2739,-1,2743,2744,2745,-1,2746,2745,2744,-1,2747,2748,2743,-1,2743,2745,2747,-1,2748,2747,2740,-1,2749,2746,2744,-1,2746,2749,2750,-1,2739,2748,2740,-1,2751,2752,2753,-1,2752,2751,2754,-1,2755,2753,2756,-1,2752,2756,2753,-1,2756,2750,2755,-1,2754,2751,2757,-1,2757,2758,2754,-1,2758,2757,2759,-1,2760,2761,2762,-1,2762,2763,2760,-1,2764,2763,2765,-1,2759,2762,2761,-1,2763,2764,2760,-1,2761,2758,2759,-1,2750,2749,2755,-1,2764,2766,1809,-1,2766,2765,2767,-1,2768,2742,2741,-1,2764,2765,2766,-1,2768,2769,2742,-1,2769,2770,2771,-1,2770,2769,2768,-1,2772,2773,2771,-1,2771,2770,2772,-1,2774,2773,2775,-1,2772,2775,2773,-1,2774,2776,2777,-1,2776,2774,2775,-1,2778,2779,2777,-1,2777,2776,2778,-1,2780,2779,2781,-1,2778,2781,2779,-1,2780,2782,2783,-1,2782,2780,2781,-1,2784,2785,2783,-1,2783,2782,2784,-1,2784,1914,2786,-1,2784,2786,2785,-1,2786,2787,2788,-1,2788,2785,2786,-1,2789,2790,2787,-1,2788,2787,2790,-1,2791,2789,2738,-1,2789,2791,2790,-1,2737,790,2792,-1,790,793,2793,-1,2793,2792,790,-1,790,2737,797,-1,2737,2792,2738,-1,797,2737,799,-1,2738,1920,799,-1,1920,2789,1919,-1,2792,2791,2738,-1,1920,2738,2789,-1,1919,2787,1917,-1,1919,2789,2787,-1,1917,2786,1914,-1,1917,2787,2786,-1,2784,1913,1914,-1,1913,2784,1912,-1,2784,2782,1912,-1,1912,2782,1909,-1,2782,2781,1909,-1,1909,2781,1906,-1,2781,2778,1906,-1,1906,2778,1903,-1,2778,2776,1903,-1,1903,2776,1900,-1,1900,2775,1896,-1,1900,2776,2775,-1,1896,2772,1894,-1,1896,2775,2772,-1,1894,2770,1892,-1,1894,2772,2770,-1,1892,2768,1890,-1,1892,2770,2768,-1,1890,2741,1889,-1,1890,2768,2741,-1,1889,2740,1887,-1,1889,2741,2740,-1,1887,2747,1884,-1,1887,2740,2747,-1,1884,2745,1883,-1,1884,2747,2745,-1,1883,2746,1881,-1,1883,2745,2746,-1,1881,2750,1878,-1,1881,2746,2750,-1,1878,2756,1877,-1,1878,2750,2756,-1,1877,2752,1798,-1,1877,2756,2752,-1,1798,2754,1797,-1,1798,2752,2754,-1,1797,2758,1874,-1,1797,2754,2758,-1,1874,2761,1872,-1,1874,2758,2761,-1,1872,2760,1871,-1,1872,2761,2760,-1,2764,1868,1871,-1,1871,2760,2764,-1,2764,1809,1868,-1,2794,2795,2796,-1,2797,2798,2799,-1,2800,2798,2797,-1,2801,2802,2803,-1,2804,2801,2805,-1,2794,2806,2807,-1,2808,2809,2810,-1,2811,2812,2813,-1,2814,2815,2808,-1,2816,2817,2818,-1,2819,2813,2812,-1,2820,2821,2822,-1,2823,2824,2825,-1,2822,2826,2827,-1,2815,2828,2808,-1,2829,2830,2831,-1,2832,2833,2834,-1,2810,2814,2808,-1,2835,2807,2806,-1,2836,2796,2795,-1,2822,2821,2826,-1,2830,2829,2837,-1,2835,2821,2820,-1,2827,2826,2831,-1,2830,2827,2831,-1,2835,2820,2807,-1,2837,2829,2838,-1,2831,2826,2839,-1,2829,2840,2838,-1,2841,2842,2843,-1,2844,2845,2846,-1,2844,2842,2847,-1,2841,2843,2840,-1,2844,2847,2845,-1,2842,2841,2847,-1,2846,2845,2848,-1,2846,2848,2849,-1,2850,2851,2849,-1,2851,2850,2852,-1,2853,2852,2854,-1,2849,2848,2850,-1,2854,2855,2853,-1,2851,2852,2853,-1,2856,2855,2854,-1,2857,2858,2859,-1,2860,2861,2856,-1,2322,2859,2862,-1,2863,2335,2336,-1,2860,2857,2864,-1,2859,2858,2862,-1,2840,2843,2838,-1,2865,2866,2867,-1,2865,2860,2864,-1,2865,2867,2860,-1,2806,2794,2796,-1,2868,2836,2795,-1,2869,2833,2832,-1,2836,2868,2869,-1,2834,2809,2832,-1,2868,2833,2869,-1,2870,2815,2814,-1,2810,2809,2834,-1,2824,2815,2871,-1,2870,2871,2815,-1,2872,2823,2825,-1,2825,2824,2871,-1,2872,2818,2817,-1,2817,2823,2872,-1,2819,2812,2816,-1,2819,2816,2818,-1,2873,2874,2811,-1,2813,2873,2811,-1,2875,2874,2876,-1,2873,2876,2874,-1,2875,2876,2803,-1,2875,2803,2802,-1,2797,2799,2877,-1,2801,2804,2802,-1,2805,2800,2797,-1,2805,2797,2804,-1,2878,2879,2799,-1,2878,2799,2798,-1,2880,2879,2881,-1,2878,2881,2879,-1,2880,2882,2883,-1,2882,2880,2881,-1,2884,2885,2883,-1,2883,2882,2884,-1,2886,2885,2887,-1,2884,2887,2885,-1,2886,2888,2889,-1,2888,2886,2887,-1,2890,2891,2889,-1,2889,2888,2890,-1,2892,2891,2893,-1,2890,2893,2891,-1,2892,2893,2894,-1,2892,2894,2895,-1,2894,2896,2895,-1,2896,2897,2895,-1,2898,2897,2896,-1,2899,2900,2901,-1,2901,2898,2902,-1,2898,2901,2897,-1,2903,2904,2905,-1,2901,2902,2906,-1,885,889,2907,-1,2908,2904,2907,-1,891,2388,889,-1,2904,2903,883,-1,2899,2901,2906,-1,2899,2906,2909,-1,719,882,2909,-1,2909,2903,2899,-1,2860,2867,2861,-1,2335,2863,2859,-1,2854,2852,2910,-1,2861,2855,2856,-1,2856,2858,2857,-1,2852,2850,2911,-1,2854,2910,2858,-1,2850,2848,2912,-1,2852,2911,2910,-1,2848,2845,2913,-1,2850,2912,2911,-1,2845,2847,2914,-1,2848,2913,2912,-1,2915,2916,2914,-1,2845,2914,2913,-1,2915,2841,2917,-1,2841,2915,2847,-1,2829,2918,2840,-1,2840,2917,2841,-1,2831,2919,2829,-1,2917,2840,2918,-1,2920,2921,2922,-1,2918,2829,2919,-1,2826,2821,2922,-1,2919,2831,2839,-1,2821,2835,2923,-1,2826,2922,2839,-1,2835,2806,2924,-1,2821,2923,2922,-1,2924,2925,2926,-1,2835,2924,2923,-1,2796,2836,2927,-1,2796,2925,2806,-1,2836,2869,2928,-1,2796,2927,2925,-1,2869,2832,2929,-1,2836,2928,2927,-1,2809,2930,2832,-1,2869,2929,2928,-1,2808,2931,2809,-1,2929,2832,2930,-1,2932,2815,2824,-1,2930,2809,2931,-1,2933,2824,2823,-1,2931,2808,2828,-1,2934,2935,2936,-1,2828,2815,2932,-1,2823,2817,2936,-1,2932,2824,2933,-1,2817,2816,2937,-1,2823,2936,2933,-1,2816,2812,2938,-1,2817,2937,2936,-1,2812,2811,2939,-1,2816,2938,2937,-1,2939,2940,2941,-1,2812,2939,2938,-1,2942,2940,2874,-1,2874,2940,2811,-1,2875,2802,2943,-1,2875,2942,2874,-1,2804,2944,2802,-1,2875,2943,2942,-1,2797,2945,2804,-1,2943,2802,2944,-1,2946,2799,2879,-1,2944,2804,2945,-1,2947,2948,2949,-1,2945,2797,2877,-1,2879,2880,2949,-1,2877,2799,2946,-1,2880,2883,2950,-1,2879,2949,2946,-1,2883,2885,2951,-1,2880,2950,2949,-1,2885,2886,2952,-1,2883,2951,2950,-1,2886,2889,2953,-1,2885,2952,2951,-1,2889,2891,2954,-1,2886,2953,2952,-1,2954,2955,2956,-1,2889,2954,2953,-1,2957,2955,2892,-1,2892,2955,2891,-1,2897,2958,2895,-1,2895,2957,2892,-1,2901,2959,2897,-1,2957,2895,2958,-1,2905,2908,2960,-1,2958,2897,2959,-1,2899,2903,2905,-1,2900,2959,2901,-1,2909,882,2903,-1,2900,2899,2905,-1,883,2903,882,-1,2860,2856,2857,-1,2864,2857,2863,-1,2862,2910,2961,-1,2856,2854,2858,-1,2910,2862,2858,-1,2961,2911,2962,-1,2911,2961,2910,-1,2962,2912,2963,-1,2912,2962,2911,-1,2963,2913,2964,-1,2913,2963,2912,-1,2964,2914,2916,-1,2914,2964,2913,-1,2916,2915,2965,-1,2966,2965,2917,-1,2847,2915,2914,-1,2917,2965,2915,-1,2967,2966,2918,-1,2918,2966,2917,-1,2967,2919,2968,-1,2919,2967,2918,-1,2921,2310,2968,-1,2839,2968,2919,-1,2302,2921,2920,-1,2839,2921,2968,-1,2920,2923,2969,-1,2923,2920,2922,-1,2969,2924,2926,-1,2924,2969,2923,-1,2926,2925,2970,-1,2971,2970,2927,-1,2806,2925,2924,-1,2927,2970,2925,-1,2971,2928,2972,-1,2928,2971,2927,-1,2972,2929,2973,-1,2929,2972,2928,-1,2973,2930,2974,-1,2930,2973,2929,-1,2974,2931,2975,-1,2931,2974,2930,-1,2975,2828,2976,-1,2828,2975,2931,-1,2976,2932,2977,-1,2932,2976,2828,-1,2935,2281,2977,-1,2933,2977,2932,-1,2933,2935,2977,-1,2936,2935,2933,-1,2934,2937,2978,-1,2937,2934,2936,-1,2978,2938,2979,-1,2938,2978,2937,-1,2979,2939,2941,-1,2939,2979,2938,-1,2941,2940,2980,-1,2981,2980,2942,-1,2811,2940,2939,-1,2942,2980,2940,-1,2982,2981,2943,-1,2943,2981,2942,-1,2982,2944,2983,-1,2944,2982,2943,-1,2983,2945,2984,-1,2945,2983,2944,-1,2984,2877,2985,-1,2877,2984,2945,-1,2948,2359,2985,-1,2946,2985,2877,-1,2946,2948,2985,-1,2949,2948,2946,-1,2947,2950,2986,-1,2950,2947,2949,-1,2986,2951,2987,-1,2951,2986,2950,-1,2987,2952,2988,-1,2952,2987,2951,-1,2988,2953,2989,-1,2953,2988,2952,-1,2989,2954,2956,-1,2954,2989,2953,-1,2956,2955,2990,-1,2991,2990,2957,-1,2891,2955,2954,-1,2957,2990,2955,-1,2992,2991,2958,-1,2958,2991,2957,-1,2992,2959,2993,-1,2959,2992,2958,-1,2993,2900,2960,-1,2900,2993,2959,-1,2908,2386,2960,-1,2960,2900,2905,-1,2904,883,867,-1,2904,2908,2905,-1,885,2904,867,-1,2863,2857,2859,-1,2335,2859,2322,-1,2322,2862,2326,-1,2862,2961,2326,-1,2326,2961,2327,-1,2961,2962,2327,-1,2327,2962,2329,-1,2962,2963,2329,-1,2329,2963,2320,-1,2320,2964,2318,-1,2320,2963,2964,-1,2318,2916,2317,-1,2318,2964,2916,-1,2317,2965,2298,-1,2317,2916,2965,-1,2298,2966,2314,-1,2298,2965,2966,-1,2314,2967,2313,-1,2314,2966,2967,-1,2313,2968,2310,-1,2313,2967,2968,-1,2310,2921,2304,-1,2302,2304,2921,-1,2922,2921,2839,-1,2302,2920,2307,-1,2920,2969,2307,-1,2307,2969,2308,-1,2969,2926,2308,-1,2308,2926,2292,-1,2926,2970,2292,-1,2292,2970,2293,-1,2970,2971,2293,-1,2293,2971,2296,-1,2296,2972,2285,-1,2296,2971,2972,-1,2285,2973,2283,-1,2285,2972,2973,-1,2283,2974,2290,-1,2283,2973,2974,-1,2290,2975,2291,-1,2290,2974,2975,-1,2291,2976,2280,-1,2291,2975,2976,-1,2280,2977,2281,-1,2280,2976,2977,-1,2281,2935,2337,-1,2337,2935,2340,-1,2935,2934,2340,-1,2340,2934,2341,-1,2934,2978,2341,-1,2341,2978,2343,-1,2978,2979,2343,-1,2343,2979,2346,-1,2979,2941,2346,-1,2346,2941,2347,-1,2347,2980,2349,-1,2347,2941,2980,-1,2349,2981,2352,-1,2349,2980,2981,-1,2352,2982,2353,-1,2352,2981,2982,-1,2353,2983,2355,-1,2353,2982,2983,-1,2355,2984,2358,-1,2355,2983,2984,-1,2358,2985,2359,-1,2358,2984,2985,-1,2359,2948,2361,-1,2361,2948,2364,-1,2948,2947,2364,-1,2364,2947,2365,-1,2947,2986,2365,-1,2365,2986,2367,-1,2986,2987,2367,-1,2367,2987,2370,-1,2987,2988,2370,-1,2370,2988,2371,-1,2988,2989,2371,-1,2371,2989,2373,-1,2373,2956,2376,-1,2373,2989,2956,-1,2376,2990,2377,-1,2376,2956,2990,-1,2377,2991,2379,-1,2377,2990,2991,-1,2379,2992,2382,-1,2379,2991,2992,-1,2382,2993,2383,-1,2382,2992,2993,-1,2383,2960,2386,-1,2383,2993,2960,-1,2386,2908,2387,-1,2387,2908,2388,-1,2907,2904,885,-1,2908,2907,2388,-1,889,2388,2907,-1,2994,2995,2996,-1,2997,2998,2999,-1,2998,3000,3001,-1,3002,3003,3004,-1,3005,3000,3002,-1,3006,3007,3008,-1,3009,3010,3011,-1,3012,3013,3014,-1,3011,3015,3009,-1,3016,3017,3018,-1,3019,3020,3017,-1,3021,3009,3015,-1,3022,3023,3024,-1,3025,3006,3008,-1,3026,3027,3028,-1,3029,3030,3031,-1,3013,3027,3026,-1,3032,3025,3033,-1,3031,3034,3029,-1,3035,3036,2995,-1,3007,3037,3038,-1,3039,3040,3041,-1,3042,3040,3043,-1,2994,2996,3044,-1,3045,3046,3012,-1,3045,3024,3046,-1,2994,3044,3022,-1,3028,3047,3026,-1,3012,3027,3013,-1,3048,3049,3050,-1,3047,3051,3043,-1,3052,3039,3041,-1,3043,3051,3042,-1,3028,3051,3047,-1,3053,3054,3052,-1,3040,3042,3041,-1,3054,3053,3055,-1,3039,3052,3054,-1,3056,3055,3057,-1,3053,3057,3055,-1,3056,3058,3049,-1,3056,3057,3058,-1,3059,3048,3050,-1,3049,3058,3050,-1,3060,3046,3023,-1,3061,3062,3063,-1,3050,3064,3059,-1,2548,815,821,-1,832,3065,3066,-1,3063,3067,3059,-1,821,3068,2548,-1,3069,2548,3068,-1,3067,3048,3059,-1,3065,832,831,-1,827,3061,831,-1,829,787,3066,-1,3065,831,3061,-1,3070,3068,3066,-1,3045,3012,3014,-1,3023,3022,3044,-1,3023,3046,3024,-1,3036,2996,2995,-1,3035,3038,3037,-1,3035,3037,3036,-1,3025,3032,3006,-1,3008,3007,3038,-1,3033,3031,3030,-1,3032,3033,3030,-1,3071,3029,3034,-1,3071,3072,3073,-1,3074,3071,3075,-1,3071,3034,3075,-1,3072,3074,3016,-1,3074,3072,3071,-1,3020,3018,3017,-1,3018,3072,3016,-1,3019,3021,3076,-1,3019,3076,3020,-1,3077,3011,3010,-1,3076,3021,3015,-1,3078,3079,3077,-1,3077,3010,3078,-1,3003,3079,3080,-1,3078,3080,3079,-1,3000,2998,3081,-1,3003,3080,3004,-1,3001,3000,3005,-1,3005,3002,3004,-1,3082,2998,2997,-1,3001,2999,2998,-1,3083,3084,3082,-1,3082,2997,3083,-1,3085,3084,3086,-1,3083,3086,3084,-1,3085,3087,3088,-1,3087,3085,3086,-1,3089,3090,3088,-1,3088,3087,3089,-1,3091,3090,3092,-1,3089,3092,3090,-1,3091,3093,3094,-1,3093,3091,3092,-1,3095,3096,3094,-1,3094,3093,3095,-1,3097,3096,3098,-1,3095,3098,3096,-1,3097,3098,3099,-1,3097,3099,3100,-1,3099,3101,3100,-1,3101,3102,3100,-1,3103,3102,3101,-1,3104,3105,3106,-1,3106,3103,3107,-1,3103,3106,3102,-1,3108,3109,3110,-1,3106,3107,3111,-1,893,903,3112,-1,3108,3110,3104,-1,901,2488,903,-1,3109,3108,884,-1,3104,3106,3111,-1,3104,3111,3113,-1,879,890,3113,-1,3113,3108,3104,-1,3065,3061,3063,-1,787,832,3066,-1,3114,3115,3116,-1,3062,3067,3063,-1,3066,3063,3070,-1,3050,3058,3116,-1,3070,3059,3064,-1,3058,3057,3117,-1,3050,3116,3064,-1,3057,3053,3118,-1,3058,3117,3116,-1,3053,3052,3119,-1,3057,3118,3117,-1,3052,3041,3120,-1,3053,3119,3118,-1,3041,3042,3121,-1,3052,3120,3119,-1,3042,3051,3122,-1,3041,3121,3120,-1,3123,3124,3122,-1,3042,3122,3121,-1,3123,3028,3125,-1,3028,3123,3051,-1,3012,3126,3027,-1,3027,3125,3028,-1,3046,3127,3012,-1,3125,3027,3126,-1,3128,3129,3130,-1,3126,3012,3127,-1,3023,3044,3130,-1,3127,3046,3060,-1,3044,2996,3131,-1,3023,3130,3060,-1,2996,3036,3132,-1,3044,3131,3130,-1,3132,3133,3134,-1,2996,3132,3131,-1,3037,3007,3135,-1,3037,3133,3036,-1,3007,3006,3136,-1,3037,3135,3133,-1,3006,3032,3137,-1,3007,3136,3135,-1,3030,3138,3032,-1,3006,3137,3136,-1,3029,3139,3030,-1,3032,3138,3137,-1,3071,3140,3029,-1,3138,3030,3139,-1,3141,3072,3018,-1,3139,3029,3140,-1,3142,3143,3144,-1,3140,3071,3073,-1,3018,3020,3144,-1,3073,3072,3141,-1,3020,3076,3145,-1,3018,3144,3141,-1,3076,3015,3146,-1,3020,3145,3144,-1,3015,3011,3147,-1,3076,3146,3145,-1,3147,3148,3149,-1,3015,3147,3146,-1,3150,3148,3077,-1,3077,3148,3011,-1,3079,3003,3151,-1,3079,3150,3077,-1,3003,3002,3152,-1,3079,3151,3150,-1,3000,3153,3002,-1,3151,3003,3152,-1,3154,2998,3082,-1,3152,3002,3153,-1,3155,3082,3084,-1,3153,3000,3081,-1,3156,3157,3158,-1,3081,2998,3154,-1,3084,3085,3158,-1,3154,3082,3155,-1,3085,3088,3159,-1,3084,3158,3155,-1,3088,3090,3160,-1,3085,3159,3158,-1,3090,3091,3161,-1,3088,3160,3159,-1,3091,3094,3162,-1,3090,3161,3160,-1,3162,3163,3164,-1,3091,3162,3161,-1,3165,3163,3096,-1,3096,3163,3094,-1,3166,3165,3097,-1,3097,3165,3096,-1,3102,3167,3100,-1,3100,3166,3097,-1,3106,3168,3102,-1,3166,3100,3167,-1,3169,3170,3110,-1,3167,3102,3168,-1,3112,3169,3109,-1,3105,3168,3106,-1,3113,890,3108,-1,3110,3105,3104,-1,884,3108,890,-1,3065,3063,3066,-1,3069,2547,2548,-1,3115,2547,3069,-1,3063,3059,3070,-1,3064,3069,3070,-1,2545,3115,3114,-1,3064,3115,3069,-1,3114,3117,3171,-1,3117,3114,3116,-1,3171,3118,3172,-1,3118,3171,3117,-1,3172,3119,3173,-1,3119,3172,3118,-1,3173,3120,3174,-1,3120,3173,3119,-1,3174,3121,3175,-1,3121,3174,3120,-1,3175,3122,3124,-1,3122,3175,3121,-1,3124,3123,3176,-1,3177,3176,3125,-1,3051,3123,3122,-1,3125,3176,3123,-1,3178,3177,3126,-1,3126,3177,3125,-1,3178,3127,3179,-1,3127,3178,3126,-1,3129,2521,3179,-1,3060,3179,3127,-1,2516,3129,3128,-1,3060,3129,3179,-1,3128,3131,3180,-1,3131,3128,3130,-1,3180,3132,3134,-1,3132,3180,3131,-1,3134,3133,3181,-1,3182,3181,3135,-1,3036,3133,3132,-1,3135,3181,3133,-1,3182,3136,3183,-1,3136,3182,3135,-1,3183,3137,3184,-1,3137,3183,3136,-1,3184,3138,3185,-1,3138,3184,3137,-1,3185,3139,3186,-1,3139,3185,3138,-1,3186,3140,3187,-1,3140,3186,3139,-1,3187,3073,3188,-1,3073,3187,3140,-1,3143,2494,3188,-1,3141,3188,3073,-1,2440,3143,3142,-1,3141,3143,3188,-1,3142,3145,3189,-1,3145,3142,3144,-1,3189,3146,3190,-1,3146,3189,3145,-1,3190,3147,3149,-1,3147,3190,3146,-1,3149,3148,3191,-1,3192,3191,3150,-1,3011,3148,3147,-1,3150,3191,3148,-1,3193,3192,3151,-1,3151,3192,3150,-1,3193,3152,3194,-1,3152,3193,3151,-1,3194,3153,3195,-1,3153,3194,3152,-1,3195,3081,3196,-1,3081,3195,3153,-1,3196,3154,3197,-1,3154,3196,3081,-1,3157,2462,3197,-1,3155,3197,3154,-1,3155,3157,3197,-1,3158,3157,3155,-1,3156,3159,3198,-1,3159,3156,3158,-1,3198,3160,3199,-1,3160,3198,3159,-1,3199,3161,3200,-1,3161,3199,3160,-1,3200,3162,3164,-1,3162,3200,3161,-1,3164,3163,3201,-1,3202,3201,3165,-1,3094,3163,3162,-1,3165,3201,3163,-1,3203,3202,3166,-1,3166,3202,3165,-1,3204,3203,3167,-1,3167,3203,3166,-1,3204,3168,3205,-1,3168,3204,3167,-1,3205,3105,3170,-1,3105,3205,3168,-1,3169,2491,3170,-1,3170,3105,3110,-1,3109,884,866,-1,3109,3169,3110,-1,893,3109,866,-1,3066,3068,829,-1,821,829,3068,-1,2547,3115,2546,-1,3070,3069,3068,-1,2545,2546,3115,-1,3116,3115,3064,-1,2545,3114,2543,-1,3114,3171,2543,-1,2543,3171,2540,-1,3171,3172,2540,-1,2540,3172,2537,-1,3172,3173,2537,-1,2537,3173,2534,-1,3173,3174,2534,-1,2534,3174,2533,-1,2533,3175,2531,-1,2533,3174,3175,-1,2531,3124,2528,-1,2531,3175,3124,-1,2528,3176,2527,-1,2528,3124,3176,-1,2527,3177,2525,-1,2527,3176,3177,-1,2525,3178,2522,-1,2525,3177,3178,-1,2522,3179,2521,-1,2522,3178,3179,-1,2521,3129,2519,-1,2516,2519,3129,-1,3130,3129,3060,-1,2516,3128,2515,-1,3128,3180,2515,-1,2515,3180,2513,-1,3180,3134,2513,-1,2513,3134,2510,-1,3134,3181,2510,-1,2510,3181,2509,-1,3181,3182,2509,-1,2509,3182,2507,-1,2507,3183,2504,-1,2507,3182,3183,-1,2504,3184,2503,-1,2504,3183,3184,-1,2503,3185,2501,-1,2503,3184,3185,-1,2501,3186,2499,-1,2501,3185,3186,-1,2499,3187,2497,-1,2499,3186,3187,-1,2497,3188,2494,-1,2497,3187,3188,-1,2494,3143,2441,-1,2440,2441,3143,-1,3144,3143,3141,-1,2440,3142,2443,-1,3142,3189,2443,-1,2443,3189,2444,-1,3189,3190,2444,-1,2444,3190,2446,-1,3190,3149,2446,-1,2446,3149,2448,-1,3149,3191,2448,-1,2448,3191,2449,-1,2449,3192,2458,-1,2449,3191,3192,-1,2458,3193,2451,-1,2458,3192,3193,-1,2451,3194,2455,-1,2451,3193,3194,-1,2455,3195,2456,-1,2455,3194,3195,-1,2456,3196,2459,-1,2456,3195,3196,-1,2459,3197,2462,-1,2459,3196,3197,-1,2462,3157,2463,-1,2463,3157,2465,-1,3157,3156,2465,-1,2465,3156,2468,-1,3156,3198,2468,-1,2468,3198,2469,-1,3198,3199,2469,-1,2469,3199,2472,-1,3199,3200,2472,-1,2472,3200,2474,-1,2474,3164,2478,-1,2474,3200,3164,-1,2478,3201,2476,-1,2478,3164,3201,-1,2476,3202,2481,-1,2476,3201,3202,-1,2481,3203,2487,-1,2481,3202,3203,-1,2487,3204,2484,-1,2487,3203,3204,-1,2484,3205,2485,-1,2484,3204,3205,-1,2485,3170,2491,-1,2485,3205,3170,-1,2491,3169,2492,-1,2492,3169,2488,-1,3112,3109,893,-1,3169,3112,2488,-1,903,2488,3112,-1,3206,3207,3208,-1,3209,3210,3211,-1,3212,3213,3214,-1,3209,3215,3210,-1,3216,3217,3218,-1,3219,3220,3221,-1,3222,3223,3212,-1,3224,3225,3226,-1,3225,3227,3220,-1,3214,3228,3229,-1,3230,3231,3232,-1,3233,3234,3232,-1,3229,3235,3236,-1,3237,3238,3239,-1,3240,3241,3242,-1,3243,3244,3245,-1,3246,3247,3248,-1,3237,3239,3208,-1,3248,3247,3249,-1,3250,3247,3246,-1,3226,3244,3243,-1,3242,3251,3206,-1,3252,3253,3254,-1,3255,3256,3257,-1,3239,3238,3258,-1,3219,3221,3258,-1,3244,3226,3225,-1,3221,3220,3227,-1,3259,3260,3254,-1,3259,3243,3245,-1,3220,3261,3225,-1,3260,3252,3254,-1,3256,3255,3253,-1,3256,3253,3252,-1,3259,3245,3260,-1,3257,3262,3263,-1,3263,3255,3257,-1,3262,3264,3265,-1,3266,3267,3268,-1,3269,3270,3271,-1,3267,3265,3264,-1,3268,3267,3264,-1,3266,3268,3272,-1,3266,3272,3270,-1,3265,3263,3262,-1,3272,3271,3270,-1,808,2710,805,-1,2710,808,3273,-1,3274,3275,3276,-1,3277,3271,3272,-1,2710,3273,3278,-1,820,3279,3280,-1,3269,3271,3274,-1,819,818,3275,-1,3273,3280,3281,-1,819,3275,3279,-1,820,819,3279,-1,817,3280,816,-1,3225,3224,3227,-1,3237,3208,3207,-1,3238,3219,3258,-1,3206,3251,3207,-1,3240,3282,3241,-1,3251,3242,3241,-1,3282,3240,3283,-1,3282,3283,3249,-1,3233,3284,3285,-1,3283,3248,3249,-1,3250,3286,3285,-1,3286,3250,3246,-1,3287,3285,3288,-1,3285,3286,3288,-1,3233,3287,3234,-1,3287,3233,3285,-1,3236,3231,3230,-1,3234,3230,3232,-1,3228,3235,3229,-1,3235,3231,3236,-1,3223,3213,3212,-1,3214,3213,3228,-1,3222,3289,3290,-1,3222,3290,3223,-1,3291,3215,3209,-1,3290,3289,3291,-1,3211,3218,3292,-1,3289,3215,3291,-1,3218,3211,3216,-1,3216,3211,3210,-1,3218,3293,3294,-1,3217,3293,3218,-1,3295,3296,3294,-1,3294,3293,3295,-1,3297,3296,3298,-1,3295,3298,3296,-1,3297,3299,3300,-1,3299,3297,3298,-1,3301,3302,3300,-1,3300,3299,3301,-1,3303,3302,3304,-1,3301,3304,3302,-1,3303,3305,3306,-1,3305,3303,3304,-1,3307,3308,3306,-1,3306,3305,3307,-1,3309,3308,3310,-1,3307,3310,3308,-1,3309,3310,3311,-1,3309,3311,3312,-1,3311,3313,3312,-1,3313,3314,3312,-1,3315,3314,3313,-1,3316,3317,3318,-1,3318,3315,3319,-1,3315,3318,3314,-1,3320,3321,3322,-1,3318,3319,3323,-1,911,914,3324,-1,3320,3322,3316,-1,913,2654,914,-1,3321,3320,892,-1,3316,3318,3323,-1,3316,3323,3325,-1,905,904,3325,-1,904,3320,3325,-1,3279,3275,3274,-1,817,820,3280,-1,3326,3327,3328,-1,3276,3269,3274,-1,3280,3274,3281,-1,3272,3268,3328,-1,3281,3271,3277,-1,3268,3264,3329,-1,3272,3328,3277,-1,3264,3262,3330,-1,3268,3329,3328,-1,3262,3257,3331,-1,3264,3330,3329,-1,3257,3256,3332,-1,3262,3331,3330,-1,3256,3252,3333,-1,3257,3332,3331,-1,3333,3334,3335,-1,3256,3333,3332,-1,3336,3334,3260,-1,3260,3334,3252,-1,3336,3245,3337,-1,3245,3336,3260,-1,3225,3338,3244,-1,3245,3244,3337,-1,3339,3220,3219,-1,3337,3244,3338,-1,3340,3341,3342,-1,3338,3225,3261,-1,3219,3238,3342,-1,3261,3220,3339,-1,3238,3237,3343,-1,3219,3342,3339,-1,3237,3207,3344,-1,3238,3343,3342,-1,3207,3251,3345,-1,3237,3344,3343,-1,3251,3241,3346,-1,3207,3345,3344,-1,3241,3282,3347,-1,3251,3346,3345,-1,3282,3249,3348,-1,3241,3347,3346,-1,3247,3349,3249,-1,3282,3348,3347,-1,3250,3350,3247,-1,3249,3349,3348,-1,3285,3351,3250,-1,3349,3247,3350,-1,3352,3233,3232,-1,3350,3250,3351,-1,3353,3354,3355,-1,3351,3285,3284,-1,3232,3231,3355,-1,3284,3233,3352,-1,3231,3235,3356,-1,3232,3355,3352,-1,3235,3228,3357,-1,3231,3356,3355,-1,3357,3358,3359,-1,3235,3357,3356,-1,3360,3358,3213,-1,3213,3358,3228,-1,3223,3290,3361,-1,3223,3360,3213,-1,3290,3291,3362,-1,3223,3361,3360,-1,3291,3209,3363,-1,3290,3362,3361,-1,3211,3364,3209,-1,3362,3291,3363,-1,3365,3218,3294,-1,3363,3209,3364,-1,3366,3294,3296,-1,3364,3211,3292,-1,3367,3368,3369,-1,3292,3218,3365,-1,3296,3297,3369,-1,3365,3294,3366,-1,3297,3300,3370,-1,3296,3369,3366,-1,3300,3302,3371,-1,3297,3370,3369,-1,3302,3303,3372,-1,3300,3371,3370,-1,3303,3306,3373,-1,3302,3372,3371,-1,3373,3374,3375,-1,3303,3373,3372,-1,3376,3374,3308,-1,3308,3374,3306,-1,3309,3312,3377,-1,3309,3376,3308,-1,3314,3378,3312,-1,3309,3377,3376,-1,3318,3379,3314,-1,3377,3312,3378,-1,3380,3381,3322,-1,3378,3314,3379,-1,3380,3321,3324,-1,3317,3379,3318,-1,3316,3322,3317,-1,904,892,3320,-1,3325,3320,3316,-1,3279,3274,3280,-1,3278,2709,2710,-1,3327,2709,3278,-1,3274,3271,3281,-1,3277,3278,3281,-1,2707,3327,3326,-1,3277,3327,3278,-1,3326,3329,3382,-1,3329,3326,3328,-1,3382,3330,3383,-1,3330,3382,3329,-1,3383,3331,3384,-1,3331,3383,3330,-1,3384,3332,3385,-1,3332,3384,3331,-1,3385,3333,3335,-1,3333,3385,3332,-1,3335,3334,3386,-1,3387,3386,3336,-1,3252,3334,3333,-1,3336,3386,3334,-1,3388,3387,3337,-1,3337,3387,3336,-1,3389,3388,3338,-1,3338,3388,3337,-1,3389,3261,3390,-1,3261,3389,3338,-1,3341,2683,3390,-1,3339,3390,3261,-1,2678,3341,3340,-1,3339,3341,3390,-1,3340,3343,3391,-1,3343,3340,3342,-1,3391,3344,3392,-1,3344,3391,3343,-1,3392,3345,3393,-1,3345,3392,3344,-1,3393,3346,3394,-1,3346,3393,3345,-1,3394,3347,3395,-1,3347,3394,3346,-1,3395,3348,3396,-1,3348,3395,3347,-1,3396,3349,3397,-1,3349,3396,3348,-1,3397,3350,3398,-1,3350,3397,3349,-1,3398,3351,3399,-1,3351,3398,3350,-1,3399,3284,3400,-1,3284,3399,3351,-1,3354,2609,3400,-1,3352,3400,3284,-1,2607,3354,3353,-1,3352,3354,3400,-1,3353,3356,3401,-1,3356,3353,3355,-1,3401,3357,3359,-1,3357,3401,3356,-1,3359,3358,3402,-1,3403,3402,3360,-1,3228,3358,3357,-1,3360,3402,3358,-1,3404,3403,3361,-1,3361,3403,3360,-1,3404,3362,3405,-1,3362,3404,3361,-1,3405,3363,3406,-1,3363,3405,3362,-1,3406,3364,3407,-1,3364,3406,3363,-1,3407,3292,3408,-1,3292,3407,3364,-1,3408,3365,3409,-1,3365,3408,3292,-1,3368,2624,3409,-1,3366,3409,3365,-1,3366,3368,3409,-1,3369,3368,3366,-1,3367,3370,3410,-1,3370,3367,3369,-1,3410,3371,3411,-1,3371,3410,3370,-1,3411,3372,3412,-1,3372,3411,3371,-1,3412,3373,3375,-1,3373,3412,3372,-1,3375,3374,3413,-1,3414,3413,3376,-1,3306,3374,3373,-1,3376,3413,3374,-1,3415,3414,3377,-1,3377,3414,3376,-1,3415,3378,3416,-1,3378,3415,3377,-1,3416,3379,3417,-1,3379,3416,3378,-1,3417,3317,3381,-1,3317,3417,3379,-1,3380,2655,3381,-1,3381,3317,3322,-1,3321,892,877,-1,3321,3380,3322,-1,911,3321,877,-1,3280,3273,816,-1,808,816,3273,-1,2709,3327,2708,-1,3281,3278,3273,-1,2707,2708,3327,-1,3328,3327,3277,-1,2707,3326,2705,-1,3326,3382,2705,-1,2705,3382,2702,-1,3382,3383,2702,-1,2702,3383,2699,-1,3383,3384,2699,-1,2699,3384,2696,-1,3384,3385,2696,-1,2696,3385,2695,-1,2695,3335,2693,-1,2695,3385,3335,-1,2693,3386,2690,-1,2693,3335,3386,-1,2690,3387,2689,-1,2690,3386,3387,-1,2689,3388,2687,-1,2689,3387,3388,-1,2687,3389,2684,-1,2687,3388,3389,-1,2684,3390,2683,-1,2684,3389,3390,-1,2683,3341,2681,-1,2678,2681,3341,-1,3342,3341,3339,-1,2678,3340,2677,-1,3340,3391,2677,-1,2677,3391,2675,-1,3391,3392,2675,-1,2675,3392,2672,-1,3392,3393,2672,-1,2672,3393,2671,-1,3393,3394,2671,-1,2671,3394,2669,-1,2669,3395,2666,-1,2669,3394,3395,-1,2666,3396,2665,-1,2666,3395,3396,-1,2665,3397,2663,-1,2665,3396,3397,-1,2663,3398,2660,-1,2663,3397,3398,-1,2660,3399,2659,-1,2660,3398,3399,-1,2659,3400,2609,-1,2659,3399,3400,-1,2609,3354,2658,-1,2607,2658,3354,-1,3355,3354,3352,-1,2607,3353,2604,-1,3353,3401,2604,-1,2604,3401,2605,-1,3401,3359,2605,-1,2605,3359,2611,-1,3359,3402,2611,-1,2611,3402,2612,-1,3402,3403,2612,-1,2612,3403,2615,-1,2615,3404,2617,-1,2615,3403,3404,-1,2617,3405,2618,-1,2617,3404,3405,-1,2618,3406,2621,-1,2618,3405,3406,-1,2621,3407,2628,-1,2621,3406,3407,-1,2628,3408,2623,-1,2628,3407,3408,-1,2623,3409,2624,-1,2623,3408,3409,-1,2624,3368,2629,-1,2629,3368,2636,-1,3368,3367,2636,-1,2636,3367,2634,-1,3367,3410,2634,-1,2634,3410,2638,-1,3410,3411,2638,-1,2638,3411,2639,-1,3411,3412,2639,-1,2639,3412,2642,-1,2642,3375,2644,-1,2642,3412,3375,-1,2644,3413,2631,-1,2644,3375,3413,-1,2631,3414,2632,-1,2631,3413,3414,-1,2632,3415,2651,-1,2632,3414,3415,-1,2651,3416,2646,-1,2651,3415,3416,-1,2646,3417,2649,-1,2646,3416,3417,-1,2649,3381,2655,-1,2649,3417,3381,-1,2655,3380,2653,-1,2653,3380,2654,-1,3380,3324,2654,-1,914,2654,3324,-1,911,3324,3321,-1,3418,806,3419,-1,3420,3421,3422,-1,3423,3424,3425,-1,3426,3427,3428,-1,3429,3427,3426,-1,3428,3430,3431,-1,3432,3433,3434,-1,3432,3434,3430,-1,3434,3431,3430,-1,3435,3436,3433,-1,3433,3432,3435,-1,3437,3438,3436,-1,3435,3437,3436,-1,3438,3439,3440,-1,3441,3440,3439,-1,3442,3443,3444,-1,3439,3438,3437,-1,3442,3441,3443,-1,3442,3440,3441,-1,3445,3446,3447,-1,3448,3446,3444,-1,3446,3449,3444,-1,3450,3451,1751,-1,3451,3445,3447,-1,3452,3453,3445,-1,3431,3426,3428,-1,3444,3443,3448,-1,3452,3450,3454,-1,3454,3455,3456,-1,2767,2765,3455,-1,3429,3420,3422,-1,3429,3422,3427,-1,3420,3457,3421,-1,3423,3457,3458,-1,3420,3458,3457,-1,3458,3424,3423,-1,3429,3459,3420,-1,3460,3461,3425,-1,3425,3424,3460,-1,3462,3461,3463,-1,3460,3463,3461,-1,3462,3464,3465,-1,3464,3462,3463,-1,3466,3467,3465,-1,3465,3464,3466,-1,3468,3467,3469,-1,3466,3469,3467,-1,3468,3470,3471,-1,3470,3468,3469,-1,3472,3473,3471,-1,3471,3470,3472,-1,3474,3473,3475,-1,3472,3475,3473,-1,3474,3476,3477,-1,3476,3474,3475,-1,3478,3479,3477,-1,3477,3476,3478,-1,3478,3418,3419,-1,3479,3478,3419,-1,3418,807,806,-1,801,3419,806,-1,3475,3480,3476,-1,3481,3482,3483,-1,3481,3484,2793,-1,793,796,2793,-1,796,3481,2793,-1,804,807,3482,-1,804,3482,803,-1,3418,3482,807,-1,3485,3486,3487,-1,3482,3478,3483,-1,3475,3472,3485,-1,3483,3476,3480,-1,3472,3470,3488,-1,3480,3475,3485,-1,3470,3469,3489,-1,3472,3488,3485,-1,3469,3466,3490,-1,3470,3489,3488,-1,3466,3464,3491,-1,3469,3490,3489,-1,3491,3492,3493,-1,3466,3491,3490,-1,3494,3492,3463,-1,3463,3492,3464,-1,3495,3494,3460,-1,3460,3494,3463,-1,3424,3458,3496,-1,3424,3495,3460,-1,3420,3497,3458,-1,3495,3424,3496,-1,3498,3429,3426,-1,3496,3458,3497,-1,3499,3500,3501,-1,3497,3420,3459,-1,3426,3431,3501,-1,3459,3429,3498,-1,3431,3434,3502,-1,3426,3501,3498,-1,3434,3433,3503,-1,3431,3502,3501,-1,3433,3436,3504,-1,3434,3503,3502,-1,3436,3438,3505,-1,3433,3504,3503,-1,3438,3440,3506,-1,3436,3505,3504,-1,3440,3442,3507,-1,3438,3506,3505,-1,3507,3508,3509,-1,3440,3507,3506,-1,3508,3444,3449,-1,3444,3508,3442,-1,3445,3453,3446,-1,3451,3450,3445,-1,3448,3447,3446,-1,3446,3453,3449,-1,3450,3452,3445,-1,3418,3478,3482,-1,3484,2792,2793,-1,3487,2792,3484,-1,3478,3476,3483,-1,3480,3484,3483,-1,2790,3487,3486,-1,3480,3487,3484,-1,3486,3488,3510,-1,3488,3486,3485,-1,3510,3489,3511,-1,3489,3510,3488,-1,3511,3490,3512,-1,3490,3511,3489,-1,3512,3491,3493,-1,3491,3512,3490,-1,3493,3492,3513,-1,3514,3513,3494,-1,3464,3492,3491,-1,3494,3513,3492,-1,3515,3514,3495,-1,3495,3514,3494,-1,3516,3515,3496,-1,3496,3515,3495,-1,3516,3497,3517,-1,3497,3516,3496,-1,3517,3459,3518,-1,3459,3517,3497,-1,3500,2742,3518,-1,3498,3518,3459,-1,2748,3500,3499,-1,3498,3500,3518,-1,3499,3502,3519,-1,3502,3499,3501,-1,3519,3503,3520,-1,3503,3519,3502,-1,3520,3504,3521,-1,3504,3520,3503,-1,3521,3505,3522,-1,3505,3521,3504,-1,3522,3506,3523,-1,3506,3522,3505,-1,3523,3507,3509,-1,3507,3523,3506,-1,3509,3508,3524,-1,3525,3524,3449,-1,3442,3508,3507,-1,3449,3524,3508,-1,3526,3525,3453,-1,3453,3525,3449,-1,3452,3456,3526,-1,3453,3452,3526,-1,3454,3456,3452,-1,3482,3481,803,-1,796,803,3481,-1,2792,3487,2791,-1,3483,3484,3481,-1,2790,2791,3487,-1,3485,3487,3480,-1,2790,3486,2788,-1,3486,3510,2788,-1,2788,3510,2785,-1,3510,3511,2785,-1,2785,3511,2783,-1,3511,3512,2783,-1,2783,3512,2780,-1,3512,3493,2780,-1,2780,3493,2779,-1,2779,3513,2777,-1,2779,3493,3513,-1,2777,3514,2774,-1,2777,3513,3514,-1,2774,3515,2773,-1,2774,3514,3515,-1,2773,3516,2771,-1,2773,3515,3516,-1,2771,3517,2769,-1,2771,3516,3517,-1,2769,3518,2742,-1,2769,3517,3518,-1,2742,3500,2739,-1,2748,2739,3500,-1,3501,3500,3498,-1,2748,3499,2743,-1,3499,3519,2743,-1,2743,3519,2744,-1,3519,3520,2744,-1,2744,3520,2749,-1,3520,3521,2749,-1,2749,3521,2755,-1,3521,3522,2755,-1,2755,3522,2753,-1,2753,3523,2751,-1,2753,3522,3523,-1,2751,3509,2757,-1,2751,3523,3509,-1,2757,3524,2759,-1,2757,3509,3524,-1,2759,3525,2762,-1,2759,3524,3525,-1,2762,3526,2763,-1,2762,3525,3526,-1,2763,3456,2765,-1,2763,3526,3456,-1,3455,2765,3456,-1,3527,3528,3529,-1,3530,2814,3531,-1,3531,3532,3530,-1,3531,3533,3534,-1,3533,2834,3535,-1,3531,2810,3533,-1,3536,3537,3538,-1,3535,2833,3536,-1,3536,2868,3537,-1,3539,3535,3536,-1,3537,3540,3541,-1,2795,3540,3537,-1,3542,3533,3535,-1,3543,3544,2807,-1,3543,2820,3545,-1,3543,3546,3544,-1,3543,3545,3547,-1,2794,3544,3540,-1,3545,3548,3549,-1,3545,2822,3548,-1,3550,3551,3552,-1,3553,3554,3550,-1,3555,3556,3552,-1,3552,3556,2830,-1,3548,2827,3556,-1,3552,2837,3550,-1,3550,2838,3553,-1,3557,3548,3556,-1,3558,3559,3560,-1,3561,3562,3559,-1,2843,3558,3553,-1,3561,3559,3558,-1,3558,3560,3553,-1,3563,3562,3561,-1,3564,3563,3565,-1,3564,3562,3563,-1,3566,3567,3568,-1,3568,3567,3565,-1,3569,3570,3566,-1,3569,3566,3568,-1,3570,3569,3571,-1,3565,3567,3564,-1,3540,3544,3572,-1,2867,3573,3574,-1,3574,3575,3576,-1,3577,3575,3574,-1,3578,3577,3573,-1,3576,3575,3579,-1,3579,3570,3571,-1,3579,3571,3576,-1,3580,3581,3578,-1,2867,3574,2861,-1,2867,2866,3573,-1,3530,3582,3583,-1,3530,3583,2870,-1,3584,3585,3583,-1,3583,3585,2871,-1,3586,3585,3587,-1,3586,2825,3585,-1,3586,3588,3589,-1,2872,3586,3589,-1,3590,3591,3589,-1,3589,3591,2818,-1,3592,3591,3593,-1,3592,2819,3591,-1,3592,3594,3595,-1,2813,3592,3595,-1,3596,3597,3595,-1,3595,3597,2873,-1,3598,3597,3599,-1,3598,2876,3597,-1,3598,3528,3527,-1,3600,3527,3529,-1,3600,3529,3601,-1,3600,3601,3602,-1,3601,3603,3602,-1,3603,3604,3602,-1,3605,3604,3603,-1,3606,3604,3605,-1,3606,3605,3607,-1,3606,3607,3608,-1,3607,3609,3608,-1,3609,3610,3608,-1,3611,3610,3609,-1,3612,3610,3611,-1,3612,3611,3613,-1,3612,3613,3614,-1,3613,3615,3614,-1,3615,3616,3614,-1,3617,3616,3615,-1,3618,3616,3617,-1,3618,3617,3619,-1,3619,3620,3621,-1,3621,3618,3619,-1,3621,3622,2893,-1,3620,3623,3621,-1,3624,2894,3622,-1,3622,3621,3623,-1,2896,3624,3625,-1,3622,3626,3624,-1,3625,3627,2898,-1,3628,3625,3624,-1,863,3629,864,-1,3627,3625,3630,-1,2909,2906,720,-1,2909,720,719,-1,864,3629,3627,-1,720,3629,863,-1,3578,3573,3580,-1,2866,3580,3573,-1,2861,3576,2855,-1,3577,3574,3573,-1,2861,3574,3576,-1,2855,3571,2853,-1,2855,3576,3571,-1,2853,3569,2851,-1,2853,3571,3569,-1,2851,3568,2849,-1,2851,3569,3568,-1,2849,3565,2846,-1,2849,3568,3565,-1,2846,3563,2844,-1,2846,3565,3563,-1,2844,3561,2842,-1,2844,3563,3561,-1,2842,3558,2843,-1,2842,3561,3558,-1,2843,3553,2838,-1,3550,2837,2838,-1,3554,3553,3560,-1,3552,2830,2837,-1,3551,3550,3554,-1,3556,2827,2830,-1,3555,3552,3551,-1,3548,2822,2827,-1,3557,3556,3555,-1,3545,2820,2822,-1,3549,3548,3557,-1,3543,2807,2820,-1,3547,3545,3549,-1,3544,2794,2807,-1,3546,3543,3547,-1,3540,2795,2794,-1,3572,3544,3546,-1,3537,2868,2795,-1,3541,3540,3572,-1,3536,2833,2868,-1,3538,3537,3541,-1,3535,2834,2833,-1,3539,3536,3538,-1,3533,2810,2834,-1,3542,3535,3539,-1,3531,2814,2810,-1,3534,3533,3542,-1,3530,2870,2814,-1,3532,3531,3534,-1,3583,2871,2870,-1,3582,3530,3532,-1,3585,2825,2871,-1,3584,3583,3582,-1,3586,2872,2825,-1,3587,3585,3584,-1,3589,2818,2872,-1,3588,3586,3587,-1,3591,2819,2818,-1,3590,3589,3588,-1,3592,2813,2819,-1,3593,3591,3590,-1,3595,2873,2813,-1,3594,3592,3593,-1,3597,2876,2873,-1,3596,3595,3594,-1,3598,2803,2876,-1,3599,3597,3596,-1,3527,2801,2803,-1,3528,3598,3599,-1,2803,3598,3527,-1,3600,2805,2801,-1,2801,3527,3600,-1,3602,2800,2805,-1,2805,3600,3602,-1,3604,2798,2800,-1,2800,3602,3604,-1,3606,2878,2798,-1,2798,3604,3606,-1,3608,2881,2878,-1,2878,3606,3608,-1,3610,2882,2881,-1,2881,3608,3610,-1,3612,2884,2882,-1,2882,3610,3612,-1,3614,2887,2884,-1,2884,3612,3614,-1,3616,2888,2887,-1,2887,3614,3616,-1,3618,2890,2888,-1,2888,3616,3618,-1,2890,3621,2893,-1,2890,3618,3621,-1,2893,3622,2894,-1,3624,2896,2894,-1,3626,3622,3623,-1,3625,2898,2896,-1,3628,3624,3626,-1,3627,2902,2898,-1,3630,3625,3628,-1,2902,3629,2906,-1,864,3627,3630,-1,2902,3627,3629,-1,720,2906,3629,-1,2411,3631,3632,-1,2411,2412,3631,-1,3633,3634,2408,-1,2412,2413,3635,-1,3631,2412,3635,-1,3632,3636,2410,-1,2413,3637,3635,-1,3638,2414,2415,-1,2419,3639,2418,-1,3637,2414,3638,-1,3640,3638,2415,-1,3641,2416,2417,-1,3642,2417,2418,-1,3640,2415,2416,-1,2417,3642,3641,-1,2416,3641,3640,-1,3639,3642,2418,-1,3643,3644,2420,-1,2421,3643,2420,-1,3644,3639,2419,-1,2422,3645,2421,-1,2420,3644,2419,-1,2422,2423,3646,-1,2421,3645,3643,-1,2426,3647,2425,-1,3646,2423,3648,-1,2424,3648,2423,-1,2425,3649,2424,-1,3649,3648,2424,-1,3649,2425,3647,-1,3645,2422,3646,-1,3650,2426,2427,-1,2427,2428,3651,-1,2428,2429,3652,-1,3651,3650,2427,-1,2426,3650,3647,-1,3651,2428,3652,-1,2414,3637,2413,-1,2430,3653,2429,-1,3654,3653,2430,-1,2431,3655,3654,-1,3655,2431,2432,-1,3656,3655,2432,-1,3656,2432,2433,-1,3657,2433,2434,-1,3654,2430,2431,-1,3658,888,886,-1,2435,888,3659,-1,3657,2434,3660,-1,3659,888,3658,-1,3659,3660,2435,-1,2433,3657,3656,-1,2434,2435,3660,-1,3652,2429,3653,-1,886,880,3658,-1,3113,3111,880,-1,879,3113,880,-1,2410,2411,3632,-1,2410,3636,2409,-1,2409,3636,3633,-1,3661,2407,3634,-1,3633,2408,2409,-1,2406,3661,3662,-1,2408,3634,2407,-1,3662,3663,2405,-1,3661,2406,2407,-1,2405,2406,3662,-1,3663,2404,2405,-1,3663,3664,2404,-1,2403,2404,3664,-1,3665,2403,3664,-1,2403,3665,2402,-1,2402,3665,3666,-1,3666,2401,2402,-1,3666,3667,2401,-1,2400,2401,3667,-1,3668,2400,3667,-1,2400,3668,2399,-1,2399,3668,3669,-1,3669,2398,2399,-1,3669,3670,2398,-1,2397,2398,3670,-1,3671,2397,3670,-1,2397,3671,2315,-1,2315,3671,3672,-1,3672,2396,2315,-1,3672,3673,2396,-1,2395,2396,3673,-1,3674,2395,3673,-1,3674,3043,3675,-1,3674,3675,2394,-1,3040,3676,3675,-1,3676,2393,3675,-1,2392,2393,3676,-1,3677,2392,3676,-1,2392,3677,2391,-1,2391,3677,3678,-1,3678,2390,2391,-1,3678,3679,2390,-1,2389,2390,3679,-1,3680,2389,3679,-1,2389,3680,2330,-1,2330,3680,3681,-1,3681,2332,2330,-1,3681,3682,2332,-1,2333,2332,3682,-1,3683,2333,3682,-1,3684,834,836,-1,3685,3683,836,-1,3067,3062,3683,-1,3684,836,3683,-1,826,3684,3062,-1,827,826,3061,-1,3062,3061,826,-1,3684,826,834,-1,3684,3683,3062,-1,3682,3048,3067,-1,2333,3683,3685,-1,3067,3683,3682,-1,3681,3049,3048,-1,3048,3682,3681,-1,3680,3056,3049,-1,3049,3681,3680,-1,3679,3055,3056,-1,3056,3680,3679,-1,3678,3054,3055,-1,3055,3679,3678,-1,3677,3039,3054,-1,3054,3678,3677,-1,3676,3040,3039,-1,3039,3677,3676,-1,3675,3043,3040,-1,3674,3047,3043,-1,2394,3675,2393,-1,3673,3026,3047,-1,2395,3674,2394,-1,3047,3674,3673,-1,3672,3013,3026,-1,3026,3673,3672,-1,3671,3014,3013,-1,3013,3672,3671,-1,3670,3045,3014,-1,3014,3671,3670,-1,3669,3024,3045,-1,3045,3670,3669,-1,3668,3022,3024,-1,3024,3669,3668,-1,3667,2994,3022,-1,3022,3668,3667,-1,3666,2995,2994,-1,2994,3667,3666,-1,3665,3035,2995,-1,2995,3666,3665,-1,3664,3038,3035,-1,3035,3665,3664,-1,3663,3008,3038,-1,3038,3664,3663,-1,3662,3025,3008,-1,3008,3663,3662,-1,3661,3033,3025,-1,3025,3662,3661,-1,3634,3031,3033,-1,3033,3661,3634,-1,3633,3034,3031,-1,3031,3634,3633,-1,3636,3075,3034,-1,3034,3633,3636,-1,3632,3074,3075,-1,3075,3636,3632,-1,3631,3016,3074,-1,3074,3632,3631,-1,3635,3017,3016,-1,3016,3631,3635,-1,3637,3019,3017,-1,3017,3635,3637,-1,3638,3021,3019,-1,3019,3637,3638,-1,3640,3009,3021,-1,3021,3638,3640,-1,3641,3010,3009,-1,3009,3640,3641,-1,3642,3078,3010,-1,3010,3641,3642,-1,3639,3080,3078,-1,3078,3642,3639,-1,3644,3004,3080,-1,3080,3639,3644,-1,3643,3005,3004,-1,3004,3644,3643,-1,3645,3001,3005,-1,3005,3643,3645,-1,3646,2999,3001,-1,3001,3645,3646,-1,3648,2997,2999,-1,2999,3646,3648,-1,3649,3083,2997,-1,2997,3648,3649,-1,3647,3086,3083,-1,3083,3649,3647,-1,3650,3087,3086,-1,3086,3647,3650,-1,3651,3089,3087,-1,3087,3650,3651,-1,3652,3092,3089,-1,3089,3651,3652,-1,3653,3093,3092,-1,3092,3652,3653,-1,3654,3095,3093,-1,3093,3653,3654,-1,3655,3098,3095,-1,3095,3654,3655,-1,3656,3099,3098,-1,3098,3655,3656,-1,3657,3101,3099,-1,3099,3656,3657,-1,3660,3103,3101,-1,3101,3657,3660,-1,3659,3107,3103,-1,3103,3660,3659,-1,3107,3658,3111,-1,3107,3659,3658,-1,880,3111,3658,-1,3686,3687,2577,-1,3688,3287,3689,-1,3690,3691,2573,-1,3689,2575,3688,-1,3687,3686,3230,-1,2576,3687,3688,-1,3692,3686,2578,-1,3692,3236,3686,-1,3693,3694,2580,-1,3694,3692,2579,-1,3693,3214,3694,-1,3229,3692,3694,-1,3693,2581,3695,-1,3212,3693,3695,-1,3695,2582,3696,-1,3696,3222,3695,-1,3696,3697,3289,-1,3696,2583,3697,-1,3698,3215,3697,-1,3699,3698,2585,-1,3698,3697,2584,-1,3700,2586,2587,-1,3699,2585,2586,-1,3701,3702,2589,-1,3703,3700,2587,-1,3703,2587,2588,-1,2590,3701,2589,-1,2589,3702,2588,-1,3699,2586,3700,-1,2588,3702,3703,-1,2593,3704,3705,-1,3705,3706,2592,-1,3705,2592,2593,-1,2591,3706,3707,-1,3707,3701,2590,-1,2592,3706,2591,-1,3707,2590,2591,-1,2593,2594,3704,-1,3310,3708,3709,-1,3307,3710,3708,-1,2595,2480,3710,-1,2595,3710,2594,-1,2480,3708,3710,-1,3709,3708,2596,-1,3710,3704,2594,-1,3709,3711,3311,-1,3712,3313,3711,-1,3713,3315,3712,-1,2598,3712,3711,-1,3709,2597,3711,-1,3713,3712,2599,-1,3687,3234,3688,-1,897,3714,3713,-1,3714,897,894,-1,3325,902,905,-1,902,3325,3323,-1,902,3714,894,-1,3689,3715,2574,-1,3690,2500,3715,-1,3288,3715,3689,-1,2573,2500,3690,-1,3690,3715,3286,-1,2571,2572,3691,-1,2573,3691,2572,-1,2571,3716,2570,-1,3716,2571,3691,-1,3717,3718,2569,-1,2570,3716,3717,-1,3719,2568,3718,-1,2569,2570,3717,-1,2567,3719,3720,-1,2569,3718,2568,-1,3720,3721,2566,-1,3719,2567,2568,-1,3722,2565,3721,-1,2566,2567,3720,-1,2564,3722,3723,-1,2566,3721,2565,-1,3723,3724,2563,-1,3722,2564,2565,-1,3725,2562,3724,-1,2563,2564,3723,-1,2561,3725,3726,-1,2563,3724,2562,-1,3726,3727,2560,-1,3725,2561,2562,-1,3728,2559,3727,-1,2560,2561,3726,-1,2558,3728,3729,-1,2560,3727,2559,-1,3730,2557,3729,-1,3728,2558,2559,-1,2556,3730,3731,-1,3730,3729,3254,-1,3731,3732,2555,-1,3730,3253,3731,-1,3733,2554,3732,-1,3255,3732,3731,-1,2538,3733,3734,-1,3733,3732,3263,-1,2538,3734,2553,-1,3733,3265,3734,-1,2552,2553,3734,-1,3735,3736,2551,-1,2552,3734,3735,-1,3737,2550,3736,-1,2551,2552,3735,-1,2549,3737,3738,-1,2551,3736,2550,-1,3738,3739,824,-1,3737,2549,2550,-1,3269,3276,3738,-1,3739,822,824,-1,814,3739,3276,-1,818,814,3275,-1,3276,3275,814,-1,3739,814,822,-1,824,2549,3738,-1,3276,3739,3738,-1,3737,3270,3269,-1,3269,3738,3737,-1,3736,3266,3270,-1,3270,3737,3736,-1,3735,3267,3266,-1,3266,3736,3735,-1,3267,3734,3265,-1,3267,3735,3734,-1,3265,3733,3263,-1,3732,3255,3263,-1,2554,3733,2538,-1,3731,3253,3255,-1,2555,3732,2554,-1,3730,3254,3253,-1,2556,3731,2555,-1,3729,3259,3254,-1,2557,3730,2556,-1,3728,3243,3259,-1,2558,3729,2557,-1,3259,3729,3728,-1,3727,3226,3243,-1,3243,3728,3727,-1,3726,3224,3226,-1,3226,3727,3726,-1,3725,3227,3224,-1,3224,3726,3725,-1,3724,3221,3227,-1,3227,3725,3724,-1,3723,3258,3221,-1,3221,3724,3723,-1,3722,3239,3258,-1,3258,3723,3722,-1,3721,3208,3239,-1,3239,3722,3721,-1,3720,3206,3208,-1,3208,3721,3720,-1,3719,3242,3206,-1,3206,3720,3719,-1,3718,3240,3242,-1,3242,3719,3718,-1,3717,3283,3240,-1,3240,3718,3717,-1,3283,3716,3248,-1,3283,3717,3716,-1,3248,3691,3246,-1,3248,3716,3691,-1,3246,3690,3286,-1,3246,3691,3690,-1,3286,3715,3288,-1,3689,3287,3288,-1,2574,3715,2500,-1,3688,3234,3287,-1,2575,3689,2574,-1,3687,3230,3234,-1,2576,3688,2575,-1,3686,3236,3230,-1,2577,3687,2576,-1,3692,3229,3236,-1,2578,3686,2577,-1,3694,3214,3229,-1,2579,3692,2578,-1,3693,3212,3214,-1,2580,3694,2579,-1,3695,3222,3212,-1,2581,3693,2580,-1,3696,3289,3222,-1,2582,3695,2581,-1,3697,3215,3289,-1,2583,3696,2582,-1,3698,3210,3215,-1,2584,3697,2583,-1,3699,3216,3210,-1,2585,3698,2584,-1,3210,3698,3699,-1,3700,3217,3216,-1,3216,3699,3700,-1,3703,3293,3217,-1,3217,3700,3703,-1,3702,3295,3293,-1,3293,3703,3702,-1,3701,3298,3295,-1,3295,3702,3701,-1,3707,3299,3298,-1,3298,3701,3707,-1,3706,3301,3299,-1,3299,3707,3706,-1,3705,3304,3301,-1,3301,3706,3705,-1,3704,3305,3304,-1,3304,3705,3704,-1,3305,3710,3307,-1,3305,3704,3710,-1,3307,3708,3310,-1,3709,3311,3310,-1,2596,3708,2480,-1,3711,3313,3311,-1,2597,3709,2596,-1,3712,3315,3313,-1,2598,3711,2597,-1,3713,3319,3315,-1,2599,3712,2598,-1,3319,3714,3323,-1,897,3713,2599,-1,3319,3713,3714,-1,902,3323,3714,-1,3740,2724,3741,-1,3742,3743,2726,-1,3743,3741,2725,-1,2726,3743,2725,-1,2724,2725,3741,-1,3742,2726,2727,-1,3744,2734,3745,-1,3740,3746,2723,-1,2729,3747,3748,-1,2730,3747,2729,-1,3749,2728,3748,-1,2727,3749,3742,-1,2728,2729,3748,-1,2730,3750,3747,-1,3750,2730,2731,-1,3744,3751,2733,-1,3751,3752,2732,-1,2732,2733,3751,-1,3750,2731,3752,-1,2733,2734,3744,-1,3749,2727,2728,-1,3752,2731,2732,-1,3740,2723,2724,-1,3753,3745,2736,-1,3753,2736,1749,-1,1749,1748,3753,-1,2736,3745,2735,-1,1751,3451,1748,-1,2735,3745,2734,-1,3746,3754,2722,-1,3755,2721,3754,-1,2722,2723,3746,-1,2720,3755,3756,-1,2722,3754,2721,-1,3756,3757,2719,-1,3755,2720,2721,-1,2718,3757,3758,-1,2719,2720,3756,-1,3758,3759,2717,-1,3757,3462,3758,-1,3760,2716,3759,-1,3465,3759,3758,-1,2700,3760,3761,-1,3760,3759,3467,-1,2700,3761,2715,-1,3760,3468,3761,-1,2715,3761,3762,-1,3762,3763,2713,-1,2715,3762,2714,-1,3764,2712,3763,-1,2713,2714,3762,-1,2711,3764,3765,-1,2713,3763,2712,-1,3765,3766,811,-1,3764,2711,2712,-1,3477,3479,3765,-1,3766,810,811,-1,3419,800,3766,-1,801,800,3419,-1,3766,3479,3419,-1,3766,800,810,-1,811,2711,3765,-1,3479,3766,3765,-1,3764,3474,3477,-1,3477,3765,3764,-1,3763,3473,3474,-1,3474,3764,3763,-1,3762,3471,3473,-1,3473,3763,3762,-1,3471,3761,3468,-1,3471,3762,3761,-1,3468,3760,3467,-1,3759,3465,3467,-1,2716,3760,2700,-1,3758,3462,3465,-1,2717,3759,2716,-1,3757,3461,3462,-1,2718,3758,2717,-1,3756,3425,3461,-1,2719,3757,2718,-1,3461,3757,3756,-1,3755,3423,3425,-1,3425,3756,3755,-1,3754,3457,3423,-1,3423,3755,3754,-1,3746,3421,3457,-1,3457,3754,3746,-1,3740,3422,3421,-1,3421,3746,3740,-1,3741,3427,3422,-1,3422,3740,3741,-1,3743,3428,3427,-1,3427,3741,3743,-1,3742,3430,3428,-1,3428,3743,3742,-1,3749,3432,3430,-1,3430,3742,3749,-1,3748,3435,3432,-1,3432,3749,3748,-1,3747,3437,3435,-1,3435,3748,3747,-1,3750,3439,3437,-1,3437,3747,3750,-1,3752,3441,3439,-1,3439,3750,3752,-1,3751,3443,3441,-1,3441,3752,3751,-1,3744,3448,3443,-1,3443,3751,3744,-1,3448,3745,3447,-1,3448,3744,3745,-1,3447,3753,3451,-1,3447,3745,3753,-1,1748,3451,3753,-1,3767,3768,3769,-1,3770,3771,3772,-1,3773,3768,3767,-1,3774,3767,3769,-1,3775,3772,3776,-1,3769,3775,3774,-1,3776,3774,3775,-1,3777,3768,3773,-1,3778,3777,3773,-1,3779,3780,3781,-1,3778,3782,3777,-1,3780,3783,3781,-1,3781,3783,3784,-1,3780,3779,3785,-1,3783,3782,3784,-1,3778,3784,3782,-1,3785,3786,3787,-1,3785,3779,3786,-1,3777,3788,3768,-1,3787,3786,3789,-1,3790,3791,3792,-1,3792,3791,3793,-1,3792,3793,3794,-1,3790,3789,3791,-1,3795,3796,3797,-1,3797,3798,3795,-1,3794,3798,3797,-1,3793,3798,3794,-1,3795,3799,3796,-1,3799,3800,3801,-1,3800,3802,3801,-1,3800,3803,3802,-1,3796,3799,3801,-1,3803,3804,3805,-1,3805,3802,3803,-1,3804,3806,3807,-1,3807,3805,3804,-1,3806,3808,3807,-1,3809,3810,3811,-1,3808,3806,3811,-1,3812,3813,3810,-1,3811,3810,3808,-1,3809,3812,3810,-1,3814,3812,3809,-1,3814,3815,3812,-1,3790,3787,3789,-1,3814,3816,3815,-1,3817,3818,3816,-1,3817,3819,3820,-1,860,3819,3821,-1,860,3821,861,-1,3816,3818,3815,-1,3819,860,3820,-1,3776,3772,3771,-1,3817,3820,3818,-1,3770,3822,3823,-1,3770,3823,3771,-1,3823,3822,3824,-1,3824,3822,3825,-1,3825,3826,3824,-1,3825,3827,3826,-1,3828,3826,3827,-1,3829,3828,3827,-1,3828,3829,3830,-1,3830,3829,3831,-1,3831,3832,3830,-1,3831,3833,3832,-1,3834,3832,3833,-1,3835,3834,3833,-1,3834,3835,3836,-1,3836,3835,3837,-1,3838,3839,3837,-1,3839,3840,3837,-1,3841,3839,3842,-1,3843,3839,3841,-1,3841,3844,3845,-1,3841,3845,3846,-1,3847,3848,3845,-1,3848,3849,3845,-1,3847,3850,3848,-1,3851,3852,3853,-1,3854,3852,3855,-1,3856,3857,3858,-1,3857,3856,3855,-1,3859,3860,3858,-1,3858,3857,3859,-1,3861,3860,3862,-1,3859,3862,3860,-1,3861,3863,3864,-1,3863,3861,3862,-1,3865,3866,3864,-1,3864,3863,3865,-1,3867,3866,3868,-1,3865,3868,3866,-1,3867,3869,3870,-1,3869,3867,3868,-1,3871,3872,3870,-1,3870,3869,3871,-1,3873,3872,3874,-1,3871,3874,3872,-1,3873,3875,3876,-1,3875,3873,3874,-1,3877,3878,3876,-1,3876,3875,3877,-1,3877,858,3878,-1,858,857,3878,-1,3878,857,851,-1,3854,3855,3856,-1,3853,3852,3854,-1,3851,3879,3850,-1,3879,3851,3853,-1,3880,3848,3850,-1,3880,3850,3879,-1,3845,3844,3847,-1,3849,3848,3880,-1,3841,3842,3844,-1,3846,3845,3849,-1,3839,3838,3842,-1,3843,3841,3846,-1,3837,3881,3838,-1,3840,3839,3843,-1,3835,3882,3881,-1,3836,3837,3840,-1,3881,3837,3835,-1,3833,3883,3882,-1,3882,3835,3833,-1,3884,3883,3833,-1,3833,3831,3884,-1,3885,3884,3831,-1,3831,3829,3885,-1,3886,3885,3829,-1,3829,3827,3886,-1,3887,3886,3827,-1,3827,3825,3887,-1,3888,3887,3825,-1,3825,3822,3888,-1,3889,3888,3822,-1,3822,3770,3889,-1,3890,3889,3770,-1,3770,3772,3890,-1,3891,3890,3772,-1,3772,3775,3891,-1,3892,3891,3775,-1,3775,3769,3892,-1,3893,3892,3769,-1,3769,3768,3893,-1,3788,3893,3768,-1,3788,3777,3894,-1,3777,3782,3894,-1,3894,3782,3895,-1,3782,3783,3895,-1,3895,3783,3896,-1,3783,3780,3896,-1,3896,3780,3897,-1,3780,3785,3897,-1,3897,3785,3898,-1,3785,3787,3898,-1,3898,3787,3899,-1,3787,3790,3899,-1,3899,3790,3900,-1,3790,3792,3900,-1,3900,3792,3901,-1,3792,3794,3901,-1,3901,3794,3902,-1,3794,3797,3902,-1,3902,3797,3903,-1,3903,3796,3904,-1,3903,3797,3796,-1,3904,3801,3905,-1,3904,3796,3801,-1,3905,3802,3906,-1,3905,3801,3802,-1,3906,3805,3907,-1,3906,3802,3805,-1,3907,3807,3908,-1,3907,3805,3807,-1,3908,3808,3909,-1,3908,3807,3808,-1,3810,3910,3909,-1,3909,3808,3810,-1,3813,3910,3810,-1,3813,3812,3911,-1,3812,3815,3911,-1,3911,3815,3912,-1,3815,3818,3912,-1,3912,3818,875,-1,3820,874,875,-1,875,3818,3820,-1,860,874,3820,-1,3913,3914,3915,-1,3916,3917,3918,-1,3919,3920,3921,-1,3919,3922,3920,-1,3922,3919,3918,-1,3921,3920,3923,-1,3922,3918,3917,-1,3924,3925,3923,-1,3924,3926,3925,-1,3924,3927,3926,-1,3928,3929,3930,-1,3931,3928,3932,-1,3931,3929,3928,-1,3927,3932,3926,-1,3927,3931,3932,-1,3929,3933,3930,-1,3934,3935,3933,-1,3930,3933,3935,-1,3936,3935,3934,-1,3921,3923,3925,-1,3937,3936,3938,-1,3939,3937,3938,-1,3940,3941,3939,-1,3939,3941,3937,-1,3942,3943,3944,-1,3940,3942,3945,-1,3941,3940,3945,-1,3945,3942,3944,-1,3938,3936,3934,-1,3946,3947,3948,-1,3946,3948,3943,-1,3949,3947,3950,-1,3950,3947,3946,-1,3949,3951,3952,-1,3952,3951,3953,-1,3954,3952,3953,-1,3949,3950,3951,-1,3955,3956,3620,-1,3955,3954,3957,-1,3953,3957,3954,-1,3957,3958,3955,-1,3948,3944,3943,-1,3959,3960,3956,-1,3959,3961,3960,-1,3959,3956,3958,-1,3961,3962,3960,-1,3963,3962,3961,-1,738,3964,718,-1,3963,3965,3966,-1,3965,3967,3968,-1,3966,3962,3963,-1,3958,3956,3955,-1,738,3968,3967,-1,3965,3968,3966,-1,3916,3969,3917,-1,3967,3964,738,-1,3916,3970,3969,-1,3971,3969,3970,-1,3972,3973,3971,-1,3971,3970,3972,-1,3534,3974,3972,-1,3972,3974,3973,-1,3975,3973,3974,-1,3976,3975,3974,-1,3977,3978,3976,-1,3975,3976,3978,-1,3979,3977,3980,-1,3977,3979,3978,-1,3980,3981,3982,-1,3982,3979,3980,-1,3983,3984,3981,-1,3982,3981,3984,-1,3985,3983,3986,-1,3983,3985,3984,-1,3986,3987,3988,-1,3988,3985,3986,-1,3989,3990,3987,-1,3988,3987,3990,-1,3991,3989,3992,-1,3989,3991,3990,-1,3992,3993,3994,-1,3994,3991,3992,-1,3995,3996,3993,-1,3994,3993,3996,-1,3997,3995,3998,-1,3995,3997,3996,-1,3998,3999,4000,-1,4000,3997,3998,-1,4001,4002,3999,-1,4000,3999,4002,-1,4003,4001,4004,-1,4001,4003,4002,-1,4004,4005,4006,-1,4006,4003,4004,-1,4007,4008,4005,-1,4006,4005,4008,-1,4009,4007,4010,-1,4007,4009,4008,-1,4010,4011,4012,-1,4012,4009,4010,-1,4013,4014,4011,-1,4012,4011,4014,-1,4015,4013,4016,-1,4013,4015,4014,-1,4016,4017,4018,-1,4018,4015,4016,-1,3915,4019,4017,-1,4018,4017,4019,-1,3913,841,3914,-1,3915,3914,4019,-1,841,843,4020,-1,4020,3914,841,-1,841,3913,847,-1,4021,849,3915,-1,849,847,3913,-1,3913,3915,849,-1,4021,3915,3581,-1,3581,4017,3578,-1,3581,3915,4017,-1,3578,4016,3577,-1,3578,4017,4016,-1,3577,4013,3575,-1,3577,4016,4013,-1,3575,4011,3579,-1,3575,4013,4011,-1,3579,4010,3570,-1,3579,4011,4010,-1,3570,4007,3566,-1,3570,4010,4007,-1,3566,4005,3567,-1,3566,4007,4005,-1,3567,4004,3564,-1,3567,4005,4004,-1,3564,4001,3562,-1,3564,4004,4001,-1,3562,3999,3559,-1,3562,4001,3999,-1,3559,3998,3560,-1,3559,3999,3998,-1,3560,3995,3554,-1,3560,3998,3995,-1,3554,3993,3551,-1,3554,3995,3993,-1,3551,3992,3555,-1,3551,3993,3992,-1,3555,3989,3557,-1,3555,3992,3989,-1,3557,3987,3549,-1,3557,3989,3987,-1,3549,3986,3547,-1,3549,3987,3986,-1,3547,3983,3546,-1,3547,3986,3983,-1,3546,3981,3572,-1,3546,3983,3981,-1,3572,3980,3541,-1,3572,3981,3980,-1,3541,3977,3538,-1,3541,3980,3977,-1,3538,3976,3539,-1,3538,3977,3976,-1,3542,3539,3976,-1,3976,3974,3542,-1,3534,3542,3974,-1,3534,3972,3532,-1,3972,3970,3532,-1,3532,3970,3582,-1,3970,3916,3582,-1,3582,3916,3584,-1,3916,3918,3584,-1,3584,3918,3587,-1,3918,3919,3587,-1,3587,3919,3588,-1,3919,3921,3588,-1,3588,3921,3590,-1,3921,3925,3590,-1,3590,3925,3593,-1,3925,3926,3593,-1,3593,3926,3594,-1,3926,3932,3594,-1,3594,3932,3596,-1,3932,3928,3596,-1,3596,3928,3599,-1,3928,3930,3599,-1,3599,3930,3528,-1,3930,3935,3528,-1,3528,3935,3529,-1,3935,3936,3529,-1,3529,3936,3601,-1,3936,3937,3601,-1,3601,3937,3603,-1,3937,3941,3603,-1,3603,3941,3605,-1,3941,3945,3605,-1,3605,3945,3607,-1,3945,3944,3607,-1,3607,3944,3609,-1,3944,3948,3609,-1,3609,3948,3611,-1,3611,3947,3613,-1,3611,3948,3947,-1,3613,3949,3615,-1,3613,3947,3949,-1,3615,3952,3617,-1,3615,3949,3952,-1,3617,3954,3619,-1,3617,3952,3954,-1,3619,3955,3620,-1,3619,3954,3955,-1,3956,3623,3620,-1,3623,3956,3626,-1,3956,3960,3626,-1,3626,3960,3628,-1,3960,3962,3628,-1,3628,3962,3630,-1,3962,3966,3630,-1,3630,3966,864,-1,3968,862,864,-1,864,3966,3968,-1,738,862,3968,-1,4022,4023,4024,-1,3685,2334,2333,-1,2334,4023,2336,-1,4024,2334,3685,-1,828,830,4025,-1,4025,4022,828,-1,828,4022,835,-1,4024,3685,836,-1,4024,836,835,-1,4022,4024,835,-1,2334,4024,4023,-1,4026,4027,4028,-1,4026,4028,4029,-1,4028,4027,4030,-1,4030,4031,4032,-1,4027,4031,4030,-1,4033,4034,4035,-1,4029,4036,4026,-1,4035,4037,4038,-1,4035,4038,4033,-1,4032,4039,4037,-1,4038,4037,4039,-1,4039,4032,4031,-1,4034,4033,4040,-1,4040,4041,4042,-1,4042,4041,4043,-1,4044,4043,4041,-1,4040,4042,4034,-1,4045,4046,4047,-1,4048,4047,4036,-1,4049,4046,4050,-1,4050,4051,4052,-1,4053,4050,4046,-1,4054,4055,4051,-1,4051,4050,4056,-1,4057,4054,4058,-1,4051,4059,4054,-1,4060,825,4061,-1,4062,4058,4054,-1,4060,4061,4058,-1,4063,4064,4061,-1,4063,746,745,-1,4048,4036,4029,-1,4046,4049,4047,-1,4045,4047,4048,-1,4050,4052,4049,-1,4053,4046,4045,-1,4051,4055,4052,-1,4056,4050,4053,-1,4054,4057,4055,-1,4059,4051,4056,-1,4058,4065,4057,-1,4062,4054,4059,-1,4061,4064,4065,-1,4060,4058,4062,-1,4065,4058,4061,-1,746,4063,4061,-1,746,4061,825,-1,4066,4067,3889,-1,4068,3884,3885,-1,4069,4066,3890,-1,4070,4066,4069,-1,4071,4072,4073,-1,4074,4075,4076,-1,4069,3891,4076,-1,4076,3892,4074,-1,4074,4071,4077,-1,4069,4076,4078,-1,3893,4071,4074,-1,4072,3894,4079,-1,4080,4079,4081,-1,4072,4079,4082,-1,4079,3895,4081,-1,4081,4083,4084,-1,4083,4085,4086,-1,4087,4088,4089,-1,4090,4091,4085,-1,4083,3897,4085,-1,4085,3898,4090,-1,4090,4089,4092,-1,3896,4083,4081,-1,3899,4089,4090,-1,4093,4094,4095,-1,3901,4093,4087,-1,4087,4093,4096,-1,4093,3902,4094,-1,3900,4087,4089,-1,4097,3905,4098,-1,3903,3904,4099,-1,4098,3905,3906,-1,3904,4097,4099,-1,4099,4094,3903,-1,3905,4097,3904,-1,4100,3906,3907,-1,4098,3906,4100,-1,4101,4100,3907,-1,4101,3908,4102,-1,3908,3909,4102,-1,3909,3910,4102,-1,3908,4101,3907,-1,4103,4104,4105,-1,3788,4072,4071,-1,4103,4106,4107,-1,4105,3813,4103,-1,3813,4105,3910,-1,3911,4106,4103,-1,4108,859,865,-1,4106,4109,4110,-1,859,4111,870,-1,875,870,4111,-1,4111,4109,875,-1,4108,4112,859,-1,4105,4102,3910,-1,4106,3912,4109,-1,3890,4066,3889,-1,4113,3888,4067,-1,3888,3889,4067,-1,3887,4113,4114,-1,4113,3887,3888,-1,4114,4068,3886,-1,3886,3887,4114,-1,3884,4068,4115,-1,3886,4068,3885,-1,4116,3883,4115,-1,3884,4115,3883,-1,4116,3882,3883,-1,4116,4117,3882,-1,3881,3882,4117,-1,4118,3881,4117,-1,3881,4118,3838,-1,3838,4118,4119,-1,4119,3842,3838,-1,4119,4120,3842,-1,3844,3842,4120,-1,4121,3844,4120,-1,3844,4121,3847,-1,3847,4121,4122,-1,4122,3850,3847,-1,4122,4123,3850,-1,3851,3850,4123,-1,4124,3851,4123,-1,3851,4124,3852,-1,3852,4124,4125,-1,4125,3855,3852,-1,4125,4126,3855,-1,3857,3855,4126,-1,4127,3857,4126,-1,3857,4127,3859,-1,3859,4127,4128,-1,4128,3862,3859,-1,4128,4129,3862,-1,3863,3862,4129,-1,4130,3863,4129,-1,4130,4131,4132,-1,4130,4132,3865,-1,4133,4134,4132,-1,4134,3868,4132,-1,4135,4134,4136,-1,3869,4134,4135,-1,4137,3871,4135,-1,3869,4135,3871,-1,4138,3875,4137,-1,4137,3874,3871,-1,3877,4138,4139,-1,3874,4137,3875,-1,4139,4140,858,-1,4138,3877,3875,-1,4141,4142,4139,-1,4140,856,858,-1,4143,852,4140,-1,854,852,4143,-1,4140,4142,4143,-1,4140,852,856,-1,858,3877,4139,-1,4142,4140,4139,-1,4138,4144,4141,-1,4141,4139,4138,-1,4137,4145,4144,-1,4144,4138,4137,-1,4145,4135,4136,-1,4145,4137,4135,-1,4136,4134,4133,-1,4132,4131,4133,-1,3868,4134,3869,-1,4130,4146,4131,-1,3865,4132,3868,-1,4129,4147,4146,-1,3863,4130,3865,-1,4146,4130,4129,-1,4128,4148,4147,-1,4147,4129,4128,-1,4127,4149,4148,-1,4148,4128,4127,-1,4126,4150,4149,-1,4149,4127,4126,-1,4125,4151,4150,-1,4150,4126,4125,-1,4124,4152,4151,-1,4151,4125,4124,-1,4123,4153,4152,-1,4152,4124,4123,-1,4122,4154,4153,-1,4153,4123,4122,-1,4121,4155,4154,-1,4154,4122,4121,-1,4120,4156,4155,-1,4155,4121,4120,-1,4119,4157,4156,-1,4156,4120,4119,-1,4118,4158,4157,-1,4157,4119,4118,-1,4117,4159,4158,-1,4158,4118,4117,-1,4116,4160,4159,-1,4159,4117,4116,-1,4160,4115,4161,-1,4160,4116,4115,-1,4161,4068,4162,-1,4161,4115,4068,-1,4162,4114,4163,-1,4162,4068,4114,-1,4163,4113,4164,-1,4163,4114,4113,-1,4164,4067,4165,-1,4164,4113,4067,-1,4165,4066,4070,-1,4165,4067,4066,-1,4070,4069,4078,-1,4076,4075,4078,-1,3891,4069,3890,-1,4074,4077,4075,-1,3892,4076,3891,-1,4071,4073,4077,-1,3893,4074,3892,-1,4072,4082,4073,-1,3788,4071,3893,-1,4079,4080,4082,-1,3894,4072,3788,-1,4081,4084,4080,-1,3895,4079,3894,-1,4083,4086,4084,-1,3896,4081,3895,-1,4085,4091,4086,-1,3897,4083,3896,-1,4090,4092,4091,-1,3898,4085,3897,-1,4089,4088,4092,-1,3899,4090,3898,-1,4087,4096,4088,-1,3900,4089,3899,-1,4093,4095,4096,-1,3901,4087,3900,-1,4094,4166,4095,-1,3902,4093,3901,-1,4099,4167,4166,-1,3903,4094,3902,-1,4166,4094,4099,-1,4097,4168,4167,-1,4167,4099,4097,-1,4098,4169,4168,-1,4168,4097,4098,-1,4100,4170,4169,-1,4169,4098,4100,-1,4101,4171,4170,-1,4170,4100,4101,-1,4102,4172,4171,-1,4171,4101,4102,-1,4172,4105,4104,-1,4172,4102,4105,-1,4104,4103,4107,-1,4106,4110,4107,-1,3911,4103,3813,-1,4109,4173,4110,-1,3912,4106,3911,-1,4173,4111,4112,-1,875,4109,3912,-1,4173,4109,4111,-1,859,4112,4111,-1,4174,849,4021,-1,4175,3580,2866,-1,3581,3580,4021,-1,848,849,4174,-1,4174,4176,848,-1,840,839,4177,-1,4176,4177,839,-1,4176,839,848,-1,4175,4176,4174,-1,4175,4174,3580,-1,4174,4021,3580,-1,3876,713,712,-1,705,3858,3860,-1,710,3872,711,-1,712,711,3873,-1,709,708,3866,-1,3870,709,3867,-1,3861,706,3860,-1,3864,708,707,-1,703,3854,704,-1,704,3856,3858,-1,3853,3854,703,-1,3879,701,3880,-1,702,3879,3853,-1,4178,664,666,-1,673,4044,4179,-1,3832,694,3830,-1,666,4180,4178,-1,4181,4182,665,-1,3826,3828,692,-1,693,3828,3830,-1,665,4182,692,-1,4183,4184,664,-1,4184,665,664,-1,4185,669,670,-1,4186,4180,667,-1,4186,667,4187,-1,668,669,4188,-1,668,4189,4187,-1,4190,4188,669,-1,670,4191,4185,-1,694,3832,695,-1,671,4192,4193,-1,671,4193,670,-1,671,672,4194,-1,696,695,3834,-1,696,3836,697,-1,4179,672,673,-1,674,4043,673,-1,698,697,3840,-1,698,3840,3843,-1,699,698,3846,-1,4043,674,4042,-1,4034,4042,675,-1,700,699,3849,-1,4035,4034,676,-1,700,3880,701,-1,4037,677,678,-1,680,4030,679,-1,678,679,4032,-1,682,4029,681,-1,4028,680,681,-1,4045,683,4053,-1,682,4045,4048,-1,4059,4056,685,-1,4053,684,4056,-1,687,4060,4062,-1,4062,4059,686,-1,4060,687,688,-1,690,825,689,-1,3861,707,706,-1,825,690,691,-1,688,825,4060,-1,688,689,825,-1,686,687,4062,-1,685,686,4059,-1,684,685,4056,-1,683,684,4053,-1,682,683,4045,-1,682,4048,4029,-1,681,4029,4028,-1,680,4028,4030,-1,679,4030,4032,-1,678,4032,4037,-1,677,4035,676,-1,677,4037,4035,-1,676,4034,675,-1,675,4042,674,-1,673,4043,4044,-1,672,4179,4194,-1,671,4194,4192,-1,670,4193,4191,-1,669,4185,4190,-1,668,4188,4189,-1,668,4187,667,-1,667,4180,666,-1,664,4178,4183,-1,665,4184,4181,-1,692,4182,3826,-1,692,3828,693,-1,693,3830,694,-1,695,3832,3834,-1,696,3834,3836,-1,697,3836,3840,-1,698,3843,3846,-1,699,3846,3849,-1,700,3849,3880,-1,702,701,3879,-1,703,702,3853,-1,3856,704,3854,-1,705,704,3858,-1,706,705,3860,-1,3866,708,3864,-1,3864,707,3861,-1,3867,709,3866,-1,710,709,3870,-1,711,3872,3873,-1,710,3870,3872,-1,712,3873,3876,-1,713,3876,3878,-1,851,714,3878,-1,713,3878,714,-1,716,715,851,-1,851,715,714,-1,717,716,851,-1,4181,3824,4182,-1,4186,4195,4180,-1,4196,4041,4197,-1,4187,4195,4186,-1,3824,3826,4182,-1,4198,4187,4189,-1,4191,4199,4200,-1,4178,4201,4183,-1,4188,4202,4189,-1,4187,4198,4195,-1,4189,4203,4198,-1,4199,4191,4193,-1,4190,4200,4202,-1,4204,4205,4206,-1,4185,4191,4200,-1,4185,4200,4190,-1,4204,4199,4193,-1,4203,4189,4202,-1,4195,4201,4180,-1,4044,4206,4179,-1,3824,4181,3823,-1,3823,4183,3771,-1,4183,3823,4184,-1,3823,4181,4184,-1,4201,4178,4180,-1,4201,3771,4183,-1,4193,4205,4204,-1,4205,4193,4192,-1,4206,4194,4179,-1,4194,4206,4205,-1,4044,4041,4196,-1,4044,4196,4206,-1,4040,4207,4197,-1,4040,4197,4041,-1,4033,4207,4040,-1,4208,4207,4033,-1,4033,4038,4208,-1,4038,4209,4208,-1,4039,4209,4038,-1,4210,4209,4039,-1,4210,4039,4031,-1,4210,4031,4211,-1,4031,4027,4211,-1,4027,4212,4211,-1,4026,4212,4027,-1,4213,4212,4026,-1,4213,4026,4036,-1,4213,4036,4214,-1,4036,4047,4214,-1,4047,4215,4214,-1,4049,4215,4047,-1,4215,4049,4052,-1,4215,4052,4216,-1,4052,4055,4216,-1,4055,4217,4216,-1,4218,4219,4220,-1,4218,4217,4057,-1,4055,4057,4217,-1,4218,4065,4219,-1,4065,4218,4057,-1,4221,4222,4223,-1,4219,4065,4064,-1,774,868,4224,-1,4222,4224,4225,-1,861,3821,868,-1,4222,4221,871,-1,4226,4219,4064,-1,4226,4064,4063,-1,745,872,4063,-1,4063,4221,4226,-1,4196,4227,4206,-1,4194,4205,4192,-1,4228,4196,4197,-1,4229,4197,4207,-1,4204,4206,4227,-1,4230,4207,4208,-1,4227,4196,4228,-1,4231,4232,4233,-1,4228,4197,4229,-1,4209,4233,4208,-1,4229,4207,4230,-1,4210,4234,4209,-1,4208,4233,4230,-1,4211,4235,4210,-1,4209,4234,4233,-1,4212,4236,4211,-1,4210,4235,4234,-1,4237,4238,4236,-1,4211,4236,4235,-1,4214,4239,4213,-1,4213,4237,4212,-1,4215,4240,4214,-1,4213,4239,4237,-1,4216,4241,4215,-1,4214,4240,4239,-1,4217,4242,4216,-1,4215,4241,4240,-1,4218,4243,4217,-1,4241,4216,4242,-1,4244,4219,4226,-1,4242,4217,4243,-1,4245,4223,4225,-1,4243,4218,4220,-1,4226,4221,4223,-1,4244,4220,4219,-1,4063,872,4221,-1,4223,4244,4226,-1,871,4221,872,-1,4246,4203,4200,-1,4190,4202,4188,-1,4200,4203,4202,-1,4247,4246,4199,-1,4199,4246,4200,-1,4248,4247,4204,-1,4204,4247,4199,-1,4248,4227,4249,-1,4227,4248,4204,-1,4249,4228,4250,-1,4228,4249,4227,-1,4250,4229,4251,-1,4229,4250,4228,-1,4232,3789,4251,-1,4230,4251,4229,-1,3793,4232,4231,-1,4230,4232,4251,-1,4231,4234,4252,-1,4234,4231,4233,-1,4252,4235,4253,-1,4235,4252,4234,-1,4253,4236,4238,-1,4236,4253,4235,-1,4238,4237,4254,-1,4255,4254,4239,-1,4212,4237,4236,-1,4239,4254,4237,-1,4255,4240,4256,-1,4240,4255,4239,-1,4256,4241,4257,-1,4241,4256,4240,-1,4257,4242,4258,-1,4242,4257,4241,-1,4258,4243,4259,-1,4243,4258,4242,-1,4259,4220,4260,-1,4220,4259,4243,-1,4260,4244,4245,-1,4244,4260,4220,-1,4225,3817,4245,-1,4244,4223,4245,-1,4222,871,812,-1,4222,4225,4223,-1,774,4222,812,-1,3771,4201,3776,-1,4201,4195,3776,-1,3776,4195,3774,-1,4195,4198,3774,-1,3774,4198,3767,-1,3767,4198,4203,-1,3767,4203,3773,-1,3773,4246,3778,-1,3773,4203,4246,-1,3778,4247,3784,-1,3778,4246,4247,-1,3784,4248,3781,-1,3784,4247,4248,-1,3781,4249,3779,-1,3781,4248,4249,-1,3779,4250,3786,-1,3779,4249,4250,-1,3786,4251,3789,-1,3786,4250,4251,-1,3789,4232,3791,-1,3793,3791,4232,-1,4233,4232,4230,-1,3793,4231,3798,-1,4231,4252,3798,-1,3798,4252,3795,-1,4252,4253,3795,-1,3795,4253,3799,-1,4253,4238,3799,-1,3799,4238,3800,-1,4238,4254,3800,-1,3800,4254,3803,-1,4254,4255,3803,-1,3803,4255,3804,-1,3804,4256,3806,-1,3804,4255,4256,-1,3806,4257,3811,-1,3806,4256,4257,-1,3811,4258,3809,-1,3811,4257,4258,-1,3809,4259,3814,-1,3809,4258,4259,-1,3814,4260,3816,-1,3814,4259,4260,-1,3816,4245,3817,-1,3816,4260,4245,-1,3817,4225,3819,-1,3819,4225,3821,-1,4224,4222,774,-1,4225,4224,3821,-1,868,3821,4224,-1,4261,4157,4262,-1,4096,4263,4088,-1,4096,4095,4264,-1,4265,4073,4082,-1,4088,4266,4092,-1,4153,4267,4152,-1,4268,4269,4270,-1,4153,4271,4267,-1,4272,4077,4073,-1,4082,4080,4270,-1,4273,4165,4274,-1,4070,4275,4274,-1,4276,4152,4267,-1,4151,4277,4150,-1,4165,4273,4164,-1,4278,4279,4163,-1,4280,4159,4160,-1,4163,4279,4162,-1,4276,4151,4152,-1,4261,4155,4156,-1,4147,4281,4146,-1,4158,4262,4157,-1,4154,4155,4282,-1,4154,4282,4271,-1,4157,4261,4156,-1,4149,4283,4284,-1,4277,4151,4276,-1,4148,4285,4147,-1,4150,4277,4283,-1,4149,4284,4148,-1,4148,4284,4285,-1,4150,4283,4149,-1,4281,4286,4146,-1,4281,4147,4285,-1,4136,4287,4288,-1,4133,4131,4289,-1,4287,4133,4289,-1,4133,4287,4136,-1,4131,4286,4289,-1,4145,4288,4290,-1,4288,4145,4136,-1,4286,4131,4146,-1,4291,4142,4141,-1,4143,4142,4292,-1,850,4293,4294,-1,4141,4144,4291,-1,4144,4290,4291,-1,4291,4290,4295,-1,846,4020,843,-1,4294,853,837,-1,855,4293,850,-1,4143,4293,855,-1,4020,4296,4297,-1,4020,846,4296,-1,4296,4294,4298,-1,4145,4290,4144,-1,4154,4271,4153,-1,4143,855,854,-1,4261,4282,4155,-1,4261,4262,4299,-1,4262,4158,4300,-1,4300,4159,4280,-1,4159,4300,4158,-1,4160,4161,4301,-1,4160,4301,4280,-1,4162,4302,4161,-1,4301,4161,4302,-1,4278,4163,4164,-1,4162,4279,4302,-1,4165,4070,4274,-1,4164,4273,4278,-1,4303,4275,4078,-1,4275,4070,4078,-1,4303,4075,4304,-1,4075,4303,4078,-1,4075,4077,4304,-1,4077,4272,4304,-1,4270,4265,4082,-1,4265,4272,4073,-1,4084,4268,4270,-1,4084,4270,4080,-1,4305,4268,4086,-1,4084,4086,4268,-1,4305,4091,4306,-1,4091,4305,4086,-1,4092,4266,4306,-1,4306,4091,4092,-1,4263,4096,4264,-1,4263,4266,4088,-1,4166,4307,4095,-1,4307,4264,4095,-1,4308,4166,4167,-1,4166,4308,4307,-1,4167,4168,4309,-1,4309,4308,4167,-1,4169,4310,4168,-1,4309,4168,4310,-1,4170,4311,4312,-1,4169,4312,4310,-1,4313,4311,4171,-1,4170,4312,4169,-1,4313,4172,4314,-1,4311,4170,4171,-1,4104,4315,4314,-1,4171,4172,4313,-1,4316,4317,4318,-1,4104,4314,4172,-1,4107,4318,4315,-1,4315,4104,4107,-1,4318,4110,4173,-1,4107,4110,4318,-1,4173,4112,4316,-1,4316,4318,4173,-1,4319,4320,4321,-1,4319,4321,4322,-1,3964,881,718,-1,4323,873,881,-1,4322,4321,773,-1,4320,4316,4112,-1,4320,4112,4108,-1,865,869,4108,-1,4108,4321,4320,-1,4293,4143,4292,-1,837,850,4294,-1,4324,4290,4288,-1,4292,4142,4291,-1,4294,4292,4298,-1,4325,4326,4327,-1,4298,4291,4295,-1,4288,4287,4327,-1,4295,4290,4324,-1,4287,4289,4328,-1,4288,4327,4324,-1,4289,4286,4329,-1,4287,4328,4327,-1,4286,4281,4330,-1,4289,4329,4328,-1,4281,4285,4331,-1,4286,4330,4329,-1,4285,4284,4332,-1,4281,4331,4330,-1,4284,4283,4333,-1,4285,4332,4331,-1,4283,4277,4334,-1,4284,4333,4332,-1,4334,4335,4336,-1,4283,4334,4333,-1,4337,4335,4276,-1,4276,4335,4277,-1,4267,4271,4338,-1,4267,4337,4276,-1,4282,4339,4271,-1,4267,4338,4337,-1,4261,4340,4282,-1,4338,4271,4339,-1,4341,4262,4300,-1,4339,4282,4340,-1,4342,4343,4344,-1,4340,4261,4299,-1,4300,4280,4344,-1,4299,4262,4341,-1,4280,4301,4345,-1,4300,4344,4341,-1,4301,4302,4346,-1,4280,4345,4344,-1,4302,4279,4347,-1,4301,4346,4345,-1,4279,4278,4348,-1,4302,4347,4346,-1,4278,4273,4349,-1,4279,4348,4347,-1,4273,4274,4350,-1,4278,4349,4348,-1,4350,4351,4352,-1,4273,4350,4349,-1,4353,4351,4275,-1,4275,4351,4274,-1,4303,4304,4354,-1,4303,4353,4275,-1,4304,4272,4355,-1,4303,4354,4353,-1,4265,4356,4272,-1,4304,4355,4354,-1,4270,4357,4265,-1,4355,4272,4356,-1,4358,4268,4305,-1,4356,4265,4357,-1,4359,4305,4306,-1,4357,4270,4269,-1,4360,4361,4362,-1,4269,4268,4358,-1,4306,4266,4360,-1,4358,4305,4359,-1,4266,4263,4363,-1,4359,4306,4360,-1,4263,4264,4364,-1,4266,4363,4360,-1,4264,4307,4365,-1,4263,4364,4363,-1,4307,4308,4366,-1,4264,4365,4364,-1,4366,4367,4368,-1,4307,4366,4365,-1,4309,4310,4369,-1,4309,4367,4308,-1,4310,4312,4370,-1,4309,4369,4367,-1,4312,4311,4371,-1,4310,4370,4369,-1,4313,4372,4311,-1,4312,4371,4370,-1,4314,4373,4313,-1,4311,4372,4371,-1,4315,4374,4314,-1,4313,4373,4372,-1,4318,4375,4315,-1,4373,4314,4374,-1,4376,4316,4320,-1,4374,4315,4375,-1,4377,4378,4319,-1,4375,4318,4317,-1,4377,4322,4323,-1,4376,4317,4316,-1,4108,869,4321,-1,4376,4320,4319,-1,773,4321,869,-1,4293,4292,4294,-1,4297,3914,4020,-1,4297,4295,4379,-1,4292,4291,4298,-1,4295,4297,4298,-1,4326,4019,4379,-1,4324,4379,4295,-1,4015,4326,4325,-1,4324,4326,4379,-1,4325,4328,4380,-1,4328,4325,4327,-1,4380,4329,4381,-1,4329,4380,4328,-1,4381,4330,4382,-1,4330,4381,4329,-1,4382,4331,4383,-1,4331,4382,4330,-1,4383,4332,4384,-1,4332,4383,4331,-1,4384,4333,4385,-1,4333,4384,4332,-1,4385,4334,4336,-1,4334,4385,4333,-1,4336,4335,4386,-1,4387,4386,4337,-1,4277,4335,4334,-1,4337,4386,4335,-1,4388,4387,4338,-1,4338,4387,4337,-1,4388,4339,4389,-1,4339,4388,4338,-1,4389,4340,4390,-1,4340,4389,4339,-1,4390,4299,4391,-1,4299,4390,4340,-1,4343,3988,4391,-1,4341,4391,4299,-1,3984,4343,4342,-1,4341,4343,4391,-1,4342,4345,4392,-1,4345,4342,4344,-1,4392,4346,4393,-1,4346,4392,4345,-1,4393,4347,4394,-1,4347,4393,4346,-1,4394,4348,4395,-1,4348,4394,4347,-1,4395,4349,4396,-1,4349,4395,4348,-1,4396,4350,4352,-1,4350,4396,4349,-1,4352,4351,4397,-1,4398,4397,4353,-1,4274,4351,4350,-1,4353,4397,4351,-1,4399,4398,4354,-1,4354,4398,4353,-1,4399,4355,4400,-1,4355,4399,4354,-1,4400,4356,4401,-1,4356,4400,4355,-1,4401,4357,4402,-1,4357,4401,4356,-1,4402,4269,4403,-1,4269,4402,4357,-1,4403,4358,4404,-1,4358,4403,4269,-1,4362,3929,4404,-1,4359,4404,4358,-1,3934,4362,4361,-1,4359,4362,4404,-1,4361,4363,4405,-1,4363,4361,4360,-1,4405,4364,4406,-1,4364,4405,4363,-1,4406,4365,4407,-1,4365,4406,4364,-1,4407,4366,4368,-1,4366,4407,4365,-1,4368,4367,4408,-1,4409,4408,4369,-1,4308,4367,4366,-1,4369,4408,4367,-1,4409,4370,4410,-1,4370,4409,4369,-1,4410,4371,4411,-1,4371,4410,4370,-1,4411,4372,4412,-1,4372,4411,4371,-1,4412,4373,4413,-1,4373,4412,4372,-1,4413,4374,4414,-1,4374,4413,4373,-1,4414,4375,4415,-1,4375,4414,4374,-1,4415,4317,4416,-1,4317,4415,4375,-1,4378,3963,4416,-1,4376,4416,4317,-1,3967,4378,4377,-1,4416,4376,4378,-1,4322,773,772,-1,4322,4377,4319,-1,873,4322,772,-1,4294,4296,853,-1,846,853,4296,-1,3914,4379,4019,-1,4298,4297,4296,-1,3914,4297,4379,-1,4019,4326,4018,-1,4015,4018,4326,-1,4327,4326,4324,-1,4015,4325,4014,-1,4325,4380,4014,-1,4014,4380,4012,-1,4380,4381,4012,-1,4012,4381,4009,-1,4381,4382,4009,-1,4009,4382,4008,-1,4382,4383,4008,-1,4008,4383,4006,-1,4383,4384,4006,-1,4006,4384,4003,-1,4003,4385,4002,-1,4003,4384,4385,-1,4002,4336,4000,-1,4002,4385,4336,-1,4000,4386,3997,-1,4000,4336,4386,-1,3997,4387,3996,-1,3997,4386,4387,-1,3996,4388,3994,-1,3996,4387,4388,-1,3994,4389,3991,-1,3994,4388,4389,-1,3991,4390,3990,-1,3991,4389,4390,-1,3990,4391,3988,-1,3990,4390,4391,-1,3988,4343,3985,-1,3984,3985,4343,-1,4344,4343,4341,-1,3984,4342,3982,-1,4342,4392,3982,-1,3982,4392,3979,-1,4392,4393,3979,-1,3979,4393,3978,-1,4393,4394,3978,-1,3978,4394,3975,-1,4394,4395,3975,-1,3975,4395,3973,-1,4395,4396,3973,-1,3973,4396,3971,-1,4396,4352,3971,-1,3971,4352,3969,-1,3969,4397,3917,-1,3969,4352,4397,-1,3917,4398,3922,-1,3917,4397,4398,-1,3922,4399,3920,-1,3922,4398,4399,-1,3920,4400,3923,-1,3920,4399,4400,-1,3923,4401,3924,-1,3923,4400,4401,-1,3924,4402,3927,-1,3924,4401,4402,-1,3927,4403,3931,-1,3927,4402,4403,-1,3931,4404,3929,-1,3931,4403,4404,-1,3929,4362,3933,-1,3934,3933,4362,-1,4360,4362,4359,-1,3934,4361,3938,-1,4361,4405,3938,-1,3938,4405,3939,-1,4405,4406,3939,-1,3939,4406,3940,-1,4406,4407,3940,-1,3940,4407,3942,-1,4407,4368,3942,-1,3942,4368,3943,-1,4368,4408,3943,-1,3943,4408,3946,-1,4408,4409,3946,-1,3946,4409,3950,-1,3950,4410,3951,-1,3950,4409,4410,-1,3951,4411,3953,-1,3951,4410,4411,-1,3953,4412,3957,-1,3953,4411,4412,-1,3957,4413,3958,-1,3957,4412,4413,-1,3958,4414,3959,-1,3958,4413,4414,-1,3959,4415,3961,-1,3959,4414,4415,-1,3961,4416,3963,-1,3961,4415,4416,-1,3963,4378,3965,-1,3967,3965,4378,-1,4319,4378,4376,-1,3967,4377,3964,-1,4323,4322,873,-1,4377,4323,3964,-1,881,3964,4323,-1,4417,844,4177,-1,2863,2336,4023,-1,4418,4419,4420,-1,4417,4421,845,-1,2864,4420,4419,-1,4419,4422,2865,-1,4422,4423,4176,-1,4175,2866,4422,-1,4417,845,844,-1,4417,4177,4423,-1,840,4177,844,-1,4422,4419,4424,-1,4425,4421,4424,-1,4425,4418,4025,-1,830,833,4025,-1,4418,4022,4025,-1,838,845,4421,-1,842,838,4421,-1,4176,4175,4422,-1,4177,4176,4423,-1,4421,4423,4424,-1,2866,2865,4422,-1,4417,4423,4421,-1,4425,833,842,-1,2863,4420,2864,-1,4423,4422,4424,-1,4418,4424,4419,-1,2865,2864,4419,-1,842,4421,4425,-1,833,4425,4025,-1,4022,4420,4023,-1,4424,4418,4425,-1,4022,4418,4420,-1,4023,4420,2863,-1,4426,1786,4427,-1,1785,4426,1784,-1,4428,4429,4427,-1,4426,4430,1784,-1,4430,1783,1784,-1,1783,4430,4431,-1,1783,4431,1782,-1,4432,1737,1781,-1,4433,1781,1782,-1,4434,1737,4432,-1,1781,4433,4432,-1,4435,1734,1733,-1,4436,4437,1726,-1,1734,4435,4436,-1,4435,1733,4434,-1,1742,1726,4437,-1,4436,1726,1734,-1,4437,4438,1742,-1,1737,4434,1733,-1,2767,3455,4439,-1,4440,1744,4438,-1,4441,4442,4443,-1,4444,4445,4443,-1,3454,4440,4444,-1,4445,4441,4443,-1,4431,4433,1782,-1,3450,1751,1745,-1,3450,4440,3454,-1,3450,1745,4440,-1,4426,1785,1786,-1,4427,1786,1787,-1,1788,4428,1787,-1,4427,1787,4428,-1,4446,1788,1789,-1,1788,4446,4428,-1,1789,1790,4447,-1,4447,4446,1789,-1,1791,4448,1790,-1,4447,1790,4448,-1,4449,1791,1792,-1,1791,4449,4448,-1,1792,1764,4450,-1,4450,4449,1792,-1,4451,1768,4452,-1,4450,1764,4451,-1,1770,4453,4452,-1,1764,1768,4451,-1,4454,4455,4456,-1,1770,4452,1768,-1,1772,4456,4453,-1,4453,1770,1772,-1,4454,4456,1793,-1,1772,1793,4456,-1,1794,1780,4454,-1,1794,4454,1793,-1,4457,4458,4459,-1,4460,4461,4459,-1,4462,918,917,-1,4457,899,918,-1,4459,4461,910,-1,4463,4454,1780,-1,4463,1780,1779,-1,912,915,1779,-1,915,4461,1779,-1,4440,1745,1744,-1,4439,3455,4443,-1,4437,4436,4464,-1,1744,1742,4438,-1,4438,4445,4444,-1,4436,4435,4465,-1,4437,4464,4445,-1,4435,4434,4466,-1,4436,4465,4464,-1,4434,4432,4467,-1,4435,4466,4465,-1,4432,4433,4468,-1,4434,4467,4466,-1,4469,4470,4468,-1,4432,4468,4467,-1,4469,4431,4471,-1,4431,4469,4433,-1,4426,4472,4430,-1,4430,4471,4431,-1,4427,4473,4426,-1,4471,4430,4472,-1,4474,4475,4476,-1,4472,4426,4473,-1,4428,4446,4476,-1,4473,4427,4429,-1,4446,4447,4477,-1,4428,4476,4429,-1,4447,4448,4478,-1,4446,4477,4476,-1,4478,4479,4480,-1,4447,4478,4477,-1,4481,4479,4449,-1,4449,4479,4448,-1,4450,4451,4482,-1,4450,4481,4449,-1,4451,4452,4483,-1,4450,4482,4481,-1,4453,4484,4452,-1,4451,4483,4482,-1,4456,4485,4453,-1,4483,4452,4484,-1,4486,4454,4463,-1,4484,4453,4485,-1,4460,4463,4461,-1,4485,4456,4455,-1,876,4459,910,-1,4486,4455,4454,-1,4463,4460,4486,-1,915,910,4461,-1,1779,4461,4463,-1,4440,4438,4444,-1,3454,4444,3455,-1,4441,4464,4487,-1,4438,4437,4445,-1,4464,4441,4445,-1,4487,4465,4488,-1,4465,4487,4464,-1,4488,4466,4489,-1,4466,4488,4465,-1,4489,4467,4490,-1,4467,4489,4466,-1,4490,4468,4470,-1,4468,4490,4467,-1,4470,4469,4491,-1,4492,4491,4471,-1,4433,4469,4468,-1,4471,4491,4469,-1,4493,4492,4472,-1,4472,4492,4471,-1,4493,4473,4494,-1,4473,4493,4472,-1,4475,4495,4494,-1,4429,4494,4473,-1,4496,4475,4474,-1,4429,4475,4494,-1,4474,4477,4497,-1,4477,4474,4476,-1,4497,4478,4480,-1,4478,4497,4477,-1,4480,4479,4498,-1,4499,4498,4481,-1,4448,4479,4478,-1,4481,4498,4479,-1,4500,4499,4482,-1,4482,4499,4481,-1,4500,4483,4501,-1,4483,4500,4482,-1,4501,4484,4502,-1,4484,4501,4483,-1,4502,4485,4503,-1,4485,4502,4484,-1,4503,4455,4504,-1,4455,4503,4485,-1,4504,4486,4505,-1,4486,4504,4455,-1,4458,4506,4505,-1,4460,4505,4486,-1,4505,4460,4458,-1,4459,4458,4460,-1,899,4459,876,-1,3455,4444,4443,-1,4439,4443,4442,-1,4442,4441,4507,-1,4441,4487,4507,-1,4507,4487,4508,-1,4487,4488,4508,-1,4508,4488,4509,-1,4488,4489,4509,-1,4509,4489,4510,-1,4510,4490,4511,-1,4510,4489,4490,-1,4511,4470,4512,-1,4511,4490,4470,-1,4512,4491,4513,-1,4512,4470,4491,-1,4513,4492,4514,-1,4513,4491,4492,-1,4514,4493,4515,-1,4514,4492,4493,-1,4515,4494,4495,-1,4515,4493,4494,-1,4495,4475,4516,-1,4496,4516,4475,-1,4476,4475,4429,-1,4496,4474,4517,-1,4474,4497,4517,-1,4517,4497,4518,-1,4497,4480,4518,-1,4518,4480,4519,-1,4480,4498,4519,-1,4519,4498,4520,-1,4498,4499,4520,-1,4520,4499,4521,-1,4521,4500,4522,-1,4521,4499,4500,-1,4522,4501,4523,-1,4522,4500,4501,-1,4523,4502,4524,-1,4523,4501,4502,-1,4524,4503,4525,-1,4524,4502,4503,-1,4525,4504,4526,-1,4525,4503,4504,-1,4526,4505,4506,-1,4526,4504,4505,-1,4506,4458,4527,-1,4527,4458,4462,-1,4457,4459,899,-1,4458,4457,4462,-1,918,4462,4457,-1,1937,4528,4529,-1,4530,1941,4531,-1,1949,1950,4532,-1,1935,4533,4534,-1,4535,1820,1822,-1,1931,4536,4537,-1,4538,1822,1816,-1,4539,4540,1826,-1,1945,1946,4541,-1,1805,4542,1812,-1,1931,4537,1930,-1,1937,4529,1936,-1,4543,4544,1947,-1,4544,4545,4541,-1,1944,4541,4546,-1,1946,1947,4544,-1,4547,1933,1934,-1,4528,1937,1938,-1,4548,4549,1901,-1,4550,4551,1929,-1,4530,4552,1940,-1,4553,1938,1939,-1,4534,1934,1935,-1,4553,4528,1938,-1,4551,1898,1929,-1,1934,4534,4547,-1,1905,1901,4549,-1,1932,4536,1931,-1,4550,1929,1930,-1,4550,1930,4537,-1,4536,1932,1933,-1,4551,4548,1898,-1,1898,4548,1901,-1,1910,4554,1928,-1,4555,1907,1905,-1,4556,4554,1910,-1,1907,4555,4556,-1,4555,1905,4549,-1,4554,4557,1928,-1,4556,1910,1907,-1,1927,4557,4558,-1,1927,1928,4557,-1,4558,4559,1926,-1,1926,1927,4558,-1,4560,1923,4559,-1,4559,1923,1926,-1,1924,4560,1925,-1,4561,4562,795,-1,4547,4563,4536,-1,4562,4564,4565,-1,783,4565,4566,-1,792,4562,791,-1,4567,4566,4565,-1,780,783,4566,-1,4561,794,1925,-1,795,794,4561,-1,4559,4558,4568,-1,4547,4536,1933,-1,1925,794,789,-1,1936,4533,1935,-1,4553,1939,4552,-1,4529,4533,1936,-1,1940,1941,4530,-1,1939,1940,4552,-1,1942,4531,1941,-1,1942,4569,4531,-1,4569,1942,1943,-1,4569,1943,4546,-1,1945,4541,1944,-1,1943,1944,4546,-1,1947,1948,4543,-1,1946,4544,4541,-1,1948,1813,4570,-1,4570,4543,1948,-1,1812,4571,1813,-1,4570,1813,4571,-1,1805,4572,4542,-1,1812,4542,4571,-1,4572,1820,4535,-1,1820,4572,1805,-1,4540,4538,1816,-1,1822,4538,4535,-1,4573,4539,1836,-1,4540,1816,1826,-1,4574,4532,4575,-1,4539,1826,1836,-1,4532,4573,1949,-1,1836,1949,4573,-1,4532,1951,4575,-1,1950,1951,4532,-1,1952,4576,4575,-1,4575,1951,1952,-1,4577,4576,1953,-1,1952,1953,4576,-1,4577,1954,4578,-1,1954,4577,1953,-1,1955,4579,4578,-1,4578,1954,1955,-1,4580,4579,1956,-1,1955,1956,4579,-1,4580,1957,4581,-1,1957,4580,1956,-1,1851,4582,4581,-1,4581,1957,1851,-1,1860,4582,1851,-1,4583,4582,1860,-1,4583,1860,1855,-1,4583,1855,4584,-1,1855,1858,4584,-1,4585,4586,4587,-1,1862,4585,1858,-1,4584,1858,4585,-1,4586,1862,1958,-1,1862,4586,4585,-1,4588,4589,4590,-1,4586,1958,1864,-1,928,930,4591,-1,4589,4591,4592,-1,732,4593,930,-1,4589,4588,898,-1,4594,4586,1864,-1,4594,1864,1863,-1,919,925,1863,-1,925,4588,1863,-1,4561,1925,4560,-1,792,795,4562,-1,4595,4596,4597,-1,1924,1923,4560,-1,4562,4560,4564,-1,4558,4557,4595,-1,4564,4559,4568,-1,4557,4554,4598,-1,4568,4558,4595,-1,4554,4556,4599,-1,4557,4598,4595,-1,4556,4555,4600,-1,4554,4599,4598,-1,4600,4601,4602,-1,4556,4600,4599,-1,4603,4601,4549,-1,4549,4601,4555,-1,4548,4551,4604,-1,4548,4603,4549,-1,4551,4550,4605,-1,4548,4604,4603,-1,4537,4606,4550,-1,4551,4605,4604,-1,4536,4607,4537,-1,4605,4550,4606,-1,4608,4547,4534,-1,4606,4537,4607,-1,4609,4610,4611,-1,4607,4536,4563,-1,4534,4533,4609,-1,4563,4547,4608,-1,4533,4529,4612,-1,4608,4534,4609,-1,4529,4528,4613,-1,4533,4612,4609,-1,4528,4553,4614,-1,4529,4613,4612,-1,4553,4552,4615,-1,4528,4614,4613,-1,4615,4616,4617,-1,4553,4615,4614,-1,4618,4616,4530,-1,4530,4616,4552,-1,4619,4618,4531,-1,4531,4618,4530,-1,4546,4620,4569,-1,4569,4619,4531,-1,4541,4621,4546,-1,4619,4569,4620,-1,4622,4623,4624,-1,4620,4546,4621,-1,4544,4543,4622,-1,4621,4541,4545,-1,4543,4570,4625,-1,4545,4544,4622,-1,4570,4571,4626,-1,4543,4625,4622,-1,4571,4542,4627,-1,4570,4626,4625,-1,4542,4572,4628,-1,4571,4627,4626,-1,4572,4535,4629,-1,4542,4628,4627,-1,4535,4538,4630,-1,4572,4629,4628,-1,4538,4540,4631,-1,4535,4630,4629,-1,4632,4633,4631,-1,4538,4631,4630,-1,4632,4539,4634,-1,4539,4632,4540,-1,4532,4635,4573,-1,4539,4573,4634,-1,4636,4637,4638,-1,4634,4573,4635,-1,4575,4576,4636,-1,4635,4532,4574,-1,4576,4577,4639,-1,4574,4575,4636,-1,4577,4578,4640,-1,4576,4639,4636,-1,4578,4579,4641,-1,4577,4640,4639,-1,4579,4580,4642,-1,4578,4641,4640,-1,4580,4581,4643,-1,4579,4642,4641,-1,4581,4582,4644,-1,4580,4643,4642,-1,4582,4583,4645,-1,4581,4644,4643,-1,4584,4646,4583,-1,4582,4645,4644,-1,4585,4647,4584,-1,4645,4583,4646,-1,4648,4586,4594,-1,4646,4584,4647,-1,4649,4590,4592,-1,4647,4585,4587,-1,4594,4588,4590,-1,4648,4587,4586,-1,4594,4590,4648,-1,925,898,4588,-1,1863,4588,4594,-1,4561,4560,4562,-1,4567,4650,4566,-1,4597,4650,4567,-1,4560,4559,4564,-1,4568,4567,4564,-1,4651,4597,4596,-1,4568,4597,4567,-1,4596,4598,4652,-1,4598,4596,4595,-1,4652,4599,4653,-1,4599,4652,4598,-1,4653,4600,4602,-1,4600,4653,4599,-1,4602,4601,4654,-1,4655,4654,4603,-1,4555,4601,4600,-1,4603,4654,4601,-1,4656,4655,4604,-1,4604,4655,4603,-1,4656,4605,4657,-1,4605,4656,4604,-1,4657,4606,4658,-1,4606,4657,4605,-1,4658,4607,4659,-1,4607,4658,4606,-1,4659,4563,4660,-1,4563,4659,4607,-1,4611,4661,4660,-1,4608,4660,4563,-1,4662,4611,4610,-1,4608,4611,4660,-1,4610,4612,4663,-1,4612,4610,4609,-1,4663,4613,4664,-1,4613,4663,4612,-1,4664,4614,4665,-1,4614,4664,4613,-1,4665,4615,4617,-1,4615,4665,4614,-1,4617,4616,4666,-1,4667,4666,4618,-1,4552,4616,4615,-1,4618,4666,4616,-1,4668,4667,4619,-1,4619,4667,4618,-1,4669,4668,4620,-1,4620,4668,4619,-1,4669,4621,4670,-1,4621,4669,4620,-1,4670,4545,4624,-1,4545,4670,4621,-1,4623,4671,4624,-1,4545,4622,4624,-1,4623,4625,4672,-1,4625,4623,4622,-1,4672,4626,4673,-1,4626,4672,4625,-1,4673,4627,4674,-1,4627,4673,4626,-1,4674,4628,4675,-1,4628,4674,4627,-1,4675,4629,4676,-1,4629,4675,4628,-1,4676,4630,4677,-1,4630,4676,4629,-1,4677,4631,4633,-1,4631,4677,4630,-1,4633,4632,4678,-1,4679,4678,4634,-1,4540,4632,4631,-1,4634,4678,4632,-1,4680,4679,4635,-1,4635,4679,4634,-1,4680,4574,4638,-1,4574,4680,4635,-1,4637,4681,4638,-1,4574,4636,4638,-1,4637,4639,4682,-1,4639,4637,4636,-1,4682,4640,4683,-1,4640,4682,4639,-1,4683,4641,4684,-1,4641,4683,4640,-1,4684,4642,4685,-1,4642,4684,4641,-1,4685,4643,4686,-1,4643,4685,4642,-1,4686,4644,4687,-1,4644,4686,4643,-1,4687,4645,4688,-1,4645,4687,4644,-1,4688,4646,4689,-1,4646,4688,4645,-1,4689,4647,4690,-1,4647,4689,4646,-1,4690,4587,4691,-1,4587,4690,4647,-1,4691,4648,4649,-1,4648,4691,4587,-1,4592,4692,4649,-1,4648,4590,4649,-1,4589,898,900,-1,4589,4592,4590,-1,928,4589,900,-1,4562,4565,791,-1,783,791,4565,-1,4650,4597,4693,-1,4564,4567,4565,-1,4651,4693,4597,-1,4595,4597,4568,-1,4651,4596,4694,-1,4596,4652,4694,-1,4694,4652,4695,-1,4652,4653,4695,-1,4695,4653,4696,-1,4653,4602,4696,-1,4696,4602,4697,-1,4602,4654,4697,-1,4697,4654,4698,-1,4698,4655,4699,-1,4698,4654,4655,-1,4699,4656,4700,-1,4699,4655,4656,-1,4700,4657,4701,-1,4700,4656,4657,-1,4701,4658,4702,-1,4701,4657,4658,-1,4702,4659,4703,-1,4702,4658,4659,-1,4703,4660,4661,-1,4703,4659,4660,-1,4661,4611,4704,-1,4662,4704,4611,-1,4609,4611,4608,-1,4662,4610,4705,-1,4610,4663,4705,-1,4705,4663,4706,-1,4663,4664,4706,-1,4706,4664,4707,-1,4664,4665,4707,-1,4707,4665,4708,-1,4665,4617,4708,-1,4708,4617,4709,-1,4709,4666,4710,-1,4709,4617,4666,-1,4710,4667,4711,-1,4710,4666,4667,-1,4711,4668,4712,-1,4711,4667,4668,-1,4712,4669,4713,-1,4712,4668,4669,-1,4713,4670,4714,-1,4713,4669,4670,-1,4714,4624,4671,-1,4714,4670,4624,-1,4671,4623,4715,-1,4715,4623,4716,-1,4623,4672,4716,-1,4716,4672,4717,-1,4672,4673,4717,-1,4717,4673,4718,-1,4673,4674,4718,-1,4718,4674,4719,-1,4674,4675,4719,-1,4719,4675,4720,-1,4675,4676,4720,-1,4720,4676,4721,-1,4721,4677,4722,-1,4721,4676,4677,-1,4722,4633,4723,-1,4722,4677,4633,-1,4723,4678,4724,-1,4723,4633,4678,-1,4724,4679,4725,-1,4724,4678,4679,-1,4725,4680,4726,-1,4725,4679,4680,-1,4726,4638,4681,-1,4726,4680,4638,-1,4681,4637,4727,-1,4727,4637,4728,-1,4637,4682,4728,-1,4728,4682,4729,-1,4682,4683,4729,-1,4729,4683,4730,-1,4683,4684,4730,-1,4730,4684,4731,-1,4684,4685,4731,-1,4731,4685,4732,-1,4685,4686,4732,-1,4732,4686,4733,-1,4733,4687,4734,-1,4733,4686,4687,-1,4734,4688,4735,-1,4734,4687,4688,-1,4735,4689,4736,-1,4735,4688,4689,-1,4736,4690,4737,-1,4736,4689,4690,-1,4737,4691,4738,-1,4737,4690,4691,-1,4738,4649,4692,-1,4738,4691,4649,-1,4692,4592,4739,-1,4739,4592,4593,-1,4591,4589,928,-1,4592,4591,4593,-1,930,4593,4591,-1,2092,2093,4740,-1,2113,4741,2112,-1,2115,2116,4742,-1,4743,2090,2091,-1,4744,2096,4745,-1,2107,2108,4746,-1,2088,4747,4748,-1,4749,4746,2108,-1,2109,4750,4749,-1,4751,4752,2103,-1,4753,4751,2104,-1,4748,4754,2086,-1,4754,2085,2086,-1,2102,4755,2101,-1,4755,4756,4757,-1,4758,2097,2098,-1,2101,4757,2100,-1,2089,4759,4747,-1,4759,2090,4743,-1,4760,2053,4761,-1,4762,4763,2094,-1,2088,4748,2087,-1,4740,4764,2092,-1,2093,2094,4763,-1,2084,4761,2053,-1,2090,4759,2089,-1,4765,2060,2056,-1,4766,2060,4765,-1,2087,4748,2086,-1,4767,2085,4754,-1,4767,4761,2084,-1,4768,4748,4747,-1,4760,4765,2056,-1,4760,2056,2053,-1,4767,2084,2085,-1,4769,2062,4766,-1,4769,2065,2062,-1,2065,4769,4770,-1,2062,2060,4766,-1,4770,2083,2065,-1,4770,4771,2083,-1,4772,2082,4771,-1,4773,4774,2078,-1,2082,4772,2081,-1,4772,4773,2081,-1,2081,4773,2078,-1,2080,2079,4774,-1,4775,782,4776,-1,765,768,4777,-1,4778,4773,4772,-1,778,779,4775,-1,4777,4779,4780,-1,2080,4776,781,-1,4781,4779,4775,-1,768,4779,4777,-1,781,4776,782,-1,2082,2083,4771,-1,2089,4747,2088,-1,2080,781,776,-1,2091,4764,4743,-1,2093,4763,4740,-1,2092,4764,2091,-1,4744,4762,2095,-1,2095,4762,2094,-1,4745,2097,4758,-1,2096,4744,2095,-1,4782,4758,2098,-1,2097,4745,2096,-1,4782,2099,4757,-1,4782,2098,2099,-1,4757,2101,4755,-1,4757,2099,2100,-1,2103,4752,2102,-1,4752,4755,2102,-1,2104,2105,4753,-1,4751,2103,2104,-1,4783,2105,2106,-1,2105,4783,4753,-1,2106,2107,4784,-1,4784,4783,2106,-1,4749,2108,2109,-1,4784,2107,4746,-1,2109,2110,4750,-1,4750,2110,4785,-1,2111,4785,2110,-1,4786,4785,2111,-1,4786,2111,2112,-1,4787,4741,4788,-1,4741,2113,2114,-1,4741,4786,2112,-1,2115,4788,2114,-1,4741,2114,4788,-1,2116,4789,4742,-1,2115,4742,4788,-1,4789,2117,4790,-1,2117,4789,2116,-1,2118,4791,4790,-1,4790,2117,2118,-1,4792,4791,2119,-1,2118,2119,4791,-1,4792,2120,4793,-1,2120,4792,2119,-1,2008,4794,4793,-1,4793,2120,2008,-1,2009,4794,2008,-1,4795,4794,2009,-1,4795,2009,2011,-1,4795,2011,4796,-1,2011,2016,4796,-1,2016,4797,4796,-1,2023,4797,2016,-1,4798,4799,4800,-1,4800,2023,2121,-1,2023,4800,4797,-1,4801,4802,4803,-1,4800,2121,2020,-1,944,737,4804,-1,4802,4804,4805,-1,935,4806,737,-1,4802,4801,927,-1,4798,4800,2020,-1,4798,2020,2021,-1,733,929,2021,-1,2021,4801,4798,-1,4776,2080,4774,-1,779,782,4775,-1,4807,4808,4809,-1,2079,2078,4774,-1,4775,4774,4781,-1,4772,4771,4809,-1,4781,4773,4778,-1,4771,4770,4810,-1,4772,4809,4778,-1,4770,4769,4811,-1,4771,4810,4809,-1,4811,4812,4813,-1,4770,4811,4810,-1,4814,4812,4766,-1,4766,4812,4769,-1,4765,4760,4815,-1,4765,4814,4766,-1,4760,4761,4816,-1,4765,4815,4814,-1,4761,4767,4817,-1,4760,4816,4815,-1,4754,4818,4767,-1,4761,4817,4816,-1,4748,4819,4754,-1,4817,4767,4818,-1,4820,4747,4759,-1,4818,4754,4819,-1,4821,4822,4823,-1,4819,4748,4768,-1,4759,4743,4821,-1,4768,4747,4820,-1,4743,4764,4824,-1,4820,4759,4821,-1,4764,4740,4825,-1,4743,4824,4821,-1,4740,4763,4826,-1,4764,4825,4824,-1,4826,4827,4828,-1,4740,4826,4825,-1,4829,4827,4762,-1,4762,4827,4763,-1,4830,4829,4744,-1,4744,4829,4762,-1,4745,4758,4831,-1,4745,4830,4744,-1,4782,4832,4758,-1,4745,4831,4830,-1,4757,4833,4782,-1,4831,4758,4832,-1,4834,4835,4836,-1,4832,4782,4833,-1,4755,4752,4834,-1,4833,4757,4756,-1,4752,4751,4837,-1,4756,4755,4834,-1,4751,4753,4838,-1,4752,4837,4834,-1,4753,4783,4839,-1,4751,4838,4837,-1,4783,4784,4840,-1,4753,4839,4838,-1,4784,4746,4841,-1,4783,4840,4839,-1,4746,4749,4842,-1,4784,4841,4840,-1,4842,4843,4844,-1,4746,4842,4841,-1,4845,4843,4750,-1,4750,4843,4749,-1,4786,4846,4785,-1,4785,4845,4750,-1,4741,4847,4786,-1,4845,4785,4846,-1,4848,4849,4850,-1,4846,4786,4847,-1,4788,4742,4848,-1,4847,4741,4787,-1,4742,4789,4851,-1,4787,4788,4848,-1,4789,4790,4852,-1,4742,4851,4848,-1,4790,4791,4853,-1,4789,4852,4851,-1,4791,4792,4854,-1,4790,4853,4852,-1,4792,4793,4855,-1,4791,4854,4853,-1,4793,4794,4856,-1,4792,4855,4854,-1,4794,4795,4857,-1,4793,4856,4855,-1,4796,4858,4795,-1,4794,4857,4856,-1,4797,4859,4796,-1,4795,4858,4857,-1,4800,4860,4797,-1,4858,4796,4859,-1,4861,4803,4805,-1,4859,4797,4860,-1,4798,4801,4803,-1,4799,4860,4800,-1,2021,929,4801,-1,4803,4799,4798,-1,927,4801,929,-1,4776,4774,4775,-1,4780,4862,4777,-1,4808,4862,4780,-1,4774,4773,4781,-1,4778,4780,4781,-1,4863,4808,4807,-1,4778,4808,4780,-1,4807,4810,4864,-1,4810,4807,4809,-1,4864,4811,4813,-1,4811,4864,4810,-1,4813,4812,4865,-1,4866,4865,4814,-1,4769,4812,4811,-1,4814,4865,4812,-1,4867,4866,4815,-1,4815,4866,4814,-1,4867,4816,4868,-1,4816,4867,4815,-1,4868,4817,4869,-1,4817,4868,4816,-1,4869,4818,4870,-1,4818,4869,4817,-1,4870,4819,4871,-1,4819,4870,4818,-1,4871,4768,4872,-1,4768,4871,4819,-1,4823,4873,4872,-1,4820,4872,4768,-1,4874,4823,4822,-1,4820,4823,4872,-1,4822,4824,4875,-1,4824,4822,4821,-1,4875,4825,4876,-1,4825,4875,4824,-1,4876,4826,4828,-1,4826,4876,4825,-1,4828,4827,4877,-1,4878,4877,4829,-1,4763,4827,4826,-1,4829,4877,4827,-1,4879,4878,4830,-1,4830,4878,4829,-1,4880,4879,4831,-1,4831,4879,4830,-1,4880,4832,4881,-1,4832,4880,4831,-1,4881,4833,4882,-1,4833,4881,4832,-1,4882,4756,4836,-1,4756,4882,4833,-1,4835,4883,4836,-1,4756,4834,4836,-1,4835,4837,4884,-1,4837,4835,4834,-1,4884,4838,4885,-1,4838,4884,4837,-1,4885,4839,4886,-1,4839,4885,4838,-1,4886,4840,4887,-1,4840,4886,4839,-1,4887,4841,4888,-1,4841,4887,4840,-1,4888,4842,4844,-1,4842,4888,4841,-1,4844,4843,4889,-1,4890,4889,4845,-1,4749,4843,4842,-1,4845,4889,4843,-1,4891,4890,4846,-1,4846,4890,4845,-1,4891,4847,4892,-1,4847,4891,4846,-1,4892,4787,4850,-1,4787,4892,4847,-1,4849,4893,4850,-1,4787,4848,4850,-1,4849,4851,4894,-1,4851,4849,4848,-1,4894,4852,4895,-1,4852,4894,4851,-1,4895,4853,4896,-1,4853,4895,4852,-1,4896,4854,4897,-1,4854,4896,4853,-1,4897,4855,4898,-1,4855,4897,4854,-1,4898,4856,4899,-1,4856,4898,4855,-1,4899,4857,4900,-1,4857,4899,4856,-1,4900,4858,4901,-1,4858,4900,4857,-1,4901,4859,4902,-1,4859,4901,4858,-1,4902,4860,4903,-1,4860,4902,4859,-1,4903,4799,4861,-1,4799,4903,4860,-1,4805,4904,4861,-1,4799,4803,4861,-1,4802,927,926,-1,4802,4805,4803,-1,944,4802,926,-1,4775,4779,778,-1,768,778,4779,-1,4862,4808,4905,-1,4781,4780,4779,-1,4863,4905,4808,-1,4809,4808,4778,-1,4863,4807,4906,-1,4807,4864,4906,-1,4906,4864,4907,-1,4864,4813,4907,-1,4907,4813,4908,-1,4813,4865,4908,-1,4908,4865,4909,-1,4865,4866,4909,-1,4909,4866,4910,-1,4866,4867,4910,-1,4910,4867,4911,-1,4911,4868,4912,-1,4911,4867,4868,-1,4912,4869,4913,-1,4912,4868,4869,-1,4913,4870,4914,-1,4913,4869,4870,-1,4914,4871,4915,-1,4914,4870,4871,-1,4915,4872,4873,-1,4915,4871,4872,-1,4873,4823,4916,-1,4874,4916,4823,-1,4821,4823,4820,-1,4874,4822,4917,-1,4822,4875,4917,-1,4917,4875,4918,-1,4875,4876,4918,-1,4918,4876,4919,-1,4876,4828,4919,-1,4919,4828,4920,-1,4828,4877,4920,-1,4920,4877,4921,-1,4921,4878,4922,-1,4921,4877,4878,-1,4922,4879,4923,-1,4922,4878,4879,-1,4923,4880,4924,-1,4923,4879,4880,-1,4924,4881,4925,-1,4924,4880,4881,-1,4925,4882,4926,-1,4925,4881,4882,-1,4926,4836,4883,-1,4926,4882,4836,-1,4883,4835,4927,-1,4927,4835,4928,-1,4835,4884,4928,-1,4928,4884,4929,-1,4884,4885,4929,-1,4929,4885,4930,-1,4885,4886,4930,-1,4930,4886,4931,-1,4886,4887,4931,-1,4931,4887,4932,-1,4887,4888,4932,-1,4932,4888,4933,-1,4933,4844,4934,-1,4933,4888,4844,-1,4934,4889,4935,-1,4934,4844,4889,-1,4935,4890,4936,-1,4935,4889,4890,-1,4936,4891,4937,-1,4936,4890,4891,-1,4937,4892,4938,-1,4937,4891,4892,-1,4938,4850,4893,-1,4938,4892,4850,-1,4893,4849,4939,-1,4939,4849,4940,-1,4849,4894,4940,-1,4940,4894,4941,-1,4894,4895,4941,-1,4941,4895,4942,-1,4895,4896,4942,-1,4942,4896,4943,-1,4896,4897,4943,-1,4943,4897,4944,-1,4897,4898,4944,-1,4944,4898,4945,-1,4945,4899,4946,-1,4945,4898,4899,-1,4946,4900,4947,-1,4946,4899,4900,-1,4947,4901,4948,-1,4947,4900,4901,-1,4948,4902,4949,-1,4948,4901,4902,-1,4949,4903,4950,-1,4949,4902,4903,-1,4950,4861,4904,-1,4950,4903,4861,-1,4904,4805,4951,-1,4951,4805,4806,-1,4804,4802,944,-1,4805,4804,4806,-1,737,4806,4804,-1,4952,766,2246,-1,2255,4953,4954,-1,2258,4955,4956,-1,4956,4955,4957,-1,2254,2255,4954,-1,2147,4958,2272,-1,4959,2264,4960,-1,4961,4962,2157,-1,4963,2154,2155,-1,4964,2261,2262,-1,4965,2263,4959,-1,4966,2267,4967,-1,2263,4965,2262,-1,2138,4968,4969,-1,2268,4967,2267,-1,4961,2146,4970,-1,2271,4971,2270,-1,2269,2270,4972,-1,2269,4972,4973,-1,4963,4968,2154,-1,4974,4969,4975,-1,2160,2162,4976,-1,2155,4962,4963,-1,2146,4961,2157,-1,2138,2158,4968,-1,2154,4968,2158,-1,2146,2160,4970,-1,2157,4962,2155,-1,2162,4977,4976,-1,4970,2160,4976,-1,4978,2273,2274,-1,4977,2168,4979,-1,4977,2162,2168,-1,2273,4978,4979,-1,2168,2273,4979,-1,4980,2274,2275,-1,4980,4978,2274,-1,2277,4981,4982,-1,2275,4983,4980,-1,2276,4982,4983,-1,2276,4983,2275,-1,4982,2276,2277,-1,4984,4981,2278,-1,4984,2279,4985,-1,2278,4981,2277,-1,4986,4987,4988,-1,1323,4987,2187,-1,4989,4984,4985,-1,2186,2187,4987,-1,4985,2186,4987,-1,2138,4969,2139,-1,4984,2278,2279,-1,4988,1322,1325,-1,1325,1327,4990,-1,1230,4991,1327,-1,2139,4974,2147,-1,2139,4969,4974,-1,2147,4974,4958,-1,4958,4992,2272,-1,4992,2271,2272,-1,2270,4971,4972,-1,4971,2271,4992,-1,2268,4973,4967,-1,2268,2269,4973,-1,2266,4966,4993,-1,2266,2267,4966,-1,4993,4960,2265,-1,2265,2266,4993,-1,2264,4959,2263,-1,2265,4960,2264,-1,2261,4964,4994,-1,4964,2262,4965,-1,4955,2260,4994,-1,2261,4994,2260,-1,2258,2259,4955,-1,4955,2259,2260,-1,2257,4956,4995,-1,2258,4956,2257,-1,2255,2256,4953,-1,2256,2257,4995,-1,4996,2254,4954,-1,4953,2256,4995,-1,4997,2253,4996,-1,2254,4996,2253,-1,2252,4997,4998,-1,4997,2252,2253,-1,4998,4999,2251,-1,2251,2252,4998,-1,5000,2250,4999,-1,2251,4999,2250,-1,2249,5000,5001,-1,5000,2249,2250,-1,5001,5002,2225,-1,2225,2249,5001,-1,5003,2227,5002,-1,2225,5002,2227,-1,2230,5003,5004,-1,5003,2230,2227,-1,5004,5005,2234,-1,2234,2230,5004,-1,5006,2248,5005,-1,2234,5005,2248,-1,2247,5006,5007,-1,5006,2247,2248,-1,2244,5007,2245,-1,2244,2247,5007,-1,5008,2246,2245,-1,2245,5007,5008,-1,4952,767,766,-1,2246,5008,4952,-1,761,2246,766,-1,5006,5009,5007,-1,5010,5011,5012,-1,5013,5010,5014,-1,749,756,5012,-1,756,5010,5012,-1,764,767,5014,-1,763,764,5014,-1,4952,5014,767,-1,5015,5006,5005,-1,5014,5008,5013,-1,5016,5017,5018,-1,5013,5007,5009,-1,5005,5004,5018,-1,5009,5006,5015,-1,5004,5003,5019,-1,5005,5018,5015,-1,5003,5002,5020,-1,5004,5019,5018,-1,5002,5001,5021,-1,5003,5020,5019,-1,5001,5000,5022,-1,5002,5021,5020,-1,5000,4999,5023,-1,5001,5022,5021,-1,4999,4998,5024,-1,5000,5023,5022,-1,4998,4997,5025,-1,4999,5024,5023,-1,5025,5026,5027,-1,4998,5025,5024,-1,5028,5026,4996,-1,4996,5026,4997,-1,5029,5028,4954,-1,4954,5028,4996,-1,4995,5030,4953,-1,4953,5029,4954,-1,4956,5031,4995,-1,5029,4953,5030,-1,5032,4955,4994,-1,5030,4995,5031,-1,5033,4994,4964,-1,5031,4956,4957,-1,5034,5035,5036,-1,4957,4955,5032,-1,4964,4965,5034,-1,5032,4994,5033,-1,4965,4959,5037,-1,5033,4964,5034,-1,4959,4960,5038,-1,4965,5037,5034,-1,4960,4993,5039,-1,4959,5038,5037,-1,4993,4966,5040,-1,4960,5039,5038,-1,4966,4967,5041,-1,4993,5040,5039,-1,5041,5042,5043,-1,4966,5041,5040,-1,5044,5042,4973,-1,4973,5042,4967,-1,4972,4971,5045,-1,4972,5044,4973,-1,4971,4992,5046,-1,4972,5045,5044,-1,4958,5047,4992,-1,4971,5046,5045,-1,4974,5048,4958,-1,5046,4992,5047,-1,5049,4969,4968,-1,5047,4958,5048,-1,5050,4968,4963,-1,5048,4974,4975,-1,5051,4963,4962,-1,4975,4969,5049,-1,5052,5053,5054,-1,5049,4968,5050,-1,4962,4961,5054,-1,5050,4963,5051,-1,4961,4970,5055,-1,4962,5054,5051,-1,4970,4976,5056,-1,4961,5055,5054,-1,4976,4977,5057,-1,4970,5056,5055,-1,5057,5058,5059,-1,4976,5057,5056,-1,5060,5058,4979,-1,4979,5058,4977,-1,4978,4980,5061,-1,4978,5060,4979,-1,4980,4983,5062,-1,4978,5061,5060,-1,4983,4982,5063,-1,4980,5062,5061,-1,4981,5064,4982,-1,4983,5063,5062,-1,4984,5065,4981,-1,4982,5064,5063,-1,4989,5066,5065,-1,4981,5065,5064,-1,4987,4986,4985,-1,4987,1323,1322,-1,2279,2186,4985,-1,4985,4986,4989,-1,1322,4988,4987,-1,4952,5008,5014,-1,5011,5067,5012,-1,5011,5009,5068,-1,5008,5007,5013,-1,5009,5011,5013,-1,5017,5069,5068,-1,5015,5068,5009,-1,5070,5017,5016,-1,5015,5017,5068,-1,5016,5019,5071,-1,5019,5016,5018,-1,5071,5020,5072,-1,5020,5071,5019,-1,5072,5021,5073,-1,5021,5072,5020,-1,5073,5022,5074,-1,5022,5073,5021,-1,5074,5023,5075,-1,5023,5074,5022,-1,5075,5024,5076,-1,5024,5075,5023,-1,5076,5025,5027,-1,5025,5076,5024,-1,5027,5026,5077,-1,5078,5077,5028,-1,4997,5026,5025,-1,5028,5077,5026,-1,5079,5078,5029,-1,5029,5078,5028,-1,5080,5079,5030,-1,5030,5079,5029,-1,5080,5031,5081,-1,5031,5080,5030,-1,5081,4957,5082,-1,4957,5081,5031,-1,5082,5032,5083,-1,5032,5082,4957,-1,5036,5084,5083,-1,5033,5083,5032,-1,5085,5036,5035,-1,5033,5036,5083,-1,5035,5037,5086,-1,5037,5035,5034,-1,5086,5038,5087,-1,5038,5086,5037,-1,5087,5039,5088,-1,5039,5087,5038,-1,5088,5040,5089,-1,5040,5088,5039,-1,5089,5041,5043,-1,5041,5089,5040,-1,5043,5042,5090,-1,5091,5090,5044,-1,4967,5042,5041,-1,5044,5090,5042,-1,5092,5091,5045,-1,5045,5091,5044,-1,5092,5046,5093,-1,5046,5092,5045,-1,5093,5047,5094,-1,5047,5093,5046,-1,5094,5048,5095,-1,5048,5094,5047,-1,5095,4975,5096,-1,4975,5095,5048,-1,5096,5049,5097,-1,5049,5096,4975,-1,5097,5050,5098,-1,5050,5097,5049,-1,5053,5099,5098,-1,5051,5098,5050,-1,5100,5053,5052,-1,5051,5053,5098,-1,5052,5055,5101,-1,5055,5052,5054,-1,5101,5056,5102,-1,5056,5101,5055,-1,5102,5057,5059,-1,5057,5102,5056,-1,5059,5058,5103,-1,5104,5103,5060,-1,4977,5058,5057,-1,5060,5103,5058,-1,5105,5104,5061,-1,5061,5104,5060,-1,5105,5062,5106,-1,5062,5105,5061,-1,5106,5063,5107,-1,5063,5106,5062,-1,5107,5064,5108,-1,5064,5107,5063,-1,5108,5065,5066,-1,5065,5108,5064,-1,5066,4989,5109,-1,5110,5109,4986,-1,4984,4989,5065,-1,4986,5109,4989,-1,4988,4990,5110,-1,4986,4988,5110,-1,1325,4990,4988,-1,5014,5010,763,-1,756,763,5010,-1,5067,5068,5069,-1,5013,5011,5010,-1,5067,5011,5068,-1,5069,5017,5111,-1,5070,5111,5017,-1,5018,5017,5015,-1,5070,5016,5112,-1,5016,5071,5112,-1,5112,5071,5113,-1,5071,5072,5113,-1,5113,5072,5114,-1,5072,5073,5114,-1,5114,5073,5115,-1,5073,5074,5115,-1,5115,5074,5116,-1,5074,5075,5116,-1,5116,5075,5117,-1,5075,5076,5117,-1,5117,5076,5118,-1,5118,5027,5119,-1,5118,5076,5027,-1,5119,5077,5120,-1,5119,5027,5077,-1,5120,5078,5121,-1,5120,5077,5078,-1,5121,5079,5122,-1,5121,5078,5079,-1,5122,5080,5123,-1,5122,5079,5080,-1,5123,5081,5124,-1,5123,5080,5081,-1,5124,5082,5125,-1,5124,5081,5082,-1,5125,5083,5084,-1,5125,5082,5083,-1,5084,5036,5126,-1,5085,5126,5036,-1,5034,5036,5033,-1,5085,5035,5127,-1,5035,5086,5127,-1,5127,5086,5128,-1,5086,5087,5128,-1,5128,5087,5129,-1,5087,5088,5129,-1,5129,5088,5130,-1,5088,5089,5130,-1,5130,5089,5131,-1,5089,5043,5131,-1,5131,5043,5132,-1,5043,5090,5132,-1,5132,5090,5133,-1,5133,5091,5134,-1,5133,5090,5091,-1,5134,5092,5135,-1,5134,5091,5092,-1,5135,5093,5136,-1,5135,5092,5093,-1,5136,5094,5137,-1,5136,5093,5094,-1,5137,5095,5138,-1,5137,5094,5095,-1,5138,5096,5139,-1,5138,5095,5096,-1,5139,5097,5140,-1,5139,5096,5097,-1,5140,5098,5099,-1,5140,5097,5098,-1,5099,5053,5141,-1,5100,5141,5053,-1,5054,5053,5051,-1,5100,5052,5142,-1,5052,5101,5142,-1,5142,5101,5143,-1,5101,5102,5143,-1,5143,5102,5144,-1,5102,5059,5144,-1,5144,5059,5145,-1,5059,5103,5145,-1,5145,5103,5146,-1,5103,5104,5146,-1,5146,5104,5147,-1,5104,5105,5147,-1,5147,5105,5148,-1,5148,5106,5149,-1,5148,5105,5106,-1,5149,5107,5150,-1,5149,5106,5107,-1,5150,5108,5151,-1,5150,5107,5108,-1,5151,5066,5152,-1,5151,5108,5066,-1,5152,5109,5153,-1,5152,5066,5109,-1,5153,5110,5154,-1,5153,5109,5110,-1,5154,4990,4991,-1,5154,5110,4990,-1,1327,4991,4990,-1,5155,4515,4495,-1,5156,4514,4515,-1,4515,5155,5156,-1,5156,5157,4514,-1,5158,5155,4495,-1,4513,4514,5157,-1,5158,4495,4516,-1,5159,4511,4512,-1,4512,5160,5159,-1,4510,4511,5161,-1,5161,4511,5159,-1,5162,4510,5161,-1,5160,4512,4513,-1,5163,4508,4509,-1,4510,5162,4509,-1,4507,4508,5164,-1,5164,4508,5163,-1,4507,5165,4442,-1,5165,4507,5164,-1,5157,5160,4513,-1,5163,4509,5162,-1,4442,5165,5166,-1,5167,1802,2766,-1,5167,1807,1802,-1,2767,5167,2766,-1,2766,1802,1809,-1,4439,4442,5166,-1,4439,5166,5167,-1,4516,5168,5158,-1,4516,4496,5168,-1,5169,4496,4517,-1,4496,5169,5168,-1,4517,4518,5170,-1,5170,5169,4517,-1,4519,5171,4518,-1,5170,4518,5171,-1,5172,4519,4520,-1,4519,5172,5171,-1,4520,4521,5173,-1,5173,5172,4520,-1,4522,5174,4521,-1,5173,4521,5174,-1,5175,5174,4522,-1,1849,5174,5175,-1,4523,5175,4522,-1,4523,4524,5176,-1,5176,5175,4523,-1,4525,5177,4524,-1,5176,4524,5177,-1,5178,4525,4526,-1,4525,5178,5177,-1,4526,4506,5179,-1,5179,5178,4526,-1,4506,5180,5179,-1,4527,5180,4506,-1,924,5180,4527,-1,917,924,4462,-1,4527,4462,924,-1,5167,5166,1807,-1,5167,2767,4439,-1,1807,5166,1801,-1,5166,5165,1801,-1,1801,5165,1811,-1,5165,5164,1811,-1,1811,5164,1815,-1,5164,5163,1815,-1,1815,5163,1814,-1,5163,5162,1814,-1,1814,5162,1821,-1,5162,5161,1821,-1,1821,5161,1824,-1,5161,5159,1824,-1,1824,5159,1823,-1,5159,5160,1823,-1,1823,5160,1867,-1,1867,5157,1831,-1,1867,5160,5157,-1,1831,5156,1830,-1,1831,5157,5156,-1,1830,5155,1828,-1,1830,5156,5155,-1,1828,5158,1833,-1,1828,5155,5158,-1,1833,5168,1835,-1,1833,5158,5168,-1,1835,5169,1839,-1,1835,5168,5169,-1,1839,5170,1840,-1,1839,5169,5170,-1,1840,5171,1842,-1,1840,5170,5171,-1,1842,5172,1844,-1,1842,5171,5172,-1,1844,5173,1845,-1,1844,5172,5173,-1,1845,5174,1848,-1,1845,5173,5174,-1,1849,1848,5174,-1,1849,5175,1857,-1,5175,5176,1857,-1,1857,5176,1859,-1,5176,5177,1859,-1,1859,5177,1852,-1,5177,5178,1852,-1,1852,5178,1866,-1,5178,5179,1866,-1,1866,5179,920,-1,5180,921,920,-1,920,5179,5180,-1,924,921,5180,-1,5181,5182,786,-1,5183,4709,4710,-1,5184,4714,4671,-1,5185,4717,4718,-1,5186,5184,4671,-1,5187,4719,5188,-1,4718,5187,5185,-1,4718,4719,5187,-1,4721,5189,4720,-1,4722,5190,4721,-1,5189,5188,4720,-1,4721,5190,5189,-1,5191,5192,4723,-1,5192,5190,4722,-1,4719,4720,5188,-1,4722,4723,5192,-1,4724,4725,5193,-1,4725,5194,5193,-1,5193,5191,4724,-1,5194,4725,4726,-1,4681,5195,4726,-1,5195,5194,4726,-1,4730,5196,5197,-1,5198,4728,4729,-1,5197,4729,4730,-1,4727,4728,5199,-1,5198,5199,4728,-1,5197,5198,4729,-1,5200,4727,5199,-1,4681,5200,5195,-1,5200,4681,4727,-1,5201,4731,4732,-1,4733,5202,4732,-1,4731,5201,5196,-1,5201,4732,5202,-1,4730,4731,5196,-1,4733,5203,5202,-1,5203,4733,4734,-1,5204,4734,4735,-1,5205,4736,5206,-1,4736,5205,4735,-1,5204,4735,5205,-1,5204,2006,5203,-1,5204,5203,4734,-1,4737,5207,5206,-1,5206,4736,4737,-1,4692,5208,4738,-1,5209,4692,4739,-1,5208,5207,4738,-1,4593,732,933,-1,4738,5207,4737,-1,4739,4593,933,-1,4723,4724,5191,-1,5209,4739,933,-1,5185,5210,4717,-1,4692,5209,5208,-1,4716,4717,5210,-1,5210,5211,4716,-1,4715,5211,5186,-1,5211,4715,4716,-1,5184,5212,4714,-1,4671,4715,5186,-1,5212,5213,4713,-1,4713,4714,5212,-1,5214,4712,5213,-1,4713,5213,4712,-1,4711,5214,5215,-1,5214,4711,4712,-1,5215,5183,4710,-1,4710,4711,5215,-1,5216,4708,4709,-1,5216,4709,5183,-1,4707,4708,5217,-1,5216,5217,4708,-1,4707,5218,4706,-1,5218,4707,5217,-1,5219,4705,4706,-1,4706,5218,5219,-1,4662,4705,5220,-1,5219,5220,4705,-1,4662,5221,4704,-1,5221,4662,5220,-1,5222,4661,4704,-1,4704,5221,5222,-1,4703,4661,5223,-1,5222,5223,4661,-1,4703,5224,4702,-1,5224,4703,5223,-1,5225,4701,4702,-1,4702,5224,5225,-1,4700,4701,5226,-1,5225,5226,4701,-1,4700,5227,4699,-1,5227,4700,5226,-1,5228,4698,4699,-1,4699,5227,5228,-1,4697,4698,5229,-1,5228,5229,4698,-1,4697,5230,4696,-1,5230,4697,5229,-1,5230,2067,5231,-1,4696,5230,5231,-1,4695,5231,5232,-1,5231,4695,4696,-1,5232,5233,4694,-1,4694,4695,5232,-1,5234,4651,5233,-1,4694,5233,4651,-1,4693,5234,5182,-1,5234,4693,4651,-1,5181,777,4650,-1,777,780,4566,-1,4566,4650,777,-1,777,5181,784,-1,5181,4650,5182,-1,784,5181,786,-1,5182,2075,786,-1,2075,5234,2074,-1,4650,4693,5182,-1,2075,5182,5234,-1,2074,5233,2071,-1,2074,5234,5233,-1,2071,5232,2072,-1,2071,5233,5232,-1,2072,5231,2069,-1,2072,5232,5231,-1,2067,2069,5231,-1,2067,5230,2064,-1,5230,5229,2064,-1,2064,5229,2061,-1,5229,5228,2061,-1,2061,5228,2058,-1,5228,5227,2058,-1,2058,5227,2055,-1,5227,5226,2055,-1,2055,5226,2051,-1,5226,5225,2051,-1,2051,5225,2049,-1,5225,5224,2049,-1,2049,5224,2047,-1,2047,5223,2045,-1,2047,5224,5223,-1,2045,5222,2043,-1,2045,5223,5222,-1,2043,5221,2041,-1,2043,5222,5221,-1,2041,5220,2039,-1,2041,5221,5220,-1,2039,5219,2037,-1,2039,5220,5219,-1,2037,5218,2035,-1,2037,5219,5218,-1,2035,5217,1964,-1,2035,5218,5217,-1,1964,5216,2034,-1,1964,5217,5216,-1,2034,5183,2033,-1,2034,5216,5183,-1,2033,5215,2031,-1,2033,5183,5215,-1,2031,5214,2028,-1,2031,5215,5214,-1,2028,5213,2027,-1,2028,5214,5213,-1,2027,5212,2025,-1,2027,5213,5212,-1,2025,5184,1960,-1,2025,5212,5184,-1,1960,5186,1971,-1,1960,5184,5186,-1,1971,5211,1967,-1,1971,5186,5211,-1,1967,5210,1965,-1,1967,5211,5210,-1,1965,5185,1969,-1,1965,5210,5185,-1,1969,5187,1973,-1,1969,5185,5187,-1,1973,5188,1974,-1,1973,5187,5188,-1,1974,5189,1976,-1,1974,5188,5189,-1,1976,5190,1979,-1,1976,5189,5190,-1,1979,5192,1980,-1,1979,5190,5192,-1,1980,5191,1983,-1,1980,5192,5191,-1,1983,5193,1984,-1,1983,5191,5193,-1,1984,5194,1990,-1,1984,5193,5194,-1,1990,5195,1987,-1,1990,5194,5195,-1,1987,5200,1991,-1,1987,5195,5200,-1,1991,5199,1992,-1,1991,5200,5199,-1,1992,5198,1995,-1,1992,5199,5198,-1,1995,5197,1997,-1,1995,5198,5197,-1,1997,5196,1998,-1,1997,5197,5196,-1,1998,5201,2003,-1,1998,5196,5201,-1,2003,5202,2002,-1,2003,5201,5202,-1,2002,5203,2000,-1,2002,5202,5203,-1,2006,2000,5203,-1,2006,5204,2013,-1,5204,5205,2013,-1,2013,5205,2014,-1,5205,5206,2014,-1,2014,5206,2022,-1,5206,5207,2022,-1,2022,5207,2018,-1,5207,5208,2018,-1,2018,5208,936,-1,5209,932,936,-1,936,5208,5209,-1,933,932,5209,-1,5235,5236,771,-1,4926,5237,4925,-1,4925,5238,4924,-1,4928,4929,5239,-1,4928,5240,4927,-1,4930,5241,5242,-1,4931,5241,4930,-1,4932,5243,5244,-1,4934,4935,5245,-1,4932,4933,5243,-1,5246,4933,4934,-1,4931,4932,5244,-1,5246,4934,5245,-1,5243,4933,5246,-1,5244,5241,4931,-1,4936,5247,4935,-1,5247,4936,5248,-1,5248,4937,5249,-1,4937,5248,4936,-1,4938,5249,4937,-1,4938,5250,5249,-1,4938,4893,5250,-1,5250,4893,5251,-1,4939,5251,4893,-1,4939,5252,5251,-1,4940,4941,5253,-1,4940,5253,5252,-1,5254,5253,4941,-1,5252,4939,4940,-1,5254,4941,4942,-1,5255,4943,4944,-1,5256,4943,5255,-1,5256,4942,4943,-1,5257,5255,4944,-1,5254,4942,5256,-1,4944,4945,5257,-1,5257,4945,5258,-1,5259,4947,5260,-1,5259,2175,5258,-1,4946,5259,5258,-1,5259,4946,4947,-1,4948,5261,5260,-1,4947,4948,5260,-1,5258,4945,4946,-1,4948,4949,5261,-1,940,4806,935,-1,4950,5262,4949,-1,5263,4950,4904,-1,5262,4950,5263,-1,4806,940,4951,-1,4904,4951,5264,-1,4935,5247,5245,-1,5262,5261,4949,-1,4951,940,5264,-1,4929,4930,5242,-1,4904,5264,5263,-1,4929,5242,5239,-1,4928,5239,5240,-1,4883,4927,5265,-1,4927,5240,5265,-1,4883,5266,4926,-1,5266,4883,5265,-1,4925,5237,5238,-1,4926,5266,5237,-1,5267,4923,4924,-1,5267,4924,5238,-1,4922,4923,5268,-1,5267,5268,4923,-1,4922,5269,4921,-1,5269,4922,5268,-1,5270,4920,4921,-1,4921,5269,5270,-1,4919,4920,5271,-1,5270,5271,4920,-1,4919,5272,4918,-1,5272,4919,5271,-1,5273,4917,4918,-1,4918,5272,5273,-1,4874,4917,5274,-1,5273,5274,4917,-1,4874,5275,4916,-1,5275,4874,5274,-1,5276,4873,4916,-1,4916,5275,5276,-1,4915,4873,5277,-1,5276,5277,4873,-1,4915,5278,4914,-1,5278,4915,5277,-1,5279,4913,4914,-1,4914,5278,5279,-1,4912,4913,5280,-1,5279,5280,4913,-1,4912,5281,4911,-1,5281,4912,5280,-1,5282,4910,4911,-1,4911,5281,5282,-1,4909,4910,5283,-1,5282,5283,4910,-1,4909,5284,4908,-1,5284,4909,5283,-1,5284,2232,5285,-1,4908,5284,5285,-1,4907,5285,5286,-1,5285,4907,4908,-1,5286,5287,4906,-1,4906,4907,5286,-1,5288,4863,5287,-1,4906,5287,4863,-1,4905,5288,5236,-1,5288,4905,4863,-1,5235,762,4862,-1,762,765,4777,-1,4777,4862,762,-1,762,5235,769,-1,5235,4862,5236,-1,769,5235,771,-1,5236,2241,771,-1,2241,5288,2239,-1,4862,4905,5236,-1,2241,5236,5288,-1,2239,5287,2236,-1,2239,5288,5287,-1,2236,5286,2237,-1,2236,5287,5286,-1,2237,5285,2235,-1,2237,5286,5285,-1,2232,2235,5285,-1,2232,5284,2229,-1,5284,5283,2229,-1,2229,5283,2226,-1,5283,5282,2226,-1,2226,5282,2222,-1,5282,5281,2222,-1,2222,5281,2220,-1,5281,5280,2220,-1,2220,5280,2218,-1,5280,5279,2218,-1,2218,5279,2216,-1,5279,5278,2216,-1,2216,5278,2214,-1,5278,5277,2214,-1,2214,5277,2212,-1,5277,5276,2212,-1,2212,5276,2210,-1,5276,5275,2210,-1,2210,5275,2208,-1,5275,5274,2208,-1,2208,5274,2206,-1,2206,5273,2204,-1,2206,5274,5273,-1,2204,5272,2202,-1,2204,5273,5272,-1,2202,5271,2200,-1,2202,5272,5271,-1,2200,5270,2198,-1,2200,5271,5270,-1,2198,5269,2196,-1,2198,5270,5269,-1,5269,5268,2196,-1,2196,5268,2194,-1,2194,5267,2192,-1,2194,5268,5267,-1,2192,5238,2190,-1,2192,5267,5238,-1,2190,5237,2188,-1,2190,5238,5237,-1,2188,5266,2125,-1,2188,5237,5266,-1,2125,5265,2128,-1,2125,5266,5265,-1,2128,5240,2122,-1,2128,5265,5240,-1,2122,5239,2130,-1,2122,5240,5239,-1,2130,5242,2131,-1,2130,5239,5242,-1,2131,5241,2133,-1,2131,5242,5241,-1,2133,5244,2135,-1,2133,5241,5244,-1,2135,5243,2141,-1,2135,5244,5243,-1,2141,5246,2143,-1,2141,5243,5246,-1,2143,5245,2142,-1,2143,5246,5245,-1,2142,5247,2149,-1,2142,5245,5247,-1,2149,5248,2150,-1,2149,5247,5248,-1,2150,5249,2153,-1,2150,5248,5249,-1,2153,5250,2156,-1,2153,5249,5250,-1,2156,5251,2164,-1,2156,5250,5251,-1,2164,5252,2163,-1,2164,5251,5252,-1,2163,5253,2165,-1,2163,5252,5253,-1,2165,5254,2167,-1,2165,5253,5254,-1,2167,5256,2170,-1,2167,5254,5256,-1,2170,5255,2173,-1,2170,5256,5255,-1,2173,5257,2171,-1,2173,5255,5257,-1,2171,5258,2175,-1,2171,5257,5258,-1,5259,2181,2175,-1,2181,5259,2180,-1,5259,5260,2180,-1,2180,5260,2179,-1,5260,5261,2179,-1,2179,5261,2177,-1,5261,5262,2177,-1,2177,5262,2184,-1,5262,5263,2184,-1,2184,5263,948,-1,5264,939,948,-1,948,5263,5264,-1,940,939,5264,-1,5289,5290,759,-1,5291,5292,5130,-1,5129,5130,5292,-1,5134,5293,5294,-1,5295,5133,5294,-1,5293,5134,5135,-1,5136,5296,5297,-1,5138,5298,5299,-1,5136,5297,5135,-1,5296,5136,5137,-1,5296,5137,5299,-1,5299,1611,5296,-1,5138,5139,5298,-1,5137,5138,5299,-1,5298,5139,5300,-1,5301,5141,5302,-1,5303,5140,5099,-1,5140,5300,5139,-1,5140,5303,5300,-1,5303,5099,5301,-1,5099,5141,5301,-1,5297,5293,5135,-1,5304,5142,5305,-1,5142,5304,5100,-1,5143,5305,5142,-1,5304,5302,5100,-1,5305,5143,5306,-1,5302,5141,5100,-1,5144,5306,5143,-1,5145,5146,5307,-1,5145,5308,5144,-1,5309,5307,5146,-1,5145,5307,5308,-1,5310,5309,5147,-1,5146,5147,5309,-1,5311,5310,5148,-1,5310,5147,5148,-1,5150,5312,5313,-1,5313,5149,5150,-1,5312,5150,5151,-1,5311,5149,5313,-1,5151,5314,5312,-1,5148,5149,5311,-1,5308,5306,5144,-1,5153,5315,5316,-1,5316,5152,5153,-1,1647,5316,5315,-1,5153,5154,5315,-1,5317,5154,4991,-1,5317,5315,5154,-1,5151,5152,5314,-1,5152,5316,5314,-1,5317,956,958,-1,1230,1228,4991,-1,5317,1228,956,-1,5133,5295,5132,-1,5133,5134,5294,-1,5318,5132,5295,-1,5318,5291,5131,-1,5131,5132,5318,-1,5319,5129,5292,-1,5131,5291,5130,-1,5320,5128,5319,-1,5129,5319,5128,-1,5127,5320,5321,-1,5320,5127,5128,-1,5321,5322,5085,-1,5085,5127,5321,-1,5323,5126,5322,-1,5085,5322,5126,-1,5084,5323,5324,-1,5323,5084,5126,-1,5324,5325,5125,-1,5125,5084,5324,-1,5326,5124,5325,-1,5125,5325,5124,-1,5123,5326,5327,-1,5326,5123,5124,-1,5327,5328,5122,-1,5122,5123,5327,-1,5329,5121,5328,-1,5122,5328,5121,-1,5120,5329,5330,-1,5329,5120,5121,-1,5330,5331,5119,-1,5119,5120,5330,-1,5332,5118,5331,-1,5119,5331,5118,-1,5117,5332,5333,-1,5332,5117,5118,-1,5333,5334,5116,-1,5116,5117,5333,-1,5335,5115,5334,-1,5116,5334,5115,-1,5114,5335,5336,-1,5335,5114,5115,-1,5336,5337,5113,-1,5113,5114,5336,-1,5338,5112,5337,-1,5113,5337,5112,-1,5070,5338,5339,-1,5337,1698,5338,-1,5339,5111,5070,-1,5338,5070,5112,-1,5069,5111,5340,-1,5339,5340,5111,-1,5289,747,5067,-1,5290,5069,5340,-1,747,749,5012,-1,5012,5067,747,-1,747,5289,758,-1,5289,5067,5290,-1,758,5289,759,-1,5290,1704,759,-1,1704,5340,1702,-1,5067,5069,5290,-1,1704,5290,5340,-1,1702,5339,1703,-1,1702,5340,5339,-1,5338,1700,1703,-1,1703,5339,5338,-1,1698,1700,5338,-1,1698,5337,1696,-1,5337,5336,1696,-1,1696,5336,1694,-1,5336,5335,1694,-1,1694,5335,1691,-1,5335,5334,1691,-1,1691,5334,1689,-1,1689,5333,1687,-1,1689,5334,5333,-1,1687,5332,1685,-1,1687,5333,5332,-1,1685,5331,1683,-1,1685,5332,5331,-1,1683,5330,1681,-1,1683,5331,5330,-1,1681,5329,1679,-1,1681,5330,5329,-1,1679,5328,1677,-1,1679,5329,5328,-1,1677,5327,1675,-1,1677,5328,5327,-1,1675,5326,1673,-1,1675,5327,5326,-1,1673,5325,1671,-1,1673,5326,5325,-1,1671,5324,1669,-1,1671,5325,5324,-1,1669,5323,1667,-1,1669,5324,5323,-1,1667,5322,1665,-1,1667,5323,5322,-1,1665,5321,1664,-1,1665,5322,5321,-1,1664,5320,1662,-1,1664,5321,5320,-1,1662,5319,1660,-1,1662,5320,5319,-1,1660,5292,1657,-1,1660,5319,5292,-1,1657,5291,1656,-1,1657,5292,5291,-1,1656,5318,1655,-1,1656,5291,5318,-1,1655,5295,1624,-1,1655,5318,5295,-1,1624,5294,1606,-1,1624,5295,5294,-1,1606,5293,1603,-1,1606,5294,5293,-1,1603,5297,1609,-1,1603,5293,5297,-1,1612,1609,5297,-1,5297,5296,1612,-1,1611,1612,5296,-1,1611,5299,1613,-1,5299,5298,1613,-1,1613,5298,1618,-1,5298,5300,1618,-1,1618,5300,1616,-1,5300,5303,1616,-1,1616,5303,1619,-1,5303,5301,1619,-1,1619,5301,1627,-1,5301,5302,1627,-1,1627,5302,1626,-1,5302,5304,1626,-1,1626,5304,1623,-1,5304,5305,1623,-1,1623,5305,1628,-1,5305,5306,1628,-1,1628,5306,1630,-1,5306,5308,1630,-1,1630,5308,1634,-1,5308,5307,1634,-1,1634,5307,1632,-1,5307,5309,1632,-1,1632,5309,1636,-1,5309,5310,1636,-1,1636,5310,1638,-1,1638,5311,1640,-1,1638,5310,5311,-1,1640,5313,1642,-1,1640,5311,5313,-1,1642,5312,1646,-1,1642,5313,5312,-1,1646,5314,1645,-1,1646,5312,5314,-1,1645,5316,1647,-1,1645,5314,5316,-1,5315,1651,1647,-1,1651,5315,1649,-1,5315,5317,1649,-1,5317,958,1649,-1,1228,5317,4991,-1,5341,5342,1037,-1,5343,5344,1056,-1,5345,1049,1053,-1,1083,5346,5347,-1,1061,1062,5348,-1,5349,1077,5350,-1,5351,1066,1065,-1,5352,5353,1074,-1,1072,5354,1076,-1,1069,5355,5356,-1,1081,1080,5357,-1,5358,1051,5359,-1,5360,1085,1055,-1,5361,1044,5362,-1,1044,5361,1047,-1,1041,5363,5362,-1,5362,1044,1041,-1,5364,5363,1040,-1,1041,1040,5363,-1,5364,1031,5365,-1,1031,5364,1040,-1,982,5366,5365,-1,5365,1031,982,-1,5367,5366,1027,-1,982,1027,5366,-1,988,5367,1027,-1,1047,5359,1051,-1,5361,5359,1047,-1,5360,1055,5358,-1,5358,1055,1051,-1,1069,1085,5355,-1,5355,1085,5360,-1,1080,5356,5357,-1,1080,1069,5356,-1,1081,5352,1074,-1,1081,5357,5352,-1,5353,5354,1072,-1,1074,5353,1072,-1,5350,1077,1076,-1,5354,5350,1076,-1,5351,1065,5349,-1,5349,1065,1077,-1,1083,1066,5346,-1,5346,1066,5351,-1,1062,5347,5348,-1,1062,1083,5347,-1,1061,5343,1056,-1,1061,5348,5343,-1,5344,5345,1053,-1,1056,5344,1053,-1,5341,1037,1049,-1,5345,5341,1049,-1,5368,5367,988,-1,5369,5370,994,-1,5371,1021,1016,-1,1001,5372,5373,-1,1014,1012,5374,-1,5375,975,5376,-1,5377,1000,1006,-1,5378,5379,997,-1,1005,5380,1002,-1,990,5381,5382,-1,1008,991,5383,-1,5384,1020,5385,-1,5386,1018,984,-1,5387,978,5388,-1,978,5387,1023,-1,1025,5389,5388,-1,5388,978,1025,-1,5390,5389,972,-1,1025,972,5389,-1,5390,974,5391,-1,974,5390,972,-1,1033,5392,5391,-1,5391,974,1033,-1,5342,5392,1035,-1,1033,1035,5392,-1,1037,5342,1035,-1,1023,5385,1020,-1,5387,5385,1023,-1,5386,984,5384,-1,5384,984,1020,-1,990,1018,5381,-1,5381,1018,5386,-1,991,5382,5383,-1,991,990,5382,-1,1008,5378,997,-1,1008,5383,5378,-1,5379,5380,1005,-1,997,5379,1005,-1,5376,975,1002,-1,5380,5376,1002,-1,5377,1006,5375,-1,5375,1006,975,-1,1001,1000,5372,-1,5372,1000,5377,-1,1012,5373,5374,-1,1012,1001,5373,-1,1014,5369,994,-1,1014,5374,5369,-1,5370,5371,1016,-1,994,5370,1016,-1,5368,988,1021,-1,5371,5368,1021,-1,5393,5376,5394,-1,5395,5361,5396,-1,5394,5376,5380,-1,5375,5376,5393,-1,5380,5397,5394,-1,5391,5398,5399,-1,5397,5380,5379,-1,5400,5377,5401,-1,5400,5402,5372,-1,5373,5402,5403,-1,5379,5404,5397,-1,5374,5403,5405,-1,5404,5379,5378,-1,5406,5407,5370,-1,5383,5404,5378,-1,5366,5408,5409,-1,5387,5410,5385,-1,5411,5412,5363,-1,5390,5391,5399,-1,5413,5359,5395,-1,5341,5345,5414,-1,5415,5355,5416,-1,5417,5418,5343,-1,5352,5357,5419,-1,5420,5346,5421,-1,5422,5423,5350,-1,5419,5424,5353,-1,5422,5354,5424,-1,5351,5425,5421,-1,5423,5425,5349,-1,5415,5356,5355,-1,5426,5357,5356,-1,5348,5427,5417,-1,5420,5427,5347,-1,5428,5358,5413,-1,5360,5428,5416,-1,5429,5345,5344,-1,5418,5429,5344,-1,5362,5412,5396,-1,5430,5398,5392,-1,5342,5341,5430,-1,5409,5431,5365,-1,5411,5364,5431,-1,5389,5432,5433,-1,5367,5368,5408,-1,5388,5433,5434,-1,5371,5370,5407,-1,5371,5435,5368,-1,5405,5406,5369,-1,5436,5382,5437,-1,5438,5381,5386,-1,5439,5440,5384,-1,5377,5375,5401,-1,5375,5393,5401,-1,5372,5377,5400,-1,5373,5372,5402,-1,5374,5373,5403,-1,5369,5374,5405,-1,5370,5369,5406,-1,5371,5407,5435,-1,5368,5435,5408,-1,5366,5367,5408,-1,5365,5366,5409,-1,5364,5365,5431,-1,5363,5364,5411,-1,5362,5363,5412,-1,5361,5362,5396,-1,5359,5361,5395,-1,5358,5359,5413,-1,5360,5358,5428,-1,5355,5360,5416,-1,5356,5415,5426,-1,5357,5426,5419,-1,5353,5352,5419,-1,5354,5353,5424,-1,5350,5354,5422,-1,5349,5350,5423,-1,5351,5349,5425,-1,5346,5351,5421,-1,5347,5346,5420,-1,5348,5347,5427,-1,5343,5348,5417,-1,5344,5343,5418,-1,5345,5429,5414,-1,5341,5414,5430,-1,5392,5342,5430,-1,5391,5392,5398,-1,5390,5399,5432,-1,5388,5389,5433,-1,5389,5390,5432,-1,5387,5388,5434,-1,5439,5385,5410,-1,5410,5387,5434,-1,5440,5386,5384,-1,5439,5384,5385,-1,5438,5437,5381,-1,5440,5438,5386,-1,5382,5436,5383,-1,5381,5437,5382,-1,5404,5383,5436,-1,5441,5408,5435,-1,5442,5443,5408,-1,5442,5408,5441,-1,5409,5443,5444,-1,5443,5409,5408,-1,5445,5431,5444,-1,5409,5444,5431,-1,5445,5446,5411,-1,5411,5431,5445,-1,5412,5446,5447,-1,5446,5412,5411,-1,5448,5396,5447,-1,5412,5447,5396,-1,5448,5449,5395,-1,5395,5396,5448,-1,5395,5450,5413,-1,5450,5395,5449,-1,5428,5413,5451,-1,5450,5451,5413,-1,5452,5416,5428,-1,5428,5451,5452,-1,5416,5453,5415,-1,5453,5416,5452,-1,5426,5415,5454,-1,5453,5454,5415,-1,5455,5419,5426,-1,5426,5454,5455,-1,5456,5419,5455,-1,5407,5457,5435,-1,5441,5435,5457,-1,5407,5406,5458,-1,5458,5457,5407,-1,5459,5406,5405,-1,5406,5459,5458,-1,5403,5460,5405,-1,5459,5405,5460,-1,5403,5402,5461,-1,5461,5460,5403,-1,5462,5463,5402,-1,5402,5463,5461,-1,5400,5464,5462,-1,5462,5402,5400,-1,5464,5401,5465,-1,5401,5464,5400,-1,5466,5465,5393,-1,5401,5393,5465,-1,5394,5467,5466,-1,5466,5393,5394,-1,5467,5397,5468,-1,5397,5467,5394,-1,5397,5404,5468,-1,5468,5404,5469,-1,5470,5456,5455,-1,5471,5455,5454,-1,5472,5473,5474,-1,5470,5455,5471,-1,5475,5473,5472,-1,5471,5476,5470,-1,5477,5478,5479,-1,5478,5480,5479,-1,5471,5480,5476,-1,5480,5478,5476,-1,5481,5449,5482,-1,5477,5479,5474,-1,5477,5474,5473,-1,5475,5472,5483,-1,5484,5475,5483,-1,5485,5486,5484,-1,5484,5483,5485,-1,5486,5487,5488,-1,5487,5486,5485,-1,5489,5490,5491,-1,5488,5491,5490,-1,5492,5489,5493,-1,5492,5490,5489,-1,5494,5495,5496,-1,5489,5495,5493,-1,5494,5496,5497,-1,5498,5485,5499,-1,5500,5501,5502,-1,5483,5502,5499,-1,5498,5503,5504,-1,5503,5499,5501,-1,5505,5504,5506,-1,5507,5506,5503,-1,5508,5509,5505,-1,5506,5510,5508,-1,5511,5512,5509,-1,5511,5508,5513,-1,5512,5514,5515,-1,5516,5515,5517,-1,5518,5514,5511,-1,5517,5514,5519,-1,5516,5520,5521,-1,5522,5520,5517,-1,5523,5521,5524,-1,5520,5525,5524,-1,5526,5527,5528,-1,5529,5524,5530,-1,5531,5523,5529,-1,5532,5533,5534,-1,5532,5531,5535,-1,5536,5534,5537,-1,5529,5526,5535,-1,5538,5539,5540,-1,5533,5535,5528,-1,5541,5542,5543,-1,5544,5540,5545,-1,5546,5547,5464,-1,5548,5549,5550,-1,5551,5552,5553,-1,5554,5549,5545,-1,5555,5556,5557,-1,5465,5558,5546,-1,5559,5560,5553,-1,5561,5562,5528,-1,5469,5559,5555,-1,5563,5564,5565,-1,5566,5567,5568,-1,5562,5537,5533,-1,5563,5569,5570,-1,5571,5572,5573,-1,5567,5565,5574,-1,5575,5570,5536,-1,5576,5577,5578,-1,5568,5579,5580,-1,5581,5582,5583,-1,5584,5585,5583,-1,5586,5587,5573,-1,5588,5589,5590,-1,5591,5571,5573,-1,5592,5593,5594,-1,5453,5595,5454,-1,5447,5482,5448,-1,5471,5454,5595,-1,5595,5453,5596,-1,5595,5597,5480,-1,5598,5599,5474,-1,5597,5598,5479,-1,5472,5599,5502,-1,5479,5598,5474,-1,5600,5601,5491,-1,5599,5472,5474,-1,5498,5504,5600,-1,5502,5483,5472,-1,5483,5499,5485,-1,5602,5495,5489,-1,5487,5491,5488,-1,5487,5485,5498,-1,5603,5496,5604,-1,5491,5487,5600,-1,5493,5495,5494,-1,5601,5602,5489,-1,5496,5605,5497,-1,5495,5602,5604,-1,5606,5605,5496,-1,5471,5595,5480,-1,5452,5596,5453,-1,5452,5607,5596,-1,5480,5597,5479,-1,5596,5608,5597,-1,5609,5500,5599,-1,5608,5609,5598,-1,5610,5611,5612,-1,5598,5609,5599,-1,5613,5614,5601,-1,5599,5500,5502,-1,5498,5600,5487,-1,5502,5501,5499,-1,5505,5613,5504,-1,5498,5499,5503,-1,5602,5615,5604,-1,5616,5603,5617,-1,5491,5601,5489,-1,5601,5600,5613,-1,5495,5604,5496,-1,5614,5615,5602,-1,5496,5603,5606,-1,5604,5615,5617,-1,5618,5606,5603,-1,5595,5596,5597,-1,5451,5607,5452,-1,5451,5619,5607,-1,5597,5608,5598,-1,5607,5620,5608,-1,5500,5621,5622,-1,5621,5609,5620,-1,5507,5501,5622,-1,5500,5609,5621,-1,5623,5624,5614,-1,5500,5622,5501,-1,5504,5613,5600,-1,5501,5507,5503,-1,5509,5623,5505,-1,5504,5503,5506,-1,5615,5625,5617,-1,5626,5616,5627,-1,5601,5614,5602,-1,5614,5613,5623,-1,5604,5617,5603,-1,5624,5625,5615,-1,5603,5616,5618,-1,5617,5625,5627,-1,5628,5618,5616,-1,5596,5607,5608,-1,5450,5619,5451,-1,5450,5481,5619,-1,5608,5620,5609,-1,5619,5629,5620,-1,5622,5630,5631,-1,5629,5630,5621,-1,5510,5507,5631,-1,5621,5630,5622,-1,5632,5633,5624,-1,5622,5631,5507,-1,5505,5623,5613,-1,5507,5510,5506,-1,5512,5632,5509,-1,5505,5506,5508,-1,5634,5626,5627,-1,5635,5626,5634,-1,5614,5624,5615,-1,5624,5623,5632,-1,5617,5627,5616,-1,5633,5636,5625,-1,5616,5626,5628,-1,5627,5636,5634,-1,5637,5628,5626,-1,5607,5619,5620,-1,5449,5481,5450,-1,5461,5638,5460,-1,5620,5629,5621,-1,5629,5481,5639,-1,5631,5640,5641,-1,5639,5640,5630,-1,5513,5510,5641,-1,5630,5640,5631,-1,5642,5643,5633,-1,5631,5641,5510,-1,5509,5632,5623,-1,5510,5513,5508,-1,5515,5642,5512,-1,5509,5508,5511,-1,5644,5635,5634,-1,5625,5636,5627,-1,5624,5633,5625,-1,5642,5633,5632,-1,5635,5644,5645,-1,5643,5646,5636,-1,5626,5635,5637,-1,5634,5646,5644,-1,5647,5637,5635,-1,5619,5481,5629,-1,5448,5482,5449,-1,5447,5648,5482,-1,5629,5639,5630,-1,5639,5482,5649,-1,5641,5650,5651,-1,5649,5650,5640,-1,5518,5513,5651,-1,5640,5650,5641,-1,5652,5653,5643,-1,5641,5651,5513,-1,5512,5642,5632,-1,5513,5518,5511,-1,5516,5652,5515,-1,5512,5511,5514,-1,5654,5645,5644,-1,5636,5646,5634,-1,5633,5643,5636,-1,5652,5643,5642,-1,5645,5654,5655,-1,5653,5656,5646,-1,5635,5645,5647,-1,5644,5656,5654,-1,5657,5647,5645,-1,5482,5639,5481,-1,5446,5648,5447,-1,5446,5658,5648,-1,5639,5649,5640,-1,5649,5648,5659,-1,5651,5660,5611,-1,5659,5660,5650,-1,5519,5518,5611,-1,5650,5660,5651,-1,5661,5662,5653,-1,5651,5611,5518,-1,5515,5652,5642,-1,5518,5519,5514,-1,5521,5661,5516,-1,5515,5514,5517,-1,5663,5655,5654,-1,5646,5656,5644,-1,5643,5653,5646,-1,5661,5653,5652,-1,5655,5663,5664,-1,5662,5665,5656,-1,5645,5655,5657,-1,5654,5665,5663,-1,5666,5657,5655,-1,5482,5648,5649,-1,5445,5658,5446,-1,5445,5667,5658,-1,5649,5659,5650,-1,5659,5658,5668,-1,5669,5459,5638,-1,5668,5612,5660,-1,5522,5519,5610,-1,5660,5612,5611,-1,5670,5671,5662,-1,5611,5610,5519,-1,5516,5661,5652,-1,5519,5522,5517,-1,5523,5670,5521,-1,5516,5517,5520,-1,5672,5664,5663,-1,5656,5665,5654,-1,5653,5662,5656,-1,5670,5662,5661,-1,5664,5672,5673,-1,5671,5674,5665,-1,5655,5664,5666,-1,5663,5674,5672,-1,5675,5666,5664,-1,5648,5658,5659,-1,5444,5667,5445,-1,5444,5676,5667,-1,5659,5668,5660,-1,5667,5677,5668,-1,5678,5679,5610,-1,5677,5678,5612,-1,5525,5522,5679,-1,5612,5678,5610,-1,5680,5681,5671,-1,5610,5679,5522,-1,5521,5670,5661,-1,5522,5525,5520,-1,5531,5680,5523,-1,5521,5520,5524,-1,5682,5673,5672,-1,5665,5674,5663,-1,5662,5671,5665,-1,5680,5671,5670,-1,5673,5682,5683,-1,5681,5684,5674,-1,5664,5673,5675,-1,5672,5684,5682,-1,5685,5675,5673,-1,5658,5667,5668,-1,5443,5676,5444,-1,5443,5686,5676,-1,5668,5677,5612,-1,5676,5687,5677,-1,5688,5689,5679,-1,5687,5688,5678,-1,5689,5530,5525,-1,5678,5688,5679,-1,5690,5691,5681,-1,5679,5689,5525,-1,5523,5680,5670,-1,5530,5524,5525,-1,5532,5690,5531,-1,5523,5524,5529,-1,5692,5683,5682,-1,5674,5684,5672,-1,5671,5681,5674,-1,5690,5681,5680,-1,5683,5692,5693,-1,5691,5694,5684,-1,5673,5683,5685,-1,5682,5694,5692,-1,5695,5685,5683,-1,5667,5676,5677,-1,5442,5686,5443,-1,5442,5696,5686,-1,5677,5687,5678,-1,5686,5697,5687,-1,5698,5699,5689,-1,5697,5698,5688,-1,5699,5526,5530,-1,5688,5698,5689,-1,5700,5701,5691,-1,5530,5689,5699,-1,5531,5690,5680,-1,5526,5529,5530,-1,5534,5700,5532,-1,5531,5529,5535,-1,5702,5693,5692,-1,5684,5694,5682,-1,5681,5691,5684,-1,5700,5691,5690,-1,5693,5702,5703,-1,5701,5704,5694,-1,5683,5693,5695,-1,5692,5704,5702,-1,5705,5695,5693,-1,5676,5686,5687,-1,5441,5696,5442,-1,5441,5706,5696,-1,5687,5697,5688,-1,5696,5707,5697,-1,5708,5527,5699,-1,5707,5708,5698,-1,5545,5539,5709,-1,5698,5708,5699,-1,5710,5711,5701,-1,5526,5699,5527,-1,5532,5700,5690,-1,5526,5528,5535,-1,5536,5710,5534,-1,5532,5535,5533,-1,5712,5703,5702,-1,5694,5704,5692,-1,5691,5701,5694,-1,5710,5701,5700,-1,5703,5712,5713,-1,5711,5714,5704,-1,5693,5703,5705,-1,5702,5714,5712,-1,5715,5705,5703,-1,5686,5696,5697,-1,5457,5706,5441,-1,5457,5716,5706,-1,5697,5707,5698,-1,5706,5717,5707,-1,5718,5561,5527,-1,5718,5708,5717,-1,5538,5562,5719,-1,5527,5708,5718,-1,5569,5720,5711,-1,5561,5528,5527,-1,5534,5710,5700,-1,5528,5562,5533,-1,5570,5569,5536,-1,5534,5533,5537,-1,5721,5713,5712,-1,5704,5714,5702,-1,5701,5711,5704,-1,5569,5711,5710,-1,5713,5721,5722,-1,5720,5723,5714,-1,5703,5713,5715,-1,5712,5723,5721,-1,5724,5715,5713,-1,5696,5706,5707,-1,5458,5716,5457,-1,5458,5669,5716,-1,5707,5717,5708,-1,5716,5725,5717,-1,5561,5726,5719,-1,5718,5725,5726,-1,5575,5537,5538,-1,5718,5726,5561,-1,5563,5727,5720,-1,5562,5561,5719,-1,5536,5569,5710,-1,5538,5537,5562,-1,5564,5563,5570,-1,5537,5575,5536,-1,5728,5722,5721,-1,5714,5723,5712,-1,5711,5720,5714,-1,5563,5720,5569,-1,5729,5722,5730,-1,5727,5731,5723,-1,5713,5722,5724,-1,5721,5731,5728,-1,5729,5724,5722,-1,5706,5716,5717,-1,5459,5669,5458,-1,5559,5553,5555,-1,5717,5725,5718,-1,5669,5732,5725,-1,5719,5733,5539,-1,5733,5726,5732,-1,5734,5575,5540,-1,5726,5733,5719,-1,5734,5564,5570,-1,5719,5539,5538,-1,5566,5727,5565,-1,5538,5540,5575,-1,5565,5564,5574,-1,5570,5575,5734,-1,5735,5730,5728,-1,5723,5731,5721,-1,5720,5727,5723,-1,5565,5727,5563,-1,5736,5730,5737,-1,5566,5738,5731,-1,5738,5735,5728,-1,5729,5730,5736,-1,5722,5728,5730,-1,5716,5669,5725,-1,5460,5638,5459,-1,5461,5739,5638,-1,5725,5732,5726,-1,5732,5638,5740,-1,5548,5550,5741,-1,5709,5733,5740,-1,5742,5734,5544,-1,5539,5733,5709,-1,5742,5574,5564,-1,5540,5539,5545,-1,5582,5743,5744,-1,5540,5544,5734,-1,5567,5574,5745,-1,5734,5742,5564,-1,5746,5737,5735,-1,5731,5738,5728,-1,5727,5566,5731,-1,5567,5566,5565,-1,5747,5737,5748,-1,5568,5749,5738,-1,5749,5746,5735,-1,5736,5737,5747,-1,5730,5735,5737,-1,5638,5732,5669,-1,5463,5739,5461,-1,5463,5750,5739,-1,5732,5740,5733,-1,5751,5740,5739,-1,5752,5544,5549,-1,5709,5751,5554,-1,5752,5753,5742,-1,5545,5709,5554,-1,5753,5745,5574,-1,5544,5545,5549,-1,5745,5579,5567,-1,5742,5544,5752,-1,5579,5745,5754,-1,5574,5742,5753,-1,5755,5748,5746,-1,5738,5749,5735,-1,5566,5568,5738,-1,5579,5568,5567,-1,5756,5748,5757,-1,5580,5758,5749,-1,5758,5755,5746,-1,5747,5748,5756,-1,5737,5746,5748,-1,5638,5739,5740,-1,5462,5750,5463,-1,5462,5547,5750,-1,5740,5751,5709,-1,5759,5751,5750,-1,5541,5752,5548,-1,5550,5554,5759,-1,5541,5543,5753,-1,5549,5554,5550,-1,5543,5754,5745,-1,5548,5752,5549,-1,5754,5576,5579,-1,5541,5753,5752,-1,5576,5584,5580,-1,5753,5543,5745,-1,5582,5757,5755,-1,5749,5758,5746,-1,5568,5580,5749,-1,5580,5579,5576,-1,5760,5757,5744,-1,5584,5583,5758,-1,5583,5582,5755,-1,5756,5757,5760,-1,5748,5755,5757,-1,5739,5750,5751,-1,5464,5547,5462,-1,5557,5558,5466,-1,5751,5759,5554,-1,5761,5759,5547,-1,5541,5548,5762,-1,5741,5550,5761,-1,5763,5764,5765,-1,5762,5548,5741,-1,5754,5543,5766,-1,5762,5542,5541,-1,5576,5754,5577,-1,5542,5766,5543,-1,5584,5576,5578,-1,5766,5577,5754,-1,5767,5743,5581,-1,5758,5583,5755,-1,5580,5584,5758,-1,5584,5578,5585,-1,5768,5744,5769,-1,5585,5581,5583,-1,5581,5743,5582,-1,5760,5744,5768,-1,5757,5582,5744,-1,5750,5547,5759,-1,5465,5546,5464,-1,5741,5770,5762,-1,5759,5761,5550,-1,5771,5761,5546,-1,5762,5772,5542,-1,5771,5770,5741,-1,5766,5542,5773,-1,5770,5772,5762,-1,5577,5766,5774,-1,5772,5773,5542,-1,5577,5775,5578,-1,5773,5774,5766,-1,5578,5764,5585,-1,5774,5775,5577,-1,5585,5763,5581,-1,5764,5578,5775,-1,5743,5594,5769,-1,5763,5585,5764,-1,5776,5769,5593,-1,5767,5581,5763,-1,5767,5594,5743,-1,5768,5769,5776,-1,5744,5743,5769,-1,5547,5546,5761,-1,5466,5558,5465,-1,5770,5777,5772,-1,5761,5771,5741,-1,5558,5778,5771,-1,5772,5779,5773,-1,5778,5777,5770,-1,5774,5773,5780,-1,5772,5777,5779,-1,5775,5774,5781,-1,5773,5779,5780,-1,5764,5775,5782,-1,5780,5781,5774,-1,5592,5783,5784,-1,5781,5782,5775,-1,5763,5785,5767,-1,5782,5765,5764,-1,5783,5594,5767,-1,5765,5785,5763,-1,5786,5593,5587,-1,5767,5785,5783,-1,5783,5592,5594,-1,5776,5593,5786,-1,5769,5594,5593,-1,5546,5558,5771,-1,5467,5557,5466,-1,5777,5552,5779,-1,5771,5778,5770,-1,5557,5556,5778,-1,5780,5779,5787,-1,5556,5552,5777,-1,5781,5780,5788,-1,5779,5552,5787,-1,5782,5781,5789,-1,5780,5787,5788,-1,5765,5782,5790,-1,5781,5788,5789,-1,5785,5765,5791,-1,5782,5789,5790,-1,5783,5785,5792,-1,5790,5791,5765,-1,5793,5587,5592,-1,5791,5792,5785,-1,5573,5793,5591,-1,5784,5783,5792,-1,5793,5592,5784,-1,5786,5587,5586,-1,5593,5592,5587,-1,5558,5557,5778,-1,5555,5467,5468,-1,5794,5551,5553,-1,5778,5556,5777,-1,5556,5555,5553,-1,5551,5795,5787,-1,5787,5552,5551,-1,5795,5796,5788,-1,5788,5787,5795,-1,5796,5797,5789,-1,5789,5788,5796,-1,5797,5798,5790,-1,5790,5789,5797,-1,5798,5799,5791,-1,5791,5790,5798,-1,5799,5800,5792,-1,5792,5791,5799,-1,5800,5801,5784,-1,5784,5792,5800,-1,5801,5591,5793,-1,5793,5784,5801,-1,5591,5802,5571,-1,5586,5573,5572,-1,5587,5793,5573,-1,5467,5555,5557,-1,5469,5555,5468,-1,5794,5553,5560,-1,5552,5556,5553,-1,5794,5803,5551,-1,5551,5803,5795,-1,5803,5804,5795,-1,5795,5804,5796,-1,5804,5805,5796,-1,5796,5805,5797,-1,5805,5806,5797,-1,5806,5807,5798,-1,5806,5798,5797,-1,5807,5808,5799,-1,5807,5799,5798,-1,5808,5809,5800,-1,5808,5800,5799,-1,5809,5810,5801,-1,5809,5801,5800,-1,5810,5802,5591,-1,5810,5591,5801,-1,5802,5589,5571,-1,5589,5588,5571,-1,5572,5571,5588,-1,5559,5469,5811,-1,5812,5811,5813,-1,5814,5804,5815,-1,5559,5811,5812,-1,5805,5804,5814,-1,5812,5560,5559,-1,5803,5794,5816,-1,5794,5817,5816,-1,5812,5817,5560,-1,5817,5794,5560,-1,5818,5819,5820,-1,5803,5816,5815,-1,5803,5815,5804,-1,5805,5814,5821,-1,5806,5805,5821,-1,5822,5807,5806,-1,5806,5821,5822,-1,5807,5823,5808,-1,5823,5807,5822,-1,5824,5809,5825,-1,5808,5825,5809,-1,5810,5824,5802,-1,5810,5809,5824,-1,5589,5826,5827,-1,5824,5826,5802,-1,5589,5827,5590,-1,5828,5822,5829,-1,5830,5831,5832,-1,5821,5832,5829,-1,5828,5833,5834,-1,5833,5829,5831,-1,5835,5834,5836,-1,5837,5836,5833,-1,5838,5839,5835,-1,5836,5840,5838,-1,5841,5842,5839,-1,5841,5838,5843,-1,5842,5844,5845,-1,5846,5845,5847,-1,5848,5844,5841,-1,5847,5844,5849,-1,5846,5850,5851,-1,5852,5850,5847,-1,5853,5851,5854,-1,5850,5855,5854,-1,5856,5857,5858,-1,5859,5854,5860,-1,5861,5853,5859,-1,5862,5863,5864,-1,5862,5861,5865,-1,5866,5864,5867,-1,5859,5856,5865,-1,5868,5869,5870,-1,5863,5865,5858,-1,5871,5872,5873,-1,5874,5870,5875,-1,5876,5877,5878,-1,5879,5880,5881,-1,5882,5883,5884,-1,5885,5880,5875,-1,5886,5887,5888,-1,5889,5890,5876,-1,5470,5476,5884,-1,5891,5892,5858,-1,5456,5470,5886,-1,5893,5894,5895,-1,5896,5897,5898,-1,5892,5867,5863,-1,5893,5899,5900,-1,5901,5902,5903,-1,5897,5895,5904,-1,5905,5900,5866,-1,5906,5907,5908,-1,5898,5909,5910,-1,5911,5912,5913,-1,5914,5915,5913,-1,5916,5917,5903,-1,5918,5494,5497,-1,5919,5901,5903,-1,5920,5921,5922,-1,5923,5924,5813,-1,5925,5820,5926,-1,5812,5813,5924,-1,5924,5923,5927,-1,5924,5928,5817,-1,5929,5930,5815,-1,5928,5929,5816,-1,5814,5930,5832,-1,5816,5929,5815,-1,5931,5932,5825,-1,5930,5814,5815,-1,5828,5834,5931,-1,5832,5821,5814,-1,5821,5829,5822,-1,5933,5826,5824,-1,5823,5825,5808,-1,5823,5822,5828,-1,5934,5827,5935,-1,5825,5823,5931,-1,5802,5826,5589,-1,5932,5933,5824,-1,5827,5936,5590,-1,5826,5933,5935,-1,5937,5936,5827,-1,5812,5924,5817,-1,5938,5927,5923,-1,5938,5939,5927,-1,5817,5928,5816,-1,5927,5940,5928,-1,5941,5830,5930,-1,5940,5941,5929,-1,5942,5943,5944,-1,5929,5941,5930,-1,5945,5946,5932,-1,5930,5830,5832,-1,5828,5931,5823,-1,5832,5831,5829,-1,5835,5945,5834,-1,5828,5829,5833,-1,5933,5947,5935,-1,5948,5934,5949,-1,5825,5932,5824,-1,5932,5931,5945,-1,5826,5935,5827,-1,5946,5947,5933,-1,5827,5934,5937,-1,5935,5947,5949,-1,5950,5937,5934,-1,5924,5927,5928,-1,5951,5939,5938,-1,5951,5952,5939,-1,5928,5940,5929,-1,5939,5953,5940,-1,5830,5954,5955,-1,5954,5941,5953,-1,5837,5831,5955,-1,5830,5941,5954,-1,5956,5957,5946,-1,5830,5955,5831,-1,5834,5945,5931,-1,5831,5837,5833,-1,5839,5956,5835,-1,5834,5833,5836,-1,5947,5958,5949,-1,5959,5948,5960,-1,5932,5946,5933,-1,5946,5945,5956,-1,5935,5949,5934,-1,5957,5958,5947,-1,5934,5948,5950,-1,5949,5958,5960,-1,5961,5950,5948,-1,5927,5939,5940,-1,5962,5952,5951,-1,5962,5818,5952,-1,5940,5953,5941,-1,5952,5963,5953,-1,5955,5964,5965,-1,5963,5964,5954,-1,5840,5837,5965,-1,5954,5964,5955,-1,5966,5967,5957,-1,5955,5965,5837,-1,5835,5956,5945,-1,5837,5840,5836,-1,5842,5966,5839,-1,5835,5836,5838,-1,5968,5959,5960,-1,5969,5959,5968,-1,5946,5957,5947,-1,5957,5956,5966,-1,5949,5960,5948,-1,5967,5970,5958,-1,5948,5959,5961,-1,5960,5970,5968,-1,5971,5961,5959,-1,5939,5952,5953,-1,5819,5818,5962,-1,5972,5973,5974,-1,5953,5963,5954,-1,5963,5818,5975,-1,5965,5976,5977,-1,5975,5976,5964,-1,5843,5840,5977,-1,5964,5976,5965,-1,5978,5979,5967,-1,5965,5977,5840,-1,5839,5966,5956,-1,5840,5843,5838,-1,5845,5978,5842,-1,5839,5838,5841,-1,5980,5969,5968,-1,5958,5970,5960,-1,5957,5967,5958,-1,5978,5967,5966,-1,5969,5980,5981,-1,5979,5982,5970,-1,5959,5969,5971,-1,5968,5982,5980,-1,5983,5971,5969,-1,5952,5818,5963,-1,5926,5820,5819,-1,5925,5984,5820,-1,5963,5975,5964,-1,5975,5820,5985,-1,5977,5986,5987,-1,5985,5986,5976,-1,5848,5843,5987,-1,5976,5986,5977,-1,5988,5989,5979,-1,5977,5987,5843,-1,5842,5978,5966,-1,5843,5848,5841,-1,5846,5988,5845,-1,5842,5841,5844,-1,5990,5981,5980,-1,5970,5982,5968,-1,5967,5979,5970,-1,5988,5979,5978,-1,5981,5990,5991,-1,5989,5992,5982,-1,5969,5981,5983,-1,5980,5992,5990,-1,5993,5983,5981,-1,5820,5975,5818,-1,5994,5984,5925,-1,5994,5995,5984,-1,5975,5985,5976,-1,5985,5984,5996,-1,5987,5997,5943,-1,5996,5997,5986,-1,5849,5848,5943,-1,5986,5997,5987,-1,5998,5999,5989,-1,5987,5943,5848,-1,5845,5988,5978,-1,5848,5849,5844,-1,5851,5998,5846,-1,5845,5844,5847,-1,6000,5991,5990,-1,5982,5992,5980,-1,5979,5989,5982,-1,5998,5989,5988,-1,5991,6000,6001,-1,5999,6002,5992,-1,5981,5991,5993,-1,5990,6002,6000,-1,6003,5993,5991,-1,5820,5984,5985,-1,6004,5995,5994,-1,6004,6005,5995,-1,5985,5996,5986,-1,5996,5995,6006,-1,6007,6008,5973,-1,6006,5944,5997,-1,5852,5849,5942,-1,5997,5944,5943,-1,6009,6010,5999,-1,5943,5942,5849,-1,5846,5998,5988,-1,5849,5852,5847,-1,5853,6009,5851,-1,5846,5847,5850,-1,6011,6001,6000,-1,5992,6002,5990,-1,5989,5999,5992,-1,6009,5999,5998,-1,6001,6011,6012,-1,6010,6013,6002,-1,5991,6001,6003,-1,6000,6013,6011,-1,6014,6003,6001,-1,5984,5995,5996,-1,6015,6005,6004,-1,6015,6016,6005,-1,5996,6006,5997,-1,6005,6017,6006,-1,6018,6019,5942,-1,6017,6018,5944,-1,5855,5852,6019,-1,5944,6018,5942,-1,6020,6021,6010,-1,5942,6019,5852,-1,5851,6009,5998,-1,5852,5855,5850,-1,5861,6020,5853,-1,5851,5850,5854,-1,6022,6012,6011,-1,6002,6013,6000,-1,5999,6010,6002,-1,6020,6010,6009,-1,6012,6022,6023,-1,6021,6024,6013,-1,6001,6012,6014,-1,6011,6024,6022,-1,6025,6014,6012,-1,5995,6005,6006,-1,6026,6016,6015,-1,6026,6027,6016,-1,6006,6017,5944,-1,6016,6028,6017,-1,6029,6030,6019,-1,6028,6029,6018,-1,6030,5860,5855,-1,6018,6029,6019,-1,6031,6032,6021,-1,6019,6030,5855,-1,5853,6020,6009,-1,5860,5854,5855,-1,5862,6031,5861,-1,5853,5854,5859,-1,6033,6023,6022,-1,6013,6024,6011,-1,6010,6021,6013,-1,6031,6021,6020,-1,6023,6033,6034,-1,6032,6035,6024,-1,6012,6023,6025,-1,6022,6035,6033,-1,6036,6025,6023,-1,6005,6016,6017,-1,6037,6027,6026,-1,6037,6038,6027,-1,6017,6028,6018,-1,6027,6039,6028,-1,6040,6041,6030,-1,6039,6040,6029,-1,6041,5856,5860,-1,6029,6040,6030,-1,6042,6043,6032,-1,5860,6030,6041,-1,5861,6031,6020,-1,5856,5859,5860,-1,5864,6042,5862,-1,5861,5859,5865,-1,6044,6034,6033,-1,6024,6035,6022,-1,6021,6032,6024,-1,6042,6032,6031,-1,6034,6044,6045,-1,6043,6046,6035,-1,6023,6034,6036,-1,6033,6046,6044,-1,6047,6036,6034,-1,6016,6027,6028,-1,6048,6038,6037,-1,6048,6049,6038,-1,6028,6039,6029,-1,6038,6050,6039,-1,6051,5857,6041,-1,6050,6051,6040,-1,5875,5869,6052,-1,6040,6051,6041,-1,6053,6054,6043,-1,5856,6041,5857,-1,5862,6042,6031,-1,5856,5858,5865,-1,5866,6053,5864,-1,5862,5865,5863,-1,6055,6045,6044,-1,6035,6046,6033,-1,6032,6043,6035,-1,6053,6043,6042,-1,6045,6055,6056,-1,6054,6057,6046,-1,6034,6045,6047,-1,6044,6057,6055,-1,6058,6047,6045,-1,6027,6038,6039,-1,6059,6049,6048,-1,6059,6060,6049,-1,6039,6050,6040,-1,6049,6061,6050,-1,6062,5891,5857,-1,6062,6051,6061,-1,5868,5892,6063,-1,5857,6051,6062,-1,5899,6064,6054,-1,5891,5858,5857,-1,5864,6053,6042,-1,5858,5892,5863,-1,5900,5899,5866,-1,5864,5863,5867,-1,6065,6056,6055,-1,6046,6057,6044,-1,6043,6054,6046,-1,5899,6054,6053,-1,6056,6065,6066,-1,6064,6067,6057,-1,6045,6056,6058,-1,6055,6067,6065,-1,6068,6058,6056,-1,6038,6049,6050,-1,6069,6060,6059,-1,6069,6007,6060,-1,6050,6061,6051,-1,6060,6070,6061,-1,5891,6071,6063,-1,6062,6070,6071,-1,5905,5867,5868,-1,6062,6071,5891,-1,5893,6072,6064,-1,5892,5891,6063,-1,5866,5899,6053,-1,5868,5867,5892,-1,5894,5893,5900,-1,5867,5905,5866,-1,6073,6066,6065,-1,6057,6067,6055,-1,6054,6064,6057,-1,5893,6064,5899,-1,6074,6066,6075,-1,6072,6076,6067,-1,6056,6066,6068,-1,6065,6076,6073,-1,6074,6068,6066,-1,6049,6060,6061,-1,6008,6007,6069,-1,5470,5884,5886,-1,6061,6070,6062,-1,6007,6077,6070,-1,6063,6078,5869,-1,6078,6071,6077,-1,6079,5905,5870,-1,6071,6078,6063,-1,6079,5894,5900,-1,6063,5869,5868,-1,5896,6072,5895,-1,5868,5870,5905,-1,5895,5894,5904,-1,5900,5905,6079,-1,6080,6075,6073,-1,6067,6076,6065,-1,6064,6072,6067,-1,5895,6072,5893,-1,6081,6075,6082,-1,5896,6083,6076,-1,6083,6080,6073,-1,6074,6075,6081,-1,6066,6073,6075,-1,6060,6007,6070,-1,5974,5973,6008,-1,5972,6084,5973,-1,6070,6077,6071,-1,6077,5973,6085,-1,5879,5881,6086,-1,6052,6078,6085,-1,6087,6079,5874,-1,5869,6078,6052,-1,6087,5904,5894,-1,5870,5869,5875,-1,5912,6088,6089,-1,5870,5874,6079,-1,5897,5904,6090,-1,6079,6087,5894,-1,6091,6082,6080,-1,6076,6083,6073,-1,6072,5896,6076,-1,5897,5896,5895,-1,6092,6082,6093,-1,5898,6094,6083,-1,6094,6091,6080,-1,6081,6082,6092,-1,6075,6080,6082,-1,5973,6077,6007,-1,6095,6084,5972,-1,6095,6096,6084,-1,6077,6085,6078,-1,6097,6085,6084,-1,6098,5874,5880,-1,6052,6097,5885,-1,6098,6099,6087,-1,5875,6052,5885,-1,6099,6090,5904,-1,5874,5875,5880,-1,6090,5909,5897,-1,6087,5874,6098,-1,5909,6090,6100,-1,5904,6087,6099,-1,6101,6093,6091,-1,6083,6094,6080,-1,5896,5898,6083,-1,5909,5898,5897,-1,6102,6093,6103,-1,5910,6104,6094,-1,6104,6101,6091,-1,6092,6093,6102,-1,6082,6091,6093,-1,5973,6084,6085,-1,6105,6096,6095,-1,6105,5877,6096,-1,6085,6097,6052,-1,6106,6097,6096,-1,5871,6098,5879,-1,5881,5885,6106,-1,5871,5873,6099,-1,5880,5885,5881,-1,5873,6100,6090,-1,5879,6098,5880,-1,6100,5906,5909,-1,5871,6099,6098,-1,5906,5914,5910,-1,6099,5873,6090,-1,5912,6103,6101,-1,6094,6104,6091,-1,5898,5910,6094,-1,5910,5909,5906,-1,6107,6103,6089,-1,5914,5913,6104,-1,5913,5912,6101,-1,6102,6103,6107,-1,6093,6101,6103,-1,6084,6096,6097,-1,5878,5877,6105,-1,5888,5890,6108,-1,6097,6106,5885,-1,6109,6106,5877,-1,5871,5879,6110,-1,6086,5881,6109,-1,6111,6112,6113,-1,6110,5879,6086,-1,6100,5873,6114,-1,6110,5872,5871,-1,5906,6100,5907,-1,5872,6114,5873,-1,5914,5906,5908,-1,6114,5907,6100,-1,6115,6088,5911,-1,6104,5913,6101,-1,5910,5914,6104,-1,5914,5908,5915,-1,6116,6089,6117,-1,5915,5911,5913,-1,5911,6088,5912,-1,6107,6089,6116,-1,6103,5912,6089,-1,6096,5877,6106,-1,5889,5876,5878,-1,6086,6118,6110,-1,6106,6109,5881,-1,6119,6109,5876,-1,6110,6120,5872,-1,6119,6118,6086,-1,6114,5872,6121,-1,6118,6120,6110,-1,5907,6114,6122,-1,6120,6121,5872,-1,5907,6123,5908,-1,6121,6122,6114,-1,5908,6112,5915,-1,6122,6123,5907,-1,5915,6111,5911,-1,6112,5908,6123,-1,6088,5922,6117,-1,6111,5915,6112,-1,6124,6117,5921,-1,6115,5911,6111,-1,6115,5922,6088,-1,6116,6117,6124,-1,6089,6088,6117,-1,5877,5876,6109,-1,6108,5890,5889,-1,6118,6125,6120,-1,6109,6119,6086,-1,5890,6126,6119,-1,6120,6127,6121,-1,6126,6125,6118,-1,6122,6121,6128,-1,6120,6125,6127,-1,6123,6122,6129,-1,6121,6127,6128,-1,6112,6123,6130,-1,6128,6129,6122,-1,5920,6131,6132,-1,6129,6130,6123,-1,6111,6133,6115,-1,6130,6113,6112,-1,6131,5922,6115,-1,6113,6133,6111,-1,6134,5921,5917,-1,6115,6133,6131,-1,6131,5920,5922,-1,6124,5921,6134,-1,6117,5922,5921,-1,5876,5890,6119,-1,6135,5888,6108,-1,6125,5883,6127,-1,6119,6126,6118,-1,5888,5887,6126,-1,6128,6127,6136,-1,5887,5883,6125,-1,6129,6128,6137,-1,6127,5883,6136,-1,6130,6129,6138,-1,6128,6136,6137,-1,6113,6130,6139,-1,6129,6137,6138,-1,6133,6113,6140,-1,6130,6138,6139,-1,6131,6133,6141,-1,6139,6140,6113,-1,6142,5917,5920,-1,6140,6141,6133,-1,5903,6142,5919,-1,6132,6131,6141,-1,6142,5920,6132,-1,6134,5917,5916,-1,5921,5920,5917,-1,5890,5888,6126,-1,5886,6135,6143,-1,5478,5882,5884,-1,6126,5887,6125,-1,5887,5886,5884,-1,5882,6144,6136,-1,6136,5883,5882,-1,6144,6145,6137,-1,6137,6136,6144,-1,6145,6146,6138,-1,6138,6137,6145,-1,6146,6147,6139,-1,6139,6138,6146,-1,6147,6148,6140,-1,6140,6139,6147,-1,6148,6149,6141,-1,6141,6140,6148,-1,6149,6150,6132,-1,6132,6141,6149,-1,6150,5919,6142,-1,6142,6132,6150,-1,5919,5493,5901,-1,5916,5903,5902,-1,5917,6142,5903,-1,6135,5886,5888,-1,5456,5886,6143,-1,5478,5884,5476,-1,5883,5887,5884,-1,5478,5477,5882,-1,5882,5477,6144,-1,5477,5473,6144,-1,6144,5473,6145,-1,5473,5475,6145,-1,6145,5475,6146,-1,5475,5484,6146,-1,5484,5486,6147,-1,5484,6147,6146,-1,5486,5488,6148,-1,5486,6148,6147,-1,5488,5490,6149,-1,5488,6149,6148,-1,5490,5492,6150,-1,5490,6150,6149,-1,5492,5493,5919,-1,5492,5919,6150,-1,5493,5494,5901,-1,5494,5918,5901,-1,5902,5901,5918,-1,6048,5430,5414,-1,6037,6026,5430,-1,6037,5430,6048,-1,5398,6026,6015,-1,6026,5398,5430,-1,6004,5399,6015,-1,5398,6015,5399,-1,6004,5994,5432,-1,5432,5399,6004,-1,5433,5994,5925,-1,5994,5433,5432,-1,5926,5434,5925,-1,5433,5925,5434,-1,5926,5819,5410,-1,5410,5434,5926,-1,5410,5962,5439,-1,5962,5410,5819,-1,5440,5439,5951,-1,5962,5951,5439,-1,5938,5438,5440,-1,5440,5951,5938,-1,5438,5923,5437,-1,5923,5438,5938,-1,5436,5437,5813,-1,5923,5813,5437,-1,5811,5404,5436,-1,5436,5813,5811,-1,5469,5404,5811,-1,5429,6059,5414,-1,6048,5414,6059,-1,5429,5418,6069,-1,6069,6059,5429,-1,6008,5418,5417,-1,5418,6008,6069,-1,5427,5974,5417,-1,6008,5417,5974,-1,5427,5420,5972,-1,5972,5974,5427,-1,6105,6095,5420,-1,5420,6095,5972,-1,5421,5878,6105,-1,6105,5420,5421,-1,5878,5425,5889,-1,5425,5878,5421,-1,6108,5889,5423,-1,5425,5423,5889,-1,5422,6135,6108,-1,6108,5423,5422,-1,6135,5424,6143,-1,5424,6135,5422,-1,5424,5419,6143,-1,6143,5419,5456,-1,462,421,388,-1,421,462,422,-1,424,426,466,-1,465,426,427,-1,426,465,466,-1,422,467,427,-1,465,427,467,-1,462,467,422,-1,463,424,466,-1,463,464,423,-1,423,424,463,-1,425,464,461,-1,464,425,423,-1,425,461,420,-1,451,420,461,-1,420,451,412,-1,418,417,453,-1,454,417,416,-1,417,454,453,-1,412,455,416,-1,454,416,455,-1,451,455,412,-1,452,418,453,-1,452,456,413,-1,413,418,452,-1,411,456,457,-1,456,411,413,-1,411,457,410,-1,458,408,410,-1,458,410,457,-1,6151,6152,6153,-1,408,458,6151,-1,409,408,6154,-1,6155,6156,6157,-1,6157,6156,6153,-1,6151,6153,6154,-1,6153,6152,6157,-1,6151,6154,408,-1,164,390,382,-1,384,16,382,-1,382,16,164,-1,16,385,6158,-1,16,384,385,-1,385,388,421,-1,421,419,6158,-1,6158,385,421,-1,6159,6160,6161,-1,6162,6163,6164,-1,6165,398,6166,-1,6154,6167,6168,-1,6169,409,6170,-1,6171,6160,6164,-1,6162,6164,6160,-1,6160,6172,6161,-1,6160,6171,6172,-1,6160,6159,6154,-1,6154,6159,6167,-1,6168,6173,6154,-1,6154,6174,6175,-1,6173,6174,6154,-1,409,6154,6176,-1,6175,6176,6154,-1,409,6176,6170,-1,6177,401,6169,-1,6178,6179,6180,-1,398,401,6177,-1,6181,398,6177,-1,6181,6166,398,-1,398,6182,6183,-1,6182,398,6165,-1,398,6183,6184,-1,6185,6184,6186,-1,6184,6185,398,-1,6179,6185,6187,-1,6186,6188,6185,-1,6185,6179,6178,-1,6187,6185,6188,-1,409,6169,401,-1,396,6185,6189,-1,6185,396,398,-1,6190,6189,6191,-1,6192,6193,6194,-1,6195,6196,6153,-1,396,6197,6198,-1,6199,6200,6201,-1,6202,6189,6194,-1,6192,6194,6189,-1,6189,6203,6191,-1,6189,6202,6203,-1,6189,6190,396,-1,396,6190,6197,-1,6198,6204,396,-1,6205,6206,6207,-1,6208,6209,6206,-1,6210,6205,6207,-1,6211,6212,6213,-1,6214,6215,6216,-1,6217,6218,6196,-1,6219,6220,6221,-1,6153,6156,6222,-1,6153,6222,6195,-1,6196,6223,6153,-1,6153,6224,6225,-1,6224,6153,6223,-1,6153,6225,6226,-1,6227,6226,6228,-1,6226,6227,6153,-1,6220,6227,6229,-1,6228,6230,6227,-1,6227,6220,6219,-1,6229,6227,6230,-1,6231,6222,6156,-1,6232,6233,6196,-1,6196,6233,6223,-1,6234,6217,6196,-1,6235,6236,6237,-1,6238,6239,6196,-1,6240,6241,6242,-1,6241,6243,6242,-1,6244,6222,6231,-1,6240,6199,6241,-1,6245,6246,6247,-1,6240,6248,6249,-1,6250,6251,6237,-1,6252,6251,6253,-1,6254,6245,6255,-1,6235,6256,6236,-1,6257,6258,6259,-1,6236,6250,6237,-1,6260,6261,6262,-1,6263,6264,6200,-1,6199,6265,6266,-1,6199,6267,6265,-1,6199,6201,6267,-1,6199,6266,6268,-1,6196,6199,6268,-1,6234,6196,6268,-1,6232,6196,6239,-1,6218,6269,6196,-1,6269,6238,6196,-1,6232,6239,6270,-1,6270,6239,6271,-1,6270,6271,6272,-1,6272,6271,6273,-1,6246,6274,6275,-1,6273,6275,6274,-1,6245,6247,6255,-1,6276,6256,6277,-1,6245,6254,6276,-1,6258,6272,6259,-1,6245,6276,6278,-1,6279,6280,6281,-1,6261,6282,6262,-1,6283,6284,6285,-1,6199,6286,6287,-1,6280,6283,6285,-1,6288,6289,6248,-1,6290,6280,6285,-1,6281,6280,6290,-1,6253,6251,6250,-1,6291,6292,6293,-1,6292,6291,6279,-1,6291,6280,6279,-1,6257,6280,6291,-1,6257,6291,6294,-1,6294,6295,6296,-1,6296,6258,6294,-1,6297,6298,6299,-1,6300,6301,6302,-1,6303,6304,6305,-1,6298,6306,6307,-1,6262,6282,6252,-1,6308,6251,6252,-1,6277,6256,6235,-1,6256,6276,6254,-1,6273,6274,6272,-1,6246,6245,6274,-1,6259,6272,6274,-1,6309,6310,6216,-1,6295,6311,6296,-1,6258,6257,6294,-1,6258,6310,6272,-1,6272,6310,6210,-1,6312,6308,6313,-1,6216,6310,6314,-1,6315,6309,6216,-1,6316,6215,6214,-1,6317,6318,6312,-1,6319,6320,6204,-1,6212,6210,6309,-1,6215,6321,6322,-1,6210,6310,6309,-1,6205,6210,6212,-1,6211,6205,6212,-1,6323,6324,6325,-1,6326,6207,6206,-1,6206,6327,6326,-1,6209,6327,6206,-1,6208,6206,6328,-1,6327,6320,6319,-1,6326,6327,6319,-1,6324,6323,6329,-1,6330,6331,6332,-1,6333,6334,6335,-1,6335,6336,6333,-1,6337,6335,6338,-1,6320,6339,6204,-1,6332,6340,6341,-1,6204,6339,396,-1,6330,6342,6343,-1,396,6339,6344,-1,396,6344,6345,-1,396,6345,6346,-1,396,6346,6347,-1,6337,6348,6349,-1,396,6347,6349,-1,6337,6350,6351,-1,6331,6330,6343,-1,6332,6350,6330,-1,6352,6325,6353,-1,6341,6351,6332,-1,6206,6323,6354,-1,6350,6332,6351,-1,6338,6350,6337,-1,6336,6335,6337,-1,6355,6356,6348,-1,6336,6337,6349,-1,6357,6358,6359,-1,6360,6361,6362,-1,6357,6363,6362,-1,6364,6359,6358,-1,6357,6359,6363,-1,6365,6366,6367,-1,6366,6368,6323,-1,6322,6366,6323,-1,6357,6362,6369,-1,6322,6315,6215,-1,6362,6361,6369,-1,6360,6355,6361,-1,6360,6370,6355,-1,6355,6371,6356,-1,6370,6371,6355,-1,6348,6337,6355,-1,396,6348,6372,-1,6349,6348,396,-1,6348,6373,6372,-1,6374,6375,6376,-1,6377,6378,6379,-1,6377,6380,6378,-1,6381,6365,6367,-1,6368,6329,6323,-1,6354,6323,6352,-1,6382,6353,6383,-1,6383,6353,6325,-1,6325,6352,6323,-1,6384,6206,6354,-1,6328,6206,6384,-1,6385,6231,6156,-1,6242,6222,6244,-1,6242,6244,6240,-1,6249,6248,6386,-1,6387,6388,6389,-1,6156,6248,6390,-1,6390,6391,6385,-1,6156,6390,6385,-1,6288,6248,6392,-1,6303,6393,6304,-1,6392,6248,6156,-1,6394,6303,6305,-1,6395,6396,6397,-1,6398,6300,6399,-1,6392,6400,6401,-1,6400,6402,6401,-1,392,6403,6404,-1,6400,6392,6156,-1,6248,6405,6386,-1,6248,6406,6405,-1,6248,6289,6406,-1,6200,6199,6263,-1,6407,6240,6408,-1,6240,6249,6408,-1,6240,6407,6409,-1,6240,6409,6286,-1,6240,6286,6199,-1,6287,6263,6199,-1,6264,6260,6200,-1,6264,6261,6260,-1,6282,6308,6252,-1,6389,6282,6387,-1,6299,6410,6297,-1,6388,6410,6299,-1,6411,6393,6307,-1,6298,6297,6306,-1,6303,6394,6400,-1,6402,6400,6394,-1,6303,6412,6393,-1,6302,6301,6413,-1,6215,6316,6302,-1,6414,6415,6416,-1,6417,6418,6419,-1,6156,6420,6400,-1,6303,6421,6412,-1,6422,6423,6424,-1,6425,6426,6427,-1,6428,6426,6425,-1,6427,6421,6425,-1,6425,6421,6303,-1,6429,6430,6395,-1,6304,6393,6411,-1,6395,6430,6431,-1,6411,6307,6306,-1,6395,6431,6396,-1,6399,6318,6317,-1,6432,6430,6433,-1,6389,6308,6282,-1,6434,6435,6431,-1,6410,6388,6387,-1,6436,6432,6433,-1,6389,6313,6308,-1,6437,6423,6438,-1,6313,6317,6312,-1,6423,6437,6436,-1,6431,6432,6434,-1,6439,6440,6423,-1,6317,6398,6399,-1,6398,6301,6300,-1,6311,6300,6302,-1,6441,6414,6413,-1,6414,6302,6413,-1,6442,6415,6439,-1,6415,6414,6440,-1,6422,6439,6423,-1,6429,6395,6443,-1,6432,6431,6430,-1,6436,6433,6423,-1,6423,6433,6424,-1,6444,6445,6420,-1,6215,6315,6216,-1,6446,6447,6448,-1,6419,6449,6450,-1,6420,6451,6439,-1,6420,6445,6451,-1,6449,6446,6448,-1,6452,6449,6448,-1,6156,6404,6420,-1,6450,6449,6452,-1,6404,6453,6420,-1,6420,6453,6454,-1,6418,6417,6455,-1,6418,6449,6419,-1,6322,6321,6456,-1,6418,6321,6449,-1,6321,6418,6456,-1,6457,6456,6458,-1,6322,6456,6457,-1,6459,6457,6458,-1,6460,6457,6459,-1,6457,6460,392,-1,392,6460,6403,-1,392,6404,6156,-1,6420,6454,6444,-1,6442,6439,6451,-1,6440,6439,6415,-1,6440,6414,6441,-1,6302,6316,6296,-1,6302,6296,6311,-1,6376,6377,6379,-1,6368,6366,6365,-1,392,6461,6457,-1,6323,6315,6322,-1,6367,6366,6462,-1,6463,6462,6366,-1,392,6464,6461,-1,6378,6380,6367,-1,6380,6381,6367,-1,6379,6378,6464,-1,6373,6374,6372,-1,6378,6461,6464,-1,6379,6374,6376,-1,6375,6374,6373,-1,392,6465,6464,-1,6372,6374,6466,-1,392,396,6372,-1,392,6372,6467,-1,392,6467,6465,-1,6468,6469,6470,-1,6471,6472,6473,-1,6473,6474,6471,-1,6472,6475,6473,-1,6475,6476,6473,-1,6477,6478,6479,-1,6480,6477,6479,-1,6478,6477,6475,-1,6481,6477,6482,-1,6481,6482,6483,-1,6482,6484,6485,-1,6485,6483,6482,-1,6477,6481,6475,-1,6475,6481,6476,-1,6486,6476,6487,-1,6476,6481,6487,-1,6488,6476,6486,-1,6489,6490,6491,-1,6492,6493,6494,-1,6494,6495,6492,-1,6493,6496,6494,-1,6496,6497,6494,-1,6498,6499,6500,-1,6501,6498,6500,-1,6499,6498,6496,-1,6502,6498,6503,-1,6502,6503,6504,-1,6503,6505,6506,-1,6506,6504,6503,-1,6498,6502,6496,-1,6496,6502,6497,-1,6507,6497,6508,-1,6497,6502,6508,-1,6509,6497,6507,-1,394,6152,395,-1,397,395,6151,-1,6152,6151,395,-1,458,399,397,-1,397,6151,458,-1,6152,394,6157,-1,6157,393,6155,-1,393,6157,394,-1,393,392,6155,-1,6155,392,6156,-1,6227,6154,6153,-1,6154,6227,6160,-1,6178,6189,6185,-1,6227,6162,6160,-1,6510,6511,6512,-1,6513,6178,6511,-1,6512,6162,6510,-1,6510,6162,6219,-1,6227,6219,6162,-1,6510,6513,6511,-1,6513,6192,6178,-1,6189,6178,6192,-1,6192,6513,6514,-1,6514,6193,6192,-1,6163,6220,6164,-1,6194,6180,6179,-1,6514,6515,6516,-1,6517,6163,6515,-1,6516,6180,6514,-1,6514,6180,6193,-1,6194,6193,6180,-1,6514,6517,6515,-1,6517,6221,6163,-1,6220,6163,6221,-1,6172,6230,6161,-1,6229,6172,6171,-1,6172,6229,6230,-1,6220,6229,6171,-1,6220,6171,6164,-1,6230,6228,6161,-1,6228,6226,6159,-1,6159,6161,6228,-1,6159,6226,6167,-1,6226,6225,6167,-1,6168,6225,6224,-1,6168,6167,6225,-1,6174,6233,6175,-1,6223,6174,6173,-1,6174,6223,6233,-1,6224,6223,6173,-1,6224,6173,6168,-1,6233,6232,6175,-1,6232,6270,6176,-1,6176,6175,6232,-1,6176,6270,6170,-1,6270,6272,6170,-1,6169,6272,6210,-1,6169,6170,6272,-1,6181,6326,6166,-1,6207,6181,6177,-1,6181,6207,6326,-1,6210,6207,6177,-1,6210,6177,6169,-1,6326,6319,6166,-1,6319,6204,6165,-1,6165,6166,6319,-1,6165,6204,6182,-1,6204,6198,6182,-1,6183,6198,6197,-1,6183,6182,6198,-1,6186,6191,6188,-1,6190,6186,6184,-1,6186,6190,6191,-1,6197,6190,6184,-1,6197,6184,6183,-1,6191,6203,6188,-1,6203,6202,6187,-1,6187,6188,6203,-1,6187,6202,6179,-1,6202,6194,6179,-1,6510,6219,6221,-1,6221,6517,6510,-1,6513,6510,6517,-1,6517,6514,6513,-1,6511,6178,6180,-1,6180,6516,6511,-1,6512,6511,6516,-1,6516,6515,6512,-1,6162,6512,6515,-1,6515,6163,6162,-1,6518,16,6158,-1,16,6518,1,-1,6519,6520,6521,-1,6522,6523,404,-1,6524,6525,6518,-1,6526,6527,6528,-1,6529,6520,6518,-1,6519,6518,6520,-1,6518,6525,6530,-1,6518,6530,6529,-1,6518,6158,6524,-1,6158,6531,6524,-1,6158,6532,6533,-1,6531,6158,6533,-1,6158,6534,6535,-1,6532,6158,6535,-1,6536,6537,419,-1,6534,6158,6538,-1,6538,419,6537,-1,6536,419,403,-1,404,6539,6540,-1,6540,403,404,-1,6539,404,6523,-1,404,6541,6542,-1,6542,6522,404,-1,404,6543,6541,-1,6544,6545,6543,-1,6543,404,6544,-1,6528,6546,6544,-1,6545,6544,6547,-1,6544,6526,6528,-1,6546,6547,6544,-1,6536,403,6540,-1,6538,6158,419,-1,35,6548,6526,-1,1,6518,6519,-1,6549,6550,6551,-1,6549,6551,6519,-1,6551,3,6519,-1,1,6519,3,-1,6551,6550,6548,-1,35,6526,47,-1,6548,6550,6526,-1,6526,6544,47,-1,404,47,6544,-1,47,404,7,-1,6550,6527,6526,-1,6527,6550,6552,-1,4,6553,6521,-1,36,6528,6527,-1,6552,6554,6555,-1,6552,6555,6527,-1,6555,37,6527,-1,36,6527,37,-1,6555,6554,6553,-1,4,6521,5,-1,6553,6554,6521,-1,6521,6520,5,-1,15,6530,2,-1,6529,15,14,-1,15,6529,6530,-1,6520,6529,14,-1,6520,14,5,-1,6530,6525,2,-1,6525,6524,0,-1,0,2,6525,-1,0,6524,9,-1,6524,6531,9,-1,9,6533,10,-1,6533,9,6531,-1,19,6535,23,-1,6532,19,18,-1,19,6532,6535,-1,6533,6532,18,-1,6533,18,10,-1,6535,6534,23,-1,6534,6538,24,-1,24,23,6534,-1,24,6538,20,-1,6538,6537,20,-1,20,6536,52,-1,6536,20,6537,-1,43,6539,8,-1,6540,43,92,-1,43,6540,6539,-1,6536,6540,92,-1,6536,92,52,-1,6539,6523,8,-1,6523,6522,6,-1,6,8,6523,-1,6,6522,44,-1,6522,6542,44,-1,44,6541,45,-1,6541,44,6542,-1,48,6545,50,-1,6543,48,46,-1,48,6543,6545,-1,6541,6543,46,-1,6541,46,45,-1,6545,6547,50,-1,6547,6546,49,-1,49,50,6547,-1,49,6546,36,-1,6546,6528,36,-1,6519,6554,6549,-1,6554,6519,6521,-1,6549,6552,6550,-1,6552,6549,6554,-1,35,6555,6548,-1,6555,35,37,-1,6548,6553,6551,-1,6553,6548,6555,-1,6551,4,3,-1,4,6551,6553,-1,440,400,399,-1,400,440,436,-1,6556,6557,6558,-1,6556,6558,6559,-1,6560,6561,6562,-1,6557,6560,6562,-1,6560,6557,6556,-1,6562,6558,6557,-1,6563,6559,6558,-1,6558,6562,6563,-1,6563,6562,6561,-1,6560,6563,6561,-1,6559,6563,6560,-1,6559,6560,6556,-1,
        ]
    }
}