#VRML V2.0 utf8
# 3D model generated by easyeda2kicad.py (https://github.com/uPesy/easyeda2kicad.py)

Shape{
    appearance Appearance {
        material  Material 	{
            diffuseColor 1.0 1.0 1.0
            specularColor 0.7529411764705882 0.7529411764705882 0.7529411764705882
            ambientIntensity 1.0
            transparency 1.0
            shininess 0.5
        }
    }
    geometry IndexedFaceSet {
        ccw TRUE
        solid FALSE
        coord DEF co Coordinate {
            point [
                0.7008 0.8994 0.1929, 1.2992 1.1002 0.1929, 0.7008 1.1002 0.1929, 1.2992 0.8994 0.1929, 0.7008 1.1002 0.1535, 0.7008 0.8994 0.1535, 1.189 1.1002 0.1142, 1.1693 1.1002 0.1089, 1.2992 1.1002 0.1535, 1.2939 1.1002 0.1339, 1.2795 1.1002 0.1194, 1.2598 1.1002 0.1142, 1.1549 1.1002 0.0945, 0.8451 1.1002 0.0945, 0.8504 1.1002 0.0748, 1.1496 1.1002 0.0748, 0.8504 1.1002 -1.0315, 0.8307 1.1002 0.1089, 1.1496 1.1002 -1.0315, 1.1423 1.1002 -1.0777, 1.121 1.1002 -1.1194, 1.0879 1.1002 -1.1525, 1.0462 1.1002 -1.1738, 0.9538 1.1002 -1.1738, 1.0 1.1002 -1.1811, 0.879 1.1002 -1.1194, 0.9121 1.1002 -1.1525, 0.8577 1.1002 -1.0777, 0.7205 1.1002 0.1194, 0.7061 1.1002 0.1339, 0.811 1.1002 0.1142, 0.7402 1.1002 0.1142, 0.7205 0.8994 0.1194, 0.7402 0.8994 0.1142, 0.7061 0.8994 0.1339, 0.811 0.8994 0.1142, 1.1693 0.8994 0.1089, 0.8451 0.8994 0.0945, 1.1549 0.8994 0.0945, 0.8307 0.8994 0.1089, 0.8504 0.8994 0.0748, 0.8504 0.8994 -1.0315, 1.1496 0.8994 0.0748, 0.8577 0.8994 -1.0777, 0.879 0.8994 -1.1194, 0.9121 0.8994 -1.1525, 0.9538 0.8994 -1.1738, 1.1496 0.8994 -1.0315, 1.0462 0.8994 -1.1738, 1.0879 0.8994 -1.1525, 1.0 0.8994 -1.1811, 1.1423 0.8994 -1.0777, 1.121 0.8994 -1.1194, 1.189 0.8994 0.1142, 1.2992 0.8994 0.1535, 1.2795 0.8994 0.1194, 1.2939 0.8994 0.1339, 1.2598 0.8994 0.1142, 0.7008 -0.1006 0.1929, 1.2992 0.1002 0.1929, 0.7008 0.1002 0.1929, 1.2992 -0.1006 0.1929, 0.7008 0.1002 0.1535, 0.7008 -0.1006 0.1535, 1.189 0.1002 0.1142, 1.1693 0.1002 0.1089, 1.2992 0.1002 0.1535, 1.2939 0.1002 0.1339, 1.2795 0.1002 0.1194, 1.2598 0.1002 0.1142, 1.1549 0.1002 0.0945, 0.8451 0.1002 0.0945, 0.8504 0.1002 0.0748, 1.1496 0.1002 0.0748, 0.8504 0.1002 -1.0315, 0.8307 0.1002 0.1089, 1.1496 0.1002 -1.0315, 1.1423 0.1002 -1.0777, 1.121 0.1002 -1.1194, 1.0879 0.1002 -1.1525, 1.0462 0.1002 -1.1738, 0.9538 0.1002 -1.1738, 1.0 0.1002 -1.1811, 0.879 0.1002 -1.1194, 0.9121 0.1002 -1.1525, 0.8577 0.1002 -1.0777, 0.7205 0.1002 0.1194, 0.7061 0.1002 0.1339, 0.811 0.1002 0.1142, 0.7402 0.1002 0.1142, 0.7205 -0.1006 0.1194, 0.7402 -0.1006 0.1142, 0.7061 -0.1006 0.1339, 0.811 -0.1006 0.1142, 1.1693 -0.1006 0.1089, 0.8451 -0.1006 0.0945, 1.1549 -0.1006 0.0945, 0.8307 -0.1006 0.1089, 0.8504 -0.1006 0.0748, 0.8504 -0.1006 -1.0315, 1.1496 -0.1006 0.0748, 0.8577 -0.1006 -1.0777, 0.879 -0.1006 -1.1194, 0.9121 -0.1006 -1.1525, 0.9538 -0.1006 -1.1738, 1.1496 -0.1006 -1.0315, 1.0462 -0.1006 -1.1738, 1.0879 -0.1006 -1.1525, 1.0 -0.1006 -1.1811, 1.1423 -0.1006 -1.0777, 1.121 -0.1006 -1.1194, 1.189 -0.1006 0.1142, 1.2992 -0.1006 0.1535, 1.2795 -0.1006 0.1194, 1.2939 -0.1006 0.1339, 1.2598 -0.1006 0.1142, 0.7008 -0.9667 0.1929, 1.2992 -0.8998 0.1929, 0.7008 -0.8998 0.1929, 0.7008 -1.0337 0.1929, 1.2992 -1.1006 0.1929, 0.7008 -1.1006 0.1929, 0.7008 -0.8998 0.1535, 0.7008 -1.1006 0.1535, 1.189 -0.8998 0.1142, 1.1693 -0.8998 0.1089, 1.2992 -0.8998 0.1535, 1.2939 -0.8998 0.1339, 1.2795 -0.8998 0.1194, 1.2598 -0.8998 0.1142, 1.1549 -0.8998 0.0945, 0.8451 -0.8998 0.0945, 0.8504 -0.8998 0.0748, 1.1496 -0.8998 0.0748, 0.8504 -0.8998 -1.0315, 0.8307 -0.8998 0.1089, 1.1496 -0.8998 -1.0315, 1.1423 -0.8998 -1.0777, 1.121 -0.8998 -1.1194, 1.0879 -0.8998 -1.1525, 1.0462 -0.8998 -1.1738, 0.9538 -0.8998 -1.1738, 1.0 -0.8998 -1.1811, 0.879 -0.8998 -1.1194, 0.9121 -0.8998 -1.1525, 0.8577 -0.8998 -1.0777, 0.7205 -0.8998 0.1194, 0.7061 -0.8998 0.1339, 0.811 -0.8998 0.1142, 0.7402 -0.8998 0.1142, 0.7205 -1.1006 0.1194, 0.7402 -1.1006 0.1142, 0.7061 -1.1006 0.1339, 0.811 -1.1006 0.1142, 1.1693 -1.1006 0.1089, 0.8451 -1.1006 0.0945, 1.1549 -1.1006 0.0945, 0.8307 -1.1006 0.1089, 0.8504 -1.1006 0.0748, 0.8504 -1.1006 -1.0315, 1.1496 -1.1006 0.0748, 0.8577 -1.1006 -1.0777, 0.879 -1.1006 -1.1194, 0.9121 -1.1006 -1.1525, 0.9538 -1.1006 -1.1738, 1.1496 -1.1006 -1.0315, 1.0462 -1.1006 -1.1738, 1.0879 -1.1006 -1.1525, 1.0 -1.1006 -1.1811, 1.1423 -1.1006 -1.0777, 1.121 -1.1006 -1.1194, 1.189 -1.1006 0.1142, 1.2992 -1.1006 0.1535, 1.2795 -1.1006 0.1194, 1.2939 -1.1006 0.1339, 1.2598 -1.1006 0.1142, -1.2992 0.8994 0.1929, -0.7008 1.1002 0.1929, -1.2992 1.1002 0.1929, -0.7008 0.8994 0.1929, -1.2992 1.1002 0.1535, -1.2992 0.8994 0.1535, -0.811 1.1002 0.1142, -0.8307 1.1002 0.1089, -0.7008 1.1002 0.1535, -0.7061 1.1002 0.1339, -0.7205 1.1002 0.1194, -0.7402 1.1002 0.1142, -0.8451 1.1002 0.0945, -1.1549 1.1002 0.0945, -1.1496 1.1002 0.0748, -0.8504 1.1002 0.0748, -1.1496 1.1002 -1.0315, -1.1693 1.1002 0.1089, -0.8504 1.1002 -1.0315, -0.8577 1.1002 -1.0777, -0.879 1.1002 -1.1194, -0.9121 1.1002 -1.1525, -0.9538 1.1002 -1.1738, -1.0462 1.1002 -1.1738, -1.0 1.1002 -1.1811, -1.121 1.1002 -1.1194, -1.0879 1.1002 -1.1525, -1.1423 1.1002 -1.0777, -1.2795 1.1002 0.1194, -1.2939 1.1002 0.1339, -1.189 1.1002 0.1142, -1.2598 1.1002 0.1142, -1.2795 0.8994 0.1194, -1.2598 0.8994 0.1142, -1.2939 0.8994 0.1339, -1.189 0.8994 0.1142, -0.8307 0.8994 0.1089, -1.1549 0.8994 0.0945, -0.8451 0.8994 0.0945, -1.1693 0.8994 0.1089, -1.1496 0.8994 0.0748, -1.1496 0.8994 -1.0315, -0.8504 0.8994 0.0748, -1.1423 0.8994 -1.0777, -1.121 0.8994 -1.1194, -1.0879 0.8994 -1.1525, -1.0462 0.8994 -1.1738, -0.8504 0.8994 -1.0315, -0.9538 0.8994 -1.1738, -0.9121 0.8994 -1.1525, -1.0 0.8994 -1.1811, -0.8577 0.8994 -1.0777, -0.879 0.8994 -1.1194, -0.811 0.8994 0.1142, -0.7008 0.8994 0.1535, -0.7205 0.8994 0.1194, -0.7061 0.8994 0.1339, -0.7402 0.8994 0.1142, -1.2992 -0.1006 0.1929, -0.7008 0.1002 0.1929, -1.2992 0.1002 0.1929, -0.7008 -0.1006 0.1929, -1.2992 0.1002 0.1535, -1.2992 -0.1006 0.1535, -0.811 0.1002 0.1142, -0.8307 0.1002 0.1089, -0.7008 0.1002 0.1535, -0.7061 0.1002 0.1339, -0.7205 0.1002 0.1194, -0.7402 0.1002 0.1142, -0.8451 0.1002 0.0945, -1.1549 0.1002 0.0945, -1.1496 0.1002 0.0748, -0.8504 0.1002 0.0748, -1.1496 0.1002 -1.0315, -1.1693 0.1002 0.1089, -0.8504 0.1002 -1.0315, -0.8577 0.1002 -1.0777, -0.879 0.1002 -1.1194, -0.9121 0.1002 -1.1525, -0.9538 0.1002 -1.1738, -1.0462 0.1002 -1.1738, -1.0 0.1002 -1.1811, -1.121 0.1002 -1.1194, -1.0879 0.1002 -1.1525, -1.1423 0.1002 -1.0777, -1.2795 0.1002 0.1194, -1.2939 0.1002 0.1339, -1.189 0.1002 0.1142, -1.2598 0.1002 0.1142, -1.2795 -0.1006 0.1194, -1.2598 -0.1006 0.1142, -1.2939 -0.1006 0.1339, -1.189 -0.1006 0.1142, -0.8307 -0.1006 0.1089, -1.1549 -0.1006 0.0945, -0.8451 -0.1006 0.0945, -1.1693 -0.1006 0.1089, -1.1496 -0.1006 0.0748, -1.1496 -0.1006 -1.0315, -0.8504 -0.1006 0.0748, -1.1423 -0.1006 -1.0777, -1.121 -0.1006 -1.1194, -1.0879 -0.1006 -1.1525, -1.0462 -0.1006 -1.1738, -0.8504 -0.1006 -1.0315, -0.9538 -0.1006 -1.1738, -0.9121 -0.1006 -1.1525, -1.0 -0.1006 -1.1811, -0.8577 -0.1006 -1.0777, -0.879 -0.1006 -1.1194, -0.811 -0.1006 0.1142, -0.7008 -0.1006 0.1535, -0.7205 -0.1006 0.1194, -0.7061 -0.1006 0.1339, -0.7402 -0.1006 0.1142, -1.2992 -0.8998 0.1929, -1.2992 -1.1006 0.1929, -0.7008 -1.0301 0.1929, -0.7008 -0.965 0.1929, -0.7008 -0.8998 0.1929, -0.7008 -1.0953 0.1929, -0.702 -1.1006 0.1929, -0.7008 -1.1006 0.1535, -0.7008 -0.8998 0.1535, -1.2795 -1.1006 0.1194, -1.2992 -1.1006 0.1535, -1.2939 -1.1006 0.1339, -1.2598 -1.1006 0.1142, -1.189 -1.1006 0.1142, -1.1693 -1.1006 0.1089, -0.8451 -1.1006 0.0945, -1.1549 -1.1006 0.0945, -1.1496 -1.1006 0.0748, -0.8504 -1.1006 0.0748, -1.0462 -1.1006 -1.1738, -1.0 -1.1006 -1.1811, -1.1496 -1.1006 -1.0315, -1.1423 -1.1006 -1.0777, -1.121 -1.1006 -1.1194, -1.0879 -1.1006 -1.1525, -0.8504 -1.1006 -1.0315, -0.879 -1.1006 -1.1194, -0.8577 -1.1006 -1.0777, -0.9538 -1.1006 -1.1738, -0.9121 -1.1006 -1.1525, -0.7205 -1.1006 0.1194, -0.7061 -1.1006 0.1339, -0.8307 -1.1006 0.1089, -0.811 -1.1006 0.1142, -0.7402 -1.1006 0.1142, -0.7205 -0.8998 0.1194, -0.7402 -0.8998 0.1142, -0.7061 -0.8998 0.1339, -0.811 -0.8998 0.1142, -0.8307 -0.8998 0.1089, -0.8451 -0.8998 0.0945, -1.1549 -0.8998 0.0945, -1.1496 -0.8998 0.0748, -0.8504 -0.8998 0.0748, -1.1496 -0.8998 -1.0315, -1.1693 -0.8998 0.1089, -0.8504 -0.8998 -1.0315, -0.8577 -0.8998 -1.0777, -0.879 -0.8998 -1.1194, -0.9121 -0.8998 -1.1525, -0.9538 -0.8998 -1.1738, -1.0462 -0.8998 -1.1738, -1.0 -0.8998 -1.1811, -1.121 -0.8998 -1.1194, -1.0879 -0.8998 -1.1525, -1.1423 -0.8998 -1.0777, -1.2992 -0.8998 0.1535, -1.2795 -0.8998 0.1194, -1.2939 -0.8998 0.1339, -1.189 -0.8998 0.1142, -1.2598 -0.8998 0.1142, -0.0067 0.0045 9.2205, -0.0072 0.0036 9.2205, -0.0076 0.0026 9.2205, 0.008 0.0003 9.2205, 0.0079 0.0015 9.2205, 0.0041 -0.007 9.2205, -0.006 0.0053 9.2205, -0.0079 0.0015 9.2205, -0.0051 0.006 9.2205, -0.008 0.0003 9.2205, -0.0041 0.0066 9.2205, -0.0029 0.0072 9.2205, -0.0079 -0.001 9.2205, -0.0076 -0.0023 9.2205, -0.0072 -0.0038 9.2205, -0.0051 -0.0064 9.2205, -0.0041 -0.007 9.2205, -0.0029 -0.0076 9.2205, -0.006 -0.0057 9.2205, -0.0067 -0.0049 9.2205, 0.0029 -0.0076 9.2205, 0.0015 -0.008 9.2205, -0.0015 -0.008 9.2205, -0.0 -0.0084 9.2205, 0.0051 -0.0064 9.2205, 0.006 -0.0057 9.2205, 0.0076 -0.0023 9.2205, 0.0079 -0.001 9.2205, 0.0067 -0.0049 9.2205, 0.0072 -0.0038 9.2205, 0.0029 0.0072 9.2205, 0.0076 0.0026 9.2205, 0.0041 0.0066 9.2205, 0.0072 0.0036 9.2205, 0.0067 0.0045 9.2205, 0.006 0.0053 9.2205, 0.0051 0.006 9.2205, -0.0015 0.0076 9.2205, 0.0015 0.0076 9.2205, 0.0 0.008 9.2205, -0.7654 1.4563 0.2713, -0.8064 1.4554 0.2713, -0.8013 1.4892 0.311, -0.727 1.3151 0.1978, -0.7215 1.2635 0.1929, -0.7523 1.2639 0.1929, -0.8343 1.4877 0.311, -0.8474 1.4533 0.2713, -0.8672 1.4856 0.311, -0.9001 1.4827 0.311, -0.8882 1.45 0.2713, -0.9288 1.445 0.2707, -0.8843 1.4085 0.2378, -0.8138 1.2623 0.1929, -0.8382 1.3126 0.1978, -0.8011 1.3145 0.1978, -0.9329 1.4791 0.311, -0.7641 1.3153 0.1978, -0.783 1.2635 0.1929, -0.6875 1.3651 0.2128, -0.726 1.3665 0.2128, -0.685 1.4129 0.2378, -0.6533 1.3113 0.1978, -0.6294 1.2571 0.1929, -0.66 1.2602 0.1929, -0.6901 1.3138 0.1978, -0.5988 1.2532 0.1929, -0.6167 1.3075 0.1978, -0.5805 1.3023 0.1978, -0.4723 1.4228 0.2713, -0.515 1.4333 0.2713, -0.4738 1.458 0.311, -0.5448 1.2955 0.1978, -0.5098 1.2869 0.1978, -0.5386 1.2406 0.1929, -0.5684 1.2479 0.1929, -0.4798 1.2228 0.1929, -0.5092 1.2317 0.1929, -0.4759 1.2763 0.1978, -0.4389 1.2057 0.1929, -0.4148 1.2482 0.1978, -0.3913 1.2313 0.1978, -0.4574 1.2156 0.1929, -0.4439 1.2635 0.1978, -0.3764 1.2152 0.1978, -0.4139 1.1779 0.1929, -0.4245 1.1932 0.1929, -0.4046 1.1392 0.1929, -0.4073 1.1599 0.1929, -0.3592 1.1686 0.1978, -0.3665 1.196 0.1978, -0.4059 1.1158 0.1929, -0.3552 1.1357 0.1978, -0.3543 1.1007 0.1978, -0.1844 1.0162 0.311, -0.2185 1.0136 0.2713, -0.2149 1.0556 0.2713, -0.3176 0.9465 0.2128, -0.3122 0.9845 0.2128, -0.2702 0.9393 0.2378, -0.4075 1.0545 0.1929, -0.3557 1.0646 0.1978, -0.3587 1.028 0.1978, -0.3631 0.9912 0.1978, -0.3684 0.9542 0.1978, -0.4146 0.9931 0.1929, -0.4109 1.0237 0.1929, -0.4239 0.9322 0.1929, -0.3743 0.9172 0.1978, -0.4292 0.9019 0.1929, -0.4191 0.9626 0.1929, -0.4416 0.8324 0.1929, -0.3873 0.843 0.1978, -0.394 0.8057 0.1978, -0.4354 0.8672 0.1929, -0.3806 0.8801 0.1978, -0.4541 0.763 0.1929, -0.4479 0.7977 0.1929, -0.4007 0.7684 0.1978, -0.4658 0.6934 0.1929, -0.4193 0.6557 0.1978, -0.4712 0.6585 0.1929, -0.4135 0.6934 0.1978, -0.4837 0.5534 0.1929, -0.4291 0.5798 0.1978, -0.4329 0.5417 0.1978, -0.4803 0.5885 0.1929, -0.4373 0.465 0.1978, -0.4892 0.4476 0.1929, -0.4882 0.4829 0.1929, -0.4356 0.5034 0.1978, -0.4864 0.5182 0.1929, -0.4866 0.3419 0.1929, -0.4355 0.3497 0.1978, -0.4329 0.3115 0.1978, -0.4372 0.3881 0.1978, -0.4883 0.3771 0.1929, -0.477 0.2364 0.1929, -0.4252 0.2353 0.1978, -0.4726 0.2014 0.1929, -0.4841 0.3066 0.1929, -0.4091 0.122 0.1978, -0.4626 0.1316 0.1929, -0.4149 0.1597 0.1978, -0.4203 0.1974 0.1978, -0.445 0.0272 0.1929, -0.3968 0.0472 0.1978, -0.3906 0.0099 0.1978, -0.4567 0.0968 0.1929, -0.4341 -0.0426 0.1929, -0.3847 -0.0272 0.1978, -0.3792 -0.0643 0.1978, -0.4396 -0.0077 0.1929, -0.3703 -0.1384 0.1978, -0.4215 -0.1477 0.1929, -0.4249 -0.1126 0.1929, -0.3744 -0.1013 0.1978, -0.3644 -0.2497 0.1978, -0.3642 -0.2869 0.1978, -0.4162 -0.2534 0.1929, -0.419 -0.1829 0.1929, -0.3673 -0.1754 0.1978, -0.3654 -0.2125 0.1978, -0.3649 -0.3242 0.1978, -0.3662 -0.3616 0.1978, -0.4165 -0.324 0.1929, -0.4159 -0.2887 0.1929, -0.4179 -0.3593 0.1929, -0.3681 -0.399 0.1978, -0.4198 -0.3945 0.1929, -0.3706 -0.4364 0.1978, -0.422 -0.4297 0.1929, -0.3736 -0.4739 0.1978, -0.4247 -0.4649 0.1929, -0.4277 -0.5001 0.1929, -0.3769 -0.5114 0.1978, -0.4311 -0.5352 0.1929, -0.3805 -0.5489 0.1978, -0.4346 -0.5703 0.1929, -0.4383 -0.6053 0.1929, -0.3844 -0.5864 0.1978, -0.3885 -0.6239 0.1978, -0.4422 -0.6404 0.1929, -0.3969 -0.6991 0.1978, -0.4461 -0.6755 0.1929, -0.3927 -0.6615 0.1978, -0.4501 -0.7106 0.1929, -0.4012 -0.7367 0.1978, -0.4541 -0.7456 0.1929, -0.4055 -0.7744 0.1978, -0.4579 -0.7807 0.1929, -0.3626 -0.8552 0.2128, -0.4096 -0.8121 0.1978, -0.3586 -0.8176 0.2128, -0.4617 -0.8157 0.1929, -0.4655 -0.8508 0.1929, -0.4137 -0.8497 0.1978, -0.4694 -0.8859 0.1929, -0.4177 -0.8873 0.1978, -0.4219 -0.9248 0.1978, -0.4263 -0.9622 0.1978, -0.4732 -0.921 0.1929, -0.4312 -0.9994 0.1978, -0.4775 -0.956 0.1929, -0.3454 -1.091 0.2378, -0.3535 -1.1304 0.2377, -0.3925 -1.0823 0.2128, -0.4486 -1.1094 0.1981, -0.5 -1.0981 0.1929, -0.5 -1.0953 0.1929, -0.4367 -1.0363 0.1978, -0.443 -1.0729 0.1978, -0.4819 -0.9911 0.1929, -0.4932 -1.0607 0.1929, -0.4872 -1.0259 0.1929, -0.386 -1.0443 0.2128, -0.3803 -1.0064 0.2128, -0.3329 -1.013 0.2378, -0.3386 -1.0519 0.2378, -0.3043 -1.0986 0.2713, -0.2797 -1.1466 0.311, -0.3131 -1.1393 0.2707, -0.2731 -1.1143 0.311, -0.3333 -0.5918 0.2128, -0.3374 -0.6296 0.2128, -0.4172 -0.2181 0.1929, -0.3149 -0.3639 0.2128, -0.3169 -0.4021 0.2128, -0.403 0.0845 0.1978, -0.4678 0.1665 0.1929, -0.3141 -0.2103 0.2128, -0.313 -0.2488 0.2128, -0.4291 -0.0775 0.1929, -0.3283 -0.0573 0.2128, -0.3234 -0.0954 0.2128, -0.4507 0.062 0.1929, -0.4295 0.2733 0.1978, -0.3641 0.1673 0.2128, -0.3584 0.1301 0.2128, -0.481 0.2715 0.1929, -0.4892 0.4123 0.1929, -0.4378 0.4265 0.1978, -0.476 0.6236 0.1929, -0.4246 0.6178 0.1978, -0.4601 0.7282 0.1929, -0.4072 0.731 0.1978, -0.3367 0.8339 0.2128, -0.3435 0.7966 0.2128, -0.4052 1.0853 0.1929, -0.3342 1.2445 0.2128, -0.3574 1.2699 0.2128, -0.2949 1.2719 0.2378, -0.2145 1.1453 0.2713, -0.2562 1.1425 0.2378, -0.2616 1.1867 0.2378, -0.2737 1.2311 0.2378, -0.3185 1.2142 0.2128, -0.4589 1.3248 0.2128, -0.3259 1.306 0.2378, -0.3881 1.2921 0.2128, -0.2984 1.3374 0.2713, -0.2944 1.377 0.311, -0.2691 1.3558 0.311, -0.3854 1.3918 0.2713, -0.4291 1.4093 0.2713, -0.38 1.4262 0.311, -0.6907 1.2623 0.1929, -0.8446 1.4116 0.2378, -0.8799 1.3608 0.2128, -0.8446 1.2605 0.1929, -0.9122 1.3069 0.198, -0.9183 1.3573 0.2131, -0.8751 1.3096 0.1978, -0.8752 1.2579 0.1929, -0.9059 1.2545 0.1929, -0.9239 1.4039 0.2376, -0.8031 1.3658 0.2128, -0.7645 1.3667 0.2128, -0.8415 1.3638 0.2128, -0.6489 1.3625 0.2128, -0.6105 1.3585 0.2128, -0.5721 1.3529 0.2128, -0.534 1.3457 0.2128, -0.4961 1.3364 0.2128, -0.4226 1.3103 0.2128, -0.3087 1.1779 0.2128, -0.304 1.1392 0.2128, -0.3029 1.1002 0.2128, -0.3044 1.0613 0.2128, -0.3077 1.0227 0.2128, -0.3236 0.9088 0.2128, -0.3301 0.8712 0.2128, -0.3501 0.7594 0.2128, -0.3094 0.7142 0.2378, -0.3566 0.7223 0.2128, -0.3628 0.6852 0.2128, -0.3685 0.6482 0.2128, -0.3736 0.6112 0.2128, -0.3781 0.5742 0.2128, -0.3817 0.5373 0.2128, -0.3844 0.5004 0.2128, -0.3859 0.4635 0.2128, -0.3864 0.4266 0.2128, -0.3858 0.3896 0.2128, -0.3842 0.3526 0.2128, -0.3817 0.3156 0.2128, -0.3784 0.2785 0.2128, -0.3742 0.2415 0.2128, -0.3695 0.2044 0.2128, -0.3523 0.0929 0.2128, -0.2989 0.0635 0.2378, -0.3461 0.0556 0.2128, -0.34 0.0182 0.2128, -0.334 -0.0195 0.2128, -0.2267 -0.1657 0.2713, -0.2299 -0.1252 0.2713, -0.1958 -0.1288 0.311, -0.3192 -0.1336 0.2128, -0.3161 -0.1719 0.2128, -0.1902 -0.3267 0.311, -0.2239 -0.328 0.2713, -0.2232 -0.2878 0.2713, -0.3129 -0.2872 0.2128, -0.3135 -0.3256 0.2128, -0.2716 -0.4437 0.2378, -0.3194 -0.4402 0.2128, -0.3224 -0.4782 0.2128, -0.3258 -0.5161 0.2128, -0.3294 -0.554 0.2128, -0.294 -0.6726 0.2378, -0.3416 -0.6673 0.2128, -0.3459 -0.7049 0.2128, -0.3502 -0.7425 0.2128, -0.3544 -0.7801 0.2128, -0.3191 -0.8981 0.2378, -0.3667 -0.8929 0.2128, -0.3709 -0.9307 0.2128, -0.3754 -0.9685 0.2128, -0.3992 -1.1203 0.2132, -0.8049 1.4137 0.2378, -0.765 1.4146 0.2378, -0.725 1.4144 0.2378, -0.5995 1.4474 0.2713, -0.6413 1.4518 0.2713, -0.6035 1.4818 0.311, -0.6448 1.4102 0.2378, -0.6046 1.406 0.2378, -0.5643 1.4002 0.2378, -0.5239 1.3925 0.2378, -0.4834 1.3826 0.2378, -0.4429 1.37 0.2378, -0.4027 1.3538 0.2378, -0.3631 1.333 0.2378, -0.2269 1.3051 0.311, -0.2607 1.2958 0.2713, -0.2462 1.3319 0.311, -0.1986 1.2455 0.311, -0.2347 1.2459 0.2713, -0.2109 1.2762 0.311, -0.184 1.181 0.311, -0.2206 1.1943 0.2713, -0.1899 1.2136 0.311, -0.255 1.0997 0.2378, -0.2566 1.0582 0.2378, -0.26 1.0178 0.2378, -0.2647 0.9782 0.2378, -0.2418 0.8557 0.2713, -0.2352 0.894 0.2713, -0.2081 0.8529 0.311, -0.2764 0.9009 0.2378, -0.2829 0.8629 0.2378, -0.2896 0.8254 0.2378, -0.2963 0.7881 0.2378, -0.303 0.751 0.2378, -0.3155 0.6776 0.2378, -0.3211 0.6412 0.2378, -0.3305 0.569 0.2378, -0.3261 0.605 0.2378, -0.289 0.5645 0.2713, -0.334 0.5332 0.2378, -0.3365 0.4976 0.2378, -0.338 0.4621 0.2378, -0.3385 0.4267 0.2378, -0.3379 0.3911 0.2378, -0.3364 0.3553 0.2378, -0.334 0.3194 0.2378, -0.3307 0.2833 0.2378, -0.3267 0.2472 0.2378, -0.322 0.2109 0.2378, -0.3168 0.1744 0.2378, -0.3111 0.1377 0.2378, -0.3051 0.1008 0.2378, -0.2453 -0.006 0.2713, -0.2515 0.0326 0.2713, -0.2126 0.0022 0.311, -0.2927 0.0259 0.2378, -0.2866 -0.0123 0.2378, -0.2809 -0.0509 0.2378, -0.2758 -0.0898 0.2378, -0.2715 -0.1291 0.2378, -0.2683 -0.1686 0.2378, -0.2662 -0.2082 0.2378, -0.2652 -0.2479 0.2378, -0.265 -0.2875 0.2378, -0.2656 -0.3269 0.2378, -0.267 -0.366 0.2378, -0.2691 -0.4049 0.2378, -0.2365 -0.5244 0.2713, -0.2331 -0.4857 0.2713, -0.2027 -0.5243 0.311, -0.2747 -0.4822 0.2378, -0.2781 -0.5206 0.2378, -0.2818 -0.5588 0.2378, -0.2857 -0.5969 0.2378, -0.2898 -0.6348 0.2378, -0.2611 -0.7526 0.2713, -0.2568 -0.715 0.2713, -0.2274 -0.7541 0.311, -0.2983 -0.7103 0.2378, -0.3026 -0.7479 0.2378, -0.3068 -0.7854 0.2378, -0.311 -0.8228 0.2378, -0.315 -0.8604 0.2378, -0.3233 -0.9361 0.2378, -0.2915 -1.0187 0.2713, -0.2864 -0.9795 0.2713, -0.2573 -1.0165 0.311, -0.3278 -0.9744 0.2378, -0.7242 1.4561 0.2713, -0.6828 1.4546 0.2713, -0.5574 1.4414 0.2713, -0.3414 1.3687 0.2713, -0.2133 1.0993 0.2713, -0.2233 0.9728 0.2713, -0.229 0.933 0.2713, -0.2485 0.8179 0.2713, -0.2552 0.7806 0.2713, -0.2619 0.7437 0.2713, -0.2683 0.7072 0.2713, -0.2743 0.671 0.2713, -0.2798 0.6351 0.2713, -0.2847 0.5996 0.2713, -0.2589 0.5268 0.311, -0.2924 0.5297 0.2713, -0.2949 0.4952 0.2713, -0.2963 0.4609 0.2713, -0.2968 0.4267 0.2713, -0.2962 0.3923 0.2713, -0.2947 0.3576 0.2713, -0.2924 0.3227 0.2713, -0.2892 0.2876 0.2713, -0.2852 0.2522 0.2713, -0.2806 0.2165 0.2713, -0.2755 0.1806 0.2713, -0.2698 0.1443 0.2713, -0.2639 0.1076 0.2713, -0.2577 0.0704 0.2713, -0.2395 -0.0452 0.2713, -0.2343 -0.085 0.2713, -0.2245 -0.2064 0.2713, -0.2234 -0.2472 0.2713, -0.2253 -0.3679 0.2713, -0.2274 -0.4075 0.2713, -0.23 -0.4467 0.2713, -0.2402 -0.563 0.2713, -0.2442 -0.6013 0.2713, -0.2483 -0.6394 0.2713, -0.2525 -0.6773 0.2713, -0.2653 -0.79 0.2713, -0.2695 -0.8274 0.2713, -0.2735 -0.8649 0.2713, -0.2776 -0.9026 0.2713, -0.2818 -0.9408 0.2713, -0.2974 -1.0584 0.2713, -0.7683 1.4899 0.311, -0.7353 1.4899 0.311, -0.7023 1.4891 0.311, -0.6693 1.4876 0.311, -0.6364 1.4851 0.311, -0.5708 1.4775 0.311, -0.5382 1.4722 0.311, -0.5059 1.4657 0.311, -0.442 1.449 0.311, -0.4107 1.4384 0.311, -0.3502 1.412 0.311, -0.3215 1.3957 0.311, -0.1808 1.1481 0.311, -0.1796 1.1151 0.311, -0.18 1.0821 0.311, -0.1816 1.0491 0.311, -0.188 0.9834 0.311, -0.1923 0.9507 0.311, -0.1972 0.918 0.311, -0.2025 0.8854 0.311, -0.2139 0.8204 0.311, -0.2197 0.7879 0.311, -0.2256 0.7554 0.311, -0.2314 0.7229 0.311, -0.237 0.6904 0.311, -0.2423 0.6578 0.311, -0.2472 0.6251 0.311, -0.2517 0.5924 0.311, -0.2557 0.5596 0.311, -0.2612 0.4939 0.311, -0.2627 0.4609 0.311, -0.2631 0.4279 0.311, -0.2626 0.3949 0.311, -0.2613 0.3619 0.311, -0.2591 0.3289 0.311, -0.2562 0.296 0.311, -0.2527 0.2632 0.311, -0.2486 0.2305 0.311, -0.244 0.1978 0.311, -0.2391 0.1651 0.311, -0.2339 0.1325 0.311, -0.2285 0.0999 0.311, -0.2231 0.0674 0.311, -0.2178 0.0348 0.311, -0.2077 -0.0305 0.311, -0.2032 -0.0632 0.311, -0.1992 -0.0959 0.311, -0.1932 -0.1617 0.311, -0.1914 -0.1946 0.311, -0.1902 -0.2276 0.311, -0.1896 -0.2606 0.311, -0.1896 -0.2937 0.311, -0.1913 -0.3597 0.311, -0.1928 -0.3926 0.311, -0.1948 -0.4256 0.311, -0.1971 -0.4585 0.311, -0.1998 -0.4914 0.311, -0.2058 -0.5572 0.311, -0.2092 -0.59 0.311, -0.2127 -0.6229 0.311, -0.2163 -0.6557 0.311, -0.2199 -0.6885 0.311, -0.2237 -0.7213 0.311, -0.2311 -0.7869 0.311, -0.2348 -0.8197 0.311, -0.2383 -0.8525 0.311, -0.2419 -0.8854 0.311, -0.2454 -0.9182 0.311, -0.2491 -0.951 0.311, -0.253 -0.9838 0.311, -0.262 -1.0492 0.311, -0.2672 -1.0818 0.311, -0.3388 -1.2342 0.2714, -0.3643 -1.1754 0.2379, -0.3241 -1.1864 0.2714, -0.5825 -1.2713 0.1929, -0.565 -1.2549 0.1929, -0.5482 -1.3108 0.1978, -0.2914 -1.1941 0.311, -0.3782 -1.2206 0.2379, -0.4104 -1.1628 0.2129, -0.3057 -1.2409 0.311, -0.529 -1.1928 0.1929, -0.4864 -1.2252 0.1978, -0.5389 -1.2147 0.1929, -0.5246 -1.2879 0.1978, -0.504 -1.259 0.1978, -0.6353 -1.4061 0.2129, -0.611 -1.3449 0.1978, -0.593 -1.3929 0.2129, -0.5508 -1.2357 0.1929, -0.53 -1.4169 0.2379, -0.5762 -1.4377 0.2379, -0.5528 -1.3748 0.2129, -0.6241 -1.2953 0.1929, -0.5771 -1.3296 0.1978, -0.6236 -1.4525 0.2379, -0.6133 -1.4929 0.2714, -0.6651 -1.5027 0.2707, -0.6598 -1.5366 0.311, -0.6708 -1.3088 0.1929, -0.6475 -1.3026 0.1929, -0.648 -1.3564 0.1978, -0.6025 -1.2851 0.1929, -0.6946 -1.3131 0.1929, -0.6865 -1.3652 0.198, -0.4719 -1.1882 0.1978, -0.4396 -1.2462 0.2129, -0.4601 -1.2855 0.2129, -0.5206 -1.1702 0.1929, -0.4599 -1.1493 0.1978, -0.5131 -1.1473 0.1929, -0.5067 -1.1241 0.1929, -0.5 -1.1006 0.1929, -0.4609 -1.4212 0.2714, -0.4173 -1.3792 0.2714, -0.4004 -1.4107 0.311, -0.4234 -1.205 0.2129, -0.4855 -1.3212 0.2129, -0.5164 -1.351 0.2129, -0.6787 -1.4154 0.2131, -0.396 -1.2658 0.2379, -0.4191 -1.3103 0.2379, -0.4491 -1.3522 0.2379, -0.4867 -1.3885 0.2379, -0.6715 -1.4618 0.2376, -0.3579 -1.2829 0.2714, -0.3834 -1.3318 0.2714, -0.5102 -1.4536 0.2714, -0.5616 -1.4768 0.2714, -0.3231 -1.2866 0.311, -0.3443 -1.3307 0.311, -0.3699 -1.3724 0.311, -0.436 -1.4443 0.311, -0.4759 -1.4727 0.311, -0.5191 -1.4957 0.311, -0.5647 -1.5137 0.311, -0.6118 -1.5272 0.311, -0.7757 -1.4691 0.2379, -0.7267 -1.4201 0.2129, -0.7236 -1.4679 0.2379, -0.8615 -1.3614 0.1978, -0.9044 -1.3519 0.1978, -0.8785 -1.305 0.1929, -0.7764 -1.5108 0.2713, -0.7379 -1.544 0.311, -0.7771 -1.5444 0.311, -0.8553 -1.5387 0.311, -0.8316 -1.5076 0.2713, -0.8162 -1.5426 0.311, -0.6988 -1.5414 0.311, -0.7209 -1.5095 0.2713, -1.0792 -1.4707 0.311, -1.0466 -1.4494 0.2713, -1.0438 -1.4876 0.311, -0.8421 -1.3121 0.1929, -0.8053 -1.3166 0.1929, -0.8178 -1.3674 0.1978, -0.9141 -1.295 0.1929, -0.946 -1.3389 0.1978, -0.949 -1.2823 0.1929, -1.1877 -1.3532 0.2713, -1.1594 -1.3225 0.2379, -1.1191 -1.3564 0.2379, -0.9858 -1.3224 0.1978, -0.982 -1.266 0.1929, -1.2296 -1.2457 0.2379, -1.1963 -1.2854 0.2379, -1.2626 -1.2713 0.2713, -1.0431 -1.2243 0.1929, -1.059 -1.2776 0.1978, -1.0922 -1.2497 0.1978, -1.3481 -1.1351 0.2713, -1.3228 -1.1818 0.2713, -1.3717 -1.1628 0.311, -1.123 -1.2186 0.1978, -1.1514 -1.1849 0.1978, -1.0955 -1.1718 0.1929, -1.3904 -1.0392 0.2713, -1.3706 -1.0876 0.2713, -1.4053 -1.092 0.311, -1.201 -1.111 0.1978, -1.1396 -1.1122 0.1929, -1.1773 -1.1489 0.1978, -1.1923 -1.0146 0.1929, -1.2417 -1.0308 0.1978, -1.2066 -0.9804 0.1929, -1.2224 -1.0715 0.1978, -1.1763 -1.0479 0.1929, -1.1588 -1.0807 0.1929, -1.231 -0.9104 0.1929, -1.2739 -0.9463 0.1978, -1.287 -0.903 0.1978, -1.2588 -0.989 0.1978, -1.2496 -0.8387 0.1929, -1.241 -0.8747 0.1929, -1.298 -0.859 0.1978, -1.2567 -0.8023 0.1929, -1.3144 -0.7696 0.1978, -1.2626 -0.7658 0.1929, -1.3071 -0.8145 0.1978, -1.3254 -0.6332 0.1978, -1.2728 -0.6552 0.1929, -1.3234 -0.6789 0.1978, -1.3197 -0.7243 0.1978, -1.2706 -0.6922 0.1929, -1.2672 -0.729 0.1929, -1.3258 -0.5875 0.1978, -1.274 -0.5811 0.1929, -1.274 -0.6182 0.1929, -1.4047 -0.3439 0.2379, -1.3574 -0.3513 0.2129, -1.3641 -0.3981 0.2129, -1.2711 -0.5071 0.1929, -1.273 -0.5441 0.1929, -1.3247 -0.5417 0.1978, -1.2645 -0.4334 0.1929, -1.3132 -0.4046 0.1978, -1.26 -0.3966 0.1929, -1.3184 -0.4502 0.1978, -1.299 -0.3137 0.1978, -1.2902 -0.2685 0.1978, -1.2451 -0.3096 0.1929, -1.3405 -0.2583 0.2129, -1.3307 -0.2122 0.2129, -1.2181 -0.18 0.1929, -1.2277 -0.223 0.1929, -1.2703 -0.1781 0.1978, -1.2806 -0.2233 0.1978, -1.1974 -0.0942 0.1929, -1.2486 -0.0875 0.1978, -1.2377 -0.042 0.1978, -1.2595 -0.1329 0.1978, -1.2079 -0.137 0.1929, -1.1678 0.0349 0.1929, -1.2272 0.0037 0.1978, -1.2173 0.0496 0.1978, -1.1774 -0.0082 0.1929, -1.1873 -0.0512 0.1929, -1.2002 0.1424 0.1978, -1.1935 0.1892 0.1978, -1.1445 0.1652 0.1929, -1.2082 0.0958 0.1978, -1.1513 0.1216 0.1929, -1.1591 0.0781 0.1929, -1.1329 0.297 0.1929, -1.1353 0.253 0.1929, -1.1851 0.2836 0.1978, -1.1884 0.2363 0.1978, -1.1337 0.3853 0.1929, -1.1885 0.426 0.1978, -1.1367 0.4294 0.1929, -1.1852 0.3786 0.1978, -1.2182 0.6124 0.1978, -1.2685 0.6022 0.2129, -1.2779 0.6478 0.2129, -1.1939 0.4731 0.1978, -1.1415 0.4732 0.1929, -1.1811 0.6903 0.1929, -1.1722 0.6471 0.1929, -1.2276 0.6581 0.1978, -1.1636 0.6038 0.1929, -1.2092 0.5663 0.1978, -1.1962 0.766 0.1929, -1.2532 0.7944 0.1978, -1.2015 0.7987 0.1929, -1.2455 0.7491 0.1978, -1.1899 0.7335 0.1929, -1.2592 0.8395 0.1978, -1.2633 0.8846 0.1978, -1.2099 0.8644 0.1929, -1.2063 0.8315 0.1929, -1.4052 0.9807 0.2713, -1.4352 1.0318 0.311, -1.4012 1.0343 0.2713, -1.2651 0.9297 0.1978, -1.2134 0.9305 0.1929, -1.2123 0.8974 0.1929, -1.2133 0.9636 0.1929, -1.2645 0.9746 0.1978, -1.3802 1.1438 0.2713, -1.3401 1.1323 0.2379, -1.3522 1.081 0.2379, -1.2115 0.9966 0.1929, -1.208 1.0297 0.1929, -1.2611 1.0191 0.1978, -1.2547 1.0627 0.1978, -1.2448 1.1049 0.1978, -1.2941 1.1191 0.2129, -1.2781 1.1645 0.2129, -1.2026 1.0624 0.1929, -1.2309 1.1445 0.1978, -1.1944 1.0947 0.1929, -1.1836 1.1267 0.1929, -1.2965 1.2326 0.2379, -1.2561 1.2069 0.2129, -1.2176 1.3131 0.2379, -1.2612 1.2771 0.2379, -1.2411 1.3476 0.2713, -1.2129 1.1793 0.1978, -1.1905 1.2076 0.1978, -1.1673 1.1546 0.1929, -1.149 1.1734 0.1929, -1.1619 1.231 0.1978, -1.129 1.1897 0.1929, -1.1907 1.2735 0.2129, -1.1491 1.2974 0.2129, -1.0489 1.4598 0.311, -1.0305 1.4293 0.2713, -1.0824 1.4169 0.2713, -1.1266 1.2513 0.1978, -1.0831 1.2135 0.1929, -1.0872 1.2678 0.1978, -1.107 1.2031 0.1929, -1.0452 1.281 0.1978, -1.0588 1.2227 0.1929, -1.0587 1.3305 0.2129, -1.0714 1.3766 0.2379, -1.022 1.3885 0.2379, -0.9653 1.3502 0.2129, -0.9572 1.2996 0.1978, -1.0017 1.2914 0.1978, -1.0339 1.2303 0.1929, -0.9831 1.2424 0.1929, -0.9318 1.2513 0.1929, -0.9575 1.2472 0.1929, -1.0086 1.2368 0.1929, -0.9728 1.3975 0.2379, -1.0122 1.3416 0.2129, -0.9718 1.4739 0.311, -0.9794 1.4387 0.2713, -1.4039 0.8753 0.2713, -1.4393 0.9143 0.311, -1.406 0.9277 0.2713, -1.2369 0.7037 0.1978, -1.1324 0.3412 0.1929, -1.1553 0.5605 0.1929, -1.1479 0.5169 0.1929, -1.2009 0.5199 0.1978, -1.184 0.3311 0.1978, -1.1392 0.209 0.1929, -1.2367 -0.2662 0.1929, -1.2773 0.0149 0.2129, -1.2877 -0.0303 0.2129, -1.3067 -0.3591 0.1978, -1.2528 -0.353 0.1929, -1.2681 -0.4702 0.1929, -1.3222 -0.496 0.1978, -1.4925 -0.4383 0.311, -1.4586 -0.4362 0.2713, -1.4628 -0.486 0.2713, -0.9403 -1.4881 0.2713, -0.9324 -1.5247 0.311, -0.9703 -1.5146 0.311, -1.2195 -0.9457 0.1929, -1.4667 -0.5864 0.2713, -1.4662 -0.6369 0.2713, -1.5003 -0.5948 0.311, -1.4924 -0.7514 0.311, -1.4599 -0.7383 0.2713, -1.4539 -0.7891 0.2713, -1.4354 -0.8902 0.2713, -1.4228 -0.9404 0.2713, -1.4662 -0.9059 0.311, -1.1185 -1.1428 0.1929, -1.0704 -1.1991 0.1929, -1.0235 -1.3019 0.1978, -1.0138 -1.2466 0.1929, -1.0971 -1.422 0.2713, -1.0753 -1.3865 0.2379, -1.0286 -1.4118 0.2379, -0.7685 -1.3182 0.1929, -0.7739 -1.3699 0.1978, -0.73 -1.3689 0.1978, -0.7316 -1.3171 0.1929, -0.8228 -1.4184 0.2129, -0.8705 -1.4119 0.2129, -0.7748 -1.4212 0.2129, -0.9175 -1.4015 0.2129, -0.9635 -1.3872 0.2129, -1.008 -1.3687 0.2129, -1.0503 -1.3456 0.2129, -1.0901 -1.3184 0.2129, -1.127 -1.2874 0.2129, -1.1609 -1.2532 0.2129, -1.1919 -1.2164 0.2129, -1.2199 -1.1774 0.2129, -1.2453 -1.1368 0.2129, -1.2682 -1.0947 0.2129, -1.2886 -1.0515 0.2129, -1.3068 -1.0073 0.2129, -1.3227 -0.9623 0.2129, -1.3364 -0.9166 0.2129, -1.3481 -0.8704 0.2129, -1.3576 -0.8237 0.2129, -1.3652 -0.7767 0.2129, -1.3708 -0.7294 0.2129, -1.3746 -0.682 0.2129, -1.3767 -0.6346 0.2129, -1.3771 -0.5871 0.2129, -1.376 -0.5397 0.2129, -1.3734 -0.4923 0.2129, -1.3694 -0.4451 0.2129, -1.3495 -0.3047 0.2129, -1.3668 -0.1555 0.2379, -1.3202 -0.1664 0.2129, -1.3094 -0.1208 0.2129, -1.2985 -0.0755 0.2129, -1.2675 0.06 0.2129, -1.3057 0.1139 0.2379, -1.2586 0.1052 0.2129, -1.2509 0.1504 0.2129, -1.2444 0.1956 0.2129, -1.2395 0.2409 0.2129, -1.2364 0.2861 0.2129, -1.2353 0.3312 0.2129, -1.2364 0.3762 0.2129, -1.2396 0.4212 0.2129, -1.2447 0.4663 0.2129, -1.2515 0.5115 0.2129, -1.2596 0.5568 0.2129, -1.3341 0.6844 0.2379, -1.2872 0.6937 0.2129, -1.296 0.7399 0.2129, -1.3039 0.7866 0.2129, -1.3102 0.8337 0.2129, -1.3145 0.8812 0.2129, -1.3164 0.929 0.2129, -1.3157 0.9768 0.2129, -1.3121 1.0246 0.2129, -1.3051 1.0722 0.2129, -1.3316 1.2551 0.2713, -1.3699 1.2561 0.311, -1.3489 1.2891 0.311, -1.2271 1.2435 0.2129, -1.135 1.4003 0.2713, -1.1616 1.4263 0.311, -1.1246 1.4394 0.311, -1.1046 1.316 0.2129, -0.8275 -1.4661 0.2379, -0.8789 -1.459 0.2379, -0.9296 -1.4478 0.2379, -0.9797 -1.4322 0.2379, -1.2597 -1.2041 0.2379, -1.2867 -1.1608 0.2379, -1.3109 -1.1163 0.2379, -1.3324 -1.0708 0.2379, -1.3515 -1.0244 0.2379, -1.3682 -0.9772 0.2379, -1.3826 -0.9293 0.2379, -1.3947 -0.881 0.2379, -1.4047 -0.8323 0.2379, -1.4126 -0.7833 0.2379, -1.4184 -0.7342 0.2379, -1.4224 -0.685 0.2379, -1.4245 -0.6358 0.2379, -1.425 -0.5868 0.2379, -1.4238 -0.5378 0.2379, -1.4212 -0.489 0.2379, -1.4171 -0.4404 0.2379, -1.4116 -0.392 0.2379, -1.4376 -0.2888 0.2713, -1.3966 -0.2962 0.2379, -1.3874 -0.2488 0.2379, -1.3774 -0.2019 0.2379, -1.3855 -0.0544 0.2713, -1.3965 -0.0998 0.2713, -1.4199 -0.0534 0.311, -1.3559 -0.1096 0.2379, -1.345 -0.0642 0.2379, -1.3343 -0.0193 0.2379, -1.324 0.0253 0.2379, -1.3144 0.0697 0.2379, -1.2981 0.1578 0.2379, -1.2919 0.2016 0.2379, -1.2842 0.2884 0.2379, -1.2872 0.2451 0.2379, -1.3259 0.2904 0.2713, -1.2832 0.3312 0.2379, -1.2842 0.3739 0.2379, -1.2872 0.4167 0.2379, -1.2921 0.4599 0.2379, -1.2987 0.5037 0.2379, -1.3066 0.5479 0.2379, -1.3154 0.5927 0.2379, -1.3247 0.6382 0.2379, -1.3924 0.7731 0.2713, -1.3841 0.7239 0.2713, -1.4241 0.7584 0.311, -1.3431 0.7314 0.2379, -1.3512 0.7794 0.2379, -1.3578 0.8283 0.2379, -1.3623 0.878 0.2379, -1.3643 0.9283 0.2379, -1.3636 0.9789 0.2379, -1.3597 1.0298 0.2379, -1.3222 1.1832 0.2379, -1.2909 1.3063 0.2713, -1.17 1.3404 0.2379, -1.1209 1.3611 0.2379, -0.8862 -1.5 0.2713, -0.9939 -1.4714 0.2713, -1.1444 -1.3896 0.2713, -1.1775 -1.4064 0.311, -1.2271 -1.3135 0.2713, -1.2621 -1.3248 0.311, -1.2944 -1.2273 0.2713, -1.4078 -0.9901 0.2713, -1.4457 -0.8397 0.2713, -1.464 -0.6876 0.2713, -1.4655 -0.5361 0.2713, -1.4529 -0.3867 0.2713, -1.4459 -0.3376 0.2713, -1.4774 -0.3216 0.311, -1.4283 -0.2406 0.2713, -1.4181 -0.1929 0.2713, -1.4074 -0.146 0.2713, -1.3749 -0.0097 0.2713, -1.3647 0.0345 0.2713, -1.3552 0.0782 0.2713, -1.3467 0.1215 0.2713, -1.3393 0.1644 0.2713, -1.3333 0.2068 0.2713, -1.3287 0.2489 0.2713, -1.3249 0.3313 0.2713, -1.3258 0.3719 0.2713, -1.3287 0.4128 0.2713, -1.3335 0.4544 0.2713, -1.3726 0.4888 0.311, -1.3399 0.4969 0.2713, -1.3476 0.5402 0.2713, -1.3563 0.5845 0.2713, -1.3656 0.6298 0.2713, -1.375 0.6762 0.2713, -1.3992 0.8236 0.2713, -1.3932 1.0886 0.2713, -1.4233 1.1093 0.311, -1.3606 1.1995 0.2713, -1.2964 1.3473 0.311, -1.1882 1.3779 0.2713, -0.894 -1.5328 0.311, -1.0075 -1.5022 0.311, -1.1134 -1.4515 0.311, -1.1462 -1.4299 0.311, -1.2073 -1.3809 0.311, -1.2355 -1.3536 0.311, -1.2871 -1.2946 0.311, -1.3105 -1.2632 0.311, -1.3324 -1.2306 0.311, -1.3527 -1.1971 0.311, -1.3892 -1.1277 0.311, -1.4201 -1.0557 0.311, -1.4336 -1.0188 0.311, -1.4458 -0.9816 0.311, -1.4566 -0.9439 0.311, -1.4746 -0.8676 0.311, -1.4817 -0.829 0.311, -1.4876 -0.7903 0.311, -1.496 -0.7123 0.311, -1.4985 -0.6732 0.311, -1.4999 -0.634 0.311, -1.4998 -0.5556 0.311, -1.4983 -0.5165 0.311, -1.4958 -0.4773 0.311, -1.4883 -0.3993 0.311, -1.4833 -0.3604 0.311, -1.4708 -0.283 0.311, -1.4634 -0.2445 0.311, -1.4554 -0.2061 0.311, -1.447 -0.1678 0.311, -1.4381 -0.1296 0.311, -1.4291 -0.0915 0.311, -1.4107 -0.0153 0.311, -1.4018 0.0229 0.311, -1.3932 0.0611 0.311, -1.3852 0.0995 0.311, -1.3779 0.138 0.311, -1.3714 0.1767 0.311, -1.3661 0.2155 0.311, -1.362 0.2545 0.311, -1.3594 0.2936 0.311, -1.3585 0.3328 0.311, -1.3595 0.372 0.311, -1.3623 0.4111 0.311, -1.3668 0.4501 0.311, -1.3794 0.5275 0.311, -1.3868 0.5659 0.311, -1.3946 0.6044 0.311, -1.4025 0.6428 0.311, -1.4102 0.6812 0.311, -1.4175 0.7197 0.311, -1.4297 0.7971 0.311, -1.4343 0.8361 0.311, -1.4375 0.8752 0.311, -1.4396 0.9535 0.311, -1.4382 0.9927 0.311, -1.4303 1.0707 0.311, -1.414 1.1473 0.311, -1.4022 1.1847 0.311, -1.3876 1.2211 0.311, -1.3243 1.3197 0.311, -1.2656 1.3717 0.311, -1.2326 1.3929 0.311, -1.1978 1.411 0.311, -1.087 1.4504 0.311, -1.0105 1.4675 0.311, 0.6236 -1.4525 0.2379, 0.6133 -1.4929 0.2714, 0.5616 -1.4768 0.2714, 0.5246 -1.2879 0.1978, 0.5504 -1.2363 0.1929, 0.5654 -1.2552 0.1929, 0.5649 -1.5135 0.311, 0.6118 -1.5272 0.311, 0.6651 -1.5027 0.2707, 0.6598 -1.5366 0.311, 0.593 -1.3929 0.2129, 0.53 -1.4169 0.2379, 0.5528 -1.3748 0.2129, 0.4601 -1.2855 0.2129, 0.4855 -1.3212 0.2129, 0.5771 -1.3296 0.1978, 0.5481 -1.3108 0.1978, 0.603 -1.2845 0.1929, 0.504 -1.259 0.1978, 0.583 -1.2716 0.1929, 0.4396 -1.2462 0.2129, 0.396 -1.2658 0.2379, 0.3782 -1.2206 0.2379, 0.4104 -1.1628 0.2129, 0.4599 -1.1493 0.1978, 0.4719 -1.1882 0.1978, 0.4234 -1.205 0.2129, 0.3643 -1.1754 0.2379, 0.3131 -1.1393 0.2707, 0.3241 -1.1864 0.2714, 0.2797 -1.1466 0.311, 0.5067 -1.1241 0.1929, 0.5131 -1.1474 0.1929, 0.5385 -1.2154 0.1929, 0.4864 -1.2252 0.1978, 0.5289 -1.1929 0.1929, 0.5 -1.0981 0.1929, 0.5012 -1.1006 0.1929, 0.4486 -1.1094 0.1981, 0.5203 -1.1705 0.1929, 0.6475 -1.3026 0.1929, 0.611 -1.3449 0.1978, 0.6249 -1.2945 0.1929, 0.6353 -1.4061 0.2129, 0.5762 -1.4377 0.2379, 0.6865 -1.3652 0.198, 0.6787 -1.4154 0.2131, 0.648 -1.3564 0.1978, 0.6946 -1.3131 0.1929, 0.6707 -1.3088 0.1929, 0.6715 -1.4618 0.2376, 0.5163 -1.351 0.2129, 0.3992 -1.1203 0.2132, 0.4173 -1.3792 0.2714, 0.4609 -1.4212 0.2714, 0.4005 -1.4107 0.311, 0.4867 -1.3885 0.2379, 0.4491 -1.3522 0.2379, 0.4191 -1.3103 0.2379, 0.3534 -1.1304 0.2377, 0.5102 -1.4536 0.2714, 0.3834 -1.3318 0.2714, 0.3579 -1.2829 0.2714, 0.3388 -1.2342 0.2714, 0.5194 -1.4955 0.311, 0.4761 -1.4726 0.311, 0.4361 -1.4443 0.311, 0.3697 -1.3727 0.311, 0.3439 -1.3311 0.311, 0.3227 -1.2869 0.311, 0.3054 -1.241 0.311, 0.2913 -1.1942 0.311, 0.3453 -1.091 0.2378, 0.3043 -1.0986 0.2713, 0.2974 -1.0584 0.2713, 0.4218 -0.9249 0.1978, 0.4732 -0.9205 0.1929, 0.4774 -0.9556 0.1929, 0.267 -1.0811 0.311, 0.2618 -1.0482 0.311, 0.273 -1.1139 0.311, 0.3859 -1.0444 0.2129, 0.3328 -1.013 0.2378, 0.3803 -1.0064 0.2129, 0.4262 -0.9622 0.1978, 0.4872 -1.0257 0.1929, 0.4932 -1.0606 0.1929, 0.4366 -1.0363 0.1978, 0.4693 -0.8853 0.1929, 0.4819 -0.9908 0.1929, 0.4654 -0.8501 0.1929, 0.4177 -0.8874 0.1978, 0.4136 -0.8497 0.1978, 0.4539 -0.7446 0.1929, 0.4054 -0.7744 0.1978, 0.4011 -0.7367 0.1978, 0.4617 -0.815 0.1929, 0.4095 -0.8121 0.1978, 0.4578 -0.7798 0.1929, 0.3926 -0.6615 0.1978, 0.4421 -0.6391 0.1929, 0.446 -0.6743 0.1929, 0.3968 -0.6991 0.1978, 0.4344 -0.5688 0.1929, 0.4381 -0.604 0.1929, 0.3843 -0.5864 0.1978, 0.3884 -0.6239 0.1978, 0.4276 -0.4984 0.1929, 0.3735 -0.4739 0.1978, 0.4245 -0.4631 0.1929, 0.3768 -0.5114 0.1978, 0.3681 -0.399 0.1978, 0.3661 -0.3616 0.1978, 0.4195 -0.3925 0.1929, 0.3148 -0.3639 0.2129, 0.2656 -0.3269 0.2378, 0.3134 -0.3256 0.2129, 0.4161 -0.2864 0.1929, 0.4166 -0.3219 0.1929, 0.3641 -0.2869 0.1978, 0.3647 -0.3242 0.1978, 0.4173 -0.2157 0.1929, 0.3674 -0.1754 0.1978, 0.4192 -0.1804 0.1929, 0.3642 -0.2496 0.1978, 0.3653 -0.2124 0.1978, 0.4162 -0.251 0.1929, 0.3705 -0.1383 0.1978, 0.3745 -0.1014 0.1978, 0.4255 -0.1098 0.1929, 0.422 -0.1451 0.1929, 0.3905 0.0099 0.1978, 0.4398 -0.0046 0.1929, 0.3846 -0.0273 0.1978, 0.4344 -0.0396 0.1929, 0.4296 -0.0747 0.1929, 0.3792 -0.0644 0.1978, 0.4572 0.1001 0.1929, 0.4029 0.0846 0.1978, 0.409 0.1221 0.1978, 0.4456 0.0303 0.1929, 0.3966 0.0472 0.1978, 0.4514 0.0652 0.1929, 0.4149 0.1597 0.1978, 0.4203 0.1974 0.1978, 0.4681 0.17 0.1929, 0.3694 0.2044 0.2129, 0.3742 0.2415 0.2129, 0.4328 0.3115 0.1978, 0.4813 0.2753 0.1929, 0.4294 0.2733 0.1978, 0.4776 0.2401 0.1929, 0.4731 0.205 0.1929, 0.4252 0.2353 0.1978, 0.4371 0.3881 0.1978, 0.4885 0.3812 0.1929, 0.4354 0.3498 0.1978, 0.4845 0.3106 0.1929, 0.4891 0.452 0.1929, 0.4372 0.465 0.1978, 0.4881 0.4874 0.1929, 0.4892 0.4166 0.1929, 0.4377 0.4265 0.1978, 0.4291 0.5798 0.1978, 0.4245 0.6178 0.1978, 0.4798 0.5932 0.1929, 0.4328 0.5416 0.1978, 0.4834 0.558 0.1929, 0.4861 0.5227 0.1929, 0.4134 0.6934 0.1978, 0.465 0.6983 0.1929, 0.4704 0.6634 0.1929, 0.4192 0.6557 0.1978, 0.4754 0.6283 0.1929, 0.3939 0.8057 0.1978, 0.4469 0.8029 0.1929, 0.4006 0.7684 0.1978, 0.4531 0.7681 0.1929, 0.4592 0.7332 0.1929, 0.4072 0.7309 0.1978, 0.3742 0.9172 0.1978, 0.4286 0.9044 0.1929, 0.3806 0.8801 0.1978, 0.3872 0.843 0.1978, 0.4406 0.8377 0.1929, 0.4138 1.0005 0.1929, 0.4182 0.9684 0.1929, 0.363 0.9912 0.1978, 0.3683 0.9542 0.1978, 0.3556 1.0646 0.1978, 0.3542 1.1007 0.1978, 0.407 1.0972 0.1929, 0.3587 1.028 0.1978, 0.4072 1.0649 0.1929, 0.4051 1.1304 0.1929, 0.3551 1.1357 0.1978, 0.4079 1.1484 0.1929, 0.2737 1.2311 0.2378, 0.3184 1.2142 0.2129, 0.3087 1.178 0.2129, 0.3591 1.1686 0.1978, 0.2949 1.2719 0.2378, 0.3342 1.2446 0.2129, 0.3664 1.196 0.1978, 0.4116 1.1647 0.1929, 0.3763 1.2153 0.1978, 0.4176 1.1792 0.1929, 0.3912 1.2313 0.1978, 0.4258 1.1919 0.1929, 0.4364 1.2029 0.1929, 0.4055 1.4367 0.311, 0.4371 1.4476 0.311, 0.4291 1.4094 0.2713, 0.4147 1.2483 0.1978, 0.4594 1.2172 0.1929, 0.4438 1.2636 0.1978, 0.4889 1.2264 0.1929, 0.4723 1.4229 0.2713, 0.5015 1.4648 0.311, 0.515 1.4333 0.2713, 0.5154 1.2355 0.1929, 0.4759 1.2764 0.1978, 0.5448 1.2956 0.1978, 0.5339 1.3457 0.2129, 0.5721 1.353 0.2129, 0.5098 1.287 0.1978, 0.5426 1.2426 0.1929, 0.5702 1.2482 0.1929, 0.5805 1.3024 0.1978, 0.5979 1.253 0.1929, 0.6167 1.3076 0.1978, 0.6258 1.2567 0.1929, 0.6533 1.3114 0.1978, 0.6537 1.2597 0.1929, 0.6875 1.3652 0.2129, 0.725 1.4144 0.2378, 0.726 1.3665 0.2129, 0.6901 1.3139 0.1978, 0.6817 1.2618 0.1929, 0.7097 1.2631 0.1929, 0.727 1.3152 0.1978, 0.7378 1.2638 0.1929, 0.7641 1.3154 0.1978, 0.7659 1.2638 0.1929, 0.7939 1.2632 0.1929, 0.8011 1.3145 0.1978, 0.8799 1.3608 0.2129, 0.8843 1.4085 0.2378, 0.9239 1.4039 0.2376, 0.8752 1.3097 0.1978, 0.8382 1.3126 0.1978, 0.9059 1.2545 0.1929, 0.8779 1.2576 0.1929, 0.9122 1.3069 0.198, 0.85 1.2601 0.1929, 0.8219 1.2619 0.1929, 0.8415 1.3639 0.2129, 0.8049 1.4137 0.2378, 0.8446 1.4116 0.2378, 0.8031 1.3658 0.2129, 0.8998 1.4827 0.311, 0.9329 1.4791 0.311, 0.9288 1.445 0.2707, 0.8882 1.4501 0.2713, 0.3259 1.306 0.2378, 0.3574 1.2699 0.2129, 0.2077 1.2686 0.311, 0.2347 1.2459 0.2713, 0.1965 1.2371 0.311, 0.4098 1.0327 0.1929, 0.2145 1.1453 0.2713, 0.2133 1.0993 0.2713, 0.1805 1.1386 0.311, 0.4233 0.9364 0.1929, 0.4344 0.8726 0.1929, 0.3236 0.9088 0.2129, 0.33 0.8712 0.2129, 0.4356 0.5034 0.1978, 0.4868 0.3459 0.1929, 0.4628 0.135 0.1929, 0.3339 -0.0194 0.2129, 0.3284 -0.0573 0.2129, 0.3162 -0.172 0.2129, 0.314 -0.2104 0.2129, 0.2684 -0.1688 0.2378, 0.4178 -0.3572 0.1929, 0.4218 -0.4278 0.1929, 0.3706 -0.4365 0.1978, 0.4309 -0.5336 0.1929, 0.3333 -0.5918 0.2129, 0.3294 -0.554 0.2129, 0.3804 -0.5489 0.1978, 0.45 -0.7095 0.1929, 0.3666 -0.8929 0.2129, 0.3626 -0.8552 0.2129, 0.4311 -0.9994 0.1978, 0.3386 -1.0519 0.2378, 0.3924 -1.0823 0.2129, 0.4429 -1.0729 0.1978, 0.5 -1.0953 0.1929, 0.3753 -0.9685 0.2129, 0.3708 -0.9307 0.2129, 0.3585 -0.8176 0.2129, 0.3068 -0.7854 0.2378, 0.3544 -0.7801 0.2129, 0.3501 -0.7425 0.2129, 0.3458 -0.7049 0.2129, 0.3416 -0.6673 0.2129, 0.3374 -0.6296 0.2129, 0.278 -0.5206 0.2378, 0.3257 -0.5161 0.2129, 0.3223 -0.4782 0.2129, 0.3194 -0.4402 0.2129, 0.3168 -0.4021 0.2129, 0.3127 -0.2872 0.2129, 0.3129 -0.2488 0.2129, 0.3194 -0.1336 0.2129, 0.3235 -0.0954 0.2129, 0.2925 0.026 0.2378, 0.3398 0.0182 0.2129, 0.346 0.0556 0.2129, 0.3522 0.0929 0.2129, 0.3583 0.1301 0.2129, 0.3641 0.1673 0.2129, 0.3783 0.2785 0.2129, 0.3817 0.3156 0.2129, 0.3842 0.3526 0.2129, 0.3858 0.3896 0.2129, 0.3864 0.4266 0.2129, 0.3859 0.4635 0.2129, 0.3843 0.5004 0.2129, 0.3817 0.5373 0.2129, 0.378 0.5742 0.2129, 0.3736 0.6112 0.2129, 0.3211 0.6412 0.2378, 0.3684 0.6482 0.2129, 0.3627 0.6852 0.2129, 0.3566 0.7223 0.2129, 0.3501 0.7594 0.2129, 0.3434 0.7966 0.2129, 0.3367 0.8338 0.2129, 0.2702 0.9393 0.2378, 0.3175 0.9465 0.2129, 0.3121 0.9845 0.2129, 0.3076 1.0227 0.2129, 0.3044 1.0613 0.2129, 0.3029 1.1002 0.2129, 0.3039 1.1392 0.2129, 0.388 1.2921 0.2129, 0.4226 1.3103 0.2129, 0.4588 1.3248 0.2129, 0.4961 1.3365 0.2129, 0.6333 1.4849 0.311, 0.6413 1.4518 0.2713, 0.5995 1.4475 0.2713, 0.6105 1.3585 0.2129, 0.6489 1.3625 0.2129, 0.7645 1.3667 0.2129, 0.9183 1.3573 0.2131, 0.2818 -0.9408 0.2713, 0.2864 -0.9795 0.2713, 0.2489 -0.9489 0.311, 0.3278 -0.9744 0.2378, 0.3232 -0.9361 0.2378, 0.319 -0.8981 0.2378, 0.315 -0.8604 0.2378, 0.3109 -0.8228 0.2378, 0.3025 -0.7479 0.2378, 0.2525 -0.6773 0.2713, 0.2568 -0.7151 0.2713, 0.2194 -0.6837 0.311, 0.2983 -0.7103 0.2378, 0.294 -0.6726 0.2378, 0.2898 -0.6348 0.2378, 0.2857 -0.5969 0.2378, 0.2817 -0.5588 0.2378, 0.23 -0.4467 0.2713, 0.233 -0.4857 0.2713, 0.1966 -0.4514 0.311, 0.2746 -0.4822 0.2378, 0.2716 -0.4437 0.2378, 0.269 -0.4049 0.2378, 0.267 -0.366 0.2378, 0.2233 -0.2474 0.2713, 0.2231 -0.2878 0.2713, 0.1896 -0.2514 0.311, 0.2648 -0.2875 0.2378, 0.265 -0.2481 0.2378, 0.2661 -0.2085 0.2378, 0.2302 -0.1254 0.2713, 0.2007 -0.0851 0.311, 0.2346 -0.0849 0.2713, 0.2718 -0.1292 0.2378, 0.276 -0.0898 0.2378, 0.281 -0.0507 0.2378, 0.2866 -0.0121 0.2378, 0.2638 0.1076 0.2713, 0.2576 0.0705 0.2713, 0.2306 0.1128 0.311, 0.2988 0.0636 0.2378, 0.305 0.1008 0.2378, 0.311 0.1377 0.2378, 0.3167 0.1744 0.2378, 0.322 0.2109 0.2378, 0.3267 0.2472 0.2378, 0.3307 0.2834 0.2378, 0.3339 0.3194 0.2378, 0.3364 0.3553 0.2378, 0.3379 0.391 0.2378, 0.3385 0.4266 0.2378, 0.338 0.4621 0.2378, 0.3365 0.4977 0.2378, 0.3339 0.5333 0.2378, 0.3304 0.569 0.2378, 0.3261 0.605 0.2378, 0.3154 0.6776 0.2378, 0.3094 0.7142 0.2378, 0.2963 0.7881 0.2378, 0.3029 0.751 0.2378, 0.2552 0.7806 0.2713, 0.2895 0.8253 0.2378, 0.2828 0.8629 0.2378, 0.2763 0.9009 0.2378, 0.2185 1.0136 0.2713, 0.2233 0.9728 0.2713, 0.1855 1.0054 0.311, 0.2646 0.9782 0.2378, 0.26 1.0178 0.2378, 0.2566 1.0582 0.2378, 0.255 1.0997 0.2378, 0.2561 1.1425 0.2378, 0.2616 1.1867 0.2378, 0.2414 1.326 0.311, 0.2607 1.2958 0.2713, 0.2228 1.2983 0.311, 0.2885 1.3732 0.311, 0.2984 1.3374 0.2713, 0.2635 1.3511 0.311, 0.3414 1.3687 0.2713, 0.3631 1.333 0.2378, 0.4027 1.3539 0.2378, 0.4429 1.37 0.2378, 0.4834 1.3826 0.2378, 0.5238 1.3925 0.2378, 0.5643 1.4002 0.2378, 0.6046 1.406 0.2378, 0.6448 1.4102 0.2378, 0.685 1.413 0.2378, 0.8064 1.4554 0.2713, 0.7654 1.4564 0.2713, 0.7999 1.4893 0.311, 0.765 1.4146 0.2378, 0.2915 -1.0187 0.2713, 0.2775 -0.9026 0.2713, 0.2735 -0.8648 0.2713, 0.2694 -0.8273 0.2713, 0.2653 -0.79 0.2713, 0.2611 -0.7526 0.2713, 0.2483 -0.6394 0.2713, 0.2442 -0.6013 0.2713, 0.2402 -0.563 0.2713, 0.2365 -0.5245 0.2713, 0.2274 -0.4074 0.2713, 0.2253 -0.3678 0.2713, 0.2238 -0.328 0.2713, 0.2245 -0.2068 0.2713, 0.2268 -0.1661 0.2713, 0.2397 -0.0449 0.2713, 0.2453 -0.0057 0.2713, 0.2514 0.0328 0.2713, 0.2698 0.1442 0.2713, 0.2755 0.1805 0.2713, 0.2806 0.2165 0.2713, 0.2852 0.2522 0.2713, 0.2892 0.2876 0.2713, 0.2923 0.3227 0.2713, 0.2947 0.3576 0.2713, 0.2962 0.3923 0.2713, 0.2967 0.4267 0.2713, 0.2963 0.461 0.2713, 0.2949 0.4953 0.2713, 0.2924 0.5297 0.2713, 0.289 0.5645 0.2713, 0.2847 0.5996 0.2713, 0.2798 0.6351 0.2713, 0.2742 0.671 0.2713, 0.2682 0.7072 0.2713, 0.2619 0.7437 0.2713, 0.2162 0.8077 0.311, 0.2485 0.8179 0.2713, 0.2417 0.8557 0.2713, 0.2352 0.894 0.2713, 0.2289 0.933 0.2713, 0.2149 1.0556 0.2713, 0.2205 1.1943 0.2713, 0.3854 1.3918 0.2713, 0.5574 1.4414 0.2713, 0.6828 1.4547 0.2713, 0.7242 1.4561 0.2713, 0.8474 1.4533 0.2713, 0.2571 -1.0151 0.311, 0.2528 -0.9821 0.311, 0.2452 -0.9158 0.311, 0.2416 -0.8826 0.311, 0.238 -0.8495 0.311, 0.2344 -0.8163 0.311, 0.2307 -0.7832 0.311, 0.227 -0.75 0.311, 0.2232 -0.7169 0.311, 0.2157 -0.6506 0.311, 0.2121 -0.6174 0.311, 0.2086 -0.5843 0.311, 0.2052 -0.5511 0.311, 0.2021 -0.5179 0.311, 0.1992 -0.4846 0.311, 0.1944 -0.4181 0.311, 0.1925 -0.3848 0.311, 0.191 -0.3515 0.311, 0.19 -0.3181 0.311, 0.1895 -0.2848 0.311, 0.1904 -0.2181 0.311, 0.1919 -0.1848 0.311, 0.1942 -0.1515 0.311, 0.1972 -0.1183 0.311, 0.2048 -0.052 0.311, 0.2094 -0.019 0.311, 0.2143 0.014 0.311, 0.2196 0.047 0.311, 0.2251 0.0799 0.311, 0.236 0.1457 0.311, 0.2412 0.1786 0.311, 0.246 0.2116 0.311, 0.2504 0.2447 0.311, 0.2543 0.2778 0.311, 0.2576 0.311 0.311, 0.2602 0.3442 0.311, 0.262 0.3776 0.311, 0.263 0.4109 0.311, 0.263 0.4442 0.311, 0.2621 0.4776 0.311, 0.2601 0.5109 0.311, 0.2573 0.5441 0.311, 0.2537 0.5773 0.311, 0.2494 0.6104 0.311, 0.2446 0.6434 0.311, 0.2393 0.6763 0.311, 0.2338 0.7092 0.311, 0.228 0.742 0.311, 0.2221 0.7749 0.311, 0.2103 0.8405 0.311, 0.2046 0.8734 0.311, 0.1991 0.9063 0.311, 0.194 0.9393 0.311, 0.1894 0.9723 0.311, 0.1825 1.0386 0.311, 0.1804 1.0719 0.311, 0.1797 1.1053 0.311, 0.1833 1.1718 0.311, 0.1886 1.2048 0.311, 0.3157 1.3927 0.311, 0.3447 1.4094 0.311, 0.3747 1.4239 0.311, 0.4691 1.4569 0.311, 0.5342 1.4715 0.311, 0.5671 1.477 0.311, 0.6001 1.4814 0.311, 0.6666 1.4874 0.311, 0.6999 1.4891 0.311, 0.7332 1.4899 0.311, 0.7666 1.49 0.311, 0.8333 1.4878 0.311, 0.8666 1.4856 0.311, 1.0734 1.3761 0.2379, 1.0234 1.3882 0.2379, 1.0846 1.4163 0.2713, 1.1292 1.25 0.1978, 1.1268 1.1921 0.1929, 1.1012 1.2054 0.1929, 0.9801 1.4386 0.2713, 0.9722 1.4738 0.311, 1.0319 1.429 0.2713, 1.0113 1.4673 0.311, 1.0501 1.4594 0.311, 0.9735 1.3974 0.2379, 0.9659 1.3501 0.2129, 1.0747 1.2169 0.1929, 1.0895 1.2669 0.1978, 1.0475 1.2264 0.1929, 1.047 1.2805 0.1978, 1.1521 1.2959 0.2129, 1.194 1.2712 0.2129, 1.1646 1.2292 0.1978, 1.1483 1.1739 0.1929, 1.4314 1.0635 0.311, 1.3947 1.0803 0.2713, 1.4247 1.1026 0.311, 1.1929 1.2051 0.1978, 1.1672 1.1522 0.1929, 1.4021 1.0253 0.2713, 1.4387 0.9846 0.311, 1.4056 0.9711 0.2713, 1.2329 1.1397 0.1978, 1.2464 1.0991 0.1978, 1.1934 1.1014 0.1929, 1.3641 0.9185 0.2379, 1.3162 0.9197 0.2129, 1.3161 0.9682 0.2129, 1.2002 1.0724 0.1929, 1.2559 1.0561 0.1978, 1.2059 1.0439 0.1929, 1.2626 0.8753 0.1978, 1.2124 0.8995 0.1929, 1.265 0.9209 0.1978, 1.2648 0.9665 0.1978, 1.2135 0.9574 0.1929, 1.2121 0.9863 0.1929, 1.2038 0.8132 0.1929, 1.258 0.8295 0.1978, 1.2515 0.7837 0.1978, 1.2105 0.8707 0.1929, 1.1891 0.7277 0.1929, 1.2434 0.7378 0.1978, 1.2344 0.6917 0.1978, 1.1994 0.7846 0.1929, 1.2065 0.5522 0.1978, 1.1606 0.5859 0.1929, 1.2155 0.599 0.1978, 1.225 0.6455 0.1978, 1.1777 0.671 0.1929, 1.1918 0.4575 0.1978, 1.1416 0.4718 0.1929, 1.1458 0.5005 0.1929, 1.1503 0.5291 0.1929, 1.1985 0.505 0.1978, 1.1329 0.3565 0.1929, 1.1341 0.3854 0.1929, 1.1845 0.3615 0.1978, 1.1871 0.4096 0.1978, 1.1961 0.1696 0.1978, 1.142 0.1834 0.1929, 1.1902 0.2173 0.1978, 1.1325 0.3276 0.1929, 1.1842 0.3133 0.1978, 1.1329 0.2987 0.1929, 1.1503 0.1261 0.1929, 1.2035 0.1223 0.1978, 1.1552 0.0976 0.1929, 1.1459 0.1547 0.1929, 1.2217 0.0285 0.1978, 1.2321 -0.0179 0.1978, 1.1784 -0.0158 0.1929, 1.1662 0.0408 0.1929, 1.2121 0.0753 0.1978, 1.2651 -0.1562 0.1978, 1.2116 -0.1565 0.1929, 1.2541 -0.1102 0.1978, 1.243 -0.0642 0.1978, 1.1981 -0.1002 0.1929, 1.2859 -0.2478 0.1978, 1.2372 -0.2693 0.1929, 1.2311 -0.241 0.1929, 1.2758 -0.202 0.1978, 1.2249 -0.2128 0.1929, 1.2183 -0.1847 0.1929, 1.3106 -0.3856 0.1978, 1.3164 -0.4318 0.1978, 1.2616 -0.4118 0.1929, 1.415 -0.4209 0.2379, 1.3674 -0.4262 0.2129, 1.3615 -0.3786 0.2129, 1.324 -0.5246 0.1978, 1.2724 -0.5269 0.1929, 1.2705 -0.4981 0.1929, 1.3209 -0.4782 0.1978, 1.268 -0.4693 0.1929, 1.2736 -0.6426 0.1929, 1.2742 -0.6137 0.1929, 1.3257 -0.6174 0.1978, 1.3256 -0.571 0.1978, 1.2742 -0.5848 0.1929, 1.3509 -0.8574 0.2129, 1.36 -0.81 0.2129, 1.3977 -0.8675 0.2379, 1.3242 -0.6637 0.1978, 1.3211 -0.7098 0.1978, 1.2723 -0.6715 0.1929, 1.2486 -0.8434 0.1929, 1.2546 -0.8151 0.1929, 1.3007 -0.8467 0.1978, 1.2595 -0.7865 0.1929, 1.2638 -0.7579 0.1929, 1.3094 -0.8014 0.1978, 1.2258 -0.927 0.1929, 1.2774 -0.9356 0.1978, 1.2626 -0.979 0.1978, 1.2343 -0.8994 0.1929, 1.2901 -0.8914 0.1978, 1.2063 -0.9815 0.1929, 1.2456 -1.0216 0.1978, 1.2165 -0.9544 0.1929, 1.1951 -1.0082 0.1929, 1.3366 -1.2237 0.311, 1.3149 -1.2568 0.311, 1.2997 -1.2192 0.2713, 1.2053 -1.1034 0.1978, 1.17 -1.0603 0.1929, 1.2266 -1.0631 0.1978, 1.2665 -1.3195 0.311, 1.2327 -1.3072 0.2713, 1.2681 -1.2641 0.2713, 1.1831 -1.0345 0.1929, 1.1408 -1.1103 0.1929, 1.1559 -1.0856 0.1929, 1.1817 -1.1422 0.1978, 1.1245 -1.1341 0.1929, 1.1558 -1.179 0.1978, 1.1072 -1.1573 0.1929, 1.1934 -1.3478 0.2713, 1.1819 -1.4027 0.311, 1.15 -1.3852 0.2713, 1.0886 -1.1794 0.1929, 1.1275 -1.2136 0.1978, 1.0832 -1.4686 0.311, 1.0476 -1.486 0.311, 1.0516 -1.447 0.2713, 1.0687 -1.2004 0.1929, 1.0966 -1.2455 0.1978, 1.0632 -1.2743 0.1978, 1.0476 -1.2203 0.1929, 1.0251 -1.2383 0.1929, 1.0276 -1.2994 0.1978, 1.0013 -1.2548 0.1929, 1.0332 -1.4096 0.2379, 0.9984 -1.4698 0.2713, 0.9839 -1.4307 0.2379, 0.9896 -1.3206 0.1978, 0.9763 -1.2694 0.1929, 0.9503 -1.2818 0.1929, 0.9494 -1.3377 0.1978, 0.9231 -1.2922 0.1929, 0.9331 -1.4469 0.2379, 0.8892 -1.4995 0.2713, 0.8817 -1.4585 0.2379, 0.9073 -1.3511 0.1978, 0.8956 -1.3008 0.1929, 0.8674 -1.3076 0.1929, 0.8639 -1.3609 0.1978, 0.8388 -1.3126 0.1929, 0.7217 -1.5096 0.2713, 0.7387 -1.544 0.311, 0.6992 -1.5415 0.311, 0.7273 -1.4202 0.2129, 0.7306 -1.369 0.1978, 0.7751 -1.3699 0.1978, 0.8196 -1.3672 0.1978, 0.8102 -1.3161 0.1929, 0.7235 -1.3165 0.1929, 0.7523 -1.3182 0.1929, 0.7813 -1.3181 0.1929, 0.7243 -1.4679 0.2379, 0.8296 -1.4658 0.2379, 0.7771 -1.469 0.2379, 0.8248 -1.4182 0.2129, 0.7761 -1.4212 0.2129, 1.3752 -1.0769 0.2713, 1.3947 -1.0277 0.2713, 1.4091 -1.083 0.311, 1.2419 -0.8715 0.1929, 1.1914 -0.0721 0.1929, 1.1848 -0.0439 0.1929, 1.3162 -0.7558 0.1978, 1.2673 -0.7292 0.1929, 1.2702 -0.7004 0.1929, 1.3722 -0.7143 0.2129, 1.3755 -0.6662 0.2129, 1.4199 -0.7185 0.2379, 1.2736 -0.5558 0.1929, 1.265 -0.4405 0.1929, 1.3752 -0.5219 0.2129, 1.4247 -0.5691 0.2379, 1.3769 -0.57 0.2129, 1.2577 -0.3831 0.1929, 1.2532 -0.3545 0.1929, 1.3035 -0.3396 0.1978, 1.2952 -0.2936 0.1978, 1.2482 -0.3261 0.1929, 1.2429 -0.2976 0.1929, 1.2049 -0.1284 0.1929, 1.3361 -0.2372 0.2129, 1.3258 -0.1906 0.2129, 1.3906 0.7613 0.2713, 1.4225 0.748 0.311, 1.3819 0.7119 0.2713, 1.2625 0.0851 0.2129, 1.2719 0.0393 0.2129, 1.1722 0.0125 0.1929, 1.1606 0.0692 0.1929, 1.1358 0.4143 0.1929, 1.1383 0.4431 0.1929, 1.1387 0.2121 0.1929, 1.1341 0.2698 0.1929, 1.1861 0.2652 0.1978, 1.1361 0.2409 0.1929, 1.1553 0.5575 0.1929, 1.1719 0.6426 0.1929, 1.1661 0.6143 0.1929, 1.1834 0.6993 0.1929, 1.1944 0.7561 0.1929, 1.2074 0.8419 0.1929, 1.2752 0.6351 0.2129, 1.2847 0.6816 0.2129, 1.2099 1.0153 0.1929, 1.2619 1.0117 0.1978, 1.2135 0.9285 0.1929, 1.1236 1.36 0.2379, 1.1919 1.3761 0.2713, 1.1734 1.3388 0.2379, 1.1826 1.1278 0.1929, 1.2151 1.1757 0.1978, 1.0196 1.234 0.1929, 1.2302 1.2403 0.2129, 1.2998 1.2273 0.2379, 1.2589 1.2024 0.2129, 1.265 1.2731 0.2379, 1.0029 1.2912 0.1978, 0.9631 1.2463 0.1929, 0.9346 1.2509 0.1929, 0.9578 1.2995 0.1978, 0.9914 1.2407 0.1929, 1.0607 1.3299 0.2129, 1.1071 1.3151 0.2129, 1.0135 1.3414 0.2129, 1.2953 1.3017 0.2713, 1.2992 1.3445 0.311, 1.3272 1.3165 0.311, 1.2805 1.159 0.2129, 1.2959 1.1126 0.2129, 1.3065 1.0649 0.2129, 1.3129 1.0166 0.2129, 1.3138 0.8713 0.2129, 1.309 0.8232 0.2129, 1.3021 0.7756 0.2129, 1.2939 0.7283 0.2129, 1.3128 0.5796 0.2379, 1.2658 0.5889 0.2129, 1.257 0.5429 0.2129, 1.2492 0.4971 0.2129, 1.2428 0.4513 0.2129, 1.2382 0.4056 0.2129, 1.2358 0.3599 0.2129, 1.2355 0.3143 0.2129, 1.2374 0.2685 0.2129, 1.2413 0.2226 0.2129, 1.2469 0.1768 0.2129, 1.2541 0.1309 0.2129, 1.2821 -0.0064 0.2129, 1.3394 -0.0411 0.2379, 1.2929 -0.0522 0.2129, 1.3039 -0.0982 0.2129, 1.315 -0.1442 0.2129, 1.4744 -0.3041 0.311, 1.4425 -0.3165 0.2713, 1.4336 -0.2673 0.2713, 1.3456 -0.284 0.2129, 1.3541 -0.3312 0.2129, 1.372 -0.474 0.2129, 1.377 -0.6181 0.2129, 1.3671 -0.7623 0.2129, 1.3397 -0.9045 0.2129, 1.3263 -0.9509 0.2129, 1.3107 -0.9967 0.2129, 1.2928 -1.0417 0.2129, 1.2726 -1.0858 0.2129, 1.2499 -1.1287 0.2129, 1.2247 -1.1702 0.2129, 1.1967 -1.21 0.2129, 1.1658 -1.2477 0.2129, 1.1319 -1.2828 0.2129, 1.0948 -1.3147 0.2129, 1.0549 -1.3428 0.2129, 1.0122 -1.3666 0.2129, 0.9672 -1.3858 0.2129, 0.9207 -1.4006 0.2129, 0.8731 -1.4114 0.2129, 1.2215 1.3104 0.2379, 1.3729 1.2518 0.311, 1.3354 1.249 0.2713, 1.3518 1.2854 0.311, 1.3903 1.2162 0.311, 1.3635 1.1925 0.2713, 1.3248 1.1769 0.2379, 1.3421 1.1251 0.2379, 1.3536 1.0731 0.2379, 1.3606 1.0213 0.2379, 1.3639 0.9697 0.2379, 1.4031 0.8644 0.2713, 1.3615 0.8676 0.2379, 1.3565 0.8174 0.2379, 1.3494 0.768 0.2379, 1.3409 0.7195 0.2379, 1.3316 0.6721 0.2379, 1.3221 0.6255 0.2379, 1.3041 0.5343 0.2379, 1.3317 0.4404 0.2713, 1.3377 0.4832 0.2713, 1.3651 0.4364 0.311, 1.2965 0.4897 0.2379, 1.2903 0.4455 0.2379, 1.2859 0.4018 0.2379, 1.2836 0.3585 0.2379, 1.2833 0.3152 0.2379, 1.2851 0.2716 0.2379, 1.2889 0.2276 0.2379, 1.2943 0.1834 0.2379, 1.3012 0.1389 0.2379, 1.3094 0.0943 0.2379, 1.3187 0.0494 0.2379, 1.3288 0.0043 0.2379, 1.4021 -0.1234 0.2713, 1.391 -0.0771 0.2713, 1.4335 -0.1104 0.311, 1.3505 -0.0869 0.2379, 1.3616 -0.1331 0.2379, 1.3725 -0.1799 0.2379, 1.3829 -0.2273 0.2379, 1.3926 -0.2751 0.2379, 1.4014 -0.3233 0.2379, 1.4089 -0.372 0.2379, 1.4613 -0.4666 0.2713, 1.4197 -0.4701 0.2379, 1.423 -0.5195 0.2379, 1.4666 -0.6194 0.2713, 1.4249 -0.6188 0.2379, 1.4233 -0.6686 0.2379, 1.4559 -0.7736 0.2713, 1.4146 -0.7683 0.2379, 1.4072 -0.818 0.2379, 1.4263 -0.9272 0.2713, 1.386 -0.9166 0.2379, 1.372 -0.9653 0.2379, 1.3556 -1.0133 0.2379, 1.3368 -1.0605 0.2379, 1.3156 -1.1069 0.2379, 1.2916 -1.1522 0.2379, 1.2648 -1.1964 0.2379, 1.2349 -1.2389 0.2379, 1.2016 -1.2795 0.2379, 1.1648 -1.3175 0.2379, 1.1243 -1.3524 0.2379, 1.0803 -1.3833 0.2379, 1.138 1.3992 0.2713, 1.1637 1.4252 0.311, 1.2454 1.3446 0.2713, 1.3824 1.1361 0.2713, 1.4058 0.9175 0.2713, 1.4391 0.9054 0.311, 1.3978 0.8122 0.2713, 1.3725 0.6638 0.2713, 1.363 0.6171 0.2713, 1.3537 0.5714 0.2713, 1.3451 0.5269 0.2713, 1.3275 0.3985 0.2713, 1.3253 0.3572 0.2713, 1.325 0.316 0.2713, 1.3267 0.2743 0.2713, 1.3303 0.232 0.2713, 1.3356 0.1892 0.2713, 1.3424 0.1459 0.2713, 1.3504 0.1023 0.2713, 1.3594 0.0582 0.2713, 1.3694 0.0136 0.2713, 1.38 -0.0314 0.2713, 1.4131 -0.1706 0.2713, 1.4237 -0.2186 0.2713, 1.4502 -0.3662 0.2713, 1.4565 -0.4163 0.2713, 1.4909 -0.4218 0.311, 1.4646 -0.5173 0.2713, 1.4664 -0.5683 0.2713, 1.5002 -0.5799 0.311, 1.4649 -0.6707 0.2713, 1.4614 -0.7221 0.2713, 1.4937 -0.7381 0.311, 1.4483 -0.825 0.2713, 1.4385 -0.8762 0.2713, 1.4689 -0.8945 0.311, 1.4117 -0.9778 0.2713, 1.353 -1.1253 0.2713, 1.3279 -1.1728 0.2713, 1.1025 -1.4186 0.2713, 0.944 -1.4871 0.2713, 0.9352 -1.5241 0.311, 0.8338 -1.5073 0.2713, 0.778 -1.5107 0.2713, 1.0885 1.45 0.311, 1.1265 1.4387 0.311, 1.2 1.4093 0.311, 1.235 1.3908 0.311, 1.2682 1.3693 0.311, 1.4045 1.1792 0.311, 1.4159 1.1412 0.311, 1.436 1.0242 0.311, 1.4397 0.945 0.311, 1.4369 0.8659 0.311, 1.4334 0.8264 0.311, 1.4285 0.7871 0.311, 1.4156 0.709 0.311, 1.4081 0.6701 0.311, 1.4002 0.6313 0.311, 1.3922 0.5925 0.311, 1.3844 0.5536 0.311, 1.3771 0.5147 0.311, 1.3706 0.4757 0.311, 1.3611 0.397 0.311, 1.3589 0.3575 0.311, 1.3586 0.3179 0.311, 1.3601 0.2783 0.311, 1.3634 0.2388 0.311, 1.3681 0.1995 0.311, 1.374 0.1603 0.311, 1.3809 0.1213 0.311, 1.3886 0.0825 0.311, 1.397 0.0438 0.311, 1.4059 0.0052 0.311, 1.415 -0.0334 0.311, 1.4243 -0.0719 0.311, 1.4426 -0.1489 0.311, 1.4513 -0.1876 0.311, 1.4596 -0.2263 0.311, 1.4674 -0.2651 0.311, 1.4808 -0.3432 0.311, 1.4863 -0.3824 0.311, 1.4946 -0.4612 0.311, 1.4974 -0.5007 0.311, 1.4993 -0.5403 0.311, 1.5002 -0.6195 0.311, 1.4991 -0.6591 0.311, 1.4969 -0.6986 0.311, 1.4893 -0.7775 0.311, 1.4837 -0.8167 0.311, 1.4769 -0.8557 0.311, 1.4595 -0.933 0.311, 1.4489 -0.9711 0.311, 1.437 -1.0089 0.311, 1.4237 -1.0462 0.311, 1.3931 -1.1192 0.311, 1.3757 -1.1548 0.311, 1.3569 -1.1897 0.311, 1.2915 -1.2888 0.311, 1.2399 -1.3489 0.311, 1.2117 -1.3767 0.311, 1.1505 -1.4269 0.311, 1.1175 -1.4489 0.311, 1.0109 -1.501 0.311, 0.9734 -1.5137 0.311, 0.8964 -1.5324 0.311, 0.8573 -1.5385 0.311, 0.8179 -1.5425 0.311, 0.7783 -1.5443 0.311
            ]
        }
        coordIndex [
            0,1,2,-1,0,3,1,-1,4,5,0,-1,4,0,2,-1,1,6,7,-1,8,9,10,-1,1,10,11,-1,10,1,8,-1,11,6,1,-1,12,13,7,-1,14,13,12,-1,14,15,16,-1,13,17,7,-1,18,19,20,-1,21,22,18,-1,21,18,20,-1,23,16,24,-1,24,18,22,-1,25,16,26,-1,16,25,27,-1,26,16,23,-1,4,28,29,-1,18,24,16,-1,18,16,15,-1,17,1,7,-1,15,14,12,-1,30,2,17,-1,4,2,28,-1,28,2,31,-1,31,2,30,-1,1,17,2,-1,32,31,33,-1,5,4,29,-1,34,29,28,-1,32,34,28,-1,5,29,34,-1,31,32,28,-1,32,5,34,-1,0,33,35,-1,0,32,33,-1,32,0,5,-1,36,37,38,-1,0,35,39,-1,38,37,40,-1,40,41,42,-1,36,39,37,-1,41,43,44,-1,45,46,41,-1,45,41,44,-1,47,48,49,-1,50,41,46,-1,51,47,52,-1,50,48,47,-1,52,47,49,-1,47,41,50,-1,47,42,41,-1,42,38,40,-1,36,53,3,-1,3,39,36,-1,54,3,55,-1,56,54,55,-1,3,53,57,-1,55,3,57,-1,39,3,0,-1,3,8,1,-1,8,3,54,-1,10,57,11,-1,8,54,56,-1,9,56,55,-1,10,9,55,-1,8,56,9,-1,57,10,55,-1,57,53,6,-1,57,6,11,-1,38,42,15,-1,53,7,6,-1,36,12,7,-1,38,12,36,-1,53,36,7,-1,15,12,38,-1,18,15,42,-1,18,42,47,-1,51,18,47,-1,48,21,49,-1,52,20,19,-1,23,46,45,-1,22,50,24,-1,25,44,43,-1,44,25,26,-1,41,27,43,-1,25,43,27,-1,16,27,41,-1,26,23,45,-1,45,44,26,-1,24,50,46,-1,24,46,23,-1,22,21,48,-1,22,48,50,-1,49,20,52,-1,21,20,49,-1,51,19,18,-1,52,19,51,-1,16,40,14,-1,40,16,41,-1,13,14,40,-1,30,39,35,-1,17,37,39,-1,13,37,17,-1,30,17,39,-1,40,37,13,-1,31,35,33,-1,35,31,30,-1,58,59,60,-1,58,61,59,-1,62,63,58,-1,62,58,60,-1,59,64,65,-1,66,67,68,-1,59,68,69,-1,68,59,66,-1,69,64,59,-1,70,71,65,-1,72,71,70,-1,72,73,74,-1,71,75,65,-1,76,77,78,-1,79,80,76,-1,79,76,78,-1,81,74,82,-1,82,76,80,-1,83,74,84,-1,74,83,85,-1,84,74,81,-1,62,86,87,-1,76,82,74,-1,76,74,73,-1,75,59,65,-1,73,72,70,-1,88,60,75,-1,62,60,86,-1,86,60,89,-1,89,60,88,-1,59,75,60,-1,90,89,91,-1,63,62,87,-1,92,87,86,-1,90,92,86,-1,63,87,92,-1,89,90,86,-1,90,63,92,-1,58,91,93,-1,58,90,91,-1,90,58,63,-1,94,95,96,-1,58,93,97,-1,96,95,98,-1,98,99,100,-1,94,97,95,-1,99,101,102,-1,103,104,99,-1,103,99,102,-1,105,106,107,-1,108,99,104,-1,109,105,110,-1,108,106,105,-1,110,105,107,-1,105,99,108,-1,105,100,99,-1,100,96,98,-1,94,111,61,-1,61,97,94,-1,112,61,113,-1,114,112,113,-1,61,111,115,-1,113,61,115,-1,97,61,58,-1,61,66,59,-1,66,61,112,-1,68,115,69,-1,66,112,114,-1,67,114,113,-1,68,67,113,-1,66,114,67,-1,115,68,113,-1,115,111,64,-1,115,64,69,-1,96,100,73,-1,111,65,64,-1,94,70,65,-1,96,70,94,-1,111,94,65,-1,73,70,96,-1,76,73,100,-1,76,100,105,-1,109,76,105,-1,106,79,107,-1,110,78,77,-1,81,104,103,-1,80,108,82,-1,83,102,101,-1,102,83,84,-1,99,85,101,-1,83,101,85,-1,74,85,99,-1,84,81,103,-1,103,102,84,-1,82,108,104,-1,82,104,81,-1,80,79,106,-1,80,106,108,-1,107,78,110,-1,79,78,107,-1,109,77,76,-1,110,77,109,-1,74,98,72,-1,98,74,99,-1,71,72,98,-1,88,97,93,-1,75,95,97,-1,71,95,75,-1,88,75,97,-1,98,95,71,-1,89,93,91,-1,93,89,88,-1,116,117,118,-1,119,120,117,-1,119,117,116,-1,119,121,120,-1,119,116,122,-1,119,122,123,-1,118,122,116,-1,119,123,121,-1,117,124,125,-1,126,127,128,-1,117,128,129,-1,128,117,126,-1,129,124,117,-1,130,131,125,-1,132,131,130,-1,132,133,134,-1,131,135,125,-1,136,137,138,-1,139,140,136,-1,139,136,138,-1,141,134,142,-1,142,136,140,-1,143,134,144,-1,134,143,145,-1,144,134,141,-1,122,146,147,-1,136,142,134,-1,136,134,133,-1,135,117,125,-1,133,132,130,-1,148,118,135,-1,122,118,146,-1,146,118,149,-1,149,118,148,-1,117,135,118,-1,150,149,151,-1,123,122,147,-1,152,147,146,-1,150,152,146,-1,123,147,152,-1,149,150,146,-1,150,123,152,-1,121,151,153,-1,121,150,151,-1,150,121,123,-1,154,155,156,-1,121,153,157,-1,156,155,158,-1,158,159,160,-1,154,157,155,-1,159,161,162,-1,163,164,159,-1,163,159,162,-1,165,166,167,-1,168,159,164,-1,169,165,170,-1,168,166,165,-1,170,165,167,-1,165,159,168,-1,165,160,159,-1,160,156,158,-1,154,171,120,-1,120,157,154,-1,172,120,173,-1,174,172,173,-1,120,171,175,-1,173,120,175,-1,157,120,121,-1,120,126,117,-1,126,120,172,-1,128,175,129,-1,126,172,174,-1,127,174,173,-1,128,127,173,-1,126,174,127,-1,175,128,173,-1,175,171,124,-1,175,124,129,-1,156,160,133,-1,171,125,124,-1,154,130,125,-1,156,130,154,-1,171,154,125,-1,133,130,156,-1,136,133,160,-1,136,160,165,-1,169,136,165,-1,166,139,167,-1,170,138,137,-1,141,164,163,-1,140,168,142,-1,143,162,161,-1,162,143,144,-1,159,145,161,-1,143,161,145,-1,134,145,159,-1,144,141,163,-1,163,162,144,-1,142,168,164,-1,142,164,141,-1,140,139,166,-1,140,166,168,-1,167,138,170,-1,139,138,167,-1,169,137,136,-1,170,137,169,-1,134,158,132,-1,158,134,159,-1,131,132,158,-1,148,157,153,-1,135,155,157,-1,131,155,135,-1,148,135,157,-1,158,155,131,-1,149,153,151,-1,153,149,148,-1,176,177,178,-1,176,179,177,-1,180,181,176,-1,180,176,178,-1,177,182,183,-1,184,185,186,-1,177,186,187,-1,186,177,184,-1,187,182,177,-1,188,189,183,-1,190,189,188,-1,190,191,192,-1,189,193,183,-1,194,195,196,-1,197,198,194,-1,197,194,196,-1,199,192,200,-1,200,194,198,-1,201,192,202,-1,192,201,203,-1,202,192,199,-1,180,204,205,-1,194,200,192,-1,194,192,191,-1,193,177,183,-1,191,190,188,-1,206,178,193,-1,180,178,204,-1,204,178,207,-1,207,178,206,-1,177,193,178,-1,208,207,209,-1,181,180,205,-1,210,205,204,-1,208,210,204,-1,181,205,210,-1,207,208,204,-1,208,181,210,-1,176,209,211,-1,176,208,209,-1,208,176,181,-1,212,213,214,-1,176,211,215,-1,214,213,216,-1,216,217,218,-1,212,215,213,-1,217,219,220,-1,221,222,217,-1,221,217,220,-1,223,224,225,-1,226,217,222,-1,227,223,228,-1,226,224,223,-1,228,223,225,-1,223,217,226,-1,223,218,217,-1,218,214,216,-1,212,229,179,-1,179,215,212,-1,230,179,231,-1,232,230,231,-1,179,229,233,-1,231,179,233,-1,215,179,176,-1,179,184,177,-1,184,179,230,-1,186,233,187,-1,184,230,232,-1,185,232,231,-1,186,185,231,-1,184,232,185,-1,233,186,231,-1,233,229,182,-1,233,182,187,-1,214,218,191,-1,229,183,182,-1,212,188,183,-1,214,188,212,-1,229,212,183,-1,191,188,214,-1,194,191,218,-1,194,218,223,-1,227,194,223,-1,224,197,225,-1,228,196,195,-1,199,222,221,-1,198,226,200,-1,201,220,219,-1,220,201,202,-1,217,203,219,-1,201,219,203,-1,192,203,217,-1,202,199,221,-1,221,220,202,-1,200,226,222,-1,200,222,199,-1,198,197,224,-1,198,224,226,-1,225,196,228,-1,197,196,225,-1,227,195,194,-1,228,195,227,-1,192,216,190,-1,216,192,217,-1,189,190,216,-1,206,215,211,-1,193,213,215,-1,189,213,193,-1,206,193,215,-1,216,213,189,-1,207,211,209,-1,211,207,206,-1,234,235,236,-1,234,237,235,-1,238,239,234,-1,238,234,236,-1,235,240,241,-1,242,243,244,-1,235,244,245,-1,244,235,242,-1,245,240,235,-1,246,247,241,-1,248,247,246,-1,248,249,250,-1,247,251,241,-1,252,253,254,-1,255,256,252,-1,255,252,254,-1,257,250,258,-1,258,252,256,-1,259,250,260,-1,250,259,261,-1,260,250,257,-1,238,262,263,-1,252,258,250,-1,252,250,249,-1,251,235,241,-1,249,248,246,-1,264,236,251,-1,238,236,262,-1,262,236,265,-1,265,236,264,-1,235,251,236,-1,266,265,267,-1,239,238,263,-1,268,263,262,-1,266,268,262,-1,239,263,268,-1,265,266,262,-1,266,239,268,-1,234,267,269,-1,234,266,267,-1,266,234,239,-1,270,271,272,-1,234,269,273,-1,272,271,274,-1,274,275,276,-1,270,273,271,-1,275,277,278,-1,279,280,275,-1,279,275,278,-1,281,282,283,-1,284,275,280,-1,285,281,286,-1,284,282,281,-1,286,281,283,-1,281,275,284,-1,281,276,275,-1,276,272,274,-1,270,287,237,-1,237,273,270,-1,288,237,289,-1,290,288,289,-1,237,287,291,-1,289,237,291,-1,273,237,234,-1,237,242,235,-1,242,237,288,-1,244,291,245,-1,242,288,290,-1,243,290,289,-1,244,243,289,-1,242,290,243,-1,291,244,289,-1,291,287,240,-1,291,240,245,-1,272,276,249,-1,287,241,240,-1,270,246,241,-1,272,246,270,-1,287,270,241,-1,249,246,272,-1,252,249,276,-1,252,276,281,-1,285,252,281,-1,282,255,283,-1,286,254,253,-1,257,280,279,-1,256,284,258,-1,259,278,277,-1,278,259,260,-1,275,261,277,-1,259,277,261,-1,250,261,275,-1,260,257,279,-1,279,278,260,-1,258,284,280,-1,258,280,257,-1,256,255,282,-1,256,282,284,-1,283,254,286,-1,255,254,283,-1,285,253,252,-1,286,253,285,-1,250,274,248,-1,274,250,275,-1,247,248,274,-1,264,273,269,-1,251,271,273,-1,247,271,251,-1,264,251,273,-1,274,271,247,-1,265,269,267,-1,269,265,264,-1,292,293,294,-1,292,295,296,-1,294,293,297,-1,295,292,294,-1,297,293,298,-1,297,298,299,-1,300,294,299,-1,300,295,294,-1,300,296,295,-1,297,299,294,-1,301,293,302,-1,301,302,303,-1,304,293,301,-1,305,293,304,-1,306,293,305,-1,306,298,293,-1,307,308,309,-1,310,307,309,-1,311,312,313,-1,314,315,313,-1,316,311,313,-1,316,313,315,-1,317,318,319,-1,317,320,321,-1,317,321,318,-1,317,313,312,-1,317,312,320,-1,310,313,317,-1,322,323,299,-1,313,310,309,-1,306,308,324,-1,307,324,308,-1,298,306,324,-1,298,324,325,-1,298,325,326,-1,298,326,322,-1,322,299,298,-1,327,326,328,-1,300,299,323,-1,329,323,322,-1,327,329,322,-1,300,323,329,-1,326,327,322,-1,296,330,331,-1,300,329,327,-1,296,327,328,-1,327,296,300,-1,328,330,296,-1,332,333,331,-1,334,333,332,-1,334,335,336,-1,333,337,331,-1,338,339,340,-1,341,342,338,-1,341,338,340,-1,343,336,344,-1,344,338,342,-1,345,336,346,-1,336,345,347,-1,346,336,343,-1,348,349,350,-1,338,344,336,-1,338,336,335,-1,337,296,331,-1,335,334,332,-1,351,292,337,-1,348,292,349,-1,349,292,352,-1,352,292,351,-1,296,337,292,-1,348,302,293,-1,348,293,292,-1,301,352,304,-1,302,348,350,-1,303,350,349,-1,301,303,349,-1,302,350,303,-1,352,301,349,-1,352,305,304,-1,305,352,351,-1,333,334,309,-1,351,306,305,-1,337,308,306,-1,333,308,337,-1,351,337,306,-1,309,308,333,-1,336,309,334,-1,309,336,313,-1,319,338,317,-1,320,341,321,-1,318,340,339,-1,343,311,316,-1,342,312,344,-1,345,315,314,-1,315,345,346,-1,313,347,314,-1,345,314,347,-1,336,347,313,-1,346,343,316,-1,316,315,346,-1,344,312,311,-1,344,311,343,-1,342,341,320,-1,342,320,312,-1,321,340,318,-1,341,340,321,-1,319,339,338,-1,318,339,319,-1,338,335,310,-1,338,310,317,-1,307,310,335,-1,325,331,330,-1,324,332,331,-1,307,332,324,-1,325,324,331,-1,335,332,307,-1,326,325,330,-1,326,330,328,-1,353,354,355,-1,356,357,358,-1,359,355,360,-1,355,359,353,-1,359,360,361,-1,361,362,363,-1,362,361,360,-1,364,363,365,-1,362,365,363,-1,366,367,368,-1,366,369,370,-1,367,371,368,-1,371,367,372,-1,370,365,366,-1,369,366,368,-1,365,370,364,-1,373,370,374,-1,374,370,375,-1,376,374,375,-1,356,358,377,-1,370,373,364,-1,378,379,380,-1,381,379,378,-1,379,381,382,-1,377,380,356,-1,377,378,380,-1,373,357,383,-1,373,358,357,-1,384,385,383,-1,386,387,388,-1,384,383,357,-1,389,384,386,-1,386,388,389,-1,373,383,364,-1,385,384,389,-1,390,383,391,-1,383,390,364,-1,390,391,392,-1,393,394,395,-1,396,397,398,-1,399,400,401,-1,402,403,404,-1,405,403,400,-1,406,407,408,-1,404,409,402,-1,410,398,411,-1,412,413,414,-1,415,416,417,-1,397,396,418,-1,419,420,421,-1,422,423,424,-1,425,426,427,-1,421,425,428,-1,429,430,431,-1,430,427,426,-1,432,433,434,-1,435,436,433,-1,437,438,439,-1,437,439,434,-1,440,441,442,-1,438,443,441,-1,444,445,446,-1,447,448,449,-1,450,451,452,-1,453,454,455,-1,456,457,458,-1,456,459,455,-1,460,461,462,-1,457,460,463,-1,464,465,466,-1,467,462,468,-1,469,470,471,-1,464,466,470,-1,472,473,474,-1,473,472,475,-1,476,477,478,-1,476,479,477,-1,480,481,482,-1,483,482,484,-1,485,486,487,-1,488,486,489,-1,490,491,492,-1,485,487,493,-1,494,495,496,-1,491,497,492,-1,498,499,500,-1,501,495,494,-1,502,503,504,-1,498,500,505,-1,506,507,508,-1,508,509,506,-1,510,511,512,-1,513,514,515,-1,516,517,518,-1,511,519,512,-1,520,521,522,-1,517,520,518,-1,523,524,521,-1,522,521,524,-1,525,526,523,-1,525,527,526,-1,525,528,527,-1,527,528,529,-1,529,530,531,-1,530,529,528,-1,532,531,533,-1,530,533,531,-1,534,535,532,-1,532,533,534,-1,536,537,538,-1,538,535,534,-1,537,536,539,-1,539,536,540,-1,541,539,540,-1,542,541,540,-1,542,543,541,-1,544,545,546,-1,543,545,547,-1,545,543,542,-1,548,547,549,-1,545,549,547,-1,550,551,552,-1,548,549,551,-1,553,554,552,-1,550,548,551,-1,553,555,556,-1,552,554,550,-1,557,558,559,-1,554,553,556,-1,560,561,562,-1,563,559,564,-1,555,565,556,-1,566,564,562,-1,563,567,555,-1,568,559,563,-1,569,570,571,-1,555,567,565,-1,572,557,571,-1,559,568,557,-1,573,574,575,-1,576,577,533,-1,538,537,535,-1,521,520,517,-1,526,524,523,-1,518,519,516,-1,510,578,515,-1,517,579,580,-1,578,510,512,-1,519,511,516,-1,581,501,494,-1,513,515,578,-1,582,496,495,-1,515,583,584,-1,513,507,514,-1,507,506,514,-1,505,503,502,-1,504,509,585,-1,509,508,585,-1,502,504,585,-1,504,586,587,-1,499,498,588,-1,500,503,505,-1,588,501,581,-1,588,581,499,-1,493,487,589,-1,496,582,497,-1,496,590,591,-1,492,497,582,-1,589,490,592,-1,589,592,493,-1,490,589,491,-1,489,486,485,-1,593,481,594,-1,489,593,488,-1,476,478,484,-1,481,480,594,-1,593,594,488,-1,483,484,478,-1,483,480,482,-1,595,474,596,-1,595,477,479,-1,477,595,596,-1,596,474,473,-1,475,597,598,-1,598,597,469,-1,597,475,472,-1,471,470,466,-1,469,471,598,-1,464,467,465,-1,465,467,468,-1,461,468,462,-1,599,600,465,-1,463,458,457,-1,460,457,461,-1,458,459,456,-1,455,459,453,-1,601,444,446,-1,453,601,454,-1,445,444,440,-1,601,446,454,-1,443,442,441,-1,445,440,442,-1,602,603,604,-1,437,443,438,-1,605,606,607,-1,602,608,609,-1,439,432,434,-1,428,419,421,-1,433,432,435,-1,425,427,428,-1,431,426,610,-1,611,603,612,-1,431,436,429,-1,426,431,430,-1,613,614,615,-1,616,617,618,-1,419,416,420,-1,415,417,619,-1,415,420,416,-1,620,621,405,-1,418,619,397,-1,410,411,408,-1,398,410,396,-1,418,415,619,-1,411,406,408,-1,407,406,622,-1,623,624,621,-1,625,622,626,-1,627,623,626,-1,626,623,625,-1,405,624,628,-1,622,625,407,-1,621,625,623,-1,629,630,408,-1,631,407,625,-1,410,630,413,-1,629,408,407,-1,413,412,396,-1,630,410,408,-1,418,412,632,-1,413,396,410,-1,415,632,633,-1,396,412,418,-1,420,633,634,-1,632,415,418,-1,634,635,421,-1,633,420,415,-1,635,636,425,-1,421,420,634,-1,636,610,426,-1,635,425,421,-1,431,610,637,-1,426,425,636,-1,436,637,612,-1,612,603,433,-1,429,436,435,-1,436,431,637,-1,603,602,434,-1,433,436,612,-1,602,609,437,-1,434,433,603,-1,609,638,443,-1,437,434,602,-1,638,639,442,-1,609,443,437,-1,639,640,445,-1,638,442,443,-1,640,641,446,-1,639,445,442,-1,454,641,642,-1,640,446,445,-1,455,642,451,-1,641,454,446,-1,451,450,456,-1,642,455,454,-1,450,643,457,-1,451,456,455,-1,643,644,461,-1,456,450,457,-1,644,599,468,-1,643,461,457,-1,645,466,600,-1,644,468,461,-1,645,646,647,-1,599,465,468,-1,471,645,647,-1,600,466,465,-1,598,647,648,-1,645,471,466,-1,475,648,649,-1,647,598,471,-1,473,649,650,-1,648,475,598,-1,596,650,651,-1,475,649,473,-1,477,651,652,-1,473,650,596,-1,652,653,478,-1,596,651,477,-1,653,654,483,-1,477,652,478,-1,654,655,480,-1,478,653,483,-1,594,655,656,-1,483,654,480,-1,488,656,657,-1,480,655,594,-1,486,657,658,-1,594,656,488,-1,487,658,659,-1,488,657,486,-1,589,659,660,-1,486,658,487,-1,491,660,661,-1,487,659,589,-1,497,661,590,-1,660,491,589,-1,662,494,591,-1,661,497,491,-1,662,663,664,-1,590,496,497,-1,581,662,664,-1,591,494,496,-1,499,664,665,-1,662,581,494,-1,500,665,666,-1,581,664,499,-1,503,666,586,-1,665,500,499,-1,667,668,669,-1,666,503,500,-1,509,587,670,-1,586,504,503,-1,506,670,671,-1,587,509,504,-1,514,671,583,-1,670,506,509,-1,672,673,674,-1,671,514,506,-1,510,584,675,-1,583,515,514,-1,511,675,676,-1,584,510,515,-1,516,676,579,-1,675,511,510,-1,677,678,580,-1,676,516,511,-1,580,678,521,-1,579,517,516,-1,678,679,523,-1,580,521,517,-1,525,679,680,-1,521,678,523,-1,528,680,681,-1,523,679,525,-1,530,681,576,-1,680,528,525,-1,682,683,577,-1,681,530,528,-1,577,683,534,-1,576,533,530,-1,683,684,538,-1,577,534,533,-1,536,684,685,-1,534,683,538,-1,540,685,686,-1,538,684,536,-1,542,686,546,-1,685,540,536,-1,687,688,544,-1,686,542,540,-1,544,688,549,-1,546,545,542,-1,551,688,689,-1,544,549,545,-1,552,689,690,-1,688,551,549,-1,553,690,569,-1,551,689,552,-1,555,569,568,-1,553,552,690,-1,567,563,566,-1,569,555,553,-1,564,691,560,-1,562,564,560,-1,566,563,564,-1,631,625,621,-1,400,403,401,-1,692,629,631,-1,631,629,407,-1,620,692,631,-1,693,630,629,-1,629,692,693,-1,694,413,630,-1,693,694,630,-1,695,696,697,-1,694,414,413,-1,698,632,412,-1,414,698,412,-1,699,633,632,-1,632,698,699,-1,700,634,633,-1,699,700,633,-1,701,635,634,-1,700,701,634,-1,702,636,635,-1,701,702,635,-1,703,610,636,-1,702,703,636,-1,704,637,610,-1,703,704,610,-1,705,612,637,-1,704,705,637,-1,706,707,708,-1,705,611,612,-1,709,710,711,-1,611,604,603,-1,712,713,714,-1,604,608,602,-1,607,638,609,-1,608,607,609,-1,606,639,638,-1,607,606,638,-1,715,640,639,-1,606,715,639,-1,716,641,640,-1,715,716,640,-1,717,642,641,-1,641,716,717,-1,718,451,642,-1,717,718,642,-1,719,720,721,-1,718,452,451,-1,722,643,450,-1,452,722,450,-1,723,644,643,-1,643,722,723,-1,724,599,644,-1,644,723,724,-1,725,600,599,-1,599,724,725,-1,726,645,600,-1,725,726,600,-1,647,727,648,-1,726,646,645,-1,648,728,649,-1,646,727,647,-1,729,730,731,-1,727,728,648,-1,730,650,649,-1,649,728,730,-1,729,651,650,-1,650,730,729,-1,732,652,651,-1,651,729,732,-1,733,653,652,-1,652,732,733,-1,734,654,653,-1,653,733,734,-1,735,655,654,-1,654,734,735,-1,736,656,655,-1,655,735,736,-1,737,657,656,-1,656,736,737,-1,738,658,657,-1,657,737,738,-1,739,659,658,-1,658,738,739,-1,740,660,659,-1,659,739,740,-1,741,661,660,-1,660,740,741,-1,742,590,661,-1,661,741,742,-1,743,591,590,-1,590,742,743,-1,744,662,591,-1,743,744,591,-1,745,746,747,-1,744,663,662,-1,748,665,664,-1,663,748,664,-1,749,666,665,-1,665,748,749,-1,750,586,666,-1,666,749,750,-1,751,587,586,-1,750,751,586,-1,752,670,587,-1,751,752,587,-1,753,671,670,-1,670,752,753,-1,754,583,671,-1,671,753,754,-1,755,584,583,-1,754,755,583,-1,756,675,584,-1,755,756,584,-1,757,676,675,-1,675,756,757,-1,758,579,676,-1,676,757,758,-1,759,580,579,-1,758,759,579,-1,760,761,762,-1,759,677,580,-1,763,679,678,-1,677,763,678,-1,764,680,679,-1,679,763,764,-1,765,681,680,-1,680,764,765,-1,766,576,681,-1,681,765,766,-1,767,577,576,-1,766,767,576,-1,768,769,770,-1,767,682,577,-1,771,684,683,-1,683,682,771,-1,772,685,684,-1,684,771,772,-1,773,686,685,-1,685,772,773,-1,774,546,686,-1,686,773,774,-1,775,544,546,-1,774,775,546,-1,688,776,689,-1,775,687,544,-1,777,778,779,-1,687,776,688,-1,780,690,689,-1,689,776,780,-1,570,569,690,-1,690,780,570,-1,571,568,569,-1,559,558,691,-1,555,568,563,-1,571,557,568,-1,691,564,559,-1,624,405,621,-1,403,628,404,-1,692,620,394,-1,621,620,631,-1,400,394,620,-1,693,692,393,-1,692,394,393,-1,694,693,781,-1,693,393,781,-1,414,694,782,-1,694,781,782,-1,698,414,696,-1,782,696,414,-1,699,698,695,-1,698,696,695,-1,700,699,783,-1,699,695,783,-1,701,700,423,-1,783,423,700,-1,702,701,422,-1,701,423,422,-1,703,702,617,-1,422,617,702,-1,704,703,616,-1,703,617,616,-1,705,704,784,-1,616,784,704,-1,611,705,613,-1,784,613,705,-1,604,611,707,-1,613,707,611,-1,608,604,710,-1,707,710,604,-1,607,608,713,-1,608,710,713,-1,713,712,605,-1,713,605,607,-1,715,606,785,-1,606,605,785,-1,716,715,449,-1,785,449,715,-1,717,716,448,-1,716,449,448,-1,718,717,786,-1,717,448,786,-1,452,718,787,-1,718,786,787,-1,722,452,720,-1,787,720,452,-1,723,722,719,-1,722,720,719,-1,724,723,788,-1,723,719,788,-1,725,724,789,-1,724,788,789,-1,726,725,790,-1,725,789,790,-1,646,726,791,-1,726,790,791,-1,727,646,792,-1,646,791,792,-1,728,727,793,-1,727,792,793,-1,794,730,728,-1,793,794,728,-1,731,795,796,-1,730,794,731,-1,732,729,796,-1,729,731,796,-1,733,732,797,-1,732,796,797,-1,734,733,798,-1,733,797,798,-1,735,734,799,-1,734,798,799,-1,736,735,800,-1,735,799,800,-1,737,736,801,-1,736,800,801,-1,738,737,802,-1,737,801,802,-1,739,738,803,-1,738,802,803,-1,740,739,804,-1,739,803,804,-1,741,740,805,-1,740,804,805,-1,742,741,806,-1,741,805,806,-1,743,742,807,-1,742,806,807,-1,744,743,808,-1,743,807,808,-1,663,744,809,-1,744,808,809,-1,748,663,746,-1,809,746,663,-1,749,748,745,-1,748,746,745,-1,750,749,810,-1,749,745,810,-1,751,750,811,-1,750,810,811,-1,752,751,668,-1,811,668,751,-1,753,752,667,-1,752,668,667,-1,754,753,812,-1,753,667,812,-1,755,754,813,-1,754,812,813,-1,756,755,674,-1,813,674,755,-1,757,756,673,-1,756,674,673,-1,758,757,814,-1,757,673,814,-1,759,758,815,-1,758,814,815,-1,677,759,816,-1,759,815,816,-1,763,677,761,-1,816,761,677,-1,764,763,760,-1,763,761,760,-1,765,764,817,-1,764,760,817,-1,766,765,818,-1,765,817,818,-1,767,766,819,-1,766,818,819,-1,682,767,820,-1,767,819,820,-1,769,771,682,-1,820,769,682,-1,772,771,768,-1,771,769,768,-1,773,772,821,-1,772,768,821,-1,774,773,822,-1,773,821,822,-1,775,774,823,-1,774,822,823,-1,687,775,824,-1,775,823,824,-1,776,687,825,-1,687,824,825,-1,778,780,776,-1,776,825,778,-1,570,780,777,-1,780,778,777,-1,571,570,826,-1,570,777,826,-1,557,572,574,-1,826,572,571,-1,574,558,557,-1,403,405,628,-1,402,401,403,-1,399,395,394,-1,405,400,620,-1,399,394,400,-1,393,395,827,-1,827,828,393,-1,393,828,781,-1,828,829,781,-1,829,830,782,-1,829,782,781,-1,830,831,696,-1,830,696,782,-1,697,696,831,-1,697,832,695,-1,832,833,783,-1,832,783,695,-1,833,834,423,-1,833,423,783,-1,424,423,834,-1,424,835,422,-1,835,836,617,-1,835,617,422,-1,618,617,836,-1,618,837,616,-1,837,838,784,-1,837,784,616,-1,614,784,838,-1,614,613,784,-1,708,613,615,-1,708,707,613,-1,711,707,706,-1,711,710,707,-1,714,710,709,-1,714,713,710,-1,712,839,605,-1,839,840,605,-1,840,841,785,-1,840,785,605,-1,841,842,449,-1,841,449,785,-1,447,449,842,-1,447,843,448,-1,843,844,786,-1,843,786,448,-1,844,845,787,-1,844,787,786,-1,845,846,720,-1,845,720,787,-1,721,720,846,-1,721,847,719,-1,719,847,788,-1,847,848,788,-1,848,849,789,-1,848,789,788,-1,849,850,790,-1,849,790,789,-1,850,851,791,-1,850,791,790,-1,851,852,792,-1,851,792,791,-1,852,853,793,-1,852,793,792,-1,853,854,794,-1,853,794,793,-1,731,854,855,-1,854,731,794,-1,795,731,855,-1,795,856,796,-1,796,856,797,-1,856,857,797,-1,797,857,798,-1,857,858,798,-1,798,858,799,-1,858,859,799,-1,799,859,800,-1,859,860,800,-1,800,860,801,-1,860,861,801,-1,801,861,802,-1,861,862,802,-1,802,862,803,-1,862,863,803,-1,803,863,804,-1,863,864,804,-1,804,864,805,-1,864,865,805,-1,805,865,806,-1,865,866,806,-1,866,867,807,-1,866,807,806,-1,867,868,808,-1,867,808,807,-1,868,869,809,-1,868,809,808,-1,869,870,746,-1,869,746,809,-1,747,746,870,-1,747,871,745,-1,745,871,810,-1,871,872,810,-1,872,873,811,-1,872,811,810,-1,873,669,668,-1,873,668,811,-1,667,669,874,-1,874,875,667,-1,667,875,812,-1,875,876,812,-1,876,877,813,-1,876,813,812,-1,877,878,674,-1,877,674,813,-1,672,674,878,-1,672,879,673,-1,673,879,814,-1,879,880,814,-1,880,881,815,-1,880,815,814,-1,881,882,816,-1,881,816,815,-1,882,883,761,-1,882,761,816,-1,762,761,883,-1,762,884,760,-1,760,884,817,-1,884,885,817,-1,885,886,818,-1,885,818,817,-1,886,887,819,-1,886,819,818,-1,887,888,820,-1,887,820,819,-1,888,889,769,-1,888,769,820,-1,770,769,889,-1,770,890,768,-1,768,890,821,-1,890,891,821,-1,821,891,822,-1,891,892,822,-1,892,893,823,-1,892,823,822,-1,893,894,824,-1,893,824,823,-1,894,895,825,-1,894,825,824,-1,778,895,896,-1,895,778,825,-1,779,778,896,-1,779,897,777,-1,897,898,826,-1,897,826,777,-1,898,575,572,-1,898,572,826,-1,575,574,572,-1,899,900,901,-1,902,903,904,-1,901,574,905,-1,900,906,907,-1,899,901,908,-1,909,910,911,-1,574,573,905,-1,903,912,904,-1,911,910,913,-1,914,915,916,-1,917,912,903,-1,918,919,920,-1,915,921,922,-1,923,924,925,-1,914,916,923,-1,925,924,926,-1,927,928,929,-1,921,930,922,-1,931,927,932,-1,902,922,930,-1,929,915,914,-1,904,922,902,-1,917,911,913,-1,920,919,916,-1,933,910,909,-1,912,917,913,-1,910,934,935,-1,936,933,909,-1,937,938,939,-1,937,933,938,-1,937,939,560,-1,691,907,560,-1,561,560,940,-1,560,939,940,-1,900,691,558,-1,938,933,936,-1,937,560,907,-1,941,942,943,-1,944,933,937,-1,913,935,945,-1,934,910,933,-1,912,945,946,-1,935,913,910,-1,904,946,920,-1,945,912,913,-1,920,916,922,-1,904,912,946,-1,921,915,928,-1,922,904,920,-1,929,947,932,-1,927,929,932,-1,928,915,929,-1,944,937,907,-1,899,906,900,-1,948,934,944,-1,944,934,933,-1,944,906,948,-1,949,935,934,-1,948,949,934,-1,950,945,935,-1,949,950,935,-1,951,946,945,-1,945,950,951,-1,918,920,946,-1,951,918,946,-1,923,952,914,-1,914,952,947,-1,922,916,915,-1,919,923,916,-1,947,929,914,-1,691,900,907,-1,901,558,574,-1,948,906,953,-1,907,906,944,-1,906,899,953,-1,949,948,954,-1,948,953,954,-1,950,949,942,-1,954,942,949,-1,951,950,941,-1,950,942,941,-1,918,951,955,-1,951,941,955,-1,919,918,956,-1,918,955,956,-1,923,919,924,-1,956,924,919,-1,925,952,923,-1,901,900,558,-1,905,908,901,-1,908,957,899,-1,899,957,953,-1,957,958,953,-1,958,959,954,-1,958,954,953,-1,959,943,942,-1,959,942,954,-1,941,943,960,-1,960,961,941,-1,961,962,955,-1,961,955,941,-1,962,963,956,-1,962,956,955,-1,963,964,924,-1,963,924,956,-1,924,964,926,-1,965,966,967,-1,968,969,970,-1,971,972,973,-1,974,975,976,-1,977,972,978,-1,971,967,978,-1,925,926,977,-1,979,980,981,-1,982,983,984,-1,969,985,970,-1,970,982,968,-1,985,986,987,-1,988,989,990,-1,987,991,992,-1,993,994,995,-1,996,997,998,-1,999,1000,1001,-1,1002,1003,1004,-1,1005,1006,1007,-1,1008,1009,1010,-1,1011,1012,1013,-1,1014,1015,1016,-1,1017,1018,1019,-1,1020,1013,1012,-1,1021,1022,1023,-1,1019,1023,1022,-1,1024,1025,1026,-1,1027,1024,1021,-1,1028,1029,1030,-1,1031,1032,1033,-1,1034,1035,1036,-1,1036,1029,1028,-1,1037,1038,1039,-1,1040,1041,1042,-1,1043,1044,1045,-1,1044,1043,1046,-1,1047,1048,1049,-1,1050,1051,1048,-1,1052,1053,1054,-1,1055,1054,1053,-1,1056,1057,1058,-1,1052,1059,1060,-1,1061,1062,1063,-1,1062,1064,1065,-1,1066,1067,1068,-1,1069,1070,1071,-1,1072,1073,1074,-1,1075,1074,1073,-1,1076,1077,1078,-1,1077,1076,1079,-1,1080,1081,1082,-1,1077,1083,1084,-1,1085,1086,1087,-1,1080,1088,1089,-1,1090,1091,1092,-1,1093,1090,1094,-1,1095,1096,1097,-1,1092,1091,1098,-1,1099,1100,1101,-1,1098,1095,1097,-1,1102,1103,1104,-1,1104,1096,1102,-1,1105,1102,1106,-1,1102,1105,1103,-1,1107,1108,1109,-1,1106,1110,1105,-1,1111,1110,1112,-1,1113,1111,1112,-1,1114,1115,1116,-1,1113,1114,1117,-1,1114,1118,1119,-1,1119,1117,1114,-1,1119,1118,1120,-1,1121,1122,1116,-1,1123,1124,1125,-1,1118,1126,1120,-1,1127,1128,1126,-1,1120,1126,1128,-1,1127,1129,1128,-1,1127,1130,1129,-1,1129,1130,1131,-1,1130,1132,1133,-1,1134,1135,1136,-1,1130,1137,1131,-1,1138,1137,1139,-1,1131,1137,1140,-1,1141,1142,1139,-1,1138,1140,1137,-1,1143,1144,1145,-1,1139,1142,1138,-1,1146,1147,1148,-1,1142,1141,1149,-1,1150,1148,1147,-1,627,1151,623,-1,1152,1150,1147,-1,1151,1152,1147,-1,1141,1148,1153,-1,1141,1153,1149,-1,1154,1146,1155,-1,628,1146,1154,-1,1156,409,404,-1,1157,1154,1145,-1,1112,1110,1106,-1,1111,1113,1117,-1,1091,1095,1098,-1,1104,1097,1096,-1,1158,1159,1160,-1,1093,1091,1090,-1,1161,1094,1085,-1,1076,1162,1079,-1,1087,1161,1085,-1,1161,1093,1094,-1,1088,1080,1086,-1,1087,1086,1080,-1,1163,1164,1165,-1,1089,1088,1163,-1,1165,1164,1083,-1,1165,1089,1163,-1,1084,1083,1164,-1,1078,1077,1084,-1,1066,1070,1069,-1,1166,1162,1072,-1,1167,1068,1067,-1,1074,1166,1072,-1,1166,1079,1162,-1,1073,1167,1075,-1,1068,1070,1066,-1,1067,1075,1167,-1,1058,1065,1056,-1,1069,1071,1063,-1,1065,1058,1062,-1,1062,1061,1064,-1,1061,1063,1071,-1,1048,1168,1049,-1,1057,1056,1060,-1,1055,1053,1168,-1,1059,1057,1060,-1,1169,1058,1170,-1,1059,1052,1054,-1,1032,1031,1030,-1,1168,1048,1055,-1,1171,1045,1044,-1,1047,1049,1172,-1,1171,1172,1045,-1,1047,1172,1171,-1,1173,1046,1043,-1,1173,1174,1046,-1,1173,1040,1174,-1,1034,1036,1028,-1,1041,1035,1042,-1,1174,1040,1042,-1,1175,1176,1177,-1,1042,1035,1034,-1,1029,1032,1030,-1,1178,1179,1180,-1,1031,1033,1025,-1,1181,1013,1020,-1,1025,1033,1026,-1,1182,1183,1184,-1,1025,1024,1027,-1,1185,1186,1187,-1,1021,1023,1027,-1,1017,1181,1018,-1,1022,1017,1019,-1,1181,1020,1018,-1,1012,1011,1014,-1,1188,1189,1190,-1,1014,1016,1008,-1,1014,1011,1015,-1,1191,1003,1010,-1,1009,1008,1016,-1,1191,1010,1009,-1,1003,1191,1004,-1,1192,1002,1004,-1,1192,996,998,-1,991,1193,992,-1,997,996,1194,-1,1192,998,1002,-1,1193,997,1194,-1,992,1193,1194,-1,986,991,987,-1,1195,1196,1197,-1,984,968,982,-1,986,985,969,-1,983,1198,1199,-1,984,983,1199,-1,1200,1198,1201,-1,1200,1201,931,-1,932,947,966,-1,932,1200,931,-1,967,947,952,-1,1198,1200,1199,-1,1200,932,966,-1,1202,1203,984,-1,1204,1199,1200,-1,968,1203,1205,-1,984,1199,1202,-1,1205,1206,969,-1,1203,968,984,-1,1206,1207,986,-1,969,968,1205,-1,1207,1208,991,-1,1206,986,969,-1,1208,1209,1193,-1,1207,991,986,-1,1209,1210,997,-1,1208,1193,991,-1,998,1210,1211,-1,1209,997,1193,-1,1002,1211,1212,-1,1210,998,997,-1,1003,1212,1213,-1,1211,1002,998,-1,1010,1213,1214,-1,1212,1003,1002,-1,1008,1214,1215,-1,1010,1003,1213,-1,1215,1216,1014,-1,1214,1008,1010,-1,1216,1217,1012,-1,1215,1014,1008,-1,1020,1217,1218,-1,1216,1012,1014,-1,1218,1219,1018,-1,1217,1020,1012,-1,1019,1219,1220,-1,1218,1018,1020,-1,1023,1220,1221,-1,1219,1019,1018,-1,1027,1221,1222,-1,1220,1023,1019,-1,1025,1222,1223,-1,1221,1027,1023,-1,1031,1223,1224,-1,1222,1025,1027,-1,1224,1225,1030,-1,1223,1031,1025,-1,1028,1225,1226,-1,1224,1030,1031,-1,1034,1226,1227,-1,1225,1028,1030,-1,1227,1228,1042,-1,1226,1034,1028,-1,1228,1229,1174,-1,1227,1042,1034,-1,1046,1229,1039,-1,1228,1174,1042,-1,1044,1039,1038,-1,1229,1046,1174,-1,1171,1038,1230,-1,1039,1044,1046,-1,1047,1230,1050,-1,1038,1171,1044,-1,1051,1231,1232,-1,1230,1047,1171,-1,1055,1051,1232,-1,1050,1048,1047,-1,1054,1232,1233,-1,1051,1055,1048,-1,1059,1233,1234,-1,1055,1232,1054,-1,1057,1234,1170,-1,1233,1059,1054,-1,1235,1062,1169,-1,1234,1057,1059,-1,1236,1237,1235,-1,1170,1058,1057,-1,1235,1237,1063,-1,1169,1062,1058,-1,1237,1238,1069,-1,1235,1063,1062,-1,1238,1239,1066,-1,1237,1069,1063,-1,1239,1240,1067,-1,1069,1238,1066,-1,1075,1240,1241,-1,1066,1239,1067,-1,1074,1241,1242,-1,1067,1240,1075,-1,1166,1242,1243,-1,1075,1241,1074,-1,1079,1243,1244,-1,1074,1242,1166,-1,1077,1244,1245,-1,1166,1243,1079,-1,1083,1245,1246,-1,1079,1244,1077,-1,1165,1246,1247,-1,1077,1245,1083,-1,1089,1247,1081,-1,1246,1165,1083,-1,1248,1249,1082,-1,1247,1089,1165,-1,1082,1249,1087,-1,1081,1080,1089,-1,1161,1249,1250,-1,1082,1087,1080,-1,1093,1250,1251,-1,1087,1249,1161,-1,1091,1251,1252,-1,1250,1093,1161,-1,1252,1253,1095,-1,1251,1091,1093,-1,1096,1253,1254,-1,1095,1091,1252,-1,1254,1255,1102,-1,1253,1096,1095,-1,1255,1256,1106,-1,1254,1102,1096,-1,1112,1256,1257,-1,1255,1106,1102,-1,1113,1257,1115,-1,1256,1112,1106,-1,1258,1259,1260,-1,1257,1113,1112,-1,1118,1116,1122,-1,1114,1113,1115,-1,1126,1122,1261,-1,1118,1114,1116,-1,1127,1261,1132,-1,1122,1126,1118,-1,1262,1263,1264,-1,1261,1127,1126,-1,1137,1133,1265,-1,1130,1127,1132,-1,1139,1265,1143,-1,1133,1137,1130,-1,1141,1143,1155,-1,1137,1265,1139,-1,1153,1148,1150,-1,1143,1141,1139,-1,624,623,1147,-1,1148,1155,1146,-1,1151,1147,623,-1,1204,1200,966,-1,971,978,972,-1,1266,1202,1204,-1,1204,1202,1199,-1,965,1266,1204,-1,1267,1203,1202,-1,1266,1267,1202,-1,1268,1205,1203,-1,1267,1268,1203,-1,1269,1206,1205,-1,1268,1269,1205,-1,1197,1207,1206,-1,1269,1197,1206,-1,1196,1208,1207,-1,1197,1196,1207,-1,990,1209,1208,-1,1196,990,1208,-1,989,1210,1209,-1,1209,990,989,-1,994,1211,1210,-1,989,994,1210,-1,993,1212,1211,-1,1211,994,993,-1,1270,1213,1212,-1,993,1270,1212,-1,1271,1214,1213,-1,1270,1271,1213,-1,1272,1215,1214,-1,1271,1272,1214,-1,1273,1216,1215,-1,1272,1273,1215,-1,1274,1217,1216,-1,1216,1273,1274,-1,1275,1218,1217,-1,1274,1275,1217,-1,1276,1219,1218,-1,1275,1276,1218,-1,1277,1220,1219,-1,1219,1276,1277,-1,1278,1221,1220,-1,1277,1278,1220,-1,1279,1222,1221,-1,1278,1279,1221,-1,1280,1223,1222,-1,1222,1279,1280,-1,1281,1224,1223,-1,1280,1281,1223,-1,1282,1225,1224,-1,1281,1282,1224,-1,1283,1226,1225,-1,1225,1282,1283,-1,1284,1227,1226,-1,1283,1284,1226,-1,1285,1228,1227,-1,1284,1285,1227,-1,1286,1229,1228,-1,1228,1285,1286,-1,1287,1039,1229,-1,1286,1287,1229,-1,1288,1289,1037,-1,1287,1037,1039,-1,1289,1230,1038,-1,1038,1037,1289,-1,1290,1050,1230,-1,1230,1289,1290,-1,1291,1051,1050,-1,1290,1291,1050,-1,1292,1293,1294,-1,1291,1231,1051,-1,1295,1233,1232,-1,1232,1231,1295,-1,1296,1234,1233,-1,1233,1295,1296,-1,1297,1170,1234,-1,1234,1296,1297,-1,1298,1169,1170,-1,1170,1297,1298,-1,1299,1235,1169,-1,1298,1299,1169,-1,1237,1300,1238,-1,1299,1236,1235,-1,1239,1238,1301,-1,1236,1300,1237,-1,1302,1303,1304,-1,1300,1301,1238,-1,1303,1240,1239,-1,1239,1301,1303,-1,1302,1241,1240,-1,1240,1303,1302,-1,1305,1242,1241,-1,1241,1302,1305,-1,1306,1243,1242,-1,1242,1305,1306,-1,1307,1244,1243,-1,1243,1306,1307,-1,1308,1245,1244,-1,1244,1307,1308,-1,1309,1246,1245,-1,1245,1308,1309,-1,1310,1247,1246,-1,1246,1309,1310,-1,1311,1081,1247,-1,1247,1310,1311,-1,1312,1082,1081,-1,1311,1312,1081,-1,1313,1314,1315,-1,1312,1248,1082,-1,1316,1250,1249,-1,1248,1316,1249,-1,1317,1251,1250,-1,1250,1316,1317,-1,1318,1252,1251,-1,1317,1318,1251,-1,1319,1253,1252,-1,1318,1319,1252,-1,1320,1254,1253,-1,1319,1320,1253,-1,1321,1255,1254,-1,1320,1321,1254,-1,1322,1256,1255,-1,1255,1321,1322,-1,1109,1257,1256,-1,1322,1109,1256,-1,1108,1115,1257,-1,1109,1108,1257,-1,1323,1116,1115,-1,1108,1323,1115,-1,1324,1258,1260,-1,1323,1121,1116,-1,1124,1261,1122,-1,1121,1124,1122,-1,1123,1132,1261,-1,1123,1261,1124,-1,1325,1133,1132,-1,1123,1325,1132,-1,1326,1265,1133,-1,1325,1326,1133,-1,1144,1143,1265,-1,1326,1144,1265,-1,1155,1143,1145,-1,1146,628,624,-1,1141,1155,1148,-1,1145,1154,1155,-1,624,1147,1146,-1,947,967,966,-1,978,952,925,-1,1266,965,975,-1,966,965,1204,-1,965,971,975,-1,1267,1266,1327,-1,975,1327,1266,-1,1268,1267,1178,-1,1267,1327,1178,-1,1269,1268,1328,-1,1178,1328,1268,-1,1197,1269,980,-1,1269,1328,980,-1,980,979,1195,-1,980,1195,1197,-1,990,1196,1329,-1,1196,1195,1329,-1,988,1329,1330,-1,1329,988,990,-1,994,989,1331,-1,989,988,1331,-1,995,1331,1332,-1,1331,995,994,-1,1270,993,1333,-1,993,995,1333,-1,1271,1270,1000,-1,1333,1000,1270,-1,1272,1271,999,-1,1271,1000,999,-1,1273,1272,1006,-1,999,1006,1272,-1,1274,1273,1005,-1,1273,1006,1005,-1,1275,1274,1334,-1,1274,1005,1334,-1,1276,1275,1189,-1,1334,1189,1275,-1,1277,1276,1188,-1,1276,1189,1188,-1,1278,1277,1335,-1,1277,1188,1335,-1,1279,1278,1187,-1,1335,1187,1278,-1,1280,1279,1186,-1,1279,1187,1186,-1,1281,1280,1336,-1,1280,1186,1336,-1,1282,1281,1183,-1,1336,1183,1281,-1,1283,1282,1182,-1,1282,1183,1182,-1,1284,1283,1337,-1,1283,1182,1337,-1,1285,1284,1177,-1,1337,1177,1284,-1,1286,1285,1176,-1,1285,1177,1176,-1,1287,1286,1338,-1,1286,1176,1338,-1,1037,1287,1339,-1,1287,1338,1339,-1,1288,1339,1340,-1,1339,1288,1037,-1,1290,1289,1341,-1,1289,1288,1341,-1,1291,1290,1342,-1,1290,1341,1342,-1,1231,1291,1343,-1,1291,1342,1343,-1,1293,1295,1231,-1,1343,1293,1231,-1,1296,1295,1292,-1,1295,1293,1292,-1,1297,1296,1344,-1,1296,1292,1344,-1,1298,1297,1345,-1,1297,1344,1345,-1,1299,1298,1346,-1,1298,1345,1346,-1,1236,1299,1347,-1,1299,1346,1347,-1,1300,1236,1348,-1,1236,1347,1348,-1,1301,1300,1349,-1,1300,1348,1349,-1,1350,1303,1301,-1,1349,1350,1301,-1,1302,1351,1305,-1,1303,1350,1304,-1,1305,1352,1306,-1,1302,1304,1351,-1,1306,1353,1307,-1,1305,1351,1352,-1,1307,1354,1308,-1,1306,1352,1353,-1,1354,1355,1356,-1,1307,1353,1354,-1,1309,1308,1356,-1,1308,1354,1356,-1,1310,1309,1357,-1,1309,1356,1357,-1,1311,1310,1358,-1,1310,1357,1358,-1,1312,1311,1359,-1,1311,1358,1359,-1,1248,1312,1360,-1,1312,1359,1360,-1,1316,1248,1314,-1,1360,1314,1248,-1,1317,1316,1313,-1,1316,1314,1313,-1,1318,1317,1361,-1,1317,1313,1361,-1,1319,1318,1158,-1,1361,1158,1318,-1,1320,1319,1160,-1,1319,1158,1160,-1,1321,1320,1099,-1,1160,1099,1320,-1,1322,1321,1101,-1,1321,1099,1101,-1,1109,1322,1362,-1,1322,1101,1362,-1,1107,1362,1363,-1,1109,1362,1107,-1,1323,1108,1364,-1,1107,1364,1108,-1,1121,1323,1258,-1,1364,1258,1323,-1,1124,1121,1324,-1,1121,1258,1324,-1,1324,1365,1125,-1,1324,1125,1124,-1,1325,1123,1366,-1,1125,1366,1123,-1,1326,1325,1262,-1,1325,1366,1262,-1,1144,1326,1136,-1,1262,1136,1326,-1,1145,1144,1135,-1,1144,1136,1135,-1,1154,1157,404,-1,1145,1135,1157,-1,404,628,1154,-1,952,978,967,-1,977,978,925,-1,976,971,973,-1,967,971,965,-1,976,975,971,-1,974,1367,1327,-1,974,1327,975,-1,1179,1327,1367,-1,1179,1178,1327,-1,1180,1368,1328,-1,1180,1328,1178,-1,981,1328,1368,-1,981,980,1328,-1,979,1369,1195,-1,1369,1370,1195,-1,1370,1330,1329,-1,1370,1329,1195,-1,1330,1371,988,-1,1371,1372,988,-1,1372,1332,1331,-1,1372,1331,988,-1,1332,1373,995,-1,1373,1374,995,-1,1374,1375,1333,-1,1374,1333,995,-1,1375,1376,1000,-1,1375,1000,1333,-1,1001,1000,1376,-1,1001,1377,999,-1,1377,1007,1006,-1,1377,1006,999,-1,1005,1007,1378,-1,1378,1379,1005,-1,1379,1380,1334,-1,1379,1334,1005,-1,1380,1381,1189,-1,1380,1189,1334,-1,1190,1189,1381,-1,1190,1382,1188,-1,1382,1383,1335,-1,1382,1335,1188,-1,1383,1384,1187,-1,1383,1187,1335,-1,1185,1187,1384,-1,1185,1385,1186,-1,1385,1386,1336,-1,1385,1336,1186,-1,1386,1387,1183,-1,1386,1183,1336,-1,1184,1183,1387,-1,1184,1388,1182,-1,1388,1389,1337,-1,1388,1337,1182,-1,1389,1390,1177,-1,1389,1177,1337,-1,1175,1177,1390,-1,1175,1391,1176,-1,1391,1392,1338,-1,1391,1338,1176,-1,1392,1340,1339,-1,1392,1339,1338,-1,1340,1393,1288,-1,1393,1394,1288,-1,1288,1394,1341,-1,1394,1395,1341,-1,1395,1396,1342,-1,1395,1342,1341,-1,1396,1397,1343,-1,1396,1343,1342,-1,1397,1398,1293,-1,1397,1293,1343,-1,1294,1293,1398,-1,1294,1399,1292,-1,1292,1399,1344,-1,1399,1400,1344,-1,1400,1401,1345,-1,1400,1345,1344,-1,1401,1402,1346,-1,1401,1346,1345,-1,1402,1403,1347,-1,1402,1347,1346,-1,1403,1404,1348,-1,1403,1348,1347,-1,1404,1405,1349,-1,1404,1349,1348,-1,1405,1406,1350,-1,1405,1350,1349,-1,1304,1406,1407,-1,1406,1304,1350,-1,1408,1304,1407,-1,1304,1408,1351,-1,1409,1351,1408,-1,1351,1409,1352,-1,1410,1352,1409,-1,1352,1410,1353,-1,1411,1353,1410,-1,1353,1411,1354,-1,1355,1354,1411,-1,1355,1412,1356,-1,1356,1412,1357,-1,1412,1413,1357,-1,1357,1413,1358,-1,1413,1414,1358,-1,1414,1415,1359,-1,1414,1359,1358,-1,1415,1416,1360,-1,1415,1360,1359,-1,1416,1417,1314,-1,1416,1314,1360,-1,1315,1314,1417,-1,1315,1418,1313,-1,1418,1419,1361,-1,1418,1361,1313,-1,1419,1420,1158,-1,1419,1158,1361,-1,1159,1158,1420,-1,1159,1421,1160,-1,1421,1422,1099,-1,1421,1099,1160,-1,1100,1099,1422,-1,1100,1423,1101,-1,1423,1363,1362,-1,1423,1362,1101,-1,1107,1363,1424,-1,1424,1425,1107,-1,1425,1426,1364,-1,1425,1364,1107,-1,1259,1364,1426,-1,1259,1258,1364,-1,1324,1260,1427,-1,1427,1365,1324,-1,1365,1428,1125,-1,1428,1429,1125,-1,1429,1430,1366,-1,1429,1366,1125,-1,1263,1366,1430,-1,1263,1262,1366,-1,1264,1431,1136,-1,1264,1136,1262,-1,1134,1136,1431,-1,1134,1432,1135,-1,1432,1156,1157,-1,1432,1157,1135,-1,1156,404,1157,-1,1433,1434,1435,-1,1436,1437,1438,-1,1435,1434,1439,-1,1440,1434,1441,-1,1441,1442,1440,-1,1443,1444,1445,-1,1446,1436,1447,-1,1448,1449,1450,-1,1451,1437,1436,-1,1452,1450,1449,-1,1453,1454,1455,-1,1456,1457,1458,-1,1459,1456,1458,-1,1459,1453,1455,-1,1456,1459,1460,-1,1461,1462,1463,-1,1464,1465,1457,-1,1466,1467,1468,-1,1469,1470,1471,-1,1468,1458,1472,-1,1471,1470,1464,-1,1473,1474,1475,-1,1467,1458,1468,-1,1436,1452,1449,-1,1466,1451,1467,-1,1436,1438,1452,-1,1466,1437,1451,-1,1474,1448,1475,-1,1475,1448,1450,-1,1476,1433,1477,-1,1476,1478,1479,-1,1473,1480,1474,-1,1481,1478,1482,-1,1480,1482,1478,-1,1480,1473,1482,-1,1433,1479,1483,-1,1476,1480,1478,-1,1448,1445,1484,-1,1443,1474,1480,-1,1449,1484,1447,-1,1445,1448,1474,-1,1454,1453,1446,-1,1484,1449,1448,-1,1446,1453,1451,-1,1447,1436,1449,-1,1453,1459,1467,-1,1436,1446,1451,-1,1472,1458,1465,-1,1453,1467,1451,-1,1457,1485,1471,-1,1464,1457,1471,-1,1465,1458,1457,-1,1443,1480,1476,-1,1477,1433,1435,-1,1486,1487,1488,-1,1443,1445,1474,-1,1477,1444,1443,-1,1489,1484,1445,-1,1444,1489,1445,-1,1490,1447,1484,-1,1484,1489,1490,-1,1491,1446,1447,-1,1490,1491,1447,-1,1460,1455,1462,-1,1491,1454,1446,-1,1460,1462,1461,-1,1456,1492,1485,-1,1467,1459,1458,-1,1455,1460,1459,-1,1485,1457,1456,-1,1479,1433,1476,-1,1434,1483,1441,-1,1444,1477,1493,-1,1476,1477,1443,-1,1477,1435,1493,-1,1489,1444,1487,-1,1493,1487,1444,-1,1490,1489,1486,-1,1489,1487,1486,-1,1491,1490,1494,-1,1490,1486,1494,-1,1454,1491,1495,-1,1491,1494,1495,-1,1496,1455,1454,-1,1496,1454,1495,-1,1460,1492,1456,-1,1455,1496,1462,-1,1461,1492,1460,-1,1434,1433,1483,-1,1440,1439,1434,-1,1439,1497,1435,-1,1497,1498,1493,-1,1497,1493,1435,-1,1498,1499,1487,-1,1498,1487,1493,-1,1488,1487,1499,-1,1488,1500,1486,-1,1500,1501,1494,-1,1500,1494,1486,-1,1501,1502,1495,-1,1501,1495,1494,-1,1502,1503,1496,-1,1502,1496,1495,-1,1504,1496,1503,-1,1496,1504,1462,-1,1462,1504,1463,-1,1505,1506,1507,-1,1508,1509,1510,-1,1507,1511,1512,-1,1513,1506,1461,-1,1461,1463,1513,-1,1514,1515,1516,-1,1517,1508,1510,-1,1518,1519,1520,-1,1508,1521,1509,-1,1510,1522,1517,-1,1523,1524,1525,-1,1526,1527,1528,-1,1529,1530,1531,-1,1532,1533,1534,-1,1534,1535,1532,-1,1536,1537,1538,-1,1537,1533,1539,-1,1540,1541,1542,-1,1541,1540,1543,-1,1544,1545,1546,-1,1547,1548,1549,-1,1550,1551,1552,-1,1553,1552,1551,-1,1554,1555,1556,-1,1557,1558,1559,-1,1560,1561,1562,-1,1562,1563,1560,-1,1564,1565,1566,-1,1567,1568,1569,-1,1570,1571,1572,-1,1573,1574,1575,-1,1576,1577,1578,-1,1579,1580,1577,-1,1581,1582,1583,-1,1584,1585,1586,-1,1587,1588,1589,-1,1590,1581,1589,-1,1591,1592,1593,-1,1594,1595,1591,-1,1596,1597,1598,-1,1599,1600,1601,-1,1602,1603,1604,-1,1605,1606,1597,-1,1607,1608,1609,-1,1610,1611,1612,-1,1613,1614,1615,-1,1607,1616,1617,-1,1618,1619,1620,-1,1621,1620,1619,-1,1622,1623,1624,-1,1625,1622,1626,-1,1627,1628,1629,-1,1623,1627,1624,-1,1630,1631,1632,-1,1628,1633,1629,-1,1634,1635,1631,-1,1633,1636,1637,-1,1638,1639,1636,-1,1637,1636,1639,-1,1640,1641,1638,-1,1639,1638,1641,-1,1640,1642,1641,-1,1643,1644,1645,-1,1642,1646,1647,-1,1646,1642,1640,-1,1647,1648,1649,-1,1650,1651,1652,-1,1653,1649,1654,-1,1648,1654,1649,-1,1655,1656,1657,-1,1653,1654,1658,-1,1658,1655,1659,-1,1659,1653,1658,-1,1659,1655,1660,-1,1660,1655,1661,-1,1662,1660,1661,-1,1663,1662,1661,-1,1663,1664,1662,-1,1663,1665,1664,-1,1664,1665,1666,-1,1667,1668,1669,-1,1670,1671,1665,-1,1666,1665,1671,-1,1670,1672,1671,-1,1670,1673,1672,-1,1672,1673,1674,-1,1674,1673,1675,-1,1676,1674,1675,-1,1675,1677,1676,-1,1678,1677,1675,-1,1679,1680,1681,-1,1682,1683,1679,-1,1684,1685,1686,-1,1682,1687,1683,-1,1687,1682,1685,-1,1677,1678,1688,-1,1688,1678,1683,-1,1680,1679,1689,-1,1690,1691,1692,-1,1693,1694,1695,-1,1680,1691,1696,-1,1635,1697,1698,-1,1646,1648,1647,-1,1628,1627,1623,-1,1629,1633,1637,-1,1699,1700,1701,-1,1622,1624,1626,-1,1618,1625,1702,-1,1626,1702,1625,-1,1625,1618,1620,-1,1703,1704,1705,-1,1614,1613,1706,-1,1706,1621,1619,-1,1615,1614,1707,-1,1613,1621,1706,-1,1615,1707,1616,-1,1617,1616,1707,-1,1617,1608,1607,-1,1708,1615,1709,-1,1609,1610,1612,-1,1609,1608,1610,-1,1602,1612,1611,-1,1604,1605,1602,-1,1611,1603,1602,-1,1606,1598,1597,-1,1604,1606,1605,-1,1600,1596,1598,-1,1601,1593,1710,-1,1596,1600,1599,-1,1594,1587,1595,-1,1599,1601,1710,-1,1710,1593,1592,-1,1591,1595,1592,-1,1711,1589,1588,-1,1588,1587,1594,-1,1582,1581,1590,-1,1590,1589,1711,-1,1583,1584,1586,-1,1583,1582,1584,-1,1577,1585,1578,-1,1577,1586,1585,-1,1576,1712,1572,-1,1712,1576,1578,-1,1571,1570,1575,-1,1572,1712,1570,-1,1566,1565,1567,-1,1575,1574,1571,-1,1573,1564,1574,-1,1573,1565,1564,-1,1568,1561,1569,-1,1567,1569,1566,-1,1713,1569,1714,-1,1568,1562,1561,-1,1554,1559,1558,-1,1563,1556,1560,-1,1559,1550,1557,-1,1555,1554,1558,-1,1555,1560,1556,-1,1557,1550,1552,-1,1715,1716,1717,-1,1718,1545,1553,-1,1718,1553,1551,-1,1546,1719,1544,-1,1718,1546,1545,-1,1544,1719,1720,-1,1542,1720,1719,-1,1721,1543,1540,-1,1541,1720,1542,-1,1722,1723,1538,-1,1721,1536,1724,-1,1539,1533,1532,-1,1538,1724,1536,-1,1724,1543,1721,-1,1538,1537,1539,-1,1535,1725,1528,-1,1534,1725,1535,-1,1527,1526,1531,-1,1528,1725,1526,-1,1525,1530,1529,-1,1530,1527,1531,-1,1521,1524,1523,-1,1523,1525,1529,-1,1524,1726,1727,-1,1521,1508,1524,-1,1728,1517,1522,-1,1518,1728,1522,-1,1505,1729,1730,-1,1518,1520,1728,-1,1471,1485,1730,-1,1731,1520,1519,-1,1732,1471,1731,-1,1471,1732,1469,-1,1731,1519,1732,-1,1505,1485,1492,-1,1730,1731,1471,-1,1728,1516,1733,-1,1514,1520,1731,-1,1517,1733,1734,-1,1520,1516,1728,-1,1508,1734,1726,-1,1733,1517,1728,-1,1735,1525,1727,-1,1734,1508,1517,-1,1736,1737,1735,-1,1726,1524,1508,-1,1735,1737,1530,-1,1727,1525,1524,-1,1737,1738,1527,-1,1735,1530,1525,-1,1738,1739,1528,-1,1737,1527,1530,-1,1739,1740,1535,-1,1527,1738,1528,-1,1532,1740,1741,-1,1528,1739,1535,-1,1539,1741,1722,-1,1740,1532,1535,-1,1723,1742,1743,-1,1741,1539,1532,-1,1724,1723,1743,-1,1722,1538,1539,-1,1543,1743,1744,-1,1723,1724,1538,-1,1541,1744,1745,-1,1724,1743,1543,-1,1720,1745,1746,-1,1543,1744,1541,-1,1544,1746,1547,-1,1745,1720,1541,-1,1547,1549,1545,-1,1746,1544,1720,-1,1553,1549,1747,-1,1547,1545,1544,-1,1552,1747,1748,-1,1545,1549,1553,-1,1557,1748,1716,-1,1747,1552,1553,-1,1716,1715,1558,-1,1748,1557,1552,-1,1715,1749,1555,-1,1716,1558,1557,-1,1560,1749,1750,-1,1715,1555,1558,-1,1561,1750,1714,-1,1749,1560,1555,-1,1751,1752,1713,-1,1750,1561,1560,-1,1713,1752,1566,-1,1714,1569,1561,-1,1752,1753,1564,-1,1713,1566,1569,-1,1753,1754,1574,-1,1566,1752,1564,-1,1754,1755,1571,-1,1564,1753,1574,-1,1755,1756,1572,-1,1574,1754,1571,-1,1756,1579,1576,-1,1755,1572,1571,-1,1757,1586,1580,-1,1756,1576,1572,-1,1758,1583,1757,-1,1579,1577,1576,-1,1759,1581,1758,-1,1580,1586,1577,-1,1760,1589,1759,-1,1757,1583,1586,-1,1761,1587,1760,-1,1758,1581,1583,-1,1762,1595,1761,-1,1759,1589,1581,-1,1763,1592,1762,-1,1760,1587,1589,-1,1764,1710,1763,-1,1761,1595,1587,-1,1764,1765,1599,-1,1762,1592,1595,-1,1766,1596,1765,-1,1763,1710,1592,-1,1767,1768,1766,-1,1764,1599,1710,-1,1766,1768,1597,-1,1765,1596,1599,-1,1768,1769,1605,-1,1766,1597,1596,-1,1769,1770,1602,-1,1768,1605,1597,-1,1770,1771,1612,-1,1769,1602,1605,-1,1771,1772,1609,-1,1602,1770,1612,-1,1772,1773,1607,-1,1612,1771,1609,-1,1616,1773,1709,-1,1772,1607,1609,-1,1708,1774,1775,-1,1773,1616,1607,-1,1613,1708,1775,-1,1709,1615,1616,-1,1621,1775,1776,-1,1708,1613,1615,-1,1620,1776,1777,-1,1613,1775,1621,-1,1625,1777,1778,-1,1776,1620,1621,-1,1778,1779,1622,-1,1777,1625,1620,-1,1623,1779,1780,-1,1622,1625,1778,-1,1780,1632,1628,-1,1779,1623,1622,-1,1632,1631,1633,-1,1628,1623,1780,-1,1631,1635,1636,-1,1633,1628,1632,-1,1635,1698,1638,-1,1636,1633,1631,-1,1698,1781,1640,-1,1638,1636,1635,-1,1781,1782,1646,-1,1698,1640,1638,-1,1648,1782,1783,-1,1646,1640,1781,-1,1783,1784,1654,-1,1782,1648,1646,-1,1784,1656,1658,-1,1654,1648,1783,-1,1785,1786,1787,-1,1784,1658,1654,-1,1661,1657,1788,-1,1656,1655,1658,-1,1663,1788,1789,-1,1657,1661,1655,-1,1665,1789,1667,-1,1788,1663,1661,-1,1667,1669,1670,-1,1789,1665,1663,-1,1673,1669,1790,-1,1667,1670,1665,-1,1675,1790,1692,-1,1670,1669,1673,-1,1678,1692,1689,-1,1675,1673,1790,-1,1688,1683,1687,-1,1692,1678,1675,-1,1682,1791,1686,-1,1683,1689,1679,-1,1686,1685,1682,-1,1514,1731,1730,-1,1507,1506,1511,-1,1792,1793,1794,-1,1514,1516,1520,-1,1729,1515,1514,-1,1795,1733,1516,-1,1516,1515,1795,-1,1796,1734,1733,-1,1733,1795,1796,-1,1797,1726,1734,-1,1734,1796,1797,-1,1798,1727,1726,-1,1726,1797,1798,-1,1799,1735,1727,-1,1798,1799,1727,-1,1737,1800,1738,-1,1799,1736,1735,-1,1801,1802,1803,-1,1736,1800,1737,-1,1804,1739,1738,-1,1738,1800,1804,-1,1805,1740,1739,-1,1739,1804,1805,-1,1806,1741,1740,-1,1740,1805,1806,-1,1807,1722,1741,-1,1741,1806,1807,-1,1808,1723,1722,-1,1807,1808,1722,-1,1809,1810,1811,-1,1808,1742,1723,-1,1812,1744,1743,-1,1742,1812,1743,-1,1813,1745,1744,-1,1744,1812,1813,-1,1814,1746,1745,-1,1745,1813,1814,-1,1815,1547,1746,-1,1814,1815,1746,-1,1816,1817,1818,-1,1815,1548,1547,-1,1819,1747,1549,-1,1548,1819,1549,-1,1820,1748,1747,-1,1747,1819,1820,-1,1821,1716,1748,-1,1820,1821,1748,-1,1822,1823,1824,-1,1821,1717,1716,-1,1825,1749,1715,-1,1717,1825,1715,-1,1826,1750,1749,-1,1749,1825,1826,-1,1827,1714,1750,-1,1750,1826,1827,-1,1828,1713,1714,-1,1827,1828,1714,-1,1829,1830,1831,-1,1828,1751,1713,-1,1832,1753,1752,-1,1751,1832,1752,-1,1833,1754,1753,-1,1753,1832,1833,-1,1834,1755,1754,-1,1754,1833,1834,-1,1835,1756,1755,-1,1755,1834,1835,-1,1836,1579,1756,-1,1756,1835,1836,-1,1837,1580,1579,-1,1579,1836,1837,-1,1838,1757,1580,-1,1580,1837,1838,-1,1839,1758,1757,-1,1757,1838,1839,-1,1840,1759,1758,-1,1758,1839,1840,-1,1841,1760,1759,-1,1759,1840,1841,-1,1842,1761,1760,-1,1760,1841,1842,-1,1843,1762,1761,-1,1761,1842,1843,-1,1844,1763,1762,-1,1762,1843,1844,-1,1845,1764,1763,-1,1763,1844,1845,-1,1846,1765,1764,-1,1764,1845,1846,-1,1847,1766,1765,-1,1846,1847,1765,-1,1768,1848,1769,-1,1847,1767,1766,-1,1769,1849,1770,-1,1767,1848,1768,-1,1850,1851,1852,-1,1848,1849,1769,-1,1851,1771,1770,-1,1849,1851,1770,-1,1850,1772,1771,-1,1771,1851,1850,-1,1853,1773,1772,-1,1772,1850,1853,-1,1854,1709,1773,-1,1773,1853,1854,-1,1855,1708,1709,-1,1854,1855,1709,-1,1856,1857,1858,-1,1855,1774,1708,-1,1859,1776,1775,-1,1774,1859,1775,-1,1860,1777,1776,-1,1776,1859,1860,-1,1861,1778,1777,-1,1860,1861,1777,-1,1862,1779,1778,-1,1861,1862,1778,-1,1863,1780,1779,-1,1862,1863,1779,-1,1864,1632,1780,-1,1863,1864,1780,-1,1865,1866,1867,-1,1864,1630,1632,-1,1868,1869,1870,-1,1630,1634,1631,-1,1871,1869,1868,-1,1634,1697,1635,-1,1872,1781,1698,-1,1697,1872,1698,-1,1873,1782,1781,-1,1872,1873,1781,-1,1874,1783,1782,-1,1873,1874,1782,-1,1875,1784,1783,-1,1874,1875,1783,-1,1876,1656,1784,-1,1784,1875,1876,-1,1877,1657,1656,-1,1876,1877,1656,-1,1878,1788,1657,-1,1877,1878,1657,-1,1879,1789,1788,-1,1788,1878,1879,-1,1880,1667,1789,-1,1879,1880,1789,-1,1881,1882,1883,-1,1880,1668,1667,-1,1884,1790,1669,-1,1669,1668,1884,-1,1690,1692,1790,-1,1790,1884,1690,-1,1691,1689,1692,-1,1679,1681,1791,-1,1678,1689,1683,-1,1691,1680,1689,-1,1791,1682,1679,-1,1485,1505,1730,-1,1506,1492,1461,-1,1515,1729,1885,-1,1730,1729,1514,-1,1729,1507,1885,-1,1793,1795,1515,-1,1885,1793,1515,-1,1796,1795,1792,-1,1795,1793,1792,-1,1797,1796,1886,-1,1796,1792,1886,-1,1798,1797,1887,-1,1797,1886,1887,-1,1799,1798,1888,-1,1798,1887,1888,-1,1736,1799,1889,-1,1799,1888,1889,-1,1800,1736,1890,-1,1736,1889,1890,-1,1802,1804,1800,-1,1890,1802,1800,-1,1805,1804,1801,-1,1804,1802,1801,-1,1806,1805,1891,-1,1805,1801,1891,-1,1807,1806,1892,-1,1806,1891,1892,-1,1808,1807,1893,-1,1807,1892,1893,-1,1742,1808,1894,-1,1808,1893,1894,-1,1812,1742,1810,-1,1894,1810,1742,-1,1813,1812,1809,-1,1812,1810,1809,-1,1814,1813,1895,-1,1813,1809,1895,-1,1815,1814,1896,-1,1814,1895,1896,-1,1548,1815,1897,-1,1815,1896,1897,-1,1819,1548,1817,-1,1897,1817,1548,-1,1820,1819,1816,-1,1819,1817,1816,-1,1821,1820,1898,-1,1820,1816,1898,-1,1717,1821,1899,-1,1821,1898,1899,-1,1825,1717,1822,-1,1899,1822,1717,-1,1826,1825,1824,-1,1825,1822,1824,-1,1827,1826,1900,-1,1826,1824,1900,-1,1828,1827,1901,-1,1827,1900,1901,-1,1751,1828,1902,-1,1828,1901,1902,-1,1832,1751,1830,-1,1902,1830,1751,-1,1833,1832,1829,-1,1832,1830,1829,-1,1834,1833,1903,-1,1833,1829,1903,-1,1835,1834,1904,-1,1834,1903,1904,-1,1836,1835,1905,-1,1835,1904,1905,-1,1837,1836,1906,-1,1836,1905,1906,-1,1838,1837,1907,-1,1837,1906,1907,-1,1839,1838,1908,-1,1838,1907,1908,-1,1840,1839,1909,-1,1839,1908,1909,-1,1841,1840,1910,-1,1840,1909,1910,-1,1842,1841,1911,-1,1841,1910,1911,-1,1843,1842,1912,-1,1842,1911,1912,-1,1844,1843,1913,-1,1843,1912,1913,-1,1845,1844,1914,-1,1844,1913,1914,-1,1846,1845,1915,-1,1845,1914,1915,-1,1847,1846,1916,-1,1846,1915,1916,-1,1767,1847,1917,-1,1847,1916,1917,-1,1848,1767,1918,-1,1767,1917,1918,-1,1849,1848,1919,-1,1848,1918,1919,-1,1851,1849,1920,-1,1919,1920,1849,-1,1852,1921,1922,-1,1851,1920,1852,-1,1853,1850,1922,-1,1850,1852,1922,-1,1854,1853,1923,-1,1853,1922,1923,-1,1855,1854,1924,-1,1854,1923,1924,-1,1774,1855,1925,-1,1855,1924,1925,-1,1859,1774,1857,-1,1925,1857,1774,-1,1860,1859,1856,-1,1859,1857,1856,-1,1861,1860,1926,-1,1860,1856,1926,-1,1862,1861,1704,-1,1926,1704,1861,-1,1863,1862,1703,-1,1862,1704,1703,-1,1864,1863,1927,-1,1703,1927,1863,-1,1630,1864,1700,-1,1927,1700,1864,-1,1634,1630,1866,-1,1700,1866,1630,-1,1697,1634,1869,-1,1866,1869,1634,-1,1872,1697,1871,-1,1697,1869,1871,-1,1873,1872,1928,-1,1871,1928,1872,-1,1874,1873,1645,-1,1873,1928,1645,-1,1875,1874,1650,-1,1645,1650,1874,-1,1876,1875,1652,-1,1875,1650,1652,-1,1877,1876,1929,-1,1876,1652,1929,-1,1878,1877,1787,-1,1929,1787,1877,-1,1879,1878,1786,-1,1878,1787,1786,-1,1880,1879,1930,-1,1879,1786,1930,-1,1668,1880,1931,-1,1880,1930,1931,-1,1882,1884,1668,-1,1931,1882,1668,-1,1690,1884,1881,-1,1884,1882,1881,-1,1691,1690,1932,-1,1690,1881,1932,-1,1680,1696,1695,-1,1932,1696,1691,-1,1695,1681,1680,-1,1506,1505,1492,-1,1513,1511,1506,-1,1512,1933,1885,-1,1505,1507,1729,-1,1512,1885,1507,-1,1933,1934,1793,-1,1933,1793,1885,-1,1794,1793,1934,-1,1794,1935,1792,-1,1792,1935,1886,-1,1935,1936,1886,-1,1936,1937,1887,-1,1936,1887,1886,-1,1937,1938,1888,-1,1937,1888,1887,-1,1938,1939,1889,-1,1938,1889,1888,-1,1939,1940,1890,-1,1939,1890,1889,-1,1940,1941,1802,-1,1940,1802,1890,-1,1803,1802,1941,-1,1803,1942,1801,-1,1801,1942,1891,-1,1942,1943,1891,-1,1891,1943,1892,-1,1943,1944,1892,-1,1944,1945,1893,-1,1944,1893,1892,-1,1945,1946,1894,-1,1945,1894,1893,-1,1946,1947,1810,-1,1946,1810,1894,-1,1811,1810,1947,-1,1811,1948,1809,-1,1809,1948,1895,-1,1948,1949,1895,-1,1949,1950,1896,-1,1949,1896,1895,-1,1950,1951,1897,-1,1950,1897,1896,-1,1951,1952,1817,-1,1951,1817,1897,-1,1818,1817,1952,-1,1818,1953,1816,-1,1816,1953,1898,-1,1953,1954,1898,-1,1954,1955,1899,-1,1954,1899,1898,-1,1955,1956,1822,-1,1955,1822,1899,-1,1823,1822,1956,-1,1823,1957,1824,-1,1824,1957,1900,-1,1957,1958,1900,-1,1958,1959,1901,-1,1958,1901,1900,-1,1959,1960,1902,-1,1959,1902,1901,-1,1960,1961,1830,-1,1960,1830,1902,-1,1831,1830,1961,-1,1831,1962,1829,-1,1829,1962,1903,-1,1962,1963,1903,-1,1903,1963,1904,-1,1963,1964,1904,-1,1904,1964,1905,-1,1964,1965,1905,-1,1905,1965,1906,-1,1965,1966,1906,-1,1966,1967,1907,-1,1966,1907,1906,-1,1967,1968,1908,-1,1967,1908,1907,-1,1968,1969,1909,-1,1968,1909,1908,-1,1969,1970,1910,-1,1969,1910,1909,-1,1970,1971,1911,-1,1970,1911,1910,-1,1971,1972,1912,-1,1971,1912,1911,-1,1972,1973,1913,-1,1972,1913,1912,-1,1973,1974,1914,-1,1973,1914,1913,-1,1974,1975,1915,-1,1974,1915,1914,-1,1975,1976,1916,-1,1975,1916,1915,-1,1976,1977,1917,-1,1976,1917,1916,-1,1977,1978,1918,-1,1977,1918,1917,-1,1978,1979,1919,-1,1978,1919,1918,-1,1979,1980,1920,-1,1979,1920,1919,-1,1852,1980,1981,-1,1980,1852,1920,-1,1921,1852,1981,-1,1921,1982,1922,-1,1922,1982,1923,-1,1982,1983,1923,-1,1983,1984,1924,-1,1983,1924,1923,-1,1984,1985,1925,-1,1984,1925,1924,-1,1985,1986,1857,-1,1985,1857,1925,-1,1858,1857,1986,-1,1858,1987,1856,-1,1987,1988,1926,-1,1987,1926,1856,-1,1988,1989,1704,-1,1988,1704,1926,-1,1705,1704,1989,-1,1705,1990,1703,-1,1990,1991,1927,-1,1990,1927,1703,-1,1701,1927,1991,-1,1701,1700,1927,-1,1867,1700,1699,-1,1867,1866,1700,-1,1870,1866,1865,-1,1870,1869,1866,-1,1871,1868,1992,-1,1992,1993,1871,-1,1993,1994,1928,-1,1993,1928,1871,-1,1643,1928,1994,-1,1643,1645,1928,-1,1644,1995,1650,-1,1644,1650,1645,-1,1651,1650,1995,-1,1651,1996,1652,-1,1996,1997,1929,-1,1996,1929,1652,-1,1997,1998,1787,-1,1997,1787,1929,-1,1785,1787,1998,-1,1785,1999,1786,-1,1999,2000,1930,-1,1999,1930,1786,-1,2000,2001,1931,-1,2000,1931,1930,-1,2001,2002,1882,-1,2001,1882,1931,-1,1883,1882,2002,-1,1883,2003,1881,-1,2003,2004,1932,-1,2003,1932,1881,-1,2004,1693,1696,-1,2004,1696,1932,-1,1693,1695,1696,-1,2005,2006,2007,-1,2008,2009,2010,-1,2011,1695,2012,-1,2013,2014,2015,-1,2013,2016,2011,-1,2016,2006,2017,-1,1695,1694,2012,-1,2018,2019,2010,-1,2020,2021,2019,-1,2008,2010,2019,-1,2022,2023,2008,-1,2009,2024,2025,-1,2026,2027,2028,-1,2029,2030,2025,-1,2031,2032,2033,-1,2034,2035,2036,-1,2037,2038,2039,-1,2040,2041,2042,-1,2043,2044,2045,-1,2046,2047,2048,-1,2049,2050,2051,-1,2052,2044,2043,-1,2053,2054,2055,-1,2049,2051,2056,-1,2057,2058,2059,-1,2055,2060,2061,-1,2062,2063,2064,-1,2065,2057,2066,-1,2067,2068,2069,-1,2069,2068,2070,-1,2071,2072,2073,-1,2074,2075,2076,-1,2077,2078,2079,-1,2071,2077,2080,-1,2081,2082,2083,-1,2081,2084,2085,-1,2086,2087,2088,-1,2089,2088,2090,-1,2091,2092,2093,-1,2094,2095,2096,-1,2097,2098,2099,-1,2100,2101,2102,-1,2103,2104,2105,-1,2098,2106,2107,-1,2108,2109,2110,-1,2111,2110,2112,-1,2113,2114,2115,-1,2116,2117,2118,-1,2119,2120,2121,-1,2122,2123,2124,-1,2125,2126,2127,-1,2126,2128,2129,-1,2130,2127,2131,-1,2125,2127,2132,-1,2131,2133,2130,-1,2134,2135,2136,-1,2137,2138,2139,-1,2139,2133,2131,-1,2140,2141,2142,-1,2139,2138,2143,-1,2144,2145,2146,-1,2138,2137,2145,-1,2146,2147,2144,-1,2146,2148,2147,-1,2147,2148,2149,-1,2150,2151,2152,-1,2153,2149,2154,-1,2148,2154,2149,-1,2155,2156,2157,-1,2158,2153,2154,-1,2159,2160,2161,-1,2161,2158,2159,-1,2161,2160,2162,-1,2162,2160,2163,-1,2164,2162,2163,-1,2165,2166,2167,-1,2163,2168,2169,-1,2169,2164,2163,-1,2169,2168,2170,-1,2170,2168,2171,-1,2172,2170,2171,-1,2173,2174,2175,-1,2176,2177,2172,-1,2172,2171,2176,-1,2178,2176,2179,-1,2176,2178,2177,-1,2180,2178,2179,-1,2181,2182,2183,-1,2184,2185,2186,-1,2180,2179,2187,-1,2187,2188,2180,-1,1481,2189,1478,-1,2185,2190,2186,-1,2186,2191,2188,-1,2187,2186,2188,-1,2185,2189,2190,-1,2192,1483,2184,-1,2193,2194,2195,-1,2194,2181,2192,-1,2184,2196,2192,-1,1442,1441,2183,-1,2145,2137,2146,-1,2159,2158,2154,-1,2132,2127,2130,-1,2139,2143,2133,-1,2126,2125,2128,-1,2121,2129,2119,-1,2197,2198,2199,-1,2129,2200,2119,-1,2200,2129,2128,-1,2116,2108,2110,-1,2122,2124,2120,-1,2089,2201,2202,-1,2124,2123,2203,-1,2120,2124,2121,-1,2117,2204,2205,-1,2203,2123,2204,-1,2205,2118,2117,-1,2203,2204,2117,-1,2116,2118,2108,-1,2206,2207,2208,-1,2109,2112,2110,-1,2112,2209,2111,-1,2209,2104,2103,-1,2105,2107,2106,-1,2105,2106,2103,-1,2209,2103,2111,-1,2210,2099,2098,-1,2211,2212,2213,-1,2214,2097,2099,-1,2107,2210,2098,-1,2097,2214,2215,-1,2215,2216,2097,-1,2217,2216,2218,-1,2219,2217,2218,-1,2215,2218,2216,-1,2219,2092,2217,-1,2201,2089,2090,-1,2095,2094,2093,-1,2092,2091,2217,-1,2088,2220,2090,-1,2086,2094,2096,-1,2091,2093,2094,-1,2221,2094,2222,-1,2087,2086,2096,-1,2088,2087,2220,-1,2202,2083,2082,-1,2223,2224,2225,-1,2226,2227,2085,-1,2081,2083,2228,-1,2202,2082,2089,-1,2085,2084,2229,-1,2081,2228,2084,-1,2078,2085,2079,-1,2085,2229,2079,-1,2077,2071,2078,-1,2070,2230,2231,-1,2232,2073,2072,-1,2072,2071,2080,-1,2074,2067,2069,-1,2233,2234,2235,-1,2235,2073,2232,-1,2234,2233,2076,-1,2234,2073,2235,-1,2075,2234,2076,-1,2075,2074,2069,-1,2230,2070,2068,-1,2231,2062,2070,-1,2062,2231,2063,-1,2064,2066,2062,-1,2066,2064,2065,-1,2057,2065,2236,-1,2057,2236,2058,-1,2059,2237,2060,-1,2238,2237,2059,-1,2059,2058,2238,-1,2055,2061,2239,-1,2060,2237,2061,-1,2053,2055,2239,-1,2240,2054,2053,-1,2241,2052,2050,-1,2054,2240,2056,-1,2242,2055,2243,-1,2051,2054,2056,-1,2049,2241,2050,-1,2052,2043,2050,-1,2042,2041,2244,-1,2245,2244,2041,-1,2245,2046,2048,-1,2045,2246,2047,-1,2045,2044,2246,-1,2046,2045,2047,-1,2245,2048,2244,-1,2247,2248,2249,-1,2035,2040,2036,-1,2040,2035,2041,-1,2250,2030,2251,-1,2036,2250,2034,-1,2250,2251,2034,-1,2252,2021,2020,-1,2251,2030,2029,-1,2024,2029,2025,-1,2009,2008,2024,-1,2253,2254,2255,-1,2020,2019,2018,-1,2253,2023,2256,-1,1791,2017,1686,-1,2021,2252,2257,-1,2258,2259,2260,-1,2258,2260,2257,-1,2257,2252,2261,-1,1684,1686,2259,-1,2259,1686,2260,-1,1791,1681,2016,-1,2258,2257,2261,-1,2017,2260,1686,-1,2262,2263,2021,-1,2264,2257,2260,-1,2019,2263,2022,-1,2262,2021,2257,-1,2265,2266,2267,-1,2263,2019,2021,-1,2024,2023,2253,-1,2008,2019,2022,-1,2029,2253,2255,-1,2024,2008,2023,-1,2255,2268,2251,-1,2029,2024,2253,-1,2268,2269,2034,-1,2255,2251,2029,-1,2035,2269,2270,-1,2034,2251,2268,-1,2270,2271,2041,-1,2269,2035,2034,-1,2271,2039,2245,-1,2041,2035,2270,-1,2039,2038,2046,-1,2271,2245,2041,-1,2038,2272,2045,-1,2039,2046,2245,-1,2043,2272,2273,-1,2038,2045,2046,-1,2273,2274,2050,-1,2272,2043,2045,-1,2051,2274,2275,-1,2273,2050,2043,-1,2275,2243,2054,-1,2274,2051,2050,-1,2276,2277,2242,-1,2275,2054,2051,-1,2277,2060,2242,-1,2243,2055,2054,-1,2277,2278,2059,-1,2242,2060,2055,-1,2278,2279,2057,-1,2277,2059,2060,-1,2066,2279,2280,-1,2059,2278,2057,-1,2280,2281,2062,-1,2057,2279,2066,-1,2070,2281,2282,-1,2066,2280,2062,-1,2069,2282,2283,-1,2062,2281,2070,-1,2283,2284,2075,-1,2070,2282,2069,-1,2284,2285,2234,-1,2069,2283,2075,-1,2073,2285,2286,-1,2075,2284,2234,-1,2071,2286,2287,-1,2234,2285,2073,-1,2287,2226,2078,-1,2286,2071,2073,-1,2081,2227,2288,-1,2287,2078,2071,-1,2289,2290,2288,-1,2226,2085,2078,-1,2288,2290,2082,-1,2227,2081,2085,-1,2290,2291,2089,-1,2288,2082,2081,-1,2088,2291,2292,-1,2082,2290,2089,-1,2292,2222,2086,-1,2291,2088,2089,-1,2293,2294,2295,-1,2292,2086,2088,-1,2091,2221,2296,-1,2222,2094,2086,-1,2296,2297,2217,-1,2221,2091,2094,-1,2216,2297,2102,-1,2296,2217,2091,-1,2102,2101,2097,-1,2297,2216,2217,-1,2098,2101,2298,-1,2102,2097,2216,-1,2298,2211,2106,-1,2101,2098,2097,-1,2211,2213,2103,-1,2298,2106,2098,-1,2111,2213,2299,-1,2211,2103,2106,-1,2110,2299,2207,-1,2213,2111,2103,-1,2207,2206,2116,-1,2299,2110,2111,-1,2206,2300,2117,-1,2207,2116,2110,-1,2203,2300,2114,-1,2206,2117,2116,-1,2114,2113,2124,-1,2300,2203,2117,-1,2121,2113,2301,-1,2114,2124,2203,-1,2129,2301,2302,-1,2113,2121,2124,-1,2302,2303,2126,-1,2301,2129,2121,-1,2303,2304,2127,-1,2302,2126,2129,-1,2131,2304,2305,-1,2303,2127,2126,-1,2305,2306,2139,-1,2304,2131,2127,-1,2137,2306,2307,-1,2305,2139,2131,-1,2307,2308,2146,-1,2306,2137,2139,-1,2148,2308,2309,-1,2146,2137,2307,-1,2309,2310,2154,-1,2308,2148,2146,-1,2310,2311,2159,-1,2154,2148,2309,-1,2160,2311,2312,-1,2310,2159,2154,-1,2163,2312,2313,-1,2160,2159,2311,-1,2313,2314,2168,-1,2312,2163,2160,-1,2171,2314,2315,-1,2313,2168,2163,-1,2315,2316,2176,-1,2314,2171,2168,-1,2316,2195,2179,-1,2315,2176,2171,-1,2195,2196,2187,-1,2176,2316,2179,-1,2191,2186,2190,-1,2187,2179,2195,-1,2185,1479,1478,-1,2186,2196,2184,-1,1478,2189,2185,-1,2264,2260,2017,-1,2013,2011,2014,-1,2005,2262,2264,-1,2264,2262,2257,-1,2264,2006,2005,-1,2247,2263,2262,-1,2005,2247,2262,-1,2249,2022,2263,-1,2247,2249,2263,-1,2317,2023,2022,-1,2249,2317,2022,-1,2318,2319,2320,-1,2317,2256,2023,-1,2321,2322,2319,-1,2256,2254,2253,-1,2323,2268,2255,-1,2254,2323,2255,-1,2324,2269,2268,-1,2323,2324,2268,-1,2325,2270,2269,-1,2324,2325,2269,-1,2326,2271,2270,-1,2325,2326,2270,-1,2327,2039,2271,-1,2326,2327,2271,-1,2328,2329,2037,-1,2327,2037,2039,-1,2329,2272,2038,-1,2038,2037,2329,-1,2330,2273,2272,-1,2329,2330,2272,-1,2331,2274,2273,-1,2330,2331,2273,-1,2332,2275,2274,-1,2274,2331,2332,-1,2333,2243,2275,-1,2275,2332,2333,-1,2334,2242,2243,-1,2333,2334,2243,-1,2277,2335,2278,-1,2334,2276,2242,-1,2336,2337,2338,-1,2276,2335,2277,-1,2339,2279,2278,-1,2278,2335,2339,-1,2340,2280,2279,-1,2279,2339,2340,-1,2341,2281,2280,-1,2280,2340,2341,-1,2342,2282,2281,-1,2281,2341,2342,-1,2343,2283,2282,-1,2282,2342,2343,-1,2344,2284,2283,-1,2283,2343,2344,-1,2345,2285,2284,-1,2284,2344,2345,-1,2346,2286,2285,-1,2285,2345,2346,-1,2347,2287,2286,-1,2286,2346,2347,-1,2348,2226,2287,-1,2287,2347,2348,-1,2349,2227,2226,-1,2226,2348,2349,-1,2350,2288,2227,-1,2349,2350,2227,-1,2351,2352,2353,-1,2350,2289,2288,-1,2354,2291,2290,-1,2289,2354,2290,-1,2355,2292,2291,-1,2291,2354,2355,-1,2356,2222,2292,-1,2292,2355,2356,-1,2357,2221,2222,-1,2356,2357,2222,-1,2358,2296,2221,-1,2357,2358,2221,-1,2359,2297,2296,-1,2296,2358,2359,-1,2360,2102,2297,-1,2359,2360,2297,-1,2361,2362,2100,-1,2360,2100,2102,-1,2362,2298,2101,-1,2101,2100,2362,-1,2363,2211,2298,-1,2362,2363,2298,-1,2364,2365,2212,-1,2363,2212,2211,-1,2365,2299,2213,-1,2213,2212,2365,-1,2366,2207,2299,-1,2365,2366,2299,-1,2367,2368,2208,-1,2366,2208,2207,-1,2368,2300,2206,-1,2206,2208,2368,-1,2369,2114,2300,-1,2368,2369,2300,-1,2370,2371,2115,-1,2369,2115,2114,-1,2371,2301,2113,-1,2113,2115,2371,-1,2372,2302,2301,-1,2371,2372,2301,-1,2373,2303,2302,-1,2372,2373,2302,-1,2374,2304,2303,-1,2303,2373,2374,-1,2375,2305,2304,-1,2374,2375,2304,-1,2376,2306,2305,-1,2375,2376,2305,-1,2377,2307,2306,-1,2376,2377,2306,-1,2378,2308,2307,-1,2377,2378,2307,-1,2379,2309,2308,-1,2378,2379,2308,-1,2380,2310,2309,-1,2379,2380,2309,-1,2381,2311,2310,-1,2380,2381,2310,-1,2382,2312,2311,-1,2381,2382,2311,-1,2165,2313,2312,-1,2382,2165,2312,-1,2167,2314,2313,-1,2165,2167,2313,-1,2173,2315,2314,-1,2167,2173,2314,-1,2175,2316,2315,-1,2173,2175,2315,-1,2193,2195,2316,-1,2175,2193,2316,-1,2196,2195,2194,-1,2184,1483,1479,-1,2187,2196,2186,-1,2194,2192,2196,-1,1479,2185,2184,-1,1791,2016,2017,-1,2011,1681,1695,-1,2007,2013,2015,-1,2017,2006,2264,-1,2006,2013,2007,-1,2247,2005,2383,-1,2005,2007,2383,-1,2248,2383,2384,-1,2247,2383,2248,-1,2317,2249,2385,-1,2248,2385,2249,-1,2256,2317,2265,-1,2385,2265,2317,-1,2254,2256,2319,-1,2265,2319,2256,-1,2323,2254,2322,-1,2254,2319,2322,-1,2324,2323,2386,-1,2322,2386,2323,-1,2325,2324,2027,-1,2324,2386,2027,-1,2326,2325,2031,-1,2027,2031,2325,-1,2327,2326,2033,-1,2326,2031,2033,-1,2037,2327,2387,-1,2327,2033,2387,-1,2328,2387,2388,-1,2037,2387,2328,-1,2330,2329,2389,-1,2329,2328,2389,-1,2331,2330,2223,-1,2389,2223,2330,-1,2332,2331,2225,-1,2331,2223,2225,-1,2333,2332,2390,-1,2332,2225,2390,-1,2334,2333,2391,-1,2333,2390,2391,-1,2276,2334,2392,-1,2334,2391,2392,-1,2335,2276,2393,-1,2276,2392,2393,-1,2337,2339,2335,-1,2393,2337,2335,-1,2340,2339,2336,-1,2339,2337,2336,-1,2341,2340,2394,-1,2340,2336,2394,-1,2342,2341,2395,-1,2341,2394,2395,-1,2343,2342,2396,-1,2342,2395,2396,-1,2344,2343,2397,-1,2343,2396,2397,-1,2345,2344,2398,-1,2344,2397,2398,-1,2346,2345,2399,-1,2345,2398,2399,-1,2347,2346,2400,-1,2346,2399,2400,-1,2348,2347,2401,-1,2347,2400,2401,-1,2349,2348,2402,-1,2348,2401,2402,-1,2350,2349,2403,-1,2349,2402,2403,-1,2289,2350,2404,-1,2350,2403,2404,-1,2354,2289,2352,-1,2404,2352,2289,-1,2355,2354,2351,-1,2354,2352,2351,-1,2356,2355,2405,-1,2355,2351,2405,-1,2357,2356,2406,-1,2356,2405,2406,-1,2358,2357,2295,-1,2406,2295,2357,-1,2359,2358,2294,-1,2358,2295,2294,-1,2360,2359,2407,-1,2359,2294,2407,-1,2100,2360,2408,-1,2360,2407,2408,-1,2361,2408,2409,-1,2100,2408,2361,-1,2363,2362,2410,-1,2362,2361,2410,-1,2212,2363,2411,-1,2363,2410,2411,-1,2364,2411,2412,-1,2411,2364,2212,-1,2366,2365,2413,-1,2365,2364,2413,-1,2208,2366,2414,-1,2366,2413,2414,-1,2367,2414,2415,-1,2414,2367,2208,-1,2369,2368,2416,-1,2368,2367,2416,-1,2115,2369,2417,-1,2369,2416,2417,-1,2370,2417,2418,-1,2115,2417,2370,-1,2372,2371,2419,-1,2371,2370,2419,-1,2373,2372,2198,-1,2419,2198,2372,-1,2374,2373,2197,-1,2373,2198,2197,-1,2375,2374,2420,-1,2374,2197,2420,-1,2376,2375,2421,-1,2420,2421,2375,-1,2377,2376,2136,-1,2376,2421,2136,-1,2378,2377,2142,-1,2136,2142,2377,-1,2379,2378,2141,-1,2378,2142,2141,-1,2380,2379,2150,-1,2141,2150,2379,-1,2381,2380,2152,-1,2380,2150,2152,-1,2382,2381,2422,-1,2152,2422,2381,-1,2165,2382,2157,-1,2382,2422,2157,-1,2157,2156,2166,-1,2157,2166,2165,-1,2173,2167,2423,-1,2167,2166,2423,-1,2423,2424,2174,-1,2423,2174,2173,-1,2193,2175,2425,-1,2175,2174,2425,-1,2194,2193,2426,-1,2425,2426,2193,-1,2192,2181,1441,-1,2194,2426,2181,-1,1441,1483,2192,-1,2011,2016,1681,-1,2012,2014,2011,-1,2007,2015,2427,-1,2016,2013,2006,-1,2427,2428,2007,-1,2428,2384,2383,-1,2428,2383,2007,-1,2248,2384,2429,-1,2429,2430,2248,-1,2430,2431,2385,-1,2430,2385,2248,-1,2266,2385,2431,-1,2266,2265,2385,-1,2320,2265,2267,-1,2320,2319,2265,-1,2321,2319,2318,-1,2321,2432,2322,-1,2432,2433,2386,-1,2432,2386,2322,-1,2028,2386,2433,-1,2028,2027,2386,-1,2026,2434,2031,-1,2026,2031,2027,-1,2032,2031,2434,-1,2032,2435,2033,-1,2435,2388,2387,-1,2435,2387,2033,-1,2328,2388,2436,-1,2436,2437,2328,-1,2437,2438,2389,-1,2437,2389,2328,-1,2438,2224,2223,-1,2438,2223,2389,-1,2225,2224,2439,-1,2439,2440,2225,-1,2225,2440,2390,-1,2440,2441,2390,-1,2441,2442,2391,-1,2441,2391,2390,-1,2442,2443,2392,-1,2442,2392,2391,-1,2443,2444,2393,-1,2443,2393,2392,-1,2444,2445,2337,-1,2444,2337,2393,-1,2338,2337,2445,-1,2338,2446,2336,-1,2336,2446,2394,-1,2446,2447,2394,-1,2394,2447,2395,-1,2447,2448,2395,-1,2395,2448,2396,-1,2448,2449,2396,-1,2396,2449,2397,-1,2449,2450,2397,-1,2397,2450,2398,-1,2450,2451,2398,-1,2398,2451,2399,-1,2451,2452,2399,-1,2399,2452,2400,-1,2452,2453,2400,-1,2400,2453,2401,-1,2453,2454,2401,-1,2454,2455,2402,-1,2454,2402,2401,-1,2455,2456,2403,-1,2455,2403,2402,-1,2456,2457,2404,-1,2456,2404,2403,-1,2457,2458,2352,-1,2457,2352,2404,-1,2353,2352,2458,-1,2353,2459,2351,-1,2351,2459,2405,-1,2459,2460,2405,-1,2460,2461,2406,-1,2460,2406,2405,-1,2461,2462,2295,-1,2461,2295,2406,-1,2293,2295,2462,-1,2293,2463,2294,-1,2463,2464,2407,-1,2463,2407,2294,-1,2464,2409,2408,-1,2464,2408,2407,-1,2361,2409,2465,-1,2465,2466,2361,-1,2361,2466,2410,-1,2466,2467,2410,-1,2467,2412,2411,-1,2467,2411,2410,-1,2412,2468,2364,-1,2468,2469,2364,-1,2364,2469,2413,-1,2469,2470,2413,-1,2470,2415,2414,-1,2470,2414,2413,-1,2415,2471,2367,-1,2471,2472,2367,-1,2367,2472,2416,-1,2472,2473,2416,-1,2473,2418,2417,-1,2473,2417,2416,-1,2370,2418,2474,-1,2474,2475,2370,-1,2475,2476,2419,-1,2475,2419,2370,-1,2476,2477,2198,-1,2476,2198,2419,-1,2199,2198,2477,-1,2199,2478,2197,-1,2478,2479,2420,-1,2478,2420,2197,-1,2479,2480,2421,-1,2479,2421,2420,-1,2134,2421,2480,-1,2134,2136,2421,-1,2135,2481,2142,-1,2135,2142,2136,-1,2140,2142,2481,-1,2140,2482,2141,-1,2482,2483,2150,-1,2482,2150,2141,-1,2151,2150,2483,-1,2151,2484,2152,-1,2484,2485,2422,-1,2484,2422,2152,-1,2155,2422,2485,-1,2155,2157,2422,-1,2156,2486,2166,-1,2486,2487,2166,-1,2487,2424,2423,-1,2487,2423,2166,-1,2424,2488,2174,-1,2488,2489,2174,-1,2489,2490,2425,-1,2489,2425,2174,-1,2490,2491,2426,-1,2490,2426,2425,-1,2182,2426,2491,-1,2182,2181,2426,-1,2183,1441,2181,-1,1468,1437,1466,-1,1533,2190,1534,-1,1468,1472,1465,-1,1468,1438,1437,-1,1438,1465,1732,-1,1465,1438,1468,-1,1732,1464,1469,-1,1465,1464,1732,-1,1452,1438,1732,-1,1469,1464,1470,-1,1519,1450,1452,-1,1452,1732,1519,-1,1518,1450,1519,-1,1522,1450,1518,-1,1510,1450,1522,-1,1510,1475,1450,-1,1475,1509,1521,-1,1510,1509,1475,-1,1523,1473,1521,-1,1475,1521,1473,-1,1523,1529,1482,-1,1482,1473,1523,-1,1481,1529,1531,-1,1529,1481,1482,-1,1526,1725,2189,-1,1531,1526,1481,-1,1540,1573,1721,-1,2190,1570,1712,-1,1567,1546,1568,-1,1542,1719,1565,-1,1559,1554,1550,-1,1551,1562,1718,-1,1556,1550,1554,-1,1563,1550,1556,-1,1563,1562,1551,-1,1550,1563,1551,-1,1718,1568,1546,-1,1718,1562,1568,-1,1604,1662,1606,-1,1567,1719,1546,-1,1542,1565,1573,-1,1719,1567,1565,-1,1575,1721,1573,-1,1540,1542,1573,-1,1536,1575,1570,-1,1575,1536,1721,-1,1570,1533,1537,-1,1536,1570,1537,-1,2188,2191,1578,-1,1712,2191,2190,-1,1711,2233,1590,-1,2180,2188,2080,-1,2238,2020,2018,-1,2067,1685,2068,-1,1594,1591,1676,-1,2259,2231,2230,-1,1600,1671,1601,-1,1672,1674,1593,-1,1664,1598,1606,-1,1666,1600,1598,-1,1611,1610,1659,-1,1604,1603,1660,-1,1608,1617,1653,-1,1659,1610,1608,-1,1647,1649,1706,-1,1649,1707,1614,-1,1702,1626,1642,-1,1702,1647,1618,-1,1627,1629,1637,-1,1639,1641,1624,-1,1627,1639,1624,-1,1639,1627,1637,-1,1642,1626,1624,-1,1641,1642,1624,-1,1647,1619,1618,-1,1702,1642,1647,-1,1706,1649,1614,-1,1619,1647,1706,-1,1707,1649,1653,-1,1653,1659,1608,-1,1653,1617,1707,-1,1603,1611,1660,-1,1611,1659,1660,-1,1660,1662,1604,-1,1598,1664,1666,-1,1662,1664,1606,-1,1601,1671,1672,-1,1666,1671,1600,-1,1591,1593,1674,-1,1593,1601,1672,-1,1677,1594,1676,-1,1676,1591,1674,-1,1588,1677,1688,-1,1677,1588,1594,-1,2064,2252,2065,-1,2258,2231,2259,-1,2238,2058,2020,-1,2020,2236,2252,-1,2010,2061,2018,-1,2018,2061,2237,-1,2053,2009,2240,-1,2025,2049,2056,-1,2009,2053,2010,-1,2044,2030,2246,-1,2052,2241,2030,-1,2042,2048,2040,-1,2040,2048,2030,-1,2036,2040,2250,-1,2030,2250,2040,-1,2047,2246,2048,-1,2244,2048,2042,-1,2048,2246,2030,-1,2241,2025,2030,-1,2052,2030,2044,-1,2240,2025,2056,-1,2241,2049,2025,-1,2239,2010,2053,-1,2240,2009,2025,-1,2237,2238,2018,-1,2061,2010,2239,-1,2236,2065,2252,-1,2020,2058,2236,-1,2261,2064,2063,-1,2261,2252,2064,-1,2231,2258,2063,-1,2261,2063,2258,-1,2068,1684,2230,-1,1684,2259,2230,-1,1687,1685,2067,-1,1685,1684,2068,-1,1687,2074,1688,-1,2074,1687,2067,-1,2076,1588,2074,-1,1688,2074,1588,-1,2076,2233,1711,-1,1711,1588,2076,-1,1582,2233,2235,-1,1582,1590,2233,-1,2232,1584,2235,-1,1582,2235,1584,-1,2232,2072,1585,-1,1585,1584,2232,-1,2077,2180,2080,-1,2072,1578,1585,-1,2079,2172,2177,-1,2178,2077,2177,-1,2164,2228,2083,-1,2170,2084,2169,-1,2201,2090,2158,-1,2202,2161,2162,-1,2144,2147,2096,-1,2149,2153,2220,-1,2138,2092,2143,-1,2095,2093,2145,-1,2215,2132,2130,-1,2218,2133,2219,-1,2200,2107,2119,-1,2099,2210,2125,-1,2209,2112,2123,-1,2119,2122,2120,-1,2123,2109,2204,-1,2104,2209,2105,-1,2108,2205,2204,-1,2108,2118,2205,-1,2112,2109,2123,-1,2204,2109,2108,-1,2209,2122,2105,-1,2209,2123,2122,-1,2107,2105,2119,-1,2122,2119,2105,-1,2210,2200,2128,-1,2210,2107,2200,-1,2099,2125,2214,-1,2128,2125,2210,-1,2132,2215,2214,-1,2214,2125,2132,-1,2130,2133,2218,-1,2215,2130,2218,-1,2092,2133,2143,-1,2092,2219,2133,-1,2093,2138,2145,-1,2093,2092,2138,-1,2144,2096,2145,-1,2145,2096,2095,-1,2149,2087,2147,-1,2147,2087,2096,-1,2090,2220,2153,-1,2220,2087,2149,-1,2161,2201,2158,-1,2158,2090,2153,-1,2162,2083,2202,-1,2161,2202,2201,-1,2164,2169,2228,-1,2162,2164,2083,-1,2084,2170,2229,-1,2228,2169,2084,-1,2172,2079,2229,-1,2229,2170,2172,-1,2077,2178,2180,-1,2079,2177,2077,-1,2188,1578,2072,-1,2188,2072,2080,-1,1570,2190,1533,-1,1578,2191,1712,-1,1534,2189,1725,-1,1534,2190,2189,-1,2189,1481,1526,-1,444,439,438,-1,1011,1168,1015,-1,444,432,439,-1,444,438,441,-1,432,444,453,-1,444,601,453,-1,459,435,432,-1,432,453,459,-1,458,435,459,-1,444,441,440,-1,435,463,429,-1,463,435,458,-1,429,460,462,-1,463,460,429,-1,430,429,467,-1,462,467,429,-1,470,430,464,-1,430,467,464,-1,427,430,470,-1,427,469,597,-1,470,469,427,-1,427,597,428,-1,472,419,428,-1,428,597,472,-1,474,595,419,-1,474,419,472,-1,416,595,479,-1,595,416,419,-1,416,479,417,-1,484,417,476,-1,417,479,476,-1,484,482,619,-1,619,417,484,-1,397,482,481,-1,482,397,619,-1,481,411,398,-1,397,481,398,-1,411,593,406,-1,593,411,481,-1,592,1167,1073,-1,593,489,406,-1,1068,970,1070,-1,1068,1167,492,-1,1194,996,1064,-1,1194,1064,1061,-1,1198,501,535,-1,1061,987,992,-1,588,532,535,-1,556,921,554,-1,524,585,508,-1,526,527,498,-1,507,513,578,-1,522,508,520,-1,508,507,512,-1,502,585,505,-1,519,508,512,-1,578,512,507,-1,520,508,518,-1,508,519,518,-1,524,526,585,-1,524,508,522,-1,526,498,505,-1,585,526,505,-1,531,498,529,-1,527,529,498,-1,531,532,588,-1,588,498,531,-1,539,541,1201,-1,588,535,501,-1,543,547,931,-1,931,1201,541,-1,927,548,928,-1,927,547,548,-1,930,921,556,-1,921,928,554,-1,566,902,567,-1,565,930,556,-1,911,936,909,-1,903,936,917,-1,940,903,902,-1,938,940,939,-1,938,936,940,-1,911,917,936,-1,902,562,940,-1,936,903,940,-1,561,940,562,-1,567,902,930,-1,562,902,566,-1,928,550,554,-1,565,567,930,-1,548,550,928,-1,931,541,543,-1,927,931,547,-1,537,1201,1198,-1,539,1201,537,-1,495,501,1198,-1,537,1198,535,-1,495,983,582,-1,983,495,1198,-1,492,582,982,-1,983,982,582,-1,1065,1192,1056,-1,1194,1061,992,-1,1060,1191,1009,-1,1192,1065,996,-1,1053,1015,1168,-1,1053,1052,1016,-1,1172,1049,1013,-1,1022,1043,1017,-1,1017,1043,1172,-1,1041,1024,1033,-1,1173,1021,1040,-1,1029,1036,1035,-1,1029,1035,1033,-1,1033,1024,1026,-1,1032,1029,1033,-1,1041,1040,1024,-1,1041,1033,1035,-1,1021,1173,1022,-1,1024,1040,1021,-1,1043,1045,1172,-1,1022,1173,1043,-1,1172,1013,1181,-1,1172,1181,1017,-1,1049,1168,1011,-1,1013,1049,1011,-1,1009,1016,1052,-1,1053,1016,1015,-1,1078,627,1076,-1,1052,1060,1009,-1,1004,1191,1056,-1,1056,1191,1060,-1,1192,1004,1056,-1,987,1061,1071,-1,1065,1064,996,-1,1070,985,1071,-1,987,1071,985,-1,1072,1162,489,-1,1072,485,1073,-1,490,492,1167,-1,970,1068,982,-1,985,1070,970,-1,492,982,1068,-1,493,592,1073,-1,592,490,1167,-1,1073,485,493,-1,1072,489,485,-1,1162,622,406,-1,489,1162,406,-1,626,1162,1076,-1,1162,626,622,-1,626,1076,627,-1,1163,1153,1164,-1,1150,1152,1084,-1,1138,1086,1085,-1,1149,1088,1142,-1,1090,1092,1131,-1,1085,1094,1140,-1,1097,1120,1129,-1,1120,1097,1104,-1,1110,1111,1117,-1,1120,1105,1110,-1,1120,1117,1119,-1,1117,1120,1110,-1,1103,1105,1120,-1,1129,1120,1128,-1,1104,1103,1120,-1,1098,1129,1092,-1,1097,1129,1098,-1,1090,1131,1094,-1,1129,1131,1092,-1,1085,1140,1138,-1,1094,1131,1140,-1,1142,1088,1086,-1,1138,1142,1086,-1,1149,1153,1163,-1,1088,1149,1163,-1,1164,1150,1084,-1,1164,1153,1150,-1,1078,1152,1151,-1,1078,1084,1152,-1,1078,1151,627,-1,
        ]
    }
}
Shape{
    appearance Appearance {
        material  Material 	{
            diffuseColor 0.8196078431372549 0.8196078431372549 0.8196078431372549
            specularColor 0.7529411764705882 0.7529411764705882 0.7529411764705882
            ambientIntensity 1.0
            transparency 1.0
            shininess 0.5
        }
    }
    geometry IndexedFaceSet {
        ccw TRUE
        solid FALSE
        coord DEF co Coordinate {
            point [
                0.8932 -0.0831 5.3704, 0.7362 -0.1326 5.5197, 0.8789 -0.1928 5.3681, 0.8509 -0.3001 5.3656, 0.7136 -0.2246 5.5197, 0.6795 -0.3129 5.5197, 0.8097 -0.4034 5.3632, 0.6346 -0.3962 5.5197, 0.5795 -0.4732 5.5197, 0.7559 -0.5012 5.3607, 0.5151 -0.5426 5.5197, 0.6905 -0.5919 5.3582, 0.6144 -0.6742 5.3558, 0.4425 -0.6033 5.5197, 0.5283 -0.7465 5.3534, 0.3628 -0.6544 5.5197, 0.4337 -0.8079 5.3509, 0.2248 -0.8941 5.346, 0.332 -0.8574 5.3485, 0.1873 -0.7244 5.5197, 0.2773 -0.6949 5.5197, 0.0945 -0.7422 5.5197, 0.1136 -0.9174 5.3435, -0.0 -0.7482 5.5197, -0.0 -0.9268 5.3411, 0.747 -0.0386 5.5197, 0.8941 0.0272 5.3728, 0.7459 0.056 5.5197, 0.8817 0.1366 5.3753, 0.7328 0.1497 5.5197, 0.708 0.2411 5.5197, 0.856 0.2432 5.3778, 0.8173 0.3456 5.3803, 0.6719 0.3285 5.5197, 0.7665 0.4422 5.3828, 0.625 0.4108 5.5197, 0.5681 0.4864 5.5197, 0.7044 0.5317 5.3852, 0.632 0.6125 5.3876, 0.5021 0.5543 5.5197, 0.5503 0.6835 5.3901, 0.4281 0.6132 5.5197, 0.3472 0.6624 5.5197, 0.4608 0.7439 5.3925, 0.3583 0.7439 5.4419, 0.2607 0.7009 5.5197, 0.2607 0.7439 5.4793, 0.17 0.7283 5.5197, 0.0766 0.7439 5.5197, 0.1672 0.7439 5.5051, 0.0537 -0.7858 3.5158, -0.0537 -0.7858 3.5158, 0.0537 -0.7858 3.3189, 0.1602 -0.7711 3.3189, 0.1602 -0.7711 3.5158, 0.2637 -0.7421 3.3189, 0.2637 -0.7421 3.5158, 0.3623 -0.6993 3.5158, 0.3623 -0.6993 3.3189, 0.4541 -0.6435 3.3189, 0.4541 -0.6435 3.5158, 0.5374 -0.5757 3.3189, 0.5374 -0.5757 3.5158, 0.6108 -0.4971 3.5158, 0.6108 -0.4971 3.3189, 0.6728 -0.4093 3.3189, 0.6728 -0.4093 3.5158, 0.7222 -0.3139 3.3189, 0.7222 -0.3139 3.5158, 0.7582 -0.2126 3.5158, 0.7582 -0.2126 3.3189, 0.7801 -0.1074 3.3189, 0.7801 -0.1074 3.5158, 0.7874 -0.0002 3.3189, 0.7874 -0.0002 3.5158, -0.0537 -0.7858 3.3189, -0.1602 -0.7711 3.5158, -0.1602 -0.7711 3.3189, -0.2637 -0.7421 3.3189, -0.2637 -0.7421 3.5158, -0.3623 -0.6993 3.5158, -0.3623 -0.6993 3.3189, -0.4541 -0.6435 3.5158, -0.4541 -0.6435 3.3189, -0.5374 -0.5757 3.3189, -0.5374 -0.5757 3.5158, -0.6108 -0.4971 3.5158, -0.6108 -0.4971 3.3189, -0.6728 -0.4093 3.5158, -0.6728 -0.4093 3.3189, -0.7222 -0.3139 3.3189, -0.7222 -0.3139 3.5158, -0.7582 -0.2126 3.5158, -0.7582 -0.2126 3.3189, -0.7801 -0.1074 3.5158, -0.7801 -0.1074 3.3189, -0.7874 -0.0002 3.5158, -0.7874 -0.0002 3.3189, -0.6713 0.4114 3.3189, -0.6713 0.4114 3.5158, -0.6085 0.4995 3.5158, -0.7213 0.3155 3.3189, -0.7213 0.3155 3.5158, -0.7578 0.2136 3.5158, -0.7578 0.2136 3.3189, -0.78 0.1077 3.3189, -0.78 0.1077 3.5158, -0.6085 0.4995 3.3189, -0.5343 0.5782 3.3189, -0.5343 0.5782 3.5158, -0.4499 0.646 3.5158, -0.4499 0.646 3.3189, -0.3571 0.7016 3.5158, -0.3571 0.7016 3.3189, -0.2575 0.7439 3.5158, -0.2575 0.7439 3.3189, -1.7992 0.3841 0.6483, -1.7992 0.3841 0.8914, -1.7992 0.6551 0.8914, -1.7992 0.7278 0.94, -1.7992 0.6691 0.6483, -1.7992 0.7107 0.9144, -1.7992 0.7338 1.2972, -1.7992 1.3384 1.3176, -1.7992 0.7338 0.9701, -1.7992 -0.7342 1.2972, -1.7992 -1.3388 1.3176, -1.7992 -0.7282 1.3273, -1.7992 -0.6555 1.3759, -1.7992 -1.3388 2.9882, -1.7992 0.6551 1.3759, -1.7992 0.6852 0.8974, -1.7992 0.7278 1.3273, -1.7992 0.7107 1.3529, -1.7992 0.6852 1.3699, -1.7992 1.3384 2.9882, -1.7992 -0.6856 1.3699, -1.7992 -0.6555 0.8914, -1.7992 -0.3845 0.8914, -1.7992 -0.3845 0.6483, -1.7992 -0.7111 1.3529, -1.7992 -0.7342 0.9701, -1.7992 -0.7282 0.94, -1.7992 -0.6695 0.6483, -1.7992 -0.7111 0.9144, -1.7992 -0.6856 0.8974, -1.7205 -0.2679 3.0669, -1.7506 -1.3388 3.0609, -1.7205 -0.8033 3.0669, -1.7506 1.3384 3.0609, -1.7205 0.2675 3.0669, -1.7205 0.803 3.0669, -1.7205 1.3384 3.0669, -1.7932 -1.3388 3.0183, -1.7932 1.3384 3.0183, -1.7761 1.3384 3.0439, -1.7761 -1.3388 3.0439, -1.7205 -1.3388 3.0669, 1.7932 -1.3388 3.0183, 1.7992 -1.3388 1.3176, 1.7992 -1.3388 2.9882, 1.7761 -1.3388 3.0439, 1.7506 -1.3388 3.0609, 1.7008 -1.3388 1.3176, 1.7205 -1.3388 3.0669, 1.7205 -1.3388 2.9685, 1.7008 -1.3388 2.9685, -1.7205 -1.3388 2.9685, -1.7008 -1.3388 1.3176, -1.7008 -1.3388 2.9685, 1.6718 -1.578 2.9685, 1.6389 -1.5948 2.9685, 1.6024 -1.6006 2.9685, 1.7205 -1.4825 2.9685, 1.7147 -1.519 2.9685, 1.6979 -1.5519 2.9685, 1.6979 1.5515 2.9685, 1.7147 1.5186 2.9685, 1.6024 1.6002 2.9685, 1.6389 1.5944 2.9685, 1.6718 1.5776 2.9685, 1.7008 1.3384 2.9685, -1.6024 1.6002 2.9685, 1.7205 1.4821 2.9685, 1.7205 1.3384 2.9685, -1.7205 1.4821 2.9685, -1.7008 1.3384 2.9685, -1.7205 1.3384 2.9685, -1.7147 1.5186 2.9685, -1.6979 1.5515 2.9685, -1.6389 1.5944 2.9685, -1.6718 1.5776 2.9685, -1.7205 -1.4825 2.9685, -1.6718 -1.578 2.9685, -1.6979 -1.5519 2.9685, -1.6024 -1.6006 2.9685, -1.6389 -1.5948 2.9685, -1.7147 -1.519 2.9685, 1.7147 -1.519 3.0669, 1.7205 -1.4825 3.0669, 1.6389 -1.5948 3.0669, 1.6718 -1.578 3.0669, 1.6979 -1.5519 3.0669, 1.6024 -1.6006 3.0669, -1.6024 -1.6006 3.0669, -1.6389 -1.5948 3.0669, -1.7147 -1.519 3.0669, -1.6979 -1.5519 3.0669, -1.6718 -1.578 3.0669, -1.7205 -1.4825 3.0669, -0.1322 -1.1739 3.0669, 0.0 -1.1813 3.0669, -1.1148 0.3899 3.0669, -1.0641 0.5123 3.0669, 0.0 1.1809 3.0669, -1.6024 1.6002 3.0669, -0.1322 1.1735 3.0669, 1.6024 1.6002 3.0669, 1.7205 1.4821 3.0669, 1.7147 1.5186 3.0669, 1.6979 1.5515 3.0669, 1.6718 1.5776 3.0669, 1.6389 1.5944 3.0669, 1.7205 1.3384 3.0669, -1.7205 1.4821 3.0669, -1.6718 1.5776 3.0669, -1.6389 1.5944 3.0669, -1.6979 1.5515 3.0669, -1.7147 1.5186 3.0669, -1.1737 0.132 3.0669, -1.1811 -0.0002 3.0669, 0.1322 1.1735 3.0669, -0.9234 -0.7366 3.0669, -0.8352 -0.8354 3.0669, 1.7205 -0.2679 3.0669, 1.1811 -0.0002 3.0669, 1.1737 -0.1324 3.0669, -0.5125 -1.0643 3.0669, -0.6284 -1.0003 3.0669, -1.1148 -0.3903 3.0669, -1.0641 -0.5127 3.0669, 0.1322 -1.1739 3.0669, 1.1515 -0.263 3.0669, 1.1148 -0.3903 3.0669, 1.7205 -0.8033 3.0669, 1.7205 0.2675 3.0669, 0.9234 0.7362 3.0669, 1.7205 0.803 3.0669, 1.0641 -0.5127 3.0669, 1.0001 -0.6286 3.0669, 0.9234 -0.7366 3.0669, 0.8352 -0.8354 3.0669, 0.7364 -0.9236 3.0669, 0.5125 -1.0643 3.0669, 0.6284 -1.0003 3.0669, 0.2628 -1.1517 3.0669, 0.3901 -1.115 3.0669, -0.2628 -1.1517 3.0669, -0.3901 -1.115 3.0669, -0.7364 -0.9236 3.0669, -1.0001 -0.6286 3.0669, -1.1515 -0.263 3.0669, -1.1737 -0.1324 3.0669, -1.1515 0.2626 3.0669, 0.5125 1.0639 3.0669, 0.6284 0.9999 3.0669, -1.0001 0.6282 3.0669, -0.9234 0.7362 3.0669, -0.8352 0.835 3.0669, -0.7364 0.9232 3.0669, -0.5125 1.0639 3.0669, -0.6284 0.9999 3.0669, -0.2628 1.1513 3.0669, -0.3901 1.1146 3.0669, 0.2628 1.1513 3.0669, 0.3901 1.1146 3.0669, 0.7364 0.9232 3.0669, 0.8352 0.835 3.0669, 1.0001 0.6282 3.0669, 1.0641 0.5123 3.0669, 1.1148 0.3899 3.0669, 1.1515 0.2626 3.0669, 1.1737 0.132 3.0669, 1.1515 -0.263 3.3189, 1.1811 -0.0002 3.3189, 1.1737 -0.1324 3.3189, 1.0001 -0.6286 3.3189, 1.0641 -0.5127 3.3189, 1.1148 -0.3903 3.3189, 0.7364 -0.9236 3.3189, 0.8352 -0.8354 3.3189, 0.9234 -0.7366 3.3189, 0.3901 -1.115 3.3189, 0.6284 -1.0003 3.3189, 0.5125 -1.0643 3.3189, 0.0 -1.1813 3.3189, 0.2628 -1.1517 3.3189, 0.1322 -1.1739 3.3189, -0.3901 -1.115 3.3189, -0.2628 -1.1517 3.3189, -0.1322 -1.1739 3.3189, -0.7364 -0.9236 3.3189, -0.5125 -1.0643 3.3189, -0.6284 -1.0003 3.3189, -0.9234 -0.7366 3.3189, -0.8352 -0.8354 3.3189, -1.0001 -0.6286 3.3189, -1.0641 -0.5127 3.3189, -1.1148 -0.3903 3.3189, -1.1515 -0.263 3.3189, -1.1737 -0.1324 3.3189, -1.1811 -0.0002 3.3189, -1.1515 0.2626 3.3189, -1.1737 0.132 3.3189, -1.0001 0.6282 3.3189, -1.0641 0.5123 3.3189, -1.1148 0.3899 3.3189, -0.7364 0.9232 3.3189, -0.8352 0.835 3.3189, -0.9234 0.7362 3.3189, -0.3901 1.1146 3.3189, -0.6284 0.9999 3.3189, -0.5125 1.0639 3.3189, 0.0 1.1809 3.3189, -0.2628 1.1513 3.3189, -0.1322 1.1735 3.3189, 0.3901 1.1146 3.3189, 0.2628 1.1513 3.3189, 0.1322 1.1735 3.3189, 0.7364 0.9232 3.3189, 0.5125 1.0639 3.3189, 0.6284 0.9999 3.3189, 0.9234 0.7362 3.3189, 0.8352 0.835 3.3189, 1.0001 0.6282 3.3189, 1.0641 0.5123 3.3189, 1.1148 0.3899 3.3189, 1.1515 0.2626 3.3189, 1.1737 0.132 3.3189, 0.3571 0.7016 3.3189, 0.4499 0.646 3.3189, 0.2575 0.7439 3.3189, 0.5343 0.5782 3.3189, 0.6085 0.4995 3.3189, 0.6713 0.4114 3.3189, 0.7578 0.2136 3.3189, 0.78 0.1077 3.3189, 0.7213 0.3155 3.3189, 0.7213 0.3155 3.5158, 0.7578 0.2136 3.5158, 0.78 0.1077 3.5158, 0.5343 0.5782 3.5158, 0.6713 0.4114 3.5158, 0.6085 0.4995 3.5158, 0.3571 0.7016 3.5158, 0.4499 0.646 3.5158, 0.2575 0.7439 3.5158, -0.3948 0.7439 5.4061, -0.3283 0.7439 5.4545, -0.3826 0.7438 5.3996, -0.4069 0.744 5.41, -0.3741 0.7438 5.3891, -0.3821 0.7438 5.3786, -0.3741 0.7437 5.1923, -0.3826 0.7437 5.2028, -0.4192 0.7439 5.4137, -0.5098 0.7439 5.2473, -0.594 0.7439 5.3156, -0.4924 0.7439 5.3474, -0.612 0.7439 5.3043, -0.6301 0.7439 5.2926, -0.3948 0.7439 5.2093, -0.3948 0.7439 5.3732, -0.3948 0.7439 5.0124, -0.5161 0.7439 5.0527, -0.3948 0.7439 5.1763, -0.242 0.7439 5.4852, -0.1586 0.7439 5.5069, -0.3827 0.7438 5.0059, -0.3821 0.7438 5.1817, -0.3742 0.7439 4.9954, -0.5162 0.7438 5.1433, -0.6443 0.7439 5.1015, -0.3948 0.7439 4.8156, -0.5163 0.7439 4.8559, -0.3948 0.7439 4.9795, -0.0766 0.7439 5.5197, -0.3822 0.7439 4.985, -0.3826 0.7438 4.8091, -0.3741 0.7438 4.7986, -0.5161 0.7439 4.9466, -0.6443 0.7439 4.9046, -0.3948 0.7439 4.6187, -0.5165 0.7439 4.6591, -0.3948 0.7439 4.7826, -0.3825 0.7437 4.6122, -0.3821 0.7438 4.7881, -0.3741 0.7436 4.6017, -0.5163 0.7439 4.7498, -0.6443 0.7439 4.7078, -0.3948 0.7439 4.4219, -0.5163 0.7438 4.4624, -0.3948 0.7439 4.5858, -0.3824 0.7435 4.4155, -0.382 0.7437 4.5911, -0.374 0.7434 4.4049, 0.3741 0.7439 4.3753, 0.3826 0.7438 4.3648, 0.3822 0.7439 4.1889, -0.5165 0.7439 4.5528, -0.6443 0.7439 4.5109, -0.3948 0.7439 4.225, -0.5162 0.7438 4.2656, -0.3948 0.7439 4.3889, -0.3825 0.7436 4.2186, -0.3819 0.7436 4.3942, -0.374 0.7435 4.208, -0.5163 0.7438 4.3558, -0.6443 0.7439 4.3141, -0.3948 0.7439 4.0282, -0.5161 0.7438 4.0687, -0.3948 0.7439 4.192, -0.3825 0.7437 4.0218, -0.382 0.7437 4.1974, -0.3741 0.7437 4.0112, 0.374 0.7437 3.7847, 0.3819 0.7436 3.5986, 0.3739 0.7434 3.5879, -0.5162 0.7438 4.159, -0.6443 0.7439 4.1172, -0.3948 0.7439 3.8313, -0.5164 0.7439 3.8717, -0.3948 0.7439 3.9952, -0.3826 0.7437 3.8248, -0.382 0.7437 4.0006, -0.3741 0.7437 3.8143, -0.5161 0.7438 3.9621, -0.6443 0.7439 3.9203, -0.3948 0.7439 3.6345, -0.5164 0.7439 3.6748, -0.3948 0.7439 3.7983, -0.3826 0.7438 3.6279, -0.3821 0.7438 3.8038, -0.3742 0.7438 3.6175, -0.5162 0.7438 3.7654, -0.6443 0.7439 3.7235, -0.3948 0.7439 3.6015, -0.3821 0.7439 3.607, 0.3741 0.7438 3.9816, -0.5164 0.7439 3.5686, -0.6305 0.744 3.5212, -0.6443 0.7439 3.5266, -0.6169 0.7439 3.5158, 0.4748 0.7439 3.5451, 0.5571 0.7439 3.5158, 0.3948 0.7439 3.7678, 0.3825 0.7437 3.7742, 0.3948 0.7439 3.6039, 0.5163 0.7438 3.7273, 0.5162 0.7439 3.6368, 0.3948 0.7439 3.5709, 0.3824 0.7436 3.5772, 0.6443 0.7439 3.6788, 0.3948 0.7439 3.8008, 0.5161 0.7438 3.9242, 0.5163 0.7439 3.8336, 0.3826 0.7438 3.9711, 0.3948 0.7439 3.9646, 0.3821 0.7438 3.7953, 0.3741 0.7439 4.1784, 0.3826 0.7438 4.168, 0.3821 0.7438 3.9921, 0.6443 0.7439 3.8756, 0.3948 0.7439 3.9976, 0.5161 0.7438 4.1211, 0.5161 0.7438 4.0306, 0.3948 0.7439 4.1615, 0.6443 0.7439 4.0725, 0.3948 0.7439 4.1945, 0.5161 0.7439 4.3181, 0.5161 0.7438 4.2274, 0.3948 0.7439 4.3583, 0.6443 0.7439 4.2693, 0.3948 0.7439 4.3913, 0.5165 0.7438 4.5147, 0.5161 0.7439 4.4242, 0.3821 0.7439 4.3858, 0.3824 0.7436 4.5615, 0.3948 0.7439 4.5552, 0.3739 0.7434 4.5721, 0.6443 0.7439 4.4662, 0.3948 0.7439 4.5882, 0.5164 0.7438 4.7115, 0.5165 0.7438 4.6212, 0.3823 0.7435 4.7583, 0.3819 0.7436 4.5828, 0.3739 0.7434 4.769, 0.3948 0.7439 4.752, 0.6443 0.7439 4.663, 0.3948 0.7439 4.785, 0.5162 0.7438 4.9083, 0.5164 0.7438 4.8181, 0.3739 0.7435 4.9658, 0.3819 0.7436 4.7797, 0.3824 0.7436 4.9552, 0.3948 0.7439 4.9489, 0.5466 0.7439 5.0944, 0.5163 0.7438 5.015, 0.4709 0.7439 5.1211, 0.6443 0.7439 4.8599, 0.3819 0.7436 4.9765, 0.3825 0.7437 5.1522, 0.3948 0.7439 5.1457, 0.3948 0.7439 4.9819, 0.3948 0.7439 5.3426, 0.5165 0.7439 5.3022, 0.4709 0.7439 5.1985, 0.6224 0.7439 5.0654, 0.6442 0.7438 5.0565, 0.374 0.7437 5.1627, 0.3821 0.7438 5.1733, 0.3825 0.7438 5.349, 0.3948 0.7439 5.1788, 0.5466 0.7439 5.2209, 0.6224 0.7439 5.2459, 0.3821 0.7438 5.3701, 0.3948 0.7439 5.3756, 0.374 0.7437 5.3595, 0.6443 0.7439 5.2536, 0.4276 0.7439 5.3837, -0.7243 0.1867 5.5197, -0.5833 0.0922 5.5197, -0.5616 0.1823 5.5197, 0.5616 -0.1827 5.5197, 0.3471 -0.478 5.5197, 0.2681 -0.5264 5.5197, 0.4176 -0.4178 5.5197, -0.0 -0.5907 5.5197, 0.0924 -0.5835 5.5197, -0.5616 -0.1827 5.5197, -0.7013 -0.2604 5.5197, -0.5262 -0.2683 5.5197, -0.4271 -0.6143 5.5197, -0.3471 -0.478 5.5197, -0.4984 -0.558 5.5197, -0.1825 -0.5618 5.5197, -0.2681 -0.5264 5.5197, -0.2667 -0.6991 5.5197, -0.18 -0.7262 5.5197, -0.0924 -0.5835 5.5197, -0.0907 -0.7427 5.5197, -0.3494 -0.6616 5.5197, -0.5624 -0.4934 5.5197, -0.4176 -0.4178 5.5197, -0.4778 -0.3473 5.5197, 0.1825 -0.5618 5.5197, -0.6181 -0.4215 5.5197, -0.5833 -0.0926 5.5197, -0.7277 -0.1735 5.5197, -0.5906 -0.0002 5.5197, -0.748 0.0068 5.5197, -0.7433 -0.084 5.5197, 0.4778 -0.3473 5.5197, 0.5262 -0.2683 5.5197, -0.7416 0.0974 5.5197, -0.6963 0.2732 5.5197, -0.5262 0.2679 5.5197, -0.61 0.4327 5.5197, -0.658 0.3556 5.5197, -0.4778 0.3469 5.5197, 0.5833 -0.0926 5.5197, -0.4176 0.4174 5.5197, -0.5531 0.5034 5.5197, 0.5906 -0.0002 5.5197, -0.3471 0.4776 5.5197, -0.4879 0.5668 5.5197, 0.5833 0.0922 5.5197, -0.4156 0.6218 5.5197, -0.2681 0.526 5.5197, 0.5616 0.1823 5.5197, -0.3371 0.6676 5.5197, 0.5262 0.2679 5.5197, -0.1663 0.7291 5.5197, -0.1825 0.5615 5.5197, -0.0924 0.5831 5.5197, 0.4778 0.3469 5.5197, 0.0924 0.5831 5.5197, 0.1825 0.5615 5.5197, 0.2681 0.526 5.5197, 0.3471 0.4776 5.5197, -0.0 0.5904 5.5197, 0.4176 0.4174 5.5197, -0.2536 0.7035 5.5197, -0.6646 -0.3435 5.5197, -0.113 -0.9222 5.3387, -0.225 -0.9041 5.3363, -0.5375 -0.7696 5.329, -0.3341 -0.8723 5.3339, -0.4388 -0.8272 5.3314, -0.7118 -0.4352 5.4332, -0.7112 -0.6204 5.3241, -0.6288 -0.7004 5.3266, -0.8246 -0.1218 5.4339, -0.8201 -0.1472 5.4342, -0.7873 -0.2716 5.4348, -0.7784 -0.2958 5.4349, -0.8172 0.1859 5.4298, -0.8116 0.2111 5.4293, -0.8348 0.0324 5.4322, -0.8338 0.0581 5.4319, -0.762 0.3573 5.426, -0.7721 0.3336 5.4266, -0.7902 0.2853 5.4278, -0.7981 0.2608 5.4283, -0.7032 0.4676 5.4231, -0.7513 0.3808 5.4254, -0.5778 0.6221 5.4183, -0.6451 0.5484 5.4206, -0.5022 0.6876 5.416, -0.8808 0.1907 5.3662, -0.8615 0.2924 5.3578, -0.931 0.2459 5.3048, -0.8844 -0.013 5.3831, -0.8884 0.0884 5.3746, -0.9577 0.0138 5.3095, -0.7815 0.3096 5.4272, -0.8053 0.236 5.4288, -0.822 0.1605 5.4303, -0.8261 0.1351 5.4307, -0.8295 0.1095 5.4311, -0.832 0.0838 5.4315, -0.8351 0.0066 5.4326, -0.8345 -0.0192 5.4329, -0.8333 -0.0449 5.4332, -0.8314 -0.0707 5.4335, -0.8285 -0.0963 5.4337, -0.869 -0.1124 5.3915, -0.9282 -0.2169 5.3144, -0.8424 -0.2083 5.4, -0.8154 -0.1725 5.4344, -0.8095 -0.1976 5.4345, -0.8028 -0.2225 5.4347, -0.7954 -0.2472 5.4348, -0.7689 -0.3197 5.4348, -0.7587 -0.3434 5.4347, -0.7364 -0.3899 5.4343, -0.7478 -0.3668 5.4345, -0.7243 -0.4127 5.4338, -0.6989 -0.4575 5.4322, -0.6867 -0.48 5.4298, -0.7028 -0.4646 5.4254, -0.7832 -0.5306 5.3217, -0.844 -0.4324 5.3193, -0.7585 -0.3854 5.4169, -0.8053 -0.2997 5.4084, -0.9499 -0.1026 5.3119, -0.9514 0.1305 5.3072, -0.8963 0.3582 5.3023, -0.8304 0.392 5.3493, -0.8481 0.4656 5.2999, -0.787 0.5668 5.2975, -0.7334 0.5798 5.3324, -0.7141 0.6601 5.2951, -0.7876 0.4882 5.3409, -0.6687 0.6654 5.324, -0.8927 -0.3274 5.3169, 0.5814 0.6948 5.2093, 0.4701 0.6986 5.1756, 0.5404 0.6459 5.1722, -0.7002 0.468 5.2248, -0.7525 0.3782 5.2287, -0.8118 0.4079 5.2669, -0.6373 0.5507 5.2209, -0.7553 0.5047 5.2631, -0.856 0.3049 5.2708, -0.5646 0.6249 5.2172, -0.6874 0.5939 5.2592, -0.6091 0.6741 5.2554, -0.9082 -0.0256 5.2824, -0.9044 0.0865 5.2785, -0.8366 0.08 5.2402, -0.8204 0.1824 5.2364, -0.8869 0.1972 5.2747, -0.7934 0.2827 5.2326, -0.8108 -0.2286 5.252, -0.8746 -0.2467 5.2902, -0.8327 -0.1271 5.2481, -0.8402 -0.0237 5.2441, -0.8983 -0.1372 5.2863, -0.7303 -0.4199 5.2596, -0.6731 -0.5067 5.2635, -0.7261 -0.5465 5.3017, -0.8375 -0.3525 5.294, -0.7765 -0.3267 5.2558, -0.7877 -0.4529 5.2979, -0.5705 -0.7073 5.3095, -0.529 -0.6557 5.2713, -0.4791 -0.7721 5.3133, -0.6533 -0.6318 5.3056, -0.6056 -0.5856 5.2674, -0.276 -0.866 5.3211, -0.3528 -0.7652 5.2789, -0.256 -0.8028 5.2829, -0.3804 -0.8254 5.3172, -0.4442 -0.7158 5.2751, -0.1552 -0.8281 5.2868, 0.2557 -0.8028 5.3022, 0.155 -0.8282 5.2983, 0.6056 -0.5857 5.3176, 0.5289 -0.6559 5.3138, 0.6729 -0.5066 5.3215, 0.7301 -0.4199 5.3254, 0.7764 -0.3269 5.3293, 0.8108 -0.2289 5.3331, 0.8327 -0.1274 5.3369, 0.8419 -0.0238 5.3409, 0.8385 0.08 5.3448, 0.8223 0.1826 5.3486, 0.7935 0.2825 5.3524, 0.7526 0.378 5.3563, 0.7003 0.4678 5.3602, 0.6374 0.5505 5.3641, 0.5648 0.6248 5.3679, 0.4835 0.6896 5.3717, 0.3526 -0.7651 5.3061, 0.4441 -0.7159 5.3099, -0.0521 -0.8409 5.2906, 0.0518 -0.8409 5.2944, -0.4834 0.6896 5.2133, -0.5638 0.6257 5.414, -0.6361 0.5519 5.4178, -0.6989 0.4699 5.4216, -0.4863 0.6947 5.4134, -0.483 0.69 5.41, 0.4701 0.6986 5.1424, 0.4578 0.6967 5.1528, 0.5348 0.6392 5.1491, 0.5404 0.6459 5.1391, 0.5348 0.6392 5.1623, 0.4578 0.6967 5.1658, 0.5058 0.6735 5.3377, 0.4684 0.6899 5.3491, 0.5541 0.623 5.345, 0.4516 0.7108 5.3401, 0.6304 0.5455 5.3409, 0.6036 0.5859 5.3327, 0.6882 0.4856 5.3278, 0.6483 0.5376 5.3302, 0.5567 0.6319 5.3352, 0.7239 0.4304 5.3254, 0.6961 0.4587 5.3368, 0.7501 0.3643 5.3327, 0.7553 0.3726 5.323, 0.7821 0.3126 5.3206, 0.8322 0.0505 5.3205, 0.833 0.1225 5.3131, 0.8186 0.1584 5.3245, 0.7912 0.2637 5.3286, 0.8042 0.2506 5.3181, 0.8389 -0.074 5.3058, 0.8319 -0.0583 5.3164, 0.8306 -0.1394 5.3034, 0.8402 0.0572 5.3107, 0.7757 -0.3282 5.296, 0.7989 -0.2667 5.2985, 0.7888 -0.271 5.3082, 0.8174 -0.2037 5.301, 0.8174 -0.1661 5.3123, 0.7467 -0.3713 5.3041, 0.7478 -0.3877 5.2935, 0.6257 -0.5516 5.2959, 0.5927 -0.5988 5.2839, 0.6375 -0.5506 5.2863, 0.692 -0.4654 5.3, 0.6786 -0.4993 5.2887, 0.7153 -0.4449 5.2911, 0.4924 -0.6836 5.2789, 0.4622 -0.6943 5.2878, 0.4375 -0.7198 5.2765, 0.5487 -0.6284 5.2918, 0.5442 -0.6432 5.2814, 0.3204 -0.7792 5.2715, 0.3678 -0.7484 5.2837, 0.2673 -0.79 5.2796, 0.38 -0.7517 5.274, 0.1623 -0.8183 5.2887, 0.2673 -0.79 5.2928, 0.1954 -0.8196 5.2667, 0.2586 -0.8019 5.2691, 0.0656 -0.84 5.2619, 0.1309 -0.8323 5.2643, 0.0545 -0.8324 5.2714, 0.1623 -0.8183 5.2755, -0.1954 -0.8194 5.252, -0.131 -0.8322 5.2544, -0.1622 -0.8181 5.2632, -0.0543 -0.8322 5.2673, -0.4374 -0.7197 5.2422, -0.3804 -0.7521 5.2447, -0.3678 -0.7488 5.255, -0.3205 -0.7794 5.2472, -0.2673 -0.7901 5.2591, -0.4923 -0.6835 5.2398, -0.462 -0.6944 5.2509, -0.5484 -0.6283 5.2469, -0.593 -0.5986 5.2349, -0.6255 -0.5515 5.2428, -0.6377 -0.5507 5.2324, -0.5441 -0.6428 5.2373, -0.7479 -0.3877 5.2252, -0.7468 -0.3716 5.2346, -0.7759 -0.3281 5.2227, -0.7155 -0.4448 5.2276, -0.6921 -0.4655 5.2387, -0.799 -0.2665 5.2202, -0.7886 -0.2712 5.2305, -0.8174 -0.2035 5.2177, -0.8171 -0.1661 5.2264, -0.8319 -0.0584 5.2223, -0.8425 -0.0083 5.2104, -0.8391 -0.0739 5.2128, -0.8307 -0.1391 5.2153, -0.8325 0.0504 5.2182, -0.8405 0.0575 5.2079, -0.8188 0.1582 5.2141, -0.8213 0.1874 5.203, -0.8334 0.1228 5.2055, -0.782 0.3128 5.1981, -0.8041 0.2508 5.2006, -0.791 0.2634 5.21, -0.724 0.4306 5.1932, -0.7553 0.3728 5.1957, -0.75 0.3642 5.2059, -0.75 0.3642 5.2191, -0.791 0.2634 5.2232, -0.6963 0.4588 5.2019, -0.6883 0.4858 5.1908, -0.6307 0.5455 5.1978, -0.5542 0.6228 5.1937, -0.6044 0.5868 5.1859, -0.6483 0.538 5.1883, -0.5567 0.632 5.1835, -0.5057 0.6734 5.181, -0.4684 0.6896 5.1896, -0.4516 0.7108 5.1786, -0.5542 0.6228 5.2069, -0.6777 -0.4986 5.23, -0.2588 -0.8018 5.2496, -0.0001 -0.8425 5.2594, -0.0657 -0.8399 5.2569, 0.8424 -0.0084 5.3082, 0.8211 0.1871 5.3156, 0.5541 0.623 5.3582, 0.4684 0.6899 5.3622, -0.4683 0.6896 5.2028, -0.6307 0.5455 5.2109, -0.6963 0.4588 5.215, -0.8187 0.1582 5.2273, -0.8325 0.0504 5.2314, -0.8319 -0.0584 5.2355, -0.8171 -0.1661 5.2396, -0.7886 -0.2712 5.2437, -0.7468 -0.3716 5.2478, -0.6921 -0.4655 5.2519, -0.6255 -0.5515 5.2559, -0.5484 -0.6282 5.26, -0.462 -0.6944 5.2641, -0.3678 -0.7488 5.2682, -0.2673 -0.7901 5.2723, -0.1622 -0.8181 5.2764, -0.0543 -0.8322 5.2805, 0.0545 -0.8324 5.2846, 0.3678 -0.7484 5.2968, 0.4622 -0.6943 5.3009, 0.5487 -0.6284 5.305, 0.6257 -0.5516 5.3091, 0.692 -0.4653 5.3132, 0.7467 -0.3713 5.3173, 0.7888 -0.271 5.3214, 0.8174 -0.1661 5.3255, 0.8318 -0.0583 5.3295, 0.8322 0.0505 5.3336, 0.8186 0.1584 5.3377, 0.7912 0.2637 5.3418, 0.7501 0.3643 5.3459, 0.6961 0.4587 5.35, 0.6304 0.5455 5.3541, -0.556 0.6213 5.4038, -0.7529 0.3586 5.4163, -0.559 0.6298 5.3806, -0.6298 0.5588 5.3843, -0.556 0.6213 5.3908, -0.6329 0.5425 5.3949, -0.4694 0.6892 5.3866, -0.744 0.3945 5.3918, -0.7857 0.3034 5.3955, -0.7529 0.3586 5.4032, -0.6329 0.5426 5.408, -0.6989 0.4545 5.399, -0.699 0.4545 5.4121, -0.7935 0.2564 5.4073, -0.7935 0.2564 5.4204, -0.8202 0.1497 5.4245, -0.8162 0.208 5.3992, -0.8202 0.1497 5.4114, -0.8328 0.0403 5.4287, -0.835 0.1095 5.4029, -0.8327 0.0403 5.4156, -0.8422 0.0094 5.4067, -0.831 -0.0697 5.4197, -0.8148 -0.1785 5.4238, -0.8375 -0.0907 5.4104, -0.7841 -0.284 5.428, -0.8209 -0.1895 5.4141, -0.7925 -0.2856 5.4178, -0.7529 -0.3777 5.4215, -0.7398 -0.3848 5.4321, -0.6918 0.4801 5.388, -0.4804 0.6917 5.3769, -0.4695 0.6892 5.3997, 0.5814 0.6948 5.1021, -0.7594 0.5074 5.1507, -0.8159 0.41 5.1546, -0.6123 0.6774 5.143, -0.6912 0.597 5.1468, -0.7302 0.6595 5.1056, -0.9184 0.3532 5.1167, -0.8602 0.3063 5.1584, -0.8052 0.5654 5.1093, -0.9093 0.0869 5.1661, -0.8915 0.1981 5.1623, -0.9028 -0.1379 5.1739, -0.913 -0.0257 5.17, -0.9559 -0.2358 5.1361, -0.8789 -0.2481 5.1778, -0.9771 -0.1189 5.1323, -0.8419 -0.3545 5.1816, -0.792 -0.4554 5.1855, -0.9207 -0.3492 5.1399, -0.7298 -0.5493 5.1894, -0.6565 -0.6349 5.1932, -0.4816 -0.7763 5.2009, -0.5592 -0.8104 5.1587, -0.5733 -0.711 5.1971, -0.6526 -0.737 5.155, -0.2774 -0.8704 5.2087, -0.1681 -0.8978 5.2126, -0.2355 -0.9555 5.1701, -0.3491 -0.9203 5.1663, -0.3824 -0.8298 5.2048, 0.0564 -0.9119 5.2203, 0.0001 -0.9845 5.1777, 0.1187 -0.9774 5.1813, -0.1185 -0.9771 5.1739, -0.0562 -0.9117 5.2164, 0.3488 -0.9199 5.1889, 0.2774 -0.8703 5.228, 0.2354 -0.9556 5.1851, 0.1682 -0.898 5.2242, 0.4817 -0.7761 5.2358, 0.4573 -0.8711 5.1927, 0.3824 -0.8294 5.2319, 0.6567 -0.6351 5.2435, 0.6528 -0.7369 5.2003, 0.7368 -0.653 5.2041, 0.5736 -0.7111 5.2396, 0.871 -0.4574 5.2116, 0.7918 -0.4552 5.2512, 0.8098 -0.5593 5.2079, 0.7297 -0.5493 5.2474, 0.8419 -0.3542 5.2551, 0.8792 -0.248 5.259, 0.9197 -0.3489 5.2154, 0.9553 -0.2355 5.2191, 0.9129 -0.0257 5.2667, 0.903 -0.1379 5.2628, 0.9771 -0.1187 5.223, 0.9842 -0.0002 5.2266, 0.909 0.087 5.2706, 0.9665 0.1862 5.2329, 0.9795 0.0934 5.2299, 0.8915 0.1983 5.2745, 0.9443 0.2773 5.2359, 0.8604 0.3066 5.2783, 0.9137 0.3658 5.2389, 0.816 0.41 5.2822, 0.7592 0.5073 5.286, 0.8747 0.451 5.2418, 0.8279 0.5321 5.2447, 0.6909 0.597 5.2899, 0.7735 0.6084 5.2477, 0.7121 0.6791 5.2508, 0.6122 0.6776 5.2938, -0.9842 -0.0002 5.1283, -0.9767 0.12 5.1247, 0.5591 -0.8099 5.1965, -0.4576 -0.8718 5.1625, -0.7365 -0.6528 5.1512, -0.8716 -0.4575 5.1437, -0.8099 -0.5591 5.1474, -0.8683 0.4628 5.1129, -0.9547 0.2383 5.1207, -0.7927 0.4202 5.3601, -0.5955 0.6708 5.3489, -0.6709 0.5952 5.3526, -0.737 0.5113 5.3563, 0.6812 0.6086 4.5029, 0.72 0.6705 4.463, 0.605 0.6846 4.5065, 0.8465 0.5021 4.4563, 0.7877 0.5896 4.4597, 0.7479 0.5241 4.4992, 0.8956 0.4089 4.453, 0.8497 0.3346 4.4918, 0.9342 0.3109 4.4496, 0.8835 0.2323 4.4881, 0.9842 -0.0002 4.4392, 0.9134 0.0196 4.4807, 0.9091 -0.088 4.477, 0.9618 0.2092 4.4463, 0.8633 -0.2982 4.4696, 0.9561 -0.2328 4.4318, 0.8923 -0.1944 4.4733, 0.9809 -0.0784 4.437, 0.8225 -0.3979 4.4659, 0.9073 -0.3814 4.4268, 0.7069 -0.5789 4.4585, 0.7914 -0.585 4.4196, 0.7702 -0.4919 4.4622, 0.7103 -0.4536 4.5032, 0.6887 -0.703 4.4145, 0.7423 -0.646 4.4171, 0.6336 -0.6579 4.4548, 0.4622 -0.7879 4.4474, 0.5687 -0.8033 4.4093, 0.5517 -0.7278 4.4511, 0.6307 -0.7555 4.4119, 0.5027 -0.8454 4.4068, 0.4342 -0.8833 4.4044, 0.3665 -0.8371 4.4437, 0.3627 -0.9153 4.4021, 0.2656 -0.8745 4.44, 0.161 -0.8994 4.4363, 0.2132 -0.9614 4.3973, 0.2888 -0.9413 4.3997, 0.0498 -0.841 4.4737, 0.054 -0.9118 4.4327, 0.1361 -0.9745 4.3947, 0.1485 -0.8295 4.4774, 0.0582 -0.9826 4.3917, 0.8355 -0.5204 4.4221, 0.4797 0.6923 4.5513, 0.5579 0.6314 4.5476, 0.8742 -0.4523 4.4245, 0.9346 -0.3081 4.4293, 0.7962 -0.275 4.5106, 0.8043 0.4323 4.4955, 0.9715 -0.1561 4.4344, 0.8384 -0.0811 4.518, 0.9049 0.1268 4.4844, 0.8424 0.0181 4.5217, 0.9785 0.1051 4.443, 0.245 -0.8065 4.4811, 0.338 -0.772 4.4848, 0.4264 -0.7266 4.4885, 0.5089 -0.6712 4.4922, 0.5844 -0.6066 4.4959, 0.652 -0.5338 4.4996, 0.7586 -0.3669 4.5069, 0.8229 -0.1793 4.5143, 0.8345 0.117 4.5254, 0.8147 0.2143 4.5291, 0.7836 0.3086 4.5328, 0.7417 0.3987 4.5365, 0.6897 0.4834 4.5402, 0.6282 0.5614 4.5439, -0.4814 0.691 4.5895, -0.6083 0.6811 4.5522, -0.5609 0.6279 4.5933, -0.8099 0.4213 4.5635, -0.8947 0.4088 4.5244, -0.8551 0.3209 4.5673, -0.6857 0.6028 4.556, -0.9069 0.1075 4.5749, -0.9614 0.2089 4.5311, -0.9785 0.1049 4.5344, -0.7876 0.59 4.5176, -0.7532 0.5157 4.5598, -0.8356 -0.1038 4.6234, -0.906 -0.1124 4.5824, -0.8861 -0.2208 4.5862, -0.9841 -0.0002 4.5375, -0.913 -0.0024 4.5787, -0.7508 -0.52 4.5976, -0.8008 -0.573 4.5573, -0.754 -0.6333 4.5597, -0.8534 -0.3259 4.59, -0.9109 -0.3726 4.5502, -0.8788 -0.4422 4.5526, -0.4239 -0.8094 4.6127, -0.4777 -0.694 4.6498, -0.5179 -0.7523 4.6089, -0.6826 -0.6065 4.6013, -0.7025 -0.69 4.5622, -0.6046 -0.6843 4.6051, -0.0944 -0.9798 4.5841, -0.1099 -0.9065 4.624, -0.17 -0.9696 4.5816, -0.3235 -0.8544 4.6165, -0.3891 -0.9041 4.5744, 0.2056 -0.9632 4.5937, 0.2182 -0.8873 4.6354, 0.11 -0.9069 4.6316, 0.0 -0.9132 4.6278, -0.0182 -0.984 4.5866, 0.5461 -0.8189 4.6056, 0.5178 -0.7521 4.6467, 0.4235 -0.8091 4.6429, 0.4825 -0.8573 4.6032, 0.4166 -0.8919 4.6008, 0.7509 -0.5204 4.658, 0.6829 -0.6068 4.6543, 0.7651 -0.619 4.615, 0.7162 -0.6752 4.6127, 0.9395 -0.2932 4.6269, 0.9589 -0.2214 4.6293, 0.8859 -0.2206 4.6694, 0.8498 -0.497 4.6196, 0.8078 -0.4262 4.6618, 0.9813 -0.0745 4.634, 0.9062 -0.1124 4.6732, 0.9729 -0.1484 4.6317, 0.9135 -0.0026 4.6769, 0.9842 -0.0002 4.6361, 0.9071 0.1072 4.6807, 0.8427 -0.0023 4.7178, 0.9786 0.105 4.6395, 0.8873 0.2155 4.6845, 0.8368 0.099 4.7216, 0.8185 0.1989 4.7254, 0.8547 0.3207 4.6883, 0.9615 0.2089 4.6428, 0.8947 0.4086 4.6496, 0.8458 0.5021 4.653, 0.8098 0.4213 4.692, 0.9334 0.3105 4.6462, 0.7874 0.5898 4.6564, 0.7534 0.5159 4.6958, 0.6861 0.603 4.6996, 0.7201 0.6708 4.6597, 0.6086 0.681 4.7034, 0.4816 0.6909 4.748, 0.5614 0.6282 4.7443, 0.853 -0.3258 4.6656, 0.8848 -0.4314 4.622, 0.6064 -0.7753 4.608, 0.6632 -0.7273 4.6104, 0.6047 -0.6843 4.6505, 0.9147 -0.3633 4.6245, 0.7452 -0.3932 4.7027, 0.8098 -0.5598 4.6173, 0.3908 -0.7463 4.6838, 0.3232 -0.8545 4.6391, 0.0582 -0.9826 4.5886, 0.1323 -0.9752 4.5914, 0.3481 -0.9212 4.5984, 0.2776 -0.9448 4.596, 0.2014 -0.8184 4.6763, -0.3181 -0.9317 4.5768, -0.1013 -0.8362 4.6649, -0.2183 -0.8869 4.6202, -0.2983 -0.7881 4.6574, -0.2446 -0.9535 4.5792, -0.5242 -0.833 4.5696, -0.458 -0.8712 4.572, -0.5871 -0.7899 4.5672, -0.8081 -0.4261 4.5938, -0.7871 -0.3006 4.631, -0.8426 -0.5091 4.5549, -0.6467 -0.742 4.5646, -0.6925 -0.4797 4.6385, -0.8876 0.2158 4.5711, -0.937 -0.3008 4.5478, -0.9722 -0.1524 4.5428, -0.9812 -0.0765 4.5402, -0.9576 -0.2273 4.5453, -0.8365 0.099 4.6159, -0.7201 0.6708 4.5143, -0.9333 0.3106 4.5277, -0.846 0.5023 4.521, -0.6323 0.5557 4.5971, -0.6946 0.4755 4.6008, -0.7471 0.3885 4.6045, -0.7886 0.2958 4.6083, -0.8186 0.1989 4.6121, -0.8421 -0.0024 4.6196, -0.8173 -0.2037 4.6272, -0.7453 -0.3931 4.6348, -0.6296 -0.5594 4.6423, -0.5576 -0.6312 4.6461, -0.3909 -0.7466 4.6536, -0.2013 -0.8181 4.6611, 0.0002 -0.8424 4.6687, 0.1016 -0.8365 4.6725, 0.2982 -0.7881 4.68, 0.4777 -0.6937 4.6876, 0.5578 -0.6312 4.6914, 0.6299 -0.5597 4.6952, 0.6927 -0.4801 4.6989, 0.7869 -0.3005 4.7065, 0.8173 -0.2035 4.7102, 0.836 -0.1036 4.714, 0.7884 0.2959 4.7291, 0.747 0.3888 4.7329, 0.695 0.476 4.7367, 0.6329 0.5563 4.7405, -0.4814 0.691 4.7864, -0.6082 0.681 4.7491, -0.5608 0.6279 4.7902, -0.7471 0.3885 4.8014, -0.8101 0.4213 4.7604, -0.8552 0.321 4.7642, -0.6856 0.6026 4.7528, -0.8875 0.2158 4.768, -0.9549 0.2385 4.7269, -0.8052 0.5651 4.7155, -0.7532 0.5156 4.7566, -0.9061 -0.1125 4.7793, -0.9129 -0.0025 4.7755, -0.9768 -0.1189 4.7386, -0.8361 0.0989 4.8128, -0.9067 0.1075 4.7717, -0.8716 -0.4575 4.7498, -0.808 -0.426 4.7906, -0.8535 -0.3258 4.7869, -0.8173 -0.2037 4.8241, -0.8862 -0.2208 4.7831, -0.6825 -0.6065 4.7982, -0.6523 -0.7367 4.7613, -0.6046 -0.6844 4.802, -0.7506 -0.5199 4.7944, -0.6921 -0.4795 4.8355, -0.3235 -0.8542 4.8133, -0.4239 -0.8094 4.8095, -0.3491 -0.9204 4.7724, -0.4778 -0.694 4.8467, -0.5181 -0.7524 4.8058, 0.0001 -0.9841 4.7839, 0.1187 -0.9772 4.7877, 0.0001 -0.9133 4.8246, -0.1099 -0.9065 4.8209, -0.2012 -0.8179 4.858, -0.2183 -0.8867 4.8171, 0.3231 -0.8543 4.836, 0.3488 -0.9203 4.7951, 0.4571 -0.8713 4.7989, 0.2181 -0.8872 4.8322, 0.1099 -0.907 4.8284, 0.2355 -0.9558 4.7913, 0.7367 -0.6528 4.8104, 0.6048 -0.6845 4.8473, 0.6526 -0.7366 4.8067, 0.5589 -0.8097 4.8028, 0.5179 -0.7521 4.8435, 0.4235 -0.8089 4.8398, 0.871 -0.4574 4.8177, 0.9196 -0.3489 4.8216, 0.8076 -0.4262 4.8587, 0.6829 -0.607 4.8511, 0.8098 -0.5592 4.814, 0.7508 -0.5204 4.8549, 0.9551 -0.2354 4.8255, 0.886 -0.2206 4.8662, 0.8529 -0.3257 4.8624, 0.9064 -0.1125 4.87, 0.9768 -0.1187 4.8293, 0.9135 -0.0027 4.8738, 0.9843 -0.0002 4.833, 0.9767 0.1199 4.8368, 0.9544 0.2383 4.8406, 0.907 0.1071 4.8776, 0.918 0.3532 4.8446, 0.8872 0.2154 4.8813, 0.8099 0.4214 4.8889, 0.8546 0.3207 4.8851, 0.8681 0.4628 4.8485, 0.7536 0.5159 4.8927, 0.8052 0.5655 4.8522, 0.6862 0.6028 4.8965, 0.6085 0.6807 4.9002, 0.7303 0.6597 4.856, 0.4815 0.6908 4.9449, 0.5613 0.628 4.9411, -0.6294 -0.5594 4.8392, -0.1185 -0.9768 4.7801, -0.2983 -0.7879 4.8543, -0.2355 -0.9554 4.7763, -0.5576 -0.6313 4.843, -0.3909 -0.7465 4.8506, -0.559 -0.8102 4.765, -0.4574 -0.8718 4.7687, -0.7364 -0.6526 4.7574, -0.9205 -0.3493 4.7461, -0.745 -0.3928 4.8318, -0.8098 -0.5591 4.7535, -0.787 -0.3005 4.828, -0.8356 -0.1039 4.8203, -0.9556 -0.2359 4.7424, -0.9841 -0.0002 4.7343, -0.8418 -0.0025 4.8166, -0.8183 0.1989 4.8091, -0.9768 0.1201 4.7308, -0.7886 0.2959 4.8052, -0.6947 0.4754 4.7977, -0.8684 0.4626 4.7194, -0.9187 0.3532 4.7232, -0.6323 0.5556 4.7939, -0.7301 0.6593 4.7116, -0.1012 -0.8361 4.8618, 0.0002 -0.8425 4.8656, 0.1015 -0.8365 4.8694, 0.2013 -0.8183 4.8732, 0.2981 -0.7879 4.8769, 0.3907 -0.7461 4.8807, 0.4777 -0.6937 4.8845, 0.5579 -0.6313 4.8883, 0.6298 -0.5598 4.892, 0.6925 -0.48 4.8958, 0.745 -0.3931 4.8996, 0.7868 -0.3004 4.9033, 0.8173 -0.2035 4.9071, 0.8361 -0.1037 4.9109, 0.8426 -0.0024 4.9147, 0.8366 0.0989 4.9185, 0.8184 0.1988 4.9222, 0.7884 0.2959 4.926, 0.7471 0.3888 4.9298, 0.6951 0.476 4.9336, 0.6329 0.5561 4.9373, -0.4819 0.6905 4.9832, -0.6092 0.6798 4.946, -0.5618 0.6268 4.987, -0.7488 0.3856 4.9984, -0.8119 0.4182 4.9574, -0.8566 0.317 4.9612, -0.6871 0.6009 4.9498, -0.8885 0.2109 4.965, -0.9548 0.2386 4.9238, -0.8053 0.5652 4.9124, -0.755 0.5133 4.9536, -0.9053 -0.1197 4.9764, -0.9129 -0.0091 4.9726, -0.9769 -0.1189 4.9355, -0.8366 0.0936 5.0098, -0.9072 0.1017 4.9688, -0.8715 -0.4574 4.9466, -0.8034 -0.4341 4.9878, -0.8503 -0.3337 4.984, -0.8156 -0.2107 5.0213, -0.8845 -0.2284 4.9802, -0.6753 -0.6146 4.9954, -0.6525 -0.7369 4.9581, -0.5961 -0.6921 4.9992, -0.7448 -0.5281 4.9916, -0.6868 -0.4871 5.0327, -0.3107 -0.8587 5.0106, -0.4125 -0.8151 5.0068, -0.349 -0.9202 4.9693, -0.4686 -0.7003 5.0441, -0.5081 -0.7593 5.003, 0.0001 -0.9844 4.9808, 0.0157 -0.9134 5.022, -0.0949 -0.9083 5.0182, -0.1883 -0.8208 5.0554, -0.2043 -0.8899 5.0145, 0.2346 -0.8828 5.0296, 0.3488 -0.9199 4.9919, 0.3397 -0.8476 5.0335, 0.1261 -0.9049 5.0258, 0.1164 -0.8346 5.0668, 0.5716 -0.6192 5.0858, 0.6197 -0.6713 5.0448, 0.6963 -0.5914 5.0487, 0.4058 -0.738 5.0782, 0.4399 -0.8001 5.0372, 0.5338 -0.7411 5.0411, 0.8176 -0.4064 5.0563, 0.9197 -0.3489 5.0185, 0.8609 -0.3043 5.0601, 0.8098 -0.5592 5.0109, 0.7625 -0.5026 5.0525, 0.8916 -0.1978 5.0639, 0.977 -0.1187 5.0261, 0.9092 -0.0885 5.0677, 0.8225 -0.1824 5.1048, 0.9842 -0.0002 5.0298, 0.9131 0.0222 5.0715, 0.8387 -0.0815 5.1086, 0.8804 0.241 5.0791, 0.9663 0.1862 5.0359, 0.9441 0.2772 5.0389, 0.9033 0.1325 5.0753, 0.9795 0.0934 5.0329, 0.9134 0.3658 5.042, 0.8448 0.346 5.0829, 0.8121 0.2224 5.12, 0.797 0.4459 5.0867, 0.8745 0.4509 5.0449, 0.7793 0.3193 5.1238, 0.7373 0.5391 5.0905, 0.8277 0.532 5.0479, 0.7734 0.6083 5.0508, 0.6665 0.6242 5.0943, 0.712 0.6791 5.0538, 0.6148 0.5758 5.1352, 0.9553 -0.2355 5.0223, 0.6423 -0.5455 5.0896, 0.7542 -0.3748 5.0972, 0.7941 -0.2806 5.101, 0.7033 -0.4635 5.0934, 0.871 -0.4574 5.0146, 0.7368 -0.6529 5.0072, -0.8349 -0.1105 5.0174, 0.4923 -0.6836 5.082, 0.6528 -0.7368 5.0035, 0.2354 -0.9555 4.9881, 0.4572 -0.871 4.9958, 0.5591 -0.8097 4.9997, 0.2165 -0.8142 5.0706, 0.3134 -0.7817 5.0744, 0.0146 -0.8425 5.063, 0.1186 -0.9772 4.9845, -0.0874 -0.8378 5.0592, -0.5497 -0.6383 5.0402, -0.2354 -0.9554 4.9732, -0.1185 -0.9769 4.977, -0.5591 -0.8102 4.9618, -0.3804 -0.7517 5.0478, -0.2864 -0.792 5.0516, -0.4575 -0.8716 4.9655, -0.7364 -0.6527 4.9543, -0.6228 -0.5668 5.0364, -0.8097 -0.559 4.9504, -0.9205 -0.3492 4.9429, -0.784 -0.3078 5.0251, -0.7408 -0.4003 5.0289, -0.9557 -0.2358 4.9392, -0.8418 -0.0085 5.0136, -0.8193 0.1943 5.0061, -0.9766 0.1201 4.9277, -0.9841 -0.0002 4.9312, -0.7899 0.2922 5.0022, -0.6963 0.4732 4.9946, -0.8686 0.4627 4.9163, -0.9188 0.3534 4.9201, -0.7301 0.6593 4.9085, -0.6336 0.554 4.9908, 0.8422 0.0205 5.1124, 0.8332 0.1224 5.1162, 0.7351 0.4114 5.1276, 0.6801 0.4974 5.1314, 0.5086 0.671 3.9927, 0.4532 0.7098 3.9953, 0.6094 0.6795 4.0311, 0.5609 0.6281 3.9903, 0.6875 0.6007 4.0273, 0.7878 0.5897 4.0655, 0.7555 0.5132 4.0235, 0.6095 0.5811 3.9877, 0.8122 0.418 4.0197, 0.8566 0.3165 4.0159, 0.7622 0.359 3.9776, 0.6949 0.4763 3.9827, 0.731 0.419 3.9801, 0.8884 0.2103 4.0121, 0.9074 0.1009 4.0083, 0.8254 0.1666 3.97, 0.8094 0.2323 3.9726, 0.7883 0.2966 3.9751, 0.8415 0.0323 3.965, 0.8362 0.0998 3.9675, 0.9616 0.2093 4.0521, 0.8358 -0.1027 3.9599, 0.9056 -0.1204 4.0007, 0.8249 -0.1695 3.9574, 0.841 -0.0354 3.9624, 0.7606 -0.3614 3.95, 0.7871 -0.2992 3.9525, 0.8498 -0.3344 3.9931, 0.8843 -0.2291 3.9969, 0.9205 -0.3491 4.034, 0.6518 -0.532 3.9424, 0.7442 -0.5291 3.9854, 0.6748 -0.6156 3.9816, 0.8098 -0.5591 4.0265, 0.8028 -0.4349 3.9893, 0.5072 -0.7598 3.974, 0.507 -0.6734 3.9348, 0.5955 -0.693 3.9778, 0.6527 -0.7371 4.0189, 0.4113 -0.8154 3.9702, 0.3093 -0.8591 3.9664, 0.3314 -0.7745 3.9274, 0.3925 -0.7454 3.9298, 0.451 -0.7111 3.9323, 0.1371 -0.8312 3.9197, 0.2029 -0.8905 3.9626, 0.0935 -0.9088 3.9588, 0.2682 -0.7986 3.9249, 0.2033 -0.8175 3.9223, 0.0024 -0.8426 3.9146, -0.0171 -0.9136 3.955, 0.07 -0.8396 3.9171, -0.2362 -0.8821 3.9474, -0.1987 -0.8186 3.9072, -0.1276 -0.9045 3.9512, -0.0652 -0.84 3.9121, -0.447 -0.7139 3.8971, -0.4417 -0.7995 3.9398, -0.5354 -0.7404 3.936, -0.2637 -0.8 3.9047, -0.6899 -0.4821 3.8846, -0.6974 -0.5898 3.9284, -0.7635 -0.5007 3.9245, -0.621 -0.6701 3.9322, -0.5556 -0.6335 3.892, -0.8077 -0.2398 3.8744, -0.7857 -0.3038 3.877, -0.8619 -0.3023 3.9169, -0.8187 -0.4044 3.9207, -0.7588 -0.3658 3.8795, -0.727 -0.4255 3.8821, -0.8924 -0.1958 3.9131, -0.8355 -0.1076 3.8694, -0.8243 -0.1743 3.8719, -0.9127 0.0245 3.9055, -0.8412 -0.0402 3.8668, -0.9093 -0.0863 3.9093, -0.8365 0.0949 3.8618, -0.8415 0.0274 3.8643, -0.9826 0.0527 3.9454, -0.9841 -0.0002 3.9474, -0.9028 0.135 3.9017, -0.8799 0.2436 3.8979, -0.8261 0.1617 3.8593, -0.9781 0.1053 3.9438, -0.8106 0.2276 3.8567, -0.9328 0.3129 3.9369, -0.8442 0.3485 3.8941, -0.7899 0.292 3.8542, -0.9482 0.2621 3.9386, -0.7641 0.3545 3.8517, -0.7959 0.4482 3.8903, -0.7333 0.4147 3.8492, -0.9146 0.3628 3.9352, -0.8935 0.4122 3.9335, -0.6976 0.4721 3.8467, -0.7356 0.5411 3.8865, -0.8452 0.5038 3.9303, -0.8163 0.5494 3.9286, -0.8704 0.459 3.9319, -0.7851 0.5932 3.9268, -0.7524 0.6337 3.9251, -0.6573 0.5265 3.8443, -0.6646 0.6262 3.8826, -0.7161 0.6747 3.9233, -0.6129 0.5775 3.8418, -0.3884 -0.7476 3.8996, -0.5028 -0.6758 3.8945, -0.6042 -0.5866 3.8895, -0.6494 -0.5361 3.887, -0.3414 -0.8469 3.9436, -0.327 -0.7763 3.9022, -0.1323 -0.832 3.9097, -0.0001 -0.9847 3.9962, 0.2354 -0.9556 4.0038, 0.4575 -0.8716 4.0114, 0.5588 -0.63 3.9373, 0.6078 -0.5834 3.9398, 0.6926 -0.4781 3.945, 0.7296 -0.4214 3.9475, 0.8086 -0.2351 3.9549, 0.9132 -0.0098 4.0045, 0.9772 -0.1189 4.0416, 0.934 0.311 4.0554, 0.6543 0.5304 3.9852, -0.961 0.2101 3.9403, -0.9709 0.1578 3.942, -0.9772 -0.1187 3.9509, -0.9556 -0.2355 3.9547, -0.9201 -0.3489 3.9584, -0.8712 -0.4573 3.9622, -0.8098 -0.5592 3.966, -0.7368 -0.653 3.9698, -0.6529 -0.737 3.9736, -0.5592 -0.81 3.9774, -0.4573 -0.8713 3.9812, -0.3489 -0.92 3.985, -0.2354 -0.9557 3.9887, -0.1186 -0.9774 3.9925, 0.1185 -0.9772 4.0, 0.349 -0.9202 4.0076, 0.5593 -0.8103 4.0152, 0.7366 -0.6529 4.0227, 0.8715 -0.4574 4.0303, 0.9559 -0.2357 4.0379, 0.9842 -0.0002 4.0458, 0.9784 0.1051 4.0487, 0.8956 0.4091 4.0588, 0.8466 0.5023 4.0622, 0.7201 0.6705 4.0689, -0.6083 0.6805 4.0768, -0.5608 0.6277 4.0358, -0.7992 0.5745 4.1244, -0.686 0.6025 4.0806, -0.7538 0.5158 4.0844, -0.8102 0.4215 4.0882, -0.8548 0.3208 4.0919, -0.9105 0.3738 4.1316, -0.6949 0.4757 4.0433, -0.8871 0.2155 4.0957, -0.7884 0.296 4.051, -0.7472 0.3888 4.0472, -0.8361 0.0989 4.0584, -0.9133 -0.0028 4.1033, -0.9067 0.1071 4.0995, -0.9809 0.0764 4.1415, -0.9725 0.1526 4.139, -0.8421 -0.0025 4.0622, -0.836 -0.1038 4.066, -0.9066 -0.1126 4.1071, -0.853 -0.3257 4.1146, -0.7868 -0.3003 4.0736, -0.8075 -0.426 4.1184, -0.8863 -0.2207 4.1108, -0.8174 -0.2036 4.0699, -0.6827 -0.607 4.126, -0.6921 -0.4796 4.0811, -0.6296 -0.5596 4.0849, -0.7505 -0.5202 4.1222, -0.7448 -0.3928 4.0774, -0.3908 -0.746 4.0963, -0.3231 -0.854 4.1411, -0.4236 -0.8089 4.1373, -0.5579 -0.6314 4.0887, -0.5181 -0.7523 4.1335, -0.6049 -0.6847 4.1297, -0.2011 -0.8179 4.1038, -0.1013 -0.8365 4.1076, -0.1098 -0.907 4.1486, -0.218 -0.8869 4.1449, -0.2981 -0.7876 4.1, 0.298 -0.7876 4.1227, 0.3233 -0.854 4.1637, 0.201 -0.8178 4.1189, 0.1098 -0.9067 4.1562, -0.0 -0.9136 4.1524, -0.0 -0.8426 4.1114, 0.4778 -0.694 4.1303, 0.6048 -0.6847 4.1751, 0.5182 -0.7525 4.1713, 0.3908 -0.7462 4.1265, 0.8077 -0.4259 4.1864, 0.692 -0.4796 4.1416, 0.7448 -0.3928 4.1454, 0.5577 -0.6315 4.1341, 0.6825 -0.6067 4.1789, 0.8358 -0.1039 4.1567, 0.9063 -0.1126 4.1978, 0.8175 -0.2037 4.1529, 0.8533 -0.3257 4.1902, 0.913 -0.0027 4.2015, 0.8865 -0.2208 4.194, 0.8419 -0.0026 4.1605, 0.9066 0.1073 4.2053, 0.9785 0.1051 4.2456, 0.8872 0.2157 4.2091, 0.836 0.0988 4.1643, 0.8182 0.1988 4.168, 0.8551 0.321 4.2129, 0.7885 0.2958 4.1718, 0.8103 0.4214 4.2167, 0.7535 0.5156 4.2204, 0.7473 0.3885 4.1756, 0.6949 0.4754 4.1794, 0.6858 0.6024 4.2242, 0.6324 0.5555 4.1832, 0.6082 0.6807 4.228, 0.5609 0.6276 4.1869, 0.4813 0.6908 4.1907, 0.7869 -0.3004 4.1492, 0.7504 -0.52 4.1826, 0.6293 -0.5596 4.1378, 0.4239 -0.8091 4.1675, 0.1012 -0.8362 4.1152, 0.2181 -0.8867 4.16, -0.4779 -0.6938 4.0925, -0.8181 0.1989 4.0547, -0.6324 0.5557 4.0395, -0.4813 0.6907 4.0321, -0.7002 0.6914 4.1195, -0.752 0.6349 4.122, -0.8414 0.5105 4.1269, -0.8785 0.4434 4.1292, -0.9367 0.3016 4.1341, -0.9574 0.2277 4.1365, -0.9842 -0.0002 4.1441, -0.977 -0.1187 4.1478, -0.9553 -0.2355 4.1516, -0.9197 -0.3489 4.1554, -0.871 -0.4574 4.1592, -0.8098 -0.5593 4.1629, -0.7368 -0.6529 4.1667, -0.6528 -0.7368 4.1705, -0.5591 -0.8099 4.1742, -0.4572 -0.8713 4.178, -0.3488 -0.9202 4.1818, -0.2355 -0.9558 4.1856, -0.1187 -0.9774 4.1894, -0.0001 -0.9845 4.1931, 0.1185 -0.977 4.1969, 0.2355 -0.9555 4.2007, 0.3491 -0.9203 4.2044, 0.4575 -0.8718 4.2083, 0.5592 -0.8104 4.2121, 0.6526 -0.737 4.2158, 0.7365 -0.6528 4.2195, 0.8099 -0.5591 4.2233, 0.8717 -0.4575 4.2271, 0.9207 -0.3493 4.2309, 0.9559 -0.2359 4.2347, 0.9771 -0.1189 4.2384, 0.9841 -0.0002 4.2427, 0.9618 0.2092 4.2489, 0.9342 0.3109 4.2523, 0.8956 0.4089 4.2557, 0.8465 0.5021 4.259, 0.7877 0.5896 4.2624, 0.72 0.6705 4.2658, -0.6126 0.5778 4.2354, -0.6085 0.6807 4.2737, -0.5633 0.6258 4.2329, -0.6984 0.4706 4.2404, -0.7344 0.412 4.243, -0.7538 0.516 4.2813, -0.8124 0.2215 4.2508, -0.8548 0.3208 4.2889, -0.7917 0.2871 4.2483, -0.7657 0.3508 4.2457, -0.9135 -0.0028 4.3002, -0.9069 0.1071 4.2964, -0.8422 0.0179 4.2583, -0.8279 0.1545 4.2533, -0.8378 0.0865 4.2559, -0.853 -0.3257 4.3115, -0.9035 -0.3903 4.3534, -0.9322 -0.3154 4.3508, -0.9066 -0.1125 4.304, -0.8409 -0.0509 4.2609, -0.8339 -0.1193 4.2635, -0.78 -0.3179 4.2713, -0.8076 -0.4261 4.3153, -0.7823 -0.5974 4.3612, -0.7507 -0.5204 4.3191, -0.6829 -0.6071 4.3229, -0.718 -0.4405 4.2763, -0.518 -0.7522 4.3304, -0.5388 -0.6476 4.2865, -0.4842 -0.6894 4.2892, -0.6049 -0.6846 4.3267, -0.5899 -0.6016 4.2839, -0.3026 -0.7862 4.2969, -0.3231 -0.8542 4.338, -0.3657 -0.7589 4.2943, -0.4263 -0.7265 4.2918, -0.4236 -0.809 4.3342, -0.1708 -0.8251 4.3019, -0.1099 -0.9071 4.3456, -0.2181 -0.8872 4.3418, -0.2374 -0.8083 4.2993, -0.0001 -0.9136 4.3493, 0.0343 -0.8416 4.3096, 0.1098 -0.9066 4.3531, -0.0344 -0.8419 4.307, 0.3026 -0.7861 4.3198, 0.3235 -0.8542 4.3606, 0.2374 -0.8083 4.3173, 0.2182 -0.8867 4.3569, 0.1707 -0.825 4.3148, 0.424 -0.8094 4.3644, 0.4266 -0.727 4.3249, 0.5182 -0.7526 4.3682, 0.3657 -0.7589 4.3224, 0.6825 -0.6066 4.3758, 0.6047 -0.6846 4.372, 0.5896 -0.6012 4.3326, 0.5387 -0.6476 4.33, 0.7179 -0.4404 4.3404, 0.7511 -0.3802 4.3429, 0.808 -0.426 4.3833, 0.6798 -0.4976 4.3378, 0.6369 -0.5515 4.3352, 0.8536 -0.3258 4.3871, 0.8032 -0.2532 4.3479, 0.8864 -0.2208 4.3909, 0.7805 -0.3183 4.3454, 0.8214 -0.1869 4.3504, 0.9062 -0.1126 4.3946, 0.8327 -0.1191 4.3531, 0.8399 -0.0508 4.3557, 0.9067 0.1074 4.4022, 0.913 -0.0026 4.3984, 0.8422 0.0179 4.3583, 0.8376 0.0865 4.3608, 0.8875 0.2158 4.406, 0.8271 0.1544 4.3633, 0.8125 0.2216 4.3658, 0.8553 0.321 4.4098, 0.7916 0.2871 4.3683, 0.7657 0.3507 4.3709, 0.8103 0.4214 4.4135, 0.7345 0.412 4.3735, 0.6984 0.4705 4.3761, 0.7534 0.5157 4.4173, 0.6857 0.6026 4.4211, 0.6577 0.5259 4.3788, 0.6126 0.5778 4.3813, 0.6082 0.6809 4.4249, 0.5632 0.6256 4.3839, 0.5105 0.6697 4.3863, 0.4542 0.7092 4.3888, 0.7506 -0.52 4.3795, 0.4844 -0.6896 4.3274, 0.1029 -0.836 4.3122, -0.1029 -0.8364 4.3044, -0.102 -0.9796 4.3867, -0.1813 -0.968 4.3842, -0.41 -0.8948 4.3764, -0.3358 -0.9252 4.3791, -0.8033 -0.2532 4.2687, -0.8862 -0.2207 4.3078, -0.675 -0.7164 4.3663, -0.6797 -0.4977 4.2789, -0.637 -0.5515 4.2814, -0.7515 -0.3805 4.2739, -0.8282 -0.5317 4.3586, -0.8872 0.2155 4.2926, -0.8213 -0.1869 4.2661, -0.971 -0.16 4.3458, -0.9809 -0.0802 4.3434, -0.9842 -0.0002 4.3409, -0.7876 0.59 4.3208, -0.6862 0.6028 4.2775, -0.8101 0.4215 4.2851, -0.9333 0.3106 4.3308, -0.6577 0.526 4.2379, -0.5104 0.6696 4.2304, -0.454 0.7091 4.2278, -0.7201 0.6708 4.3173, -0.846 0.5023 4.3241, -0.8947 0.4088 4.3274, -0.9614 0.2089 4.3341, -0.9785 0.1049 4.3375, -0.9548 -0.2384 4.3483, -0.8686 -0.4625 4.356, -0.7311 -0.659 4.3638, -0.6144 -0.7689 4.3688, -0.5497 -0.8163 4.3713, -0.4815 -0.8584 4.3738, -0.2595 -0.95 4.3816, -0.022 -0.9839 4.3892, -0.5918 0.5998 4.4313, -0.6814 0.6084 4.4741, -0.6049 0.6841 4.4704, -0.7481 0.524 4.4778, -0.6962 0.4747 4.4374, -0.8043 0.4322 4.4815, -0.8027 0.2552 4.4465, -0.8495 0.3344 4.4852, -0.7743 0.3316 4.4435, -0.8427 0.0145 4.4556, -0.9134 0.0192 4.4963, -0.8373 0.0959 4.4525, -0.9046 0.1265 4.4926, -0.8238 0.1763 4.4495, -0.8294 -0.148 4.4616, -0.8922 -0.1946 4.5037, -0.9092 -0.0883 4.5, -0.84 -0.0671 4.4586, -0.7845 -0.3049 4.4676, -0.822 -0.398 4.5111, -0.863 -0.2983 4.5074, -0.6651 -0.5174 4.4767, -0.7697 -0.4921 4.5148, -0.712 -0.4506 4.4736, -0.7521 -0.3795 4.4706, -0.6119 -0.5793 4.4797, -0.5529 -0.6356 4.4827, -0.6335 -0.6582 4.5222, -0.5515 -0.7279 4.5259, -0.4618 -0.7877 4.5296, -0.42 -0.73 4.4887, -0.3659 -0.8368 4.5333, -0.4887 -0.686 4.4858, -0.3474 -0.7673 4.4918, -0.2716 -0.7976 4.4948, -0.265 -0.8744 4.5369, -0.1605 -0.8996 4.5406, -0.1932 -0.8203 4.4979, -0.113 -0.8351 4.5009, -0.0536 -0.912 4.5443, -0.0317 -0.842 4.504, 0.054 -0.9118 4.5481, 0.0498 -0.841 4.5071, -0.7067 -0.5793 4.5185, -0.811 -0.2275 4.4646, -0.8831 0.232 4.4889, -0.7387 0.405 4.4404, -0.6471 0.5399 4.4343, -0.5308 0.6541 4.4282, -0.4649 0.7022 4.4252, 0.4819 0.6903 3.9607, 0.469 0.689 3.9711, 0.5554 0.6213 3.967, 0.562 0.6266 3.9569, 0.634 0.5539 3.9531, 0.6323 0.5431 3.9629, 0.6984 0.4556 3.9588, 0.6968 0.4732 3.9493, 0.6324 0.5431 3.9761, 0.6984 0.4556 3.972, 0.8368 0.093 3.9341, 0.8193 0.1938 3.9379, 0.8195 0.1518 3.9464, 0.7926 0.2582 3.9505, 0.79 0.2918 3.9417, 0.7522 0.3601 3.9546, 0.8154 -0.1753 3.934, 0.7852 -0.2807 3.9299, 0.8155 -0.2114 3.9227, 0.8325 0.0428 3.9555, 0.8313 -0.0669 3.9513, 0.8325 0.0428 3.9423, 0.6864 -0.488 3.9112, 0.6848 -0.4754 3.9216, 0.6167 -0.5614 3.9175, 0.7852 -0.2807 3.9431, 0.7413 -0.3813 3.939, 0.4496 -0.7024 3.9093, 0.3792 -0.752 3.896, 0.4676 -0.7007 3.8999, 0.6168 -0.5614 3.9307, 0.538 -0.6376 3.9266, 0.187 -0.8214 3.8884, 0.1446 -0.8213 3.8969, 0.0862 -0.8382 3.8846, 0.2851 -0.7924 3.8922, 0.3534 -0.7551 3.9051, 0.2511 -0.795 3.901, -0.2179 -0.8134 3.8732, -0.1178 -0.834 3.8771, -0.1822 -0.8136 3.8845, -0.0739 -0.8308 3.8886, -0.0159 -0.8423 3.8809, 0.0356 -0.8335 3.8928, -0.315 -0.7811 3.8693, -0.3879 -0.7382 3.8763, -0.4074 -0.7374 3.8655, -0.2875 -0.7825 3.8804, -0.7552 -0.373 3.8465, -0.7043 -0.4618 3.8503, -0.706 -0.4433 3.8598, -0.5666 -0.6121 3.868, -0.5728 -0.6181 3.8579, -0.4938 -0.6829 3.8617, -0.8226 -0.1376 3.8474, -0.8231 -0.1805 3.8389, -0.7974 -0.2443 3.8515, -0.7582 -0.3467 3.8556, -0.795 -0.2788 3.8427, -0.8387 -0.0795 3.835, -0.8333 -0.0285 3.8433, -0.8419 0.0227 3.8312, -0.8295 0.0811 3.8391, -0.8117 0.1895 3.8482, -0.8295 0.0811 3.8524, -0.8328 0.1246 3.8274, -0.8117 0.1895 3.835, -0.8116 0.2248 3.8236, -0.78 0.2945 3.8309, -0.7348 0.3943 3.8268, -0.7787 0.3215 3.8198, -0.7801 0.2945 3.8441, -0.6766 0.4871 3.8226, -0.7341 0.4134 3.816, -0.6767 0.4872 3.8359, -0.7349 0.3943 3.84, -0.6067 0.5716 3.8316, -0.6786 0.4991 3.8122, -0.6067 0.5716 3.8185, -0.6129 0.5775 3.8084, -0.8333 -0.0285 3.8565, -0.8227 -0.1376 3.8606, -0.7974 -0.2443 3.8647, -0.6418 -0.5323 3.8639, -0.6432 -0.544 3.8541, -0.7582 -0.3467 3.8688, -0.706 -0.4433 3.873, -0.6418 -0.5323 3.8771, -0.5667 -0.6121 3.8812, -0.4815 -0.6811 3.8721, -0.4815 -0.6812 3.8853, -0.2875 -0.7826 3.8936, -0.3879 -0.7382 3.8895, -0.1822 -0.8137 3.8977, 0.0356 -0.8335 3.906, -0.0739 -0.8309 3.9018, 0.1446 -0.8214 3.9101, 0.6224 -0.5678 3.9074, 0.5379 -0.6376 3.9134, 0.5492 -0.6391 3.9036, 0.3534 -0.7552 3.9183, 0.2511 -0.795 3.9142, 0.4496 -0.7025 3.9225, 0.8351 -0.1111 3.9265, 0.7404 -0.4011 3.915, 0.7413 -0.3813 3.9258, 0.7837 -0.3085 3.9188, 0.8155 -0.1753 3.9472, 0.8312 -0.0669 3.9381, 0.469 0.689 3.9843, 0.8422 -0.0092 3.9303, 0.7927 0.2582 3.9637, 0.8196 0.1518 3.9596, 0.749 0.3854 3.9455, 0.7522 0.3601 3.9678, 0.5554 0.6214 3.9802, 0.6849 -0.4754 3.9348, 0.4813 0.6908 4.1577, 0.4682 0.6897 4.168, 0.5539 0.6227 4.1639, 0.6303 0.5452 4.1598, 0.5609 0.6276 4.1539, 0.6962 0.4586 4.1558, 0.6949 0.4754 4.1463, 0.6324 0.5555 4.1501, 0.8182 0.1988 4.135, 0.791 0.2636 4.1476, 0.8184 0.1584 4.1435, 0.7885 0.2958 4.1388, 0.7473 0.3885 4.1426, 0.7502 0.3643 4.1517, 0.8173 -0.1662 4.1312, 0.8358 -0.1039 4.1236, 0.8317 -0.0584 4.1353, 0.832 0.0504 4.1394, 0.8419 -0.0026 4.1274, 0.836 0.0988 4.1312, 0.7466 -0.3712 4.123, 0.6917 -0.4652 4.119, 0.7448 -0.3928 4.1123, 0.8175 -0.2037 4.1199, 0.7888 -0.271 4.1271, 0.7869 -0.3004 4.1161, 0.6293 -0.5596 4.1047, 0.5485 -0.6283 4.1108, 0.5577 -0.6315 4.101, 0.6917 -0.4652 4.132, 0.6254 -0.5514 4.128, 0.2673 -0.7897 4.0985, 0.298 -0.7876 4.0896, 0.3679 -0.7484 4.1026, 0.4623 -0.6944 4.1067, 0.3908 -0.7462 4.0934, 0.4778 -0.694 4.0972, 0.0543 -0.8323 4.0903, -0.0543 -0.8325 4.0862, -0.0 -0.8426 4.0783, 0.201 -0.8178 4.0858, 0.1621 -0.8178 4.0944, 0.1012 -0.8362 4.082, -0.2981 -0.7876 4.0669, -0.2671 -0.7898 4.0781, -0.3677 -0.7482 4.074, -0.2011 -0.8179 4.0707, -0.1013 -0.8365 4.0745, -0.162 -0.8181 4.0822, -0.6255 -0.5517 4.0617, -0.5579 -0.6314 4.0556, -0.5486 -0.6284 4.0658, -0.4621 -0.6942 4.0699, -0.4779 -0.6938 4.0594, -0.3908 -0.746 4.0631, -0.6917 -0.4654 4.0576, -0.7463 -0.3713 4.0535, -0.7448 -0.3928 4.0443, -0.6296 -0.5596 4.0519, -0.8174 -0.2036 4.0367, -0.8173 -0.1661 4.0453, -0.836 -0.1038 4.033, -0.7868 -0.3003 4.0405, -0.7885 -0.271 4.0494, -0.832 -0.0585 4.0413, -0.8322 0.0502 4.0372, -0.8421 -0.0025 4.0292, -0.8183 0.1581 4.0331, -0.8181 0.1989 4.0216, -0.8361 0.0989 4.0254, -0.7884 0.296 4.0178, -0.7908 0.2634 4.029, -0.7472 0.3888 4.014, -0.75 0.3643 4.0249, -0.6964 0.4587 4.0208, -0.6306 0.5453 4.0167, -0.6949 0.4757 4.0103, -0.6964 0.4587 4.0339, -0.6306 0.5453 4.0298, -0.5541 0.6225 4.0126, -0.6324 0.5557 4.0066, -0.4682 0.6894 4.0085, -0.4813 0.6906 3.9989, -0.5608 0.6277 4.0027, -0.5541 0.6225 4.0257, -0.6921 -0.4796 4.0481, -0.5486 -0.6284 4.0789, -0.4621 -0.6942 4.083, 0.6254 -0.5514 4.1149, 0.692 -0.4796 4.1085, 0.4682 0.6897 4.1811, 0.5539 0.6227 4.177, -0.4682 0.6894 4.0216, -0.75 0.3643 4.038, -0.7908 0.2634 4.0421, -0.8183 0.1581 4.0462, -0.8322 0.0502 4.0503, -0.832 -0.0585 4.0544, -0.8173 -0.1661 4.0584, -0.7885 -0.271 4.0625, -0.7463 -0.3713 4.0666, -0.6917 -0.4654 4.0707, -0.6255 -0.5517 4.0748, -0.3676 -0.7482 4.0871, -0.2671 -0.7898 4.0912, -0.162 -0.8181 4.0952, -0.0543 -0.8325 4.0993, 0.0543 -0.8323 4.1034, 0.1621 -0.8178 4.1075, 0.2673 -0.7897 4.1116, 0.3679 -0.7484 4.1157, 0.4623 -0.6944 4.1198, 0.5485 -0.6283 4.1239, 0.7466 -0.3712 4.1361, 0.7888 -0.271 4.1402, 0.8173 -0.1662 4.1443, 0.8317 -0.0584 4.1484, 0.832 0.0504 4.1525, 0.8184 0.1584 4.1566, 0.791 0.2636 4.1607, 0.7502 0.3643 4.1648, 0.6962 0.4586 4.1689, 0.6303 0.5452 4.1729, 0.4813 0.6909 4.3545, 0.4683 0.6899 4.3648, 0.5539 0.6229 4.3608, 0.5608 0.6278 4.3508, 0.6323 0.5555 4.347, 0.6302 0.5453 4.3567, 0.6302 0.5453 4.3699, 0.696 0.4586 4.3658, 0.696 0.4586 4.3526, 0.6948 0.4754 4.3432, 0.836 0.0989 4.3281, 0.8183 0.1988 4.3319, 0.8185 0.1585 4.3403, 0.7912 0.2637 4.3444, 0.7886 0.2959 4.3356, 0.7501 0.3643 4.3485, 0.8172 -0.1661 4.3281, 0.8174 -0.2037 4.3167, 0.8357 -0.1039 4.3205, 0.832 0.0505 4.3362, 0.8315 -0.0583 4.3321, 0.8418 -0.0025 4.3243, 0.692 -0.4796 4.3054, 0.6919 -0.4651 4.3158, 0.6254 -0.5513 4.3117, 0.7889 -0.271 4.324, 0.787 -0.3005 4.313, 0.4622 -0.6944 4.3035, 0.4777 -0.694 4.2941, 0.5484 -0.6282 4.3076, 0.6293 -0.5595 4.3016, 0.2674 -0.7898 4.3085, 0.1622 -0.8178 4.3045, 0.2674 -0.7898 4.2954, 0.3908 -0.7463 4.2903, 0.368 -0.7485 4.2995, 0.2981 -0.7876 4.2865, -0.2011 -0.8179 4.2677, -0.1013 -0.8365 4.2714, -0.1621 -0.8183 4.279, -0.0544 -0.8324 4.2831, -0.0 -0.8425 4.2751, 0.0544 -0.8321 4.2872, -0.298 -0.7876 4.2639, -0.3676 -0.7483 4.2708, -0.3907 -0.7459 4.26, -0.267 -0.79 4.2749, -0.6919 -0.4656 4.2677, -0.6256 -0.5517 4.2585, -0.6257 -0.5518 4.2717, -0.5486 -0.6283 4.2758, -0.4619 -0.6941 4.2667, -0.462 -0.6941 4.2799, -0.832 -0.0584 4.2381, -0.8361 -0.1038 4.2297, -0.8171 -0.1661 4.2422, -0.7463 -0.3714 4.2504, -0.7883 -0.271 4.2463, -0.7867 -0.3004 4.2372, -0.832 -0.0584 4.2513, -0.8324 0.0502 4.2472, -0.8173 -0.2036 4.2335, -0.7907 0.2633 4.2258, -0.8183 0.1988 4.2183, -0.8184 0.1581 4.2299, -0.8324 0.0502 4.234, -0.8365 0.0988 4.2221, -0.7884 0.2959 4.2145, -0.7499 0.3642 4.2217, -0.6963 0.4588 4.2176, -0.7472 0.3888 4.2108, -0.7908 0.2634 4.239, -0.7499 0.3642 4.2349, -0.6307 0.5454 4.2136, -0.6952 0.4759 4.207, -0.6329 0.556 4.2032, -0.5542 0.6226 4.2095, -0.6308 0.5454 4.2268, -0.6964 0.4588 4.2309, -0.5612 0.6279 4.1994, -0.4815 0.6907 4.1956, -0.5542 0.6226 4.2227, -0.4682 0.6894 4.2186, -0.4682 0.6894 4.2054, -0.8184 0.1581 4.2431, -0.7449 -0.393 4.241, -0.6918 -0.4656 4.2545, -0.8425 -0.0025 4.2259, -0.6924 -0.4799 4.2448, -0.7884 -0.271 4.2595, -0.8172 -0.1661 4.2554, -0.6298 -0.5598 4.2486, -0.4778 -0.6937 4.2562, -0.5485 -0.6283 4.2626, -0.558 -0.6313 4.2524, 0.1012 -0.8361 4.2789, 0.1622 -0.8178 4.2913, -0.2671 -0.79 4.2881, -0.3676 -0.7483 4.284, -0.1621 -0.8183 4.2922, -0.0544 -0.8324 4.2963, 0.0544 -0.8321 4.3004, 0.5484 -0.6282 4.3208, 0.4623 -0.6945 4.3167, 0.2011 -0.8177 4.2827, 0.368 -0.7486 4.3126, 0.7467 -0.3712 4.3199, 0.5576 -0.6314 4.2978, 0.7449 -0.3928 4.3092, 0.6919 -0.4651 4.329, 0.6254 -0.5513 4.3249, 0.7468 -0.3712 4.3331, 0.8172 -0.1661 4.3413, 0.7889 -0.271 4.3372, 0.8316 -0.0583 4.3454, 0.832 0.0505 4.3495, 0.8185 0.1585 4.3535, 0.5539 0.6229 4.374, 0.7501 0.3643 4.3617, 0.7912 0.2637 4.3576, 0.7472 0.3885 4.3394, 0.4683 0.6899 4.3781, -0.7463 -0.3714 4.2636, -0.4681 0.6896 4.4155, -0.7836 0.3085 4.4108, -0.7492 0.3652 4.4185, -0.7419 0.3987 4.4071, -0.5539 0.6231 4.4196, -0.69 0.4834 4.4035, -0.6303 0.5461 4.4104, -0.6285 0.5612 4.3998, -0.5539 0.6231 4.4063, -0.558 0.6311 4.3961, -0.6957 0.4596 4.4145, -0.8146 0.2141 4.4145, -0.8182 0.1598 4.4267, -0.7903 0.2647 4.4226, -0.8321 -0.0562 4.4482, -0.8175 -0.1637 4.4389, -0.8175 -0.1637 4.4522, -0.8324 0.0522 4.4308, -0.8344 0.1167 4.4182, -0.8425 0.0178 4.4219, -0.796 -0.2752 4.433, -0.7891 -0.2685 4.443, -0.823 -0.1795 4.4293, -0.8386 -0.0814 4.4256, -0.6519 -0.5342 4.4441, -0.6937 -0.4631 4.4512, -0.71 -0.4538 4.4404, -0.6938 -0.4631 4.4645, -0.7477 -0.3689 4.4604, -0.465 -0.6919 4.4634, -0.465 -0.692 4.4767, -0.5511 -0.6258 4.4726, -0.5088 -0.6714 4.4515, -0.5511 -0.6258 4.4593, -0.5844 -0.607 4.4478, -0.4261 -0.7266 4.4552, -0.3711 -0.7466 4.4675, -0.3376 -0.7719 4.4589, -0.2711 -0.7887 4.4716, -0.1666 -0.8174 4.4757, -0.2445 -0.8065 4.4626, -0.1666 -0.8175 4.4889, -0.2711 -0.7888 4.4849, -0.0592 -0.832 4.4798, -0.1481 -0.8298 4.4663, -0.0495 -0.8412 4.47, 0.0493 -0.8323 4.4838, -0.0592 -0.832 4.493, 0.0493 -0.8323 4.497, -0.7477 -0.3689 4.4471, -0.6279 -0.5492 4.4553, -0.7582 -0.367 4.4367, -0.8321 -0.0562 4.4348, -0.8183 0.1598 4.44, -0.7904 0.2647 4.4359, -0.6303 0.5461 4.4237, -0.6957 0.4596 4.4278, -0.4681 0.6895 4.4022, -0.4797 0.6921 4.3924, -0.7493 0.3652 4.4318, -0.8324 0.0522 4.4441, -0.7892 -0.2686 4.4563, -0.6279 -0.5492 4.4685, -0.3711 -0.7466 4.4808, 0.6094 0.6795 3.9159, 0.7303 0.6596 3.8718, 0.7555 0.5132 3.9083, 0.8122 0.418 3.9045, 0.8685 0.4629 3.8641, 0.8884 0.2103 3.8969, 0.9548 0.2384 3.8564, 0.8566 0.3165 3.9007, 0.9185 0.3533 3.8603, 0.9055 -0.1204 3.8855, 0.977 -0.1188 3.845, 0.9131 -0.0098 3.8893, 0.9073 0.1009 3.8931, 0.9842 -0.0002 3.8486, 0.9768 0.12 3.8526, 0.8498 -0.3344 3.8779, 0.8028 -0.4349 3.8741, 0.8715 -0.4576 3.8336, 0.9556 -0.2357 3.8412, 0.8843 -0.2291 3.8817, 0.9203 -0.3492 3.8374, 0.6526 -0.7369 3.8223, 0.6748 -0.6156 3.8664, 0.5955 -0.6929 3.8626, 0.81 -0.5593 3.8298, 0.7442 -0.5291 3.8703, 0.3093 -0.8591 3.8512, 0.349 -0.9205 3.8109, 0.4113 -0.8154 3.855, 0.5072 -0.7598 3.8588, 0.4574 -0.8717 3.8147, 0.5591 -0.8102 3.8185, 0.0935 -0.9088 3.8436, -0.0171 -0.9135 3.8398, 0.0 -0.9844 3.7996, 0.1186 -0.9773 3.8033, 0.2029 -0.8905 3.8474, -0.2362 -0.8821 3.8322, -0.349 -0.9205 3.7882, -0.2355 -0.9558 3.792, -0.1186 -0.9772 3.7958, -0.5591 -0.8102 3.7806, -0.5354 -0.7403 3.8208, -0.6527 -0.7369 3.7768, -0.4416 -0.7995 3.8246, -0.7635 -0.5007 3.8094, -0.8186 -0.4044 3.8056, -0.8715 -0.4576 3.7655, -0.7367 -0.6529 3.7731, -0.621 -0.6701 3.817, -0.9203 -0.3492 3.7617, -0.8619 -0.3023 3.8017, -0.9093 -0.0863 3.7941, -0.977 -0.1188 3.7541, -0.8923 -0.1958 3.7979, -0.9556 -0.2357 3.7579, -0.9841 -0.0002 3.7501, -0.9127 0.0245 3.7903, -0.9028 0.135 3.7865, -0.9813 0.0741 3.7479, -0.9589 0.221 3.7431, -0.9728 0.148 3.7455, -0.8799 0.2435 3.7827, -0.939 0.2927 3.7408, -0.8442 0.3485 3.7789, -0.9147 0.3629 3.7385, -0.8849 0.4312 3.7362, -0.7959 0.4481 3.7751, -0.8498 0.4968 3.7338, -0.7356 0.541 3.7713, -0.81 0.5596 3.7315, -0.6646 0.6262 3.7675, -0.765 0.6186 3.7291, -0.7162 0.6748 3.7264, -0.81 -0.5593 3.7693, -0.6973 -0.5897 3.8132, -0.3414 -0.8469 3.8284, -0.4574 -0.8717 3.7844, 0.2355 -0.9558 3.8071, -0.1275 -0.9045 3.836, 0.7367 -0.6529 3.8261, 0.8054 0.5654 3.8679, 0.6875 0.6007 3.9121, -0.6083 0.6805 3.9617, -0.8548 0.3208 3.9768, -0.686 0.6025 3.9655, -0.8871 0.2155 3.9806, -0.9067 0.1071 3.9844, -0.8103 0.4214 3.973, -0.7538 0.5158 3.9692, -0.9066 -0.1126 3.9919, -0.9133 -0.0028 3.9881, -0.8075 -0.426 4.0032, -0.853 -0.3257 3.9995, -0.8863 -0.2207 3.9957, -0.6827 -0.607 4.0108, -0.6049 -0.6847 4.0146, -0.7505 -0.5203 4.007, -0.3231 -0.854 4.0259, -0.4236 -0.8089 4.0221, -0.5181 -0.7523 4.0184, -0.0 -0.9136 4.0373, -0.1098 -0.907 4.0335, -0.218 -0.8869 4.0297, 0.3233 -0.854 4.0486, 0.2181 -0.8867 4.0448, 0.1098 -0.9067 4.041, 0.6048 -0.6847 4.0599, 0.5182 -0.7525 4.0562, 0.4239 -0.8091 4.0524, 0.8077 -0.4259 4.0713, 0.8533 -0.3257 4.075, 0.6825 -0.6067 4.0637, 0.7504 -0.52 4.0675, 0.8865 -0.2208 4.0788, 0.9063 -0.1126 4.0826, 0.913 -0.0027 4.0864, 0.9066 0.1073 4.0902, 0.8872 0.2157 4.0939, 0.8551 0.321 4.0977, 0.8103 0.4214 4.1015, 0.7535 0.5156 4.1053, 0.6858 0.6024 4.1091, 0.6082 0.6807 4.1128, -0.6807 0.7105 3.9217, -0.6084 0.6806 4.1585, -0.8101 0.4214 4.1699, -0.8547 0.3207 4.1736, -0.6862 0.6027 4.1623, -0.9069 0.1071 4.1812, -0.9065 -0.1125 4.1888, -0.9135 -0.0028 4.185, -0.8075 -0.4261 4.2001, -0.8529 -0.3257 4.1963, -0.8861 -0.2207 4.1925, -0.6828 -0.607 4.2076, -0.6049 -0.6846 4.2114, -0.7506 -0.5204 4.2039, -0.3231 -0.8542 4.2228, -0.4235 -0.8089 4.219, -0.5179 -0.7521 4.2152, -0.0 -0.9135 4.2341, -0.1099 -0.9071 4.2303, -0.218 -0.8871 4.2265, 0.3234 -0.8541 4.2454, 0.2182 -0.8866 4.2417, 0.1098 -0.9066 4.2379, 0.6047 -0.6845 4.2568, 0.5181 -0.7525 4.253, 0.424 -0.8093 4.2492, 0.8079 -0.4259 4.2681, 0.6825 -0.6066 4.2606, 0.7506 -0.5199 4.2643, 0.8864 -0.2208 4.2757, 0.8535 -0.3258 4.2719, 0.9062 -0.1126 4.2795, 0.9129 -0.0026 4.2832, 0.9066 0.1074 4.287, 0.8874 0.2158 4.2908, 0.8552 0.321 4.2946, 0.8102 0.4214 4.2983, 0.7533 0.5156 4.3021, 0.6856 0.6025 4.3059, 0.6082 0.6809 4.3097, -0.8871 0.2154 4.1774, -0.7537 0.5159 4.1661, -0.605 0.6842 4.3551, -0.8496 0.3344 4.3699, -0.6815 0.6084 4.3588, -0.9047 0.1265 4.3773, -0.7482 0.524 4.3625, -0.9093 -0.0883 4.3846, -0.8923 -0.1946 4.3883, -0.9135 0.0192 4.3809, -0.7698 -0.4921 4.3995, -0.822 -0.398 4.3958, -0.863 -0.2983 4.392, -0.5515 -0.728 4.4105, -0.6336 -0.6582 4.4069, -0.3659 -0.8369 4.4179, -0.4619 -0.7878 4.4142, -0.1605 -0.8997 4.4253, -0.265 -0.8745 4.4216, -0.0536 -0.9121 4.429, -0.7067 -0.5793 4.4032, -0.8044 0.4322 4.3662, -0.8832 0.232 4.3736, -0.6889 0.6693 3.5158, -0.8686 0.4628 3.538, -0.8053 0.5653 3.5342, -0.8066 0.4993 3.5158, -0.9077 0.2067 3.5158, -0.9549 0.2385 3.5457, -0.885 0.3078 3.5158, -0.7302 0.6595 3.5304, -0.8833 -0.2038 3.5158, -0.8484 -0.3014 3.5158, -0.9444 -0.2775 3.5624, -0.9187 0.0 3.5158, -0.9068 -0.1029 3.5158, -0.9817 -0.0704 3.5556, -0.6214 -0.6695 3.5383, -0.698 -0.5892 3.5345, -0.6048 -0.6325 3.5158, -0.5358 -0.7399 3.5421, -0.432 -0.7461 3.5158, -0.4421 -0.7994 3.546, -0.5218 -0.6946 3.5158, -0.2369 -0.8823 3.5536, -0.1346 -0.8317 3.5158, -0.1282 -0.9045 3.5574, -0.342 -0.847 3.5498, -0.2773 -0.9444 3.5936, 0.14 -0.9743 3.6071, 0.0702 -0.9819 3.6049, 0.0932 -0.9088 3.565, -0.0176 -0.9133 3.5612, -0.0321 -0.8418 3.5198, 0.2772 -0.9446 3.6115, 0.2026 -0.8908 3.5688, 0.309 -0.8596 3.5726, 0.4109 -0.8158 3.5764, 0.3672 -0.7582 3.535, 0.272 -0.7974 3.5311, 0.5068 -0.7601 3.5802, 0.4719 -0.8645 3.6182, 0.457 -0.7077 3.539, 0.5399 -0.6466 3.5428, 0.5951 -0.693 3.584, 0.5899 -0.7883 3.6227, 0.6148 -0.5759 3.5465, 0.6747 -0.6157 3.5878, 0.6805 -0.4966 3.5503, 0.736 -0.4098 3.5541, 0.7444 -0.5295 3.5916, 0.803 -0.4353 3.5954, 0.8282 -0.5323 3.6339, 0.7879 -0.5899 3.6316, 0.8841 -0.2293 3.603, 0.8339 -0.1184 3.5657, 0.9054 -0.1205 3.6069, 0.7804 -0.3169 3.558, 0.8132 -0.2192 3.5619, 0.8498 -0.3348 3.5992, 0.9616 -0.2094 3.645, 0.9443 -0.2775 3.6428, 0.8421 -0.0157 3.5695, 0.9133 -0.0099 3.6107, 0.9077 0.1009 3.6145, 0.8208 0.1888 3.5771, 0.8888 0.2102 3.6183, 0.8377 0.0872 3.5732, 0.8567 0.3164 3.6221, 0.7915 0.2876 3.5811, 0.7504 0.382 3.5849, 0.812 0.4179 3.6259, 0.7554 0.5132 3.6297, 0.6982 0.4708 3.5887, 0.6876 0.601 3.6335, 0.6356 0.5526 3.5924, 0.6096 0.6799 3.6373, 0.5633 0.626 3.5963, 0.4826 0.69 3.6002, 0.1727 -0.8246 3.5273, 0.0708 -0.8395 3.5236, -0.237 -0.8154 3.5158, -0.2092 -0.9619 3.5959, -0.3366 -0.7866 3.5158, -0.5323 -0.8283 3.5846, -0.6448 -0.7443 3.5801, -0.6798 -0.5609 3.5158, -0.7643 -0.5003 3.5307, -0.7459 -0.4811 3.5158, -0.7439 -0.6448 3.5757, -0.7879 -0.59 3.5735, -0.8023 -0.3942 3.5158, -0.8952 -0.409 3.5668, -0.9222 -0.3442 3.5646, -0.8637 -0.4718 3.569, -0.9742 -0.1403 3.5579, -0.9618 -0.2094 3.5602, -0.9768 0.1201 3.5495, -0.9842 -0.0002 3.5535, -0.919 0.1037 3.5158, -0.7523 0.5875 3.5158, -0.9187 0.3534 3.5419, -0.8511 0.4057 3.5158, -0.8279 -0.5323 3.5712, -0.6962 -0.6964 3.5779, -0.59 -0.7883 3.5824, -0.4718 -0.864 3.5869, -0.4089 -0.8954 3.5891, -0.3439 -0.9219 3.5914, -0.14 -0.9744 3.5982, -0.0702 -0.982 3.6004, -0.0 -0.9844 3.6026, 0.2091 -0.9619 3.6093, 0.3439 -0.9225 3.6137, 0.409 -0.8958 3.616, 0.5323 -0.8285 3.6205, 0.6444 -0.7439 3.6249, 0.6959 -0.6961 3.6272, 0.7437 -0.6445 3.6294, 0.864 -0.4719 3.6361, 0.8954 -0.4091 3.6383, 0.9223 -0.3442 3.6406, 0.974 -0.1402 3.6473, 0.9816 -0.0703 3.6496, 0.9842 -0.0002 3.6519, 0.9769 0.12 3.6557, 0.9548 0.2384 3.6596, 0.9184 0.3532 3.6634, 0.8683 0.4628 3.6672, 0.8053 0.5655 3.6711, 0.7303 0.6597 3.6749, -0.5641 0.6241 3.6424, -0.6122 0.6775 3.6832, -0.4831 0.6892 3.6384, -0.6909 0.5969 3.687, -0.6372 0.5506 3.6463, -0.7592 0.5073 3.6909, -0.7525 0.3782 3.6539, -0.8602 0.3064 3.6986, -0.8159 0.41 3.6948, -0.7001 0.468 3.6501, -0.8914 0.1982 3.7025, -0.7934 0.2827 3.6577, -0.8384 0.0802 3.6656, -0.9091 0.0869 3.7064, -0.8222 0.1829 3.6616, -0.8419 -0.0236 3.6695, -0.8326 -0.1271 3.6733, -0.9028 -0.1379 3.7141, -0.9129 -0.0257 3.7102, -0.8107 -0.2287 3.677, -0.7763 -0.3267 3.6808, -0.8418 -0.3543 3.7218, -0.8789 -0.248 3.718, -0.6566 -0.635 3.7334, -0.6728 -0.5065 3.6887, -0.6055 -0.5855 3.6926, -0.7297 -0.5493 3.7296, -0.7918 -0.4552 3.7257, -0.73 -0.4197 3.6848, -0.3528 -0.7651 3.7042, -0.3823 -0.8295 3.745, -0.4443 -0.7159 3.7002, -0.5289 -0.6557 3.6964, -0.4815 -0.7761 3.7412, -0.5734 -0.711 3.7373, -0.1552 -0.828 3.712, -0.0521 -0.8408 3.7158, -0.0563 -0.9117 3.7566, -0.2774 -0.8703 3.7489, -0.2559 -0.8026 3.7082, -0.1681 -0.8978 3.7528, 0.2773 -0.8702 3.7682, 0.1549 -0.828 3.7234, 0.2556 -0.8025 3.7273, 0.1681 -0.8978 3.7644, 0.0563 -0.9117 3.7605, 0.0518 -0.8409 3.7196, 0.5289 -0.6558 3.739, 0.5734 -0.7109 3.7798, 0.444 -0.7158 3.7352, 0.3525 -0.7649 3.7313, 0.4816 -0.7761 3.776, 0.3824 -0.8295 3.7721, 0.673 -0.5066 3.7467, 0.7918 -0.4552 3.7914, 0.7298 -0.5493 3.7876, 0.6056 -0.5857 3.7428, 0.6566 -0.6349 3.7837, 0.879 -0.248 3.7992, 0.8107 -0.2288 3.7584, 0.9028 -0.1379 3.803, 0.8418 -0.3543 3.7953, 0.7302 -0.4199 3.7507, 0.7763 -0.3268 3.7546, 0.8327 -0.1273 3.7621, 0.9128 -0.0257 3.8069, 0.8384 0.08 3.77, 0.9091 0.0869 3.8108, 0.842 -0.0238 3.766, 0.8914 0.1982 3.8146, 0.8221 0.1826 3.7739, 0.7934 0.2825 3.7777, 0.8602 0.3064 3.8185, 0.7526 0.378 3.7815, 0.8159 0.41 3.8224, 0.7592 0.5073 3.8262, 0.6989 0.467 3.7852, 0.6371 0.5503 3.7891, 0.6909 0.5969 3.8301, 0.4833 0.6895 3.7971, 0.6122 0.6774 3.834, 0.5644 0.6246 3.7931, -0.6811 0.7102 3.7249, -0.5925 0.6948 3.8792, -0.5464 0.6408 3.8384, -0.4734 0.6964 3.8349, 0.674 0.5741 3.534, 0.7046 0.4614 3.555, 0.7408 0.485 3.5301, 0.6397 0.6646 3.5158, 0.5967 0.6543 3.5379, 0.796 0.3882 3.5261, 0.7715 0.4807 3.5158, 0.84 0.0643 3.5393, 0.8736 0.165 3.5158, 0.8253 0.1691 3.5432, 0.8292 -0.1468 3.5314, 0.8741 -0.0531 3.5158, 0.8412 -0.0415 3.5354, 0.8806 0.0556 3.5158, 0.8221 -0.2612 3.5158, 0.8546 -0.1592 3.5158, 0.8042 -0.2497 3.5275, 0.7775 -0.3576 3.5158, 0.7666 -0.3488 3.5236, 0.7171 -0.4423 3.5197, 0.6559 -0.5286 3.5157, 0.7217 -0.4472 3.5158, 0.4851 0.6884 3.5668, 0.7973 0.2712 3.5471, 0.8531 0.2734 3.5158, 0.7115 0.5764 3.5158, 0.7568 0.3692 3.5511, 0.6414 0.5463 3.5589, 0.819 0.3792 3.5158, 0.5678 0.6223 3.5629, -0.4833 0.6896 3.6054, -0.612 0.6775 3.5683, -0.5644 0.6247 3.6092, -0.7526 0.378 3.6208, -0.8159 0.41 3.5799, -0.8603 0.3065 3.5837, -0.6907 0.5968 3.5721, -0.822 0.1827 3.6286, -0.8913 0.1983 3.5876, -0.9088 0.087 3.5915, -0.759 0.5072 3.576, -0.879 -0.2479 3.6031, -0.9126 -0.0257 3.5953, -0.9028 -0.1379 3.5992, -0.7295 -0.5491 3.6147, -0.8417 -0.3542 3.6069, -0.7916 -0.4551 3.6108, -0.7764 -0.3267 3.6479, -0.3823 -0.8292 3.6301, -0.6566 -0.6349 3.6185, -0.5735 -0.7109 3.6224, -0.0564 -0.9117 3.6417, -0.2773 -0.8701 3.634, 0.2773 -0.8701 3.6533, 0.168 -0.8975 3.6495, 0.5732 -0.7109 3.6649, 0.6563 -0.6348 3.6688, 0.4815 -0.7762 3.6611, 0.7918 -0.4553 3.6765, 0.7296 -0.5491 3.6727, 0.8788 -0.248 3.6843, 0.7761 -0.3266 3.7213, 0.8418 -0.3544 3.6804, 0.9025 -0.1378 3.6881, 0.9127 -0.0256 3.692, 0.9091 0.0869 3.6959, 0.8914 0.1981 3.6998, 0.86 0.3063 3.7036, 0.8157 0.4098 3.7075, 0.7591 0.5073 3.7113, 0.691 0.597 3.7152, 0.4832 0.6893 3.7638, 0.5644 0.6245 3.76, 0.6122 0.6774 3.7191, 0.529 -0.6557 3.7058, 0.3824 -0.8295 3.6572, 0.2557 -0.8024 3.6943, -0.4816 -0.776 3.6263, -0.5288 -0.6558 3.6633, 0.155 -0.828 3.6905, -0.1681 -0.8978 3.6379, 0.0562 -0.9115 3.6456, -0.1549 -0.8277 3.6788, -0.73 -0.4197 3.6518, -0.8416 -0.0238 3.6363, -0.7935 0.2826 3.6247, -0.7 0.4676 3.6169, -0.637 0.5503 3.6131, -0.838 0.0801 3.6324, -0.8325 -0.1273 3.6401, -0.8107 -0.2288 3.644, -0.6727 -0.5063 3.6556, -0.6053 -0.5855 3.6595, -0.4442 -0.7159 3.6672, -0.3526 -0.7649 3.6711, -0.2557 -0.8023 3.675, -0.0518 -0.8408 3.6826, 0.052 -0.8409 3.6865, 0.3525 -0.7647 3.6981, 0.4441 -0.7156 3.702, 0.6055 -0.5857 3.7098, 0.6728 -0.5066 3.7137, 0.7299 -0.4198 3.7175, 0.8107 -0.2286 3.7251, 0.8327 -0.1272 3.7291, 0.8418 -0.0237 3.733, 0.8381 0.0801 3.7369, 0.8218 0.1827 3.7407, 0.7932 0.2827 3.7445, 0.7525 0.3782 3.7484, 0.7002 0.4679 3.7523, 0.6371 0.5503 3.7562, -0.5463 0.6407 3.805, -0.4733 0.6964 3.8017, -0.5924 0.6947 3.7641, 0.0006 -0.8369 3.5162, -0.0671 -0.8366 3.5162, 0.2014 -0.8087 3.5159, 0.1352 -0.8233 3.516, 0.5055 -0.6644 3.5155, 0.4493 -0.7023 3.5156, 0.5587 -0.6226 3.5155, 0.6088 -0.5772 3.5155, 0.2662 -0.7894 3.5158, 0.3293 -0.7646 3.5158, 0.3905 -0.7358 3.5157, 0.0682 -0.8325 3.5161, 0.4672 0.6903 3.5775, 0.5523 0.6247 3.5734, 0.628 0.5486 3.5694, 0.6931 0.4632 3.5654, 0.7468 0.3701 3.5613, 0.8169 0.1674 3.5532, 0.8318 0.0611 3.5492, 0.8195 -0.1529 3.5411, 0.8326 -0.0462 3.5452, 0.7536 -0.3571 3.533, 0.7017 -0.451 3.529, 0.793 -0.2571 3.5371, 0.29 -0.7822 3.522, 0.3879 -0.7382 3.5261, 0.5633 -0.6147 3.5209, 0.6379 -0.5373 3.525, 0.4795 -0.682 3.5301, 0.5633 -0.6147 3.5341, 0.7883 0.271 3.5573, 0.4672 0.6903 3.5907, 0.5523 0.6247 3.5866, 0.6379 -0.5373 3.5382, 0.7017 -0.451 3.5422, 0.7536 -0.3571 3.5463, 0.793 -0.2571 3.5503, 0.8195 -0.1529 3.5543, 0.8326 -0.0462 3.5584, 0.8318 0.0611 3.5624, 0.8169 0.1674 3.5665, 0.7883 0.271 3.5705, 0.7468 0.3701 3.5745, 0.6931 0.4632 3.5786, 0.628 0.5486 3.5826, 0.4682 0.6894 3.7744, 0.554 0.6226 3.7703, 0.6306 0.5453 3.7662, 0.6964 0.4588 3.7621, 0.7908 0.2634 3.754, 0.8183 0.1581 3.7499, 0.75 0.3642 3.7581, 0.8172 -0.1661 3.7376, 0.8319 -0.0585 3.7417, 0.8322 0.0502 3.7458, 0.7463 -0.3713 3.7294, 0.6918 -0.4655 3.7253, 0.7884 -0.271 3.7335, 0.5486 -0.6283 3.7172, 0.462 -0.6941 3.7131, 0.6256 -0.5517 3.7213, 0.2671 -0.7899 3.7049, 0.3676 -0.7483 3.709, -0.0543 -0.8321 3.6926, 0.1621 -0.8182 3.7008, 0.0544 -0.8324 3.6967, -0.2673 -0.7898 3.6845, -0.368 -0.7485 3.6804, -0.1622 -0.8178 3.6885, -0.5484 -0.6282 3.6722, -0.4622 -0.6944 3.6763, -0.7888 -0.271 3.6558, -0.6918 -0.4651 3.664, -0.8171 -0.1661 3.6517, -0.8315 -0.0583 3.6476, -0.832 0.0505 3.6436, -0.7912 0.2636 3.6354, -0.8185 0.1585 3.6395, -0.75 0.3642 3.6313, -0.7501 0.3643 3.6444, -0.6961 0.4586 3.6403, -0.696 0.4586 3.6272, -0.6302 0.5453 3.6231, -0.5539 0.6229 3.619, -0.4683 0.6899 3.6149, -0.4684 0.6899 3.6281, -0.554 0.6229 3.6322, -0.7467 -0.3712 3.6599, -0.6253 -0.5513 3.6681, 0.2671 -0.79 3.718, 0.1621 -0.8183 3.714, 0.4682 0.6895 3.7876, 0.5541 0.6226 3.7835, -0.6303 0.5454 3.6363, -0.7912 0.2637 3.6485, -0.8186 0.1585 3.6526, -0.8321 0.0505 3.6567, -0.8316 -0.0583 3.6608, -0.8172 -0.1662 3.6649, -0.7889 -0.2711 3.669, -0.7468 -0.3713 3.6731, -0.6919 -0.4652 3.6772, -0.6254 -0.5514 3.6812, -0.5485 -0.6283 3.6853, -0.4623 -0.6945 3.6894, -0.368 -0.7486 3.6935, -0.2674 -0.7898 3.6976, -0.1622 -0.8179 3.7017, -0.0543 -0.8322 3.7058, 0.0544 -0.8325 3.7099, 0.3676 -0.7483 3.7221, 0.4621 -0.6942 3.7262, 0.5486 -0.6284 3.7303, 0.6256 -0.5518 3.7344, 0.6918 -0.4655 3.7385, 0.7464 -0.3714 3.7426, 0.7885 -0.271 3.7467, 0.8173 -0.1661 3.7508, 0.832 -0.0585 3.7548, 0.8323 0.0502 3.7589, 0.8184 0.1582 3.763, 0.7909 0.2635 3.7671, 0.7501 0.3643 3.7712, 0.6964 0.4588 3.7753, 0.6307 0.5453 3.7794, -0.5361 0.6381 3.8281, -0.5361 0.6381 3.8149, -0.4584 0.6961 3.8113, -0.4584 0.6962 3.8244, 0.4686 0.6895 4.5617, 0.5546 0.6227 4.5576, 0.631 0.545 4.5535, 0.6965 0.4579 4.5494, 0.7914 0.262 4.5412, 0.8192 0.1566 4.5371, 0.7502 0.363 4.5453, 0.8163 -0.1685 4.5248, 0.8315 -0.0605 4.5289, 0.8326 0.0485 4.533, 0.7875 -0.2738 4.5207, 0.7453 -0.3743 4.5166, 0.8163 -0.1685 4.538, 0.7875 -0.2738 4.5339, 0.6232 -0.5541 4.5084, 0.5454 -0.6305 4.5043, 0.6903 -0.4683 4.5125, 0.4584 -0.6964 4.5002, 0.3637 -0.7505 4.4961, 0.2629 -0.7917 4.492, 0.1575 -0.8191 4.4879, 0.1575 -0.8191 4.5011, 0.2629 -0.7917 4.5052, 0.245 -0.8065 4.5145, 0.1485 -0.8295 4.5108, 0.4686 0.6895 4.5749, 0.5546 0.6227 4.5708, 0.4797 0.6923 4.5847, 0.3637 -0.7505 4.5093, 0.4584 -0.6964 4.5134, 0.5454 -0.6305 4.5175, 0.6232 -0.5541 4.5216, 0.6903 -0.4683 4.5257, 0.7453 -0.3743 4.5298, 0.7962 -0.275 4.5441, 0.8315 -0.0605 4.5421, 0.8326 0.0485 4.5462, 0.8192 0.1566 4.5503, 0.7914 0.2619 4.5544, 0.7502 0.363 4.5585, 0.6965 0.4579 4.5626, 0.631 0.545 4.5667, 0.5579 0.6313 4.581, 0.338 -0.772 4.5182, 0.4263 -0.7266 4.5219, 0.5089 -0.6712 4.5256, 0.5844 -0.6066 4.5293, 0.652 -0.5338 4.533, 0.7103 -0.4536 4.5367, 0.7586 -0.3669 4.5404, 0.8229 -0.1794 4.5477, 0.8384 -0.0812 4.5514, 0.8424 0.0181 4.5551, 0.8345 0.117 4.5588, 0.8147 0.2143 4.5625, 0.7836 0.3086 4.5662, 0.7417 0.3987 4.5699, 0.6897 0.4834 4.5736, 0.6282 0.5614 4.5773, 0.4683 0.6895 4.7585, 0.5543 0.6229 4.7544, 0.6306 0.5456 4.7503, 0.6961 0.4588 4.7462, 0.7908 0.2634 4.7381, 0.8187 0.1582 4.734, 0.7497 0.3641 4.7422, 0.8169 -0.166 4.7217, 0.8318 -0.0582 4.7258, 0.8325 0.0504 4.7299, 0.7466 -0.3715 4.7135, 0.6921 -0.4656 4.7095, 0.7883 -0.271 4.7176, 0.5484 -0.6281 4.7013, 0.6921 -0.4656 4.7227, 0.6257 -0.5515 4.7186, 0.2672 -0.7902 4.689, 0.3676 -0.7485 4.6931, 0.4619 -0.694 4.6972, 0.0544 -0.8321 4.6808, -0.0544 -0.8319 4.6767, 0.1623 -0.8183 4.6849, -0.2675 -0.7901 4.6685, -0.3679 -0.7487 4.6645, -0.1623 -0.8179 4.6726, -0.6254 -0.5512 4.6522, -0.5483 -0.628 4.6563, -0.462 -0.6943 4.6604, -0.6921 -0.4653 4.6481, -0.8169 -0.1661 4.6358, -0.7887 -0.2711 4.6399, -0.8315 -0.0582 4.6317, -0.8322 0.0506 4.6276, -0.8188 0.1585 4.6235, -0.7912 0.2636 4.6195, -0.7499 0.3642 4.6154, -0.6959 0.4586 4.6113, -0.6302 0.5455 4.6072, -0.5541 0.6231 4.6031, -0.6959 0.4586 4.6245, -0.6302 0.5455 4.6204, -0.4814 0.691 4.6225, -0.4684 0.6899 4.6122, -0.4684 0.6899 4.599, -0.5541 0.6231 4.6163, -0.5609 0.6279 4.6262, -0.7469 -0.3714 4.644, -0.462 -0.6943 4.6736, -0.5483 -0.628 4.6695, 0.6257 -0.5515 4.7054, 0.4683 0.6895 4.7717, 0.5543 0.6229 4.7676, 0.4816 0.6909 4.7815, -0.7499 0.3642 4.6286, -0.7912 0.2636 4.6327, -0.8188 0.1585 4.6368, -0.8322 0.0506 4.6409, -0.8315 -0.0582 4.645, -0.8169 -0.1661 4.6491, -0.7887 -0.2711 4.6532, -0.7469 -0.3714 4.6572, -0.6921 -0.4653 4.6613, -0.6254 -0.5512 4.6654, -0.6296 -0.5594 4.6756, -0.3679 -0.7487 4.6777, -0.2675 -0.7901 4.6818, -0.1623 -0.8179 4.6859, -0.0544 -0.8319 4.69, 0.0544 -0.8321 4.6941, 0.1623 -0.8183 4.6982, 0.2672 -0.7902 4.7022, 0.3676 -0.7485 4.7063, 0.4619 -0.694 4.7104, 0.5484 -0.6281 4.7145, 0.5578 -0.6313 4.7247, 0.6927 -0.4801 4.7323, 0.7466 -0.3715 4.7268, 0.7883 -0.271 4.7309, 0.8169 -0.166 4.7349, 0.8318 -0.0582 4.739, 0.8325 0.0504 4.7431, 0.8187 0.1582 4.7472, 0.7908 0.2634 4.7513, 0.7497 0.3641 4.7554, 0.6961 0.4588 4.7595, 0.6306 0.5456 4.7635, 0.6329 0.5563 4.7739, -0.6323 0.5557 4.63, -0.6946 0.4755 4.6339, -0.7471 0.3885 4.6378, -0.7886 0.2958 4.6415, -0.8186 0.1989 4.6453, -0.8365 0.099 4.6491, -0.8421 -0.0024 4.6529, -0.8356 -0.1038 4.6567, -0.8173 -0.2037 4.6604, -0.7871 -0.3006 4.6642, -0.7453 -0.393 4.668, -0.6925 -0.4797 4.6718, -0.5576 -0.6312 4.6794, -0.4777 -0.694 4.6832, -0.3909 -0.7466 4.6869, -0.2983 -0.7881 4.6907, -0.2013 -0.818 4.6945, -0.1013 -0.8362 4.6983, 0.0001 -0.8424 4.702, 0.1015 -0.8365 4.7058, 0.2014 -0.8184 4.7096, 0.2982 -0.7881 4.7134, 0.3908 -0.7463 4.7172, 0.4777 -0.6937 4.7209, 0.6299 -0.5598 4.7285, 0.7452 -0.3932 4.7361, 0.7868 -0.3005 4.7399, 0.8173 -0.2035 4.7437, 0.836 -0.1036 4.7474, 0.8427 -0.0023 4.7512, 0.8368 0.099 4.755, 0.8185 0.1989 4.7588, 0.7884 0.2959 4.7626, 0.747 0.3888 4.7663, 0.695 0.476 4.7701, 0.5614 0.6282 4.7777, 0.4682 0.6894 4.9554, 0.5542 0.6227 4.9513, 0.6307 0.5455 4.9472, 0.6962 0.4588 4.9431, 0.8185 0.1581 4.9308, 0.7907 0.2634 4.9349, 0.7498 0.3642 4.939, 0.8171 -0.166 4.9186, 0.7883 -0.271 4.9145, 0.8325 0.0503 4.94, 0.832 -0.0583 4.9359, 0.8325 0.0503 4.9268, 0.692 -0.4656 4.9063, 0.6257 -0.5517 4.9022, 0.7883 -0.271 4.9277, 0.7464 -0.3714 4.9236, 0.4619 -0.694 4.8941, 0.1622 -0.8183 4.8818, 0.3676 -0.7483 4.89, 0.2671 -0.7901 4.8859, -0.0543 -0.832 4.8869, -0.1622 -0.8178 4.8828, -0.0543 -0.832 4.8736, 0.0544 -0.8323 4.8777, -0.4621 -0.6944 4.8572, -0.5484 -0.6281 4.8532, -0.2674 -0.7899 4.8787, -0.368 -0.7487 4.8746, -0.2674 -0.7899 4.8654, -0.6254 -0.5512 4.8491, -0.6919 -0.4652 4.845, -0.4479 -0.7136 4.8812, -0.4999 -0.6781 4.8789, -0.4622 -0.6944 4.8705, -0.8171 -0.1661 4.8327, -0.7888 -0.2711 4.8368, -0.7468 -0.3713 4.8409, -0.832 0.0506 4.8245, -0.8186 0.1585 4.8204, -0.8315 -0.0583 4.8286, -0.8315 -0.0583 4.8419, -0.8321 0.0506 4.8378, -0.7912 0.2637 4.8163, -0.7912 0.2637 4.8296, -0.75 0.3642 4.8255, -0.75 0.3642 4.8122, -0.6959 0.4586 4.8082, -0.6302 0.5453 4.8041, -0.696 0.4586 4.8214, -0.6784 0.4991 4.8298, -0.7137 0.447 4.8322, -0.5539 0.623 4.8, -0.554 0.623 4.8132, -0.4684 0.69 4.8091, -0.4683 0.6899 4.7959, -0.4496 0.7124 4.818, -0.5015 0.6769 4.8204, -0.5501 0.6372 4.8228, -0.8186 0.1585 4.8337, -0.8171 -0.1661 4.8459, -0.7888 -0.2711 4.85, -0.7469 -0.3713 4.8541, -0.692 -0.4652 4.8582, -0.6254 -0.5513 4.8623, -0.368 -0.7486 4.8613, -0.1622 -0.8178 4.8695, 0.0544 -0.8323 4.8909, 0.1622 -0.8184 4.895, 0.3676 -0.7484 4.9032, 0.2671 -0.7901 4.8991, 0.5485 -0.6282 4.8982, 0.4619 -0.6941 4.9073, 0.5485 -0.6282 4.9114, 0.692 -0.4656 4.9196, 0.6257 -0.5517 4.9155, 0.7464 -0.3714 4.9104, 0.832 -0.0583 4.9227, 0.8171 -0.166 4.9318, 0.8185 0.1581 4.9441, 0.7908 0.2634 4.9482, 0.7498 0.3642 4.9523, 0.6963 0.4588 4.9563, 0.6307 0.5455 4.9604, 0.449 0.7119 4.9798, 0.4683 0.6894 4.9686, 0.5542 0.6227 4.9645, -0.6302 0.5454 4.8173, -0.7446 0.3922 4.8345, -0.7725 0.3358 4.8367, -0.8417 0.0305 4.8486, -0.837 0.0933 4.8462, -0.8368 -0.0952 4.8533, -0.7444 -0.3941 4.8649, -0.772 -0.3376 4.8625, -0.6774 -0.5007 4.8697, -0.5484 -0.6282 4.8664, -0.3367 -0.7723 4.8859, -0.0315 -0.8419 4.8977, -0.0943 -0.8371 4.8954, 0.0943 -0.8373 4.9023, 0.3933 -0.7449 4.9142, 0.3366 -0.7722 4.9118, 0.4999 -0.6781 4.9188, 0.713 -0.4487 4.9304, 0.6774 -0.5008 4.928, 0.7716 -0.3375 4.9352, 0.8416 -0.0326 4.9468, 0.8368 -0.0952 4.9445, 0.8369 0.0932 4.9515, 0.745 0.3924 4.9633, 0.7723 0.3356 4.961, 0.6784 0.4991 4.9679, 0.5011 0.6764 4.9774, -0.5961 0.5944 4.8252, -0.6392 0.5484 4.8275, -0.7957 0.2772 4.8391, -0.8142 0.217 4.8414, -0.8275 0.1555 4.8438, -0.8416 -0.0325 4.8509, -0.8274 -0.1574 4.8556, -0.8135 -0.2189 4.8578, -0.795 -0.279 4.8601, -0.7129 -0.4487 4.8673, -0.6381 -0.5499 4.872, -0.5952 -0.596 4.8743, -0.5491 -0.6388 4.8767, -0.3934 -0.7451 4.8835, -0.278 -0.7952 4.8883, -0.2179 -0.8137 4.8908, -0.1565 -0.8277 4.8931, 0.0315 -0.8419 4.9, 0.1565 -0.8279 4.9046, 0.2179 -0.8139 4.907, 0.278 -0.7953 4.9094, 0.4478 -0.7135 4.9165, 0.5491 -0.6389 4.9211, 0.5953 -0.5961 4.9234, 0.6382 -0.55 4.9257, 0.7443 -0.3942 4.9329, 0.7947 -0.2789 4.9376, 0.8132 -0.2188 4.9399, 0.8275 -0.1575 4.9422, 0.8419 0.0305 4.9491, 0.8276 0.1555 4.9539, 0.8136 0.2168 4.9563, 0.7951 0.277 4.9587, 0.7137 0.4467 4.9656, 0.6392 0.5483 4.9702, 0.5962 0.5943 4.9726, 0.5501 0.6371 4.975, -0.5618 0.6268 5.02, -0.4819 0.6905 5.0163, -0.5549 0.6219 5.0101, -0.6976 0.4564 5.0051, -0.7516 0.3613 5.0092, -0.5549 0.6219 4.9969, -0.6316 0.5438 5.001, -0.7924 0.2599 5.0133, -0.6316 0.5438 5.0142, -0.6976 0.4564 5.0183, -0.8312 -0.0643 5.0257, -0.8193 0.1539 5.0174, -0.8323 0.0452 5.0216, -0.7431 -0.3782 5.038, -0.7865 -0.2778 5.0339, -0.8159 -0.1726 5.0298, -0.541 -0.6347 5.0504, -0.6193 -0.5582 5.0463, -0.687 -0.4722 5.0421, -0.3579 -0.7533 5.0586, -0.4535 -0.7002 5.0545, -0.4535 -0.7002 5.0677, -0.541 -0.6347 5.0635, -0.0412 -0.833 5.0709, -0.1499 -0.8201 5.0668, -0.2561 -0.7934 5.0627, 0.2813 -0.7849 5.0833, 0.1762 -0.8153 5.0792, 0.0681 -0.8315 5.075, 0.5613 -0.617 5.0956, 0.3817 -0.7412 5.0874, 0.4756 -0.6849 5.0915, 0.7018 -0.4501 5.1039, 0.6371 -0.5383 5.0997, 0.7546 -0.3542 5.108, 0.7946 -0.2523 5.1121, 0.8211 -0.1462 5.1162, 0.8306 0.0718 5.1244, 0.8332 -0.0375 5.1203, 0.8138 0.1799 5.1285, 0.7832 0.2851 5.1326, 0.7394 0.3853 5.1368, 0.6828 0.4788 5.1409, 0.6141 0.5639 5.145, 0.6141 0.5639 5.1582, 0.6828 0.4788 5.1541, 0.6148 0.5758 5.1686, 0.6371 -0.5383 5.1129, 0.7018 -0.4501 5.117, -0.4688 0.6895 4.9928, -0.4688 0.6895 5.0059, -0.7516 0.3613 5.0224, -0.7924 0.2599 5.0265, -0.8193 0.1539 5.0306, -0.8323 0.0452 5.0348, -0.8312 -0.0643 5.0389, -0.8159 -0.1726 5.043, -0.7865 -0.2778 5.0471, -0.7431 -0.3782 5.0512, -0.687 -0.4722 5.0553, -0.6192 -0.5582 5.0595, -0.6228 -0.5668 5.0696, -0.4686 -0.7003 5.0771, -0.3579 -0.7533 5.0718, -0.2561 -0.7934 5.0759, -0.1499 -0.8201 5.08, -0.0412 -0.833 5.0841, 0.0681 -0.8315 5.0882, 0.1762 -0.8153 5.0924, 0.2813 -0.7849 5.0965, 0.3817 -0.7412 5.1006, 0.4756 -0.6849 5.1047, 0.5613 -0.617 5.1088, 0.5716 -0.6192 5.1191, 0.7033 -0.4635 5.1267, 0.7546 -0.3542 5.1211, 0.7946 -0.2523 5.1252, 0.8211 -0.1462 5.1294, 0.8332 -0.0375 5.1335, 0.8306 0.0718 5.1376, 0.8138 0.1799 5.1417, 0.7832 0.2851 5.1458, 0.7394 0.3853 5.1499, -0.6336 0.554 5.0239, -0.6963 0.4732 5.0277, -0.7488 0.3856 5.0315, -0.7899 0.2922 5.0353, -0.8193 0.1943 5.0391, -0.8366 0.0936 5.0429, -0.8418 -0.0085 5.0467, -0.8349 -0.1105 5.0505, -0.8156 -0.2107 5.0543, -0.784 -0.3078 5.058, -0.7408 -0.4003 5.0619, -0.6868 -0.4871 5.0657, -0.5497 -0.6383 5.0733, -0.3804 -0.7517 5.081, -0.2864 -0.792 5.0848, -0.1883 -0.8208 5.0886, -0.0874 -0.8378 5.0924, 0.0146 -0.8425 5.0962, 0.1164 -0.8346 5.1, 0.2165 -0.8142 5.1038, 0.3134 -0.7817 5.1076, 0.4058 -0.738 5.1115, 0.4923 -0.6836 5.1153, 0.6423 -0.5455 5.1229, 0.7542 -0.3748 5.1305, 0.7941 -0.2806 5.1343, 0.8225 -0.1824 5.1381, 0.8387 -0.0815 5.1419, 0.8422 0.0205 5.1457, 0.8332 0.1223 5.1495, 0.8121 0.2224 5.1533, 0.7793 0.3193 5.1572, 0.7351 0.4114 5.1609, 0.6801 0.4974 5.1648, 0.605 0.6845 4.622, 0.6812 0.6086 4.6183, 0.8042 0.4322 4.6109, 0.8497 0.3345 4.6072, 0.7478 0.524 4.6146, 0.9133 0.0196 4.5961, 0.8834 0.2323 4.6035, 0.8633 -0.2982 4.585, 0.8225 -0.3979 4.5813, 0.909 -0.088 4.5924, 0.8922 -0.1944 4.5887, 0.7068 -0.5789 4.5739, 0.6336 -0.6578 4.5702, 0.7701 -0.4919 4.5776, 0.3664 -0.8371 4.5592, 0.4622 -0.7879 4.5629, 0.5516 -0.7278 4.5665, 0.2656 -0.8744 4.5555, 0.161 -0.8994 4.5518, 0.9048 0.1268 4.5998, -0.6856 0.6028 4.6711, -0.6083 0.6811 4.6674, -0.7531 0.5157 4.6749, -0.8099 0.4213 4.6787, -0.855 0.3209 4.6825, -0.9129 -0.0024 4.6938, -0.9069 0.1075 4.69, -0.8876 0.2158 4.6863, -0.8533 -0.3258 4.7052, -0.9059 -0.1124 4.6976, -0.886 -0.2207 4.7014, -0.6825 -0.6064 4.7165, -0.7508 -0.52 4.7127, -0.8081 -0.4261 4.7089, -0.4238 -0.8093 4.7278, -0.5179 -0.7523 4.724, -0.6045 -0.6842 4.7202, -0.1099 -0.9064 4.7391, -0.3235 -0.8544 4.7316, -0.2183 -0.8868 4.7354, 0.3232 -0.8544 4.7543, 0.2182 -0.8872 4.7505, 0.6046 -0.6843 4.7656, 0.4235 -0.809 4.758, 0.7509 -0.5204 4.7732, 0.8077 -0.4262 4.7769, 0.6828 -0.6068 4.7694, 0.9062 -0.1124 4.7883, 0.8859 -0.2206 4.7845, 0.9134 -0.0026 4.792, 0.9071 0.1072 4.7958, 0.8873 0.2155 4.7996, 0.8546 0.3207 4.8034, 0.8098 0.4213 4.8072, 0.7534 0.5159 4.8109, 0.686 0.6029 4.8147, 0.6085 0.6809 4.8185, 0.8529 -0.3258 4.7807, 0.5178 -0.752 4.7618, 0.11 -0.9068 4.7467, 0.0 -0.9131 4.7429, -0.6856 0.6027 4.868, -0.6082 0.681 4.8643, -0.7533 0.5157 4.8718, -0.8101 0.4214 4.8756, -0.8876 0.2159 4.8832, -0.8552 0.321 4.8794, -0.9061 -0.1125 4.8945, -0.913 -0.0025 4.8907, -0.7507 -0.52 4.9096, -0.8536 -0.3258 4.902, -0.8863 -0.2208 4.8983, -0.6046 -0.6844 4.9172, -0.6825 -0.6065 4.9134, -0.3235 -0.8543 4.9285, -0.2183 -0.8867 4.9323, -0.424 -0.8094 4.9247, 0.1099 -0.9071 4.9436, 0.0 -0.9134 4.9398, -0.1099 -0.9065 4.9361, 0.4235 -0.809 4.955, 0.2181 -0.8873 4.9474, 0.3231 -0.8543 4.9512, 0.6829 -0.607 4.9663, 0.7508 -0.5205 4.9701, 0.6048 -0.6845 4.9625, 0.5179 -0.7521 4.9587, 0.8861 -0.2207 4.9814, 0.8529 -0.3258 4.9776, 0.9136 -0.0027 4.989, 0.907 0.1071 4.9928, 0.9065 -0.1125 4.9852, 0.8547 0.3207 5.0003, 0.8872 0.2154 4.9965, 0.81 0.4214 5.0041, 0.7537 0.516 5.0079, 0.6862 0.6028 5.0117, 0.6085 0.6808 5.0154, 0.8077 -0.4262 4.9739, -0.5181 -0.7525 4.9209, -0.8081 -0.426 4.9058, -0.9068 0.1075 4.8869, -0.6871 0.6009 5.0649, -0.6092 0.6798 5.0611, -0.755 0.5133 5.0687, -0.8119 0.4182 5.0726, -0.8567 0.317 5.0763, -0.9129 -0.0091 5.0878, -0.9073 0.1017 5.084, -0.8885 0.2109 5.0802, -0.8504 -0.3337 5.0992, -0.9053 -0.1197 5.0916, -0.8845 -0.2284 5.0954, -0.6753 -0.6146 5.1106, -0.7448 -0.5281 5.1068, -0.8035 -0.4341 5.103, -0.4125 -0.8151 5.122, -0.5082 -0.7593 5.1182, -0.5961 -0.6921 5.1144, -0.0949 -0.9083 5.1334, -0.3107 -0.8587 5.1258, -0.2043 -0.89 5.1296, 0.2346 -0.8828 5.1448, 0.1261 -0.905 5.141, 0.0157 -0.9135 5.1372, 0.5338 -0.7411 5.1562, 0.4399 -0.8002 5.1524, 0.3397 -0.8476 5.1486, 0.7625 -0.5026 5.1676, 0.6197 -0.6713 5.16, 0.6963 -0.5914 5.1638, 0.8609 -0.3043 5.1752, 0.8176 -0.4064 5.1715, 0.9092 -0.0885 5.1828, 0.8916 -0.1978 5.1791, 0.9131 0.0221 5.1867, 0.9033 0.1325 5.1905, 0.8804 0.241 5.1943, 0.8448 0.346 5.1981, 0.797 0.4459 5.2019, 0.7373 0.5391 5.2057, 0.6665 0.6242 5.2095, 0.0 0.5904 4.7323, 0.0924 0.5831 4.7323, 0.1825 0.5614 4.7323, 0.2681 0.526 4.7323, 0.3471 0.4776 4.7323, 0.4176 0.4174 4.7323, 0.4778 0.3469 4.7323, 0.5262 0.2679 4.7323, 0.5616 0.1823 4.7323, 0.5833 0.0922 4.7323, 0.5906 -0.0002 4.7323, -0.0924 0.5831 4.7323, -0.1825 0.5614 4.7323, -0.2681 0.526 4.7323, -0.3471 0.4776 4.7323, -0.4176 0.4174 4.7323, -0.4778 0.3469 4.7323, -0.5262 0.2679 4.7323, -0.5616 0.1823 4.7323, -0.5833 0.0922 4.7323, -0.5906 -0.0002 4.7323, 0.0 -0.5907 4.7323, -0.0924 -0.5835 4.7323, -0.1825 -0.5618 4.7323, -0.2681 -0.5264 4.7323, -0.3471 -0.478 4.7323, -0.4176 -0.4178 4.7323, -0.4778 -0.3473 4.7323, -0.5262 -0.2683 4.7323, -0.5616 -0.1827 4.7323, -0.5833 -0.0926 4.7323, 0.0924 -0.5835 4.7323, 0.1825 -0.5618 4.7323, 0.2681 -0.5264 4.7323, 0.3471 -0.478 4.7323, 0.4176 -0.4178 4.7323, 0.4778 -0.3473 4.7323, 0.5262 -0.2683 4.7323, 0.5616 -0.1827 4.7323, 0.5833 -0.0926 4.7323, -0.1348 -0.3701 4.7323, 0.3877 0.0681 4.7323, 0.3699 -0.1349 4.7323, 0.3877 -0.0686 4.7323, -0.0684 -0.3879 4.7323, -0.197 -0.3411 4.7323, -0.2532 -0.3017 4.7323, 0.0 -0.3939 4.7323, -0.3017 -0.2531 4.7323, 0.3409 -0.1972 4.7323, -0.37 -0.1347 4.7323, 0.3937 -0.0002 4.7323, -0.3699 0.1346 4.7323, -0.3877 0.0682 4.7323, 0.341 0.1965 4.7323, -0.3015 0.253 4.7323, 0.197 0.3407 4.7323, 0.2532 0.3013 4.7323, -0.1345 0.3698 4.7323, 0.0 0.3935 4.7323, 0.0684 0.3875 4.7323, 0.1348 0.3697 4.7323, -0.0684 0.3875 4.7323, 0.3017 0.2527 4.7323, -0.2529 0.3015 4.7323, -0.1967 0.3408 4.7323, -0.3409 0.1968 4.7323, 0.37 0.1343 4.7323, -0.3937 -0.0002 4.7323, 0.1345 -0.3702 4.7323, 0.0684 -0.3879 4.7323, 0.3015 -0.2534 4.7323, 0.2529 -0.3019 4.7323, -0.341 -0.1969 4.7323, 0.1967 -0.3412 4.7323, -0.3877 -0.0685 4.7323, -0.0728 0.4827 8.7288, -0.2117 0.4399 8.7288, -0.1438 0.4665 8.7288, -0.3818 0.3043 8.7288, -0.275 0.4034 8.7288, -0.4761 0.1086 8.7288, -0.487 0.0365 8.7288, -0.4546 0.1783 8.7288, -0.4546 -0.1785 8.7288, -0.4761 -0.1088 8.7288, -0.487 -0.0366 8.7288, -0.2752 -0.4036 8.7288, -0.3323 -0.3581 8.7288, -0.3819 -0.3046 8.7288, -0.212 -0.4401 8.7288, -0.1441 -0.4668 8.7288, -0.0728 -0.4831 8.7288, 0.0 -0.4886 8.7288, -0.4229 -0.2444 8.7288, -0.4229 0.244 8.7288, -0.3321 0.3579 8.7288, 0.0 0.4882 8.7288, -0.1645 0.3103 9.0762, -0.1359 0.2564 9.1289, -0.0908 0.2756 9.1289, -0.0622 0.3977 9.014, -0.0 0.416 8.9936, -0.0684 0.4371 8.9451, 0.0 0.4483 8.932, -0.0749 0.4788 8.7996, -0.1516 0.4603 8.7996, -0.3742 0.2361 8.9451, -0.3973 0.2507 8.8726, -0.4339 0.1801 8.8726, -0.0726 0.464 8.8726, -0.0 0.4714 8.8664, -0.472 0.1105 8.7996, -0.0 0.4848 8.7983, 0.0 0.375 9.05, -0.1885 0.3557 9.014, -0.1099 0.3335 9.0762, -0.2154 0.2774 9.0762, -0.2984 0.2703 9.014, -0.2603 0.2358 9.0762, -0.2151 0.1948 9.1289, -0.178 0.2292 9.1289, -0.2971 0.1874 9.0762, -0.3719 0.1544 9.014, -0.3245 0.1347 9.0762, -0.2681 0.1112 9.1289, -0.2455 0.1548 9.1289, -0.2827 0.0661 9.1289, -0.3421 0.0801 9.0762, -0.4309 -0.1013 8.9451, -0.3921 -0.0922 9.014, -0.4016 -0.0302 9.014, -0.3504 0.026 9.0762, -0.4016 0.0298 9.014, -0.3504 -0.0264 9.0762, -0.2895 -0.0218 9.1289, -0.2895 0.0214 9.1289, -0.1117 -0.1015 9.1988, -0.0924 -0.1193 9.1988, -0.0581 -0.0529 9.2153, -0.0663 -0.0421 9.2153, -0.1275 -0.0807 9.1988, -0.1041 -0.1968 9.17, -0.1364 -0.1759 9.17, -0.3421 -0.0804 9.0762, -0.2269 -0.4286 8.7996, -0.2972 -0.3832 8.7996, -0.3592 -0.3258 8.7996, -0.0726 -0.4644 8.8726, 0.0 -0.4851 8.7983, -0.0 -0.4717 8.8667, -0.0684 -0.4374 8.9451, -0.1384 -0.4206 8.9451, -0.0749 -0.4792 8.7996, -0.4087 -0.17 8.9451, -0.3719 -0.1548 9.014, -0.3279 -0.2974 8.9451, -0.3405 -0.2153 9.014, -0.3742 -0.2365 8.9451, -0.2151 -0.1952 9.1289, -0.1881 -0.119 9.17, -0.2455 -0.1552 9.1289, -0.2603 -0.2362 9.0762, -0.2971 -0.1878 9.0762, -0.2984 -0.2707 9.014, -0.0706 -0.1334 9.1988, -0.0481 -0.0622 9.2153, -0.0245 -0.0747 9.2153, -0.0041 -0.007 9.2205, -0.0367 -0.0695 9.2153, -0.2827 -0.0665 9.1289, -0.0121 -0.0777 9.2153, -0.0015 -0.008 9.2205, -0.0029 -0.0076 9.2205, -0.3245 -0.135 9.0762, -0.2681 -0.1116 9.1289, 0.0 -0.0778 9.2154, -0.0 -0.0084 9.2205, -0.3921 0.0918 9.014, -0.3405 0.2149 9.014, -0.2469 0.318 9.014, -0.0449 0.2867 9.1289, -0.0543 0.3469 9.0762, -0.126 0.3824 9.014, 0.0 0.3265 9.0997, 0.0 0.2712 9.1419, 0.0 0.2105 9.1757, -0.0344 0.2196 9.17, -0.0233 0.1488 9.1988, -0.0 0.1454 9.2004, -0.0 0.0774 9.2154, -0.0121 0.0773 9.2153, 0.0 0.008 9.2205, -0.2269 0.4282 8.7996, -0.1469 0.4461 8.8726, -0.1384 0.4202 8.9451, -0.0696 0.2111 9.17, -0.0245 0.0743 9.2153, -0.0471 0.143 9.1988, -0.0015 0.0076 9.2205, -0.0029 0.0072 9.2205, -0.2972 0.3828 8.7996, -0.2199 0.415 8.8726, -0.2071 0.3909 8.9451, -0.1041 0.1964 9.17, -0.0367 0.0691 9.2153, -0.0706 0.133 9.1988, -0.0041 0.0066 9.2205, -0.3592 0.3254 8.7996, -0.2881 0.371 8.8726, -0.2714 0.3494 8.9451, -0.0924 0.1189 9.1988, -0.0481 0.0618 9.2153, -0.1364 0.1755 9.17, -0.0051 0.006 9.2205, -0.4099 0.2587 8.7996, -0.3481 0.3154 8.8726, -0.3279 0.2971 8.9451, -0.1117 0.1011 9.1988, -0.0581 0.0525 9.2153, -0.1648 0.1492 9.17, -0.006 0.0053 9.2205, -0.4477 0.1859 8.7996, -0.1275 0.0803 9.1988, -0.0663 0.0417 9.2153, -0.1881 0.1186 9.17, -0.0067 0.0045 9.2205, -0.4087 0.1697 8.9451, -0.1392 0.0577 9.1988, -0.0724 0.0299 9.2153, -0.2054 0.0852 9.17, -0.0072 0.0036 9.2205, -0.4835 0.0359 8.7996, -0.4575 0.1071 8.8726, -0.4309 0.1009 8.9451, -0.1468 0.0342 9.1988, -0.0764 0.0177 9.2153, -0.2165 0.0506 9.17, -0.0076 0.0026 9.2205, -0.4835 -0.0363 8.7996, -0.4686 0.0348 8.8726, -0.4413 0.0328 8.9451, -0.1503 0.011 9.1988, -0.0782 0.0057 9.2153, -0.2218 0.0164 9.17, -0.0079 0.0015 9.2205, -0.472 -0.1109 8.7996, -0.4686 -0.0352 8.8726, -0.4413 -0.0332 8.9451, -0.1503 -0.0114 9.1988, -0.0782 -0.006 9.2153, -0.2218 -0.0168 9.17, -0.008 0.0003 9.2205, -0.4477 -0.1863 8.7996, -0.4575 -0.1075 8.8726, -0.1468 -0.0346 9.1988, -0.0764 -0.0181 9.2153, -0.2165 -0.051 9.17, -0.0079 -0.001 9.2205, -0.4099 -0.2591 8.7996, -0.4339 -0.1805 8.8726, -0.1392 -0.0581 9.1988, -0.0076 -0.0023 9.2205, -0.0724 -0.0303 9.2153, -0.2054 -0.0856 9.17, -0.3973 -0.2511 8.8726, -0.0072 -0.0038 9.2205, -0.1516 -0.4607 8.7996, -0.3481 -0.3158 8.8726, -0.1648 -0.1496 9.17, -0.0067 -0.0049 9.2205, -0.2714 -0.3498 8.9451, -0.2881 -0.3714 8.8726, -0.2469 -0.3184 9.014, -0.2154 -0.2778 9.0762, -0.178 -0.2296 9.1289, -0.006 -0.0057 9.2205, -0.2071 -0.3913 8.9451, -0.2199 -0.4154 8.8726, -0.1885 -0.3561 9.014, -0.1645 -0.3107 9.0762, -0.1359 -0.2568 9.1289, -0.0233 -0.1491 9.1988, -0.0471 -0.1434 9.1988, -0.0051 -0.0064 9.2205, -0.1469 -0.4465 8.8726, -0.126 -0.3828 9.014, -0.1099 -0.3339 9.0762, -0.0908 -0.276 9.1289, -0.0696 -0.2115 9.17, -0.0622 -0.3981 9.014, -0.0543 -0.3473 9.0762, -0.0449 -0.287 9.1289, -0.0344 -0.22 9.17, -0.0 -0.4486 8.9323, -0.0 -0.4162 8.9938, -0.0 -0.3753 9.05, -0.0 -0.3268 9.0998, -0.0 -0.2714 9.142, 0.0 -0.2106 9.1758, 0.0 -0.1455 9.2005, 0.1645 -0.3107 9.0762, 0.1359 -0.2568 9.1289, 0.0908 -0.276 9.1289, 0.0622 -0.3981 9.014, 0.0684 -0.4374 8.9451, 0.0749 -0.4792 8.7996, 0.1441 -0.4668 8.7288, 0.1516 -0.4607 8.7996, 0.3742 -0.2365 8.9451, 0.3973 -0.2511 8.8726, 0.4339 -0.1805 8.8726, 0.0726 -0.4644 8.8726, 0.4761 -0.1088 8.7288, 0.487 -0.0365 8.7288, 0.472 -0.1109 8.7996, 0.0728 -0.4831 8.7288, 0.1885 -0.3561 9.014, 0.1099 -0.3339 9.0762, 0.2154 -0.2778 9.0762, 0.2984 -0.2707 9.014, 0.2603 -0.2362 9.0762, 0.2151 -0.1952 9.1289, 0.178 -0.2296 9.1289, 0.2971 -0.1878 9.0762, 0.3719 -0.1548 9.014, 0.3245 -0.135 9.0762, 0.2681 -0.1116 9.1289, 0.2455 -0.1552 9.1289, 0.2827 -0.0665 9.1289, 0.3421 -0.0804 9.0762, 0.4309 0.1009 8.9451, 0.3921 0.0918 9.014, 0.4016 0.0298 9.014, 0.3504 -0.0264 9.0762, 0.4016 -0.0302 9.014, 0.3504 0.026 9.0762, 0.2895 0.0214 9.1289, 0.2895 -0.0218 9.1289, 0.1117 0.1011 9.1988, 0.0924 0.1189 9.1988, 0.0581 0.0525 9.2153, 0.0663 0.0417 9.2153, 0.1275 0.0803 9.1988, 0.1041 0.1964 9.17, 0.1364 0.1755 9.17, 0.3421 0.0801 9.0762, 0.275 0.4034 8.7288, 0.2269 0.4282 8.7996, 0.2972 0.3828 8.7996, 0.3592 0.3254 8.7996, 0.3321 0.3579 8.7288, 0.0726 0.464 8.8726, 0.0684 0.4371 8.9451, 0.1384 0.4202 8.9451, 0.0749 0.4788 8.7996, 0.4087 0.1697 8.9451, 0.3719 0.1544 9.014, 0.3279 0.2971 8.9451, 0.3405 0.2149 9.014, 0.3742 0.2361 8.9451, 0.2151 0.1948 9.1289, 0.1881 0.1186 9.17, 0.2455 0.1548 9.1289, 0.2603 0.2358 9.0762, 0.2971 0.1874 9.0762, 0.2984 0.2703 9.014, 0.0706 0.133 9.1988, 0.0481 0.0618 9.2153, 0.0245 0.0743 9.2153, 0.0041 0.0066 9.2205, 0.0367 0.0691 9.2153, 0.2827 0.0661 9.1289, 0.0121 0.0773 9.2153, 0.0015 0.0076 9.2205, 0.0029 0.0072 9.2205, 0.3245 0.1347 9.0762, 0.2681 0.1112 9.1289, 0.3921 -0.0922 9.014, 0.3405 -0.2153 9.014, 0.2469 -0.3184 9.014, 0.0449 -0.287 9.1289, 0.0543 -0.3473 9.0762, 0.126 -0.3828 9.014, 0.0344 -0.22 9.17, 0.0233 -0.1491 9.1988, 0.0121 -0.0777 9.2153, 0.212 -0.4401 8.7288, 0.2269 -0.4286 8.7996, 0.1469 -0.4465 8.8726, 0.1384 -0.4206 8.9451, 0.0696 -0.2115 9.17, 0.0245 -0.0747 9.2153, 0.0471 -0.1434 9.1988, 0.0015 -0.008 9.2205, 0.0029 -0.0076 9.2205, 0.2752 -0.4036 8.7288, 0.2972 -0.3832 8.7996, 0.2199 -0.4154 8.8726, 0.2071 -0.3913 8.9451, 0.1041 -0.1968 9.17, 0.0367 -0.0695 9.2153, 0.0706 -0.1334 9.1988, 0.0041 -0.007 9.2205, 0.3323 -0.3581 8.7288, 0.3592 -0.3258 8.7996, 0.2881 -0.3714 8.8726, 0.2714 -0.3498 8.9451, 0.0924 -0.1193 9.1988, 0.0481 -0.0622 9.2153, 0.1364 -0.1759 9.17, 0.0051 -0.0064 9.2205, 0.3819 -0.3046 8.7288, 0.4099 -0.2591 8.7996, 0.3481 -0.3158 8.8726, 0.3279 -0.2974 8.9451, 0.1117 -0.1015 9.1988, 0.0581 -0.0529 9.2153, 0.1648 -0.1496 9.17, 0.006 -0.0057 9.2205, 0.4229 -0.2444 8.7288, 0.4477 -0.1863 8.7996, 0.1275 -0.0807 9.1988, 0.0663 -0.0421 9.2153, 0.1881 -0.119 9.17, 0.0067 -0.0049 9.2205, 0.4546 -0.1786 8.7288, 0.4087 -0.17 8.9451, 0.1392 -0.0581 9.1988, 0.0724 -0.0303 9.2153, 0.2054 -0.0856 9.17, 0.0072 -0.0038 9.2205, 0.4835 -0.0363 8.7996, 0.4575 -0.1075 8.8726, 0.4309 -0.1013 8.9451, 0.1468 -0.0346 9.1988, 0.0764 -0.0181 9.2153, 0.2165 -0.051 9.17, 0.0076 -0.0023 9.2205, 0.487 0.0365 8.7288, 0.0728 0.4827 8.7288, 0.4835 0.0359 8.7996, 0.4686 -0.0352 8.8726, 0.4413 -0.0332 8.9451, 0.1503 -0.0114 9.1988, 0.0782 -0.006 9.2153, 0.2218 -0.0168 9.17, 0.0079 -0.001 9.2205, 0.4761 0.1086 8.7288, 0.472 0.1105 8.7996, 0.4686 0.0348 8.8726, 0.4413 0.0328 8.9451, 0.1503 0.011 9.1988, 0.0782 0.0057 9.2153, 0.2218 0.0164 9.17, 0.008 0.0003 9.2205, 0.4546 0.1783 8.7288, 0.4477 0.1859 8.7996, 0.4575 0.1071 8.8726, 0.1468 0.0342 9.1988, 0.0764 0.0177 9.2153, 0.2165 0.0506 9.17, 0.0079 0.0015 9.2205, 0.4229 0.244 8.7288, 0.4099 0.2587 8.7996, 0.4339 0.1801 8.8726, 0.1392 0.0577 9.1988, 0.0076 0.0026 9.2205, 0.0724 0.0299 9.2153, 0.2054 0.0852 9.17, 0.3818 0.3043 8.7288, 0.3973 0.2507 8.8726, 0.0072 0.0036 9.2205, 0.2117 0.4399 8.7288, 0.1516 0.4603 8.7996, 0.3481 0.3154 8.8726, 0.1648 0.1492 9.17, 0.0067 0.0045 9.2205, 0.2714 0.3494 8.9451, 0.2881 0.371 8.8726, 0.2469 0.318 9.014, 0.2154 0.2774 9.0762, 0.178 0.2292 9.1289, 0.006 0.0053 9.2205, 0.2071 0.3909 8.9451, 0.2199 0.415 8.8726, 0.1885 0.3557 9.014, 0.1645 0.3103 9.0762, 0.1359 0.2564 9.1289, 0.0233 0.1488 9.1988, 0.0471 0.143 9.1988, 0.0051 0.006 9.2205, 0.1438 0.4665 8.7288, 0.1469 0.4461 8.8726, 0.126 0.3824 9.014, 0.1099 0.3335 9.0762, 0.0908 0.2756 9.1289, 0.0696 0.2111 9.17, 0.0622 0.3977 9.014, 0.0543 0.3469 9.0762, 0.0449 0.2867 9.1289, 0.0344 0.2196 9.17, 1.7008 1.3384 1.3176, 1.7506 1.3384 3.0609, 1.7932 1.3384 3.0183, 1.7992 1.3384 2.9882, 1.7992 1.3384 1.3176, 1.7761 1.3384 3.0439, -1.7008 1.3384 1.3176, 1.7008 0.4267 0.6483, 1.7008 0.4267 0.8914, 1.7008 0.6551 0.8914, 1.7008 0.7278 0.94, 1.7008 0.6691 0.6483, 1.7008 0.7107 0.9144, 1.7008 0.7338 1.2972, 1.7008 0.7338 0.9701, 1.7008 -0.7342 1.2972, 1.7008 -0.7282 1.3273, 1.7008 -0.6555 1.3759, 1.7008 0.6551 1.3759, 1.7008 0.6852 0.8974, 1.7008 0.7278 1.3273, 1.7008 0.7107 1.3529, 1.7008 0.6852 1.3699, 1.7008 -0.6856 1.3699, 1.7008 -0.6555 0.8914, 1.7008 -0.4271 0.8914, 1.7008 -0.4271 0.6483, 1.7008 -0.7111 1.3529, 1.7008 -0.7342 0.9701, 1.7008 -0.7282 0.94, 1.7008 -0.6695 0.6483, 1.7008 -0.7111 0.9144, 1.7008 -0.6856 0.8974, 1.7992 -0.6695 0.6483, 1.7992 -0.7111 0.9144, 1.7992 -0.7282 0.94, 1.7992 -0.3845 0.6483, 1.7992 -0.3845 0.8914, 1.7992 -0.6555 0.8914, 1.7992 0.7338 1.2972, 1.7992 0.7278 1.3273, 1.7992 -0.7342 0.9701, 1.7992 -0.7342 1.2972, 1.7992 0.6551 1.3759, 1.7992 -0.6555 1.3759, 1.7992 -0.6856 0.8974, 1.7992 -0.7282 1.3273, 1.7992 -0.7111 1.3529, 1.7992 -0.6856 1.3699, 1.7992 0.6852 1.3699, 1.7992 0.3841 0.8914, 1.7992 0.3841 0.6483, 1.7992 0.6551 0.8914, 1.7992 0.7107 1.3529, 1.7992 0.7338 0.9701, 1.7992 0.7278 0.94, 1.7992 0.6691 0.6483, 1.7992 0.7107 0.9144, 1.7992 0.6852 0.8974, 1.599 -0.3314 0.6483, 1.6975 -0.2889 0.6483, 1.6975 0.2885 0.6483, 1.599 0.3311 0.6483, 1.6975 -0.2889 0.8914, 1.599 0.3311 0.8914, 1.6975 0.2885 0.8914, 1.599 -0.3314 0.8914, -1.7008 0.6691 0.6483, -1.7008 0.7338 0.9701, -1.7008 0.7338 1.2972, -1.7008 -0.7342 0.9701, -1.7008 -0.7342 1.2972, -1.7008 0.4267 0.6483, -1.7008 0.6551 0.8914, -1.7008 0.4267 0.8914, -1.7008 -0.6555 1.3759, -1.7008 0.6551 1.3759, -1.7008 -0.4271 0.8914, -1.7008 -0.6555 0.8914, -1.7008 -0.4271 0.6483, -1.7008 0.7107 0.9144, -1.7008 0.7278 0.94, -1.7008 0.6852 0.8974, -1.7008 0.7278 1.3273, -1.7008 0.6852 1.3699, -1.7008 0.7107 1.3529, -1.7008 -0.6856 1.3699, -1.7008 -0.7111 1.3529, -1.7008 -0.7282 1.3273, -1.7008 -0.7282 0.94, -1.7008 -0.6695 0.6483, -1.7008 -0.7111 0.9144, -1.7008 -0.6856 0.8974, -1.6975 -0.2889 0.6483, -1.599 0.3311 0.6483, -1.599 -0.3314 0.6483, -1.6975 0.2885 0.6483, -1.599 -0.3314 0.8914, -1.6975 0.2885 0.8914, -1.599 0.3311 0.8914, -1.6975 -0.2889 0.8914, 0.9794 -0.0002 3.0641, 0.9843 -0.0002 3.0614, 0.9843 -0.0002 3.0669, 0.9746 -0.0002 3.0669, 0.9804 0.0871 3.0669, 0.9688 0.1737 3.0669, 0.9756 0.0868 3.0669, 0.9804 0.0871 3.0641
            ]
        }
        coordIndex [
            0,1,2,-1,3,2,4,-1,3,4,5,-1,3,5,6,-1,1,4,2,-1,7,8,9,-1,7,9,6,-1,8,10,11,-1,12,10,13,-1,12,11,10,-1,7,6,5,-1,8,11,9,-1,14,13,15,-1,14,15,16,-1,17,18,19,-1,20,19,18,-1,16,20,18,-1,19,21,17,-1,16,15,20,-1,22,21,23,-1,17,21,22,-1,24,22,23,-1,12,13,14,-1,1,0,25,-1,26,27,25,-1,25,0,26,-1,27,28,29,-1,28,27,26,-1,30,29,31,-1,28,31,29,-1,32,33,30,-1,30,31,32,-1,33,34,35,-1,34,33,32,-1,36,35,37,-1,34,37,35,-1,38,39,36,-1,36,37,38,-1,39,40,41,-1,40,39,38,-1,42,41,43,-1,40,43,41,-1,42,44,45,-1,42,43,44,-1,46,47,45,-1,45,44,46,-1,48,47,49,-1,47,46,49,-1,50,51,52,-1,53,54,50,-1,50,52,53,-1,54,55,56,-1,55,54,53,-1,57,56,58,-1,55,58,56,-1,59,60,57,-1,57,58,59,-1,60,61,62,-1,61,60,59,-1,63,62,64,-1,61,64,62,-1,65,66,63,-1,63,64,65,-1,66,67,68,-1,67,66,65,-1,69,68,70,-1,67,70,68,-1,71,72,69,-1,69,70,71,-1,73,72,71,-1,73,74,72,-1,52,51,75,-1,75,76,77,-1,76,75,51,-1,78,77,79,-1,76,79,77,-1,80,81,78,-1,78,79,80,-1,81,82,83,-1,82,81,80,-1,84,83,85,-1,82,85,83,-1,86,87,84,-1,84,85,86,-1,87,88,89,-1,88,87,86,-1,90,89,91,-1,88,91,89,-1,92,93,90,-1,90,91,92,-1,93,94,95,-1,94,93,92,-1,94,96,95,-1,95,96,97,-1,98,99,100,-1,99,101,102,-1,101,99,98,-1,103,102,104,-1,101,104,102,-1,105,106,103,-1,103,104,105,-1,97,106,105,-1,97,96,106,-1,98,100,107,-1,108,107,109,-1,100,109,107,-1,110,111,108,-1,108,109,110,-1,111,112,113,-1,112,111,110,-1,112,114,113,-1,113,114,115,-1,116,117,118,-1,119,120,121,-1,122,123,124,-1,125,126,127,-1,128,129,130,-1,131,120,118,-1,116,118,120,-1,120,131,121,-1,120,119,123,-1,123,119,124,-1,122,132,123,-1,123,133,134,-1,132,133,123,-1,123,134,135,-1,135,134,130,-1,126,129,136,-1,137,138,139,-1,128,136,129,-1,140,126,136,-1,140,127,126,-1,125,141,126,-1,141,142,126,-1,143,126,142,-1,144,143,142,-1,137,143,145,-1,139,143,137,-1,145,143,144,-1,129,135,130,-1,146,147,148,-1,149,146,150,-1,146,149,147,-1,151,152,149,-1,150,151,149,-1,135,153,154,-1,155,156,147,-1,129,153,135,-1,155,154,156,-1,153,156,154,-1,147,157,148,-1,155,147,149,-1,158,159,160,-1,161,159,158,-1,159,162,163,-1,162,159,161,-1,162,164,165,-1,165,166,163,-1,163,162,165,-1,167,157,147,-1,147,168,167,-1,156,126,147,-1,169,167,168,-1,126,156,153,-1,129,126,153,-1,168,147,126,-1,170,171,172,-1,173,166,165,-1,172,174,175,-1,170,172,175,-1,176,177,178,-1,174,172,173,-1,173,172,166,-1,179,180,178,-1,178,181,182,-1,183,184,181,-1,177,183,178,-1,178,180,176,-1,185,186,187,-1,181,178,183,-1,188,189,182,-1,190,182,191,-1,189,191,182,-1,181,186,182,-1,182,185,188,-1,186,181,166,-1,169,186,166,-1,185,182,186,-1,169,192,167,-1,169,166,172,-1,193,194,195,-1,196,193,195,-1,195,197,192,-1,194,197,195,-1,172,195,169,-1,195,192,169,-1,198,173,199,-1,200,170,201,-1,202,175,174,-1,203,172,171,-1,171,200,203,-1,170,175,201,-1,171,170,200,-1,202,174,198,-1,201,175,202,-1,173,198,174,-1,203,195,172,-1,195,203,204,-1,205,195,204,-1,206,194,207,-1,208,193,196,-1,209,192,197,-1,197,206,209,-1,194,193,207,-1,197,194,206,-1,208,196,205,-1,207,193,208,-1,195,205,196,-1,209,157,167,-1,209,167,192,-1,210,204,211,-1,151,212,213,-1,214,215,216,-1,217,218,219,-1,217,220,221,-1,219,220,217,-1,221,222,217,-1,223,218,217,-1,224,152,215,-1,151,150,212,-1,225,215,226,-1,227,228,215,-1,225,227,215,-1,215,228,224,-1,229,150,230,-1,214,231,217,-1,232,157,233,-1,234,235,236,-1,204,237,238,-1,239,148,240,-1,207,204,206,-1,157,209,204,-1,205,204,208,-1,204,209,206,-1,207,208,204,-1,203,241,211,-1,236,242,234,-1,234,243,244,-1,201,203,200,-1,164,203,199,-1,203,202,198,-1,201,202,203,-1,203,198,199,-1,234,245,235,-1,223,246,247,-1,248,244,243,-1,243,234,242,-1,249,250,244,-1,249,244,248,-1,164,250,251,-1,250,164,244,-1,203,164,252,-1,251,252,164,-1,253,203,254,-1,203,252,254,-1,255,203,256,-1,203,253,256,-1,203,255,241,-1,203,211,204,-1,204,257,258,-1,210,257,204,-1,258,237,204,-1,204,259,157,-1,259,204,238,-1,259,233,157,-1,148,232,260,-1,232,148,157,-1,260,240,148,-1,146,261,262,-1,239,261,146,-1,239,146,148,-1,146,230,150,-1,230,146,262,-1,263,150,229,-1,217,264,265,-1,212,150,263,-1,266,267,151,-1,266,151,213,-1,152,267,268,-1,267,152,151,-1,215,152,269,-1,268,269,152,-1,270,215,271,-1,215,269,271,-1,272,215,273,-1,215,270,273,-1,215,272,216,-1,215,214,217,-1,217,274,275,-1,231,274,217,-1,275,264,217,-1,217,276,223,-1,276,217,265,-1,223,277,246,-1,276,277,223,-1,246,278,247,-1,247,279,280,-1,278,279,247,-1,281,245,280,-1,247,280,245,-1,235,245,282,-1,245,281,282,-1,283,242,236,-1,235,284,285,-1,248,286,249,-1,287,243,288,-1,289,252,251,-1,290,250,291,-1,256,253,292,-1,254,293,294,-1,241,295,211,-1,296,297,255,-1,298,258,257,-1,299,210,300,-1,259,238,301,-1,237,302,303,-1,232,233,304,-1,305,304,233,-1,306,260,232,-1,232,304,306,-1,260,307,240,-1,307,260,306,-1,239,240,308,-1,307,308,240,-1,309,261,239,-1,239,308,309,-1,261,310,262,-1,310,261,309,-1,230,262,311,-1,310,311,262,-1,305,259,301,-1,233,259,305,-1,303,238,237,-1,301,238,303,-1,298,302,258,-1,302,237,258,-1,210,299,257,-1,299,298,257,-1,211,295,300,-1,211,300,210,-1,241,255,297,-1,241,297,295,-1,296,256,292,-1,255,256,296,-1,294,253,254,-1,292,253,294,-1,289,293,252,-1,293,254,252,-1,250,290,251,-1,290,289,251,-1,249,286,291,-1,249,291,250,-1,248,243,287,-1,248,287,286,-1,288,242,283,-1,243,242,288,-1,285,236,235,-1,283,236,285,-1,312,263,229,-1,230,311,313,-1,213,314,266,-1,315,212,316,-1,317,269,268,-1,318,267,319,-1,273,270,320,-1,271,321,322,-1,216,323,214,-1,324,325,272,-1,326,275,274,-1,327,231,328,-1,276,265,329,-1,264,330,331,-1,246,277,332,-1,333,332,277,-1,334,278,246,-1,246,332,334,-1,278,335,279,-1,335,278,334,-1,280,279,336,-1,335,336,279,-1,337,281,280,-1,280,336,337,-1,281,338,282,-1,338,281,337,-1,235,282,284,-1,338,284,282,-1,333,276,329,-1,277,276,333,-1,331,265,264,-1,329,265,331,-1,326,330,275,-1,330,264,275,-1,231,327,274,-1,327,326,274,-1,214,323,328,-1,214,328,231,-1,216,272,325,-1,216,325,323,-1,324,273,320,-1,272,273,324,-1,322,270,271,-1,320,270,322,-1,317,321,269,-1,321,271,269,-1,267,318,268,-1,318,317,268,-1,266,314,319,-1,266,319,267,-1,213,212,315,-1,213,315,314,-1,316,263,312,-1,212,263,316,-1,313,229,230,-1,312,229,313,-1,285,73,71,-1,330,339,331,-1,339,340,331,-1,339,330,341,-1,340,329,331,-1,326,341,330,-1,340,342,329,-1,326,327,341,-1,329,342,333,-1,341,327,328,-1,333,342,343,-1,323,341,328,-1,343,332,333,-1,325,115,323,-1,344,334,332,-1,319,107,318,-1,345,346,337,-1,287,67,65,-1,316,104,101,-1,311,310,97,-1,90,93,308,-1,61,290,64,-1,87,304,305,-1,58,55,294,-1,83,303,81,-1,297,53,52,-1,299,300,77,-1,81,302,78,-1,298,299,78,-1,75,295,52,-1,77,300,75,-1,84,87,305,-1,301,83,84,-1,292,294,55,-1,296,55,53,-1,89,306,87,-1,59,58,293,-1,90,307,89,-1,95,309,93,-1,59,289,61,-1,286,64,291,-1,95,310,309,-1,105,313,97,-1,65,286,287,-1,105,104,312,-1,315,101,98,-1,71,70,283,-1,284,338,73,-1,314,98,319,-1,317,108,111,-1,73,338,346,-1,344,347,335,-1,321,113,322,-1,336,347,345,-1,320,322,115,-1,314,315,98,-1,332,343,344,-1,335,334,344,-1,336,335,347,-1,337,336,345,-1,338,337,346,-1,285,284,73,-1,283,285,71,-1,288,283,70,-1,287,288,67,-1,288,70,67,-1,286,65,64,-1,290,291,64,-1,289,290,61,-1,293,289,59,-1,294,293,58,-1,296,292,55,-1,297,296,53,-1,295,297,52,-1,300,295,75,-1,299,77,78,-1,302,298,78,-1,303,302,81,-1,301,303,83,-1,305,301,84,-1,306,304,87,-1,307,306,89,-1,308,307,90,-1,309,308,93,-1,310,95,97,-1,313,311,97,-1,312,313,105,-1,316,312,104,-1,315,316,101,-1,319,98,107,-1,318,107,108,-1,321,317,111,-1,317,318,108,-1,115,322,113,-1,113,321,111,-1,115,324,320,-1,323,115,341,-1,324,115,325,-1,346,74,73,-1,344,348,347,-1,345,349,350,-1,351,342,340,-1,352,343,353,-1,354,355,339,-1,340,339,355,-1,341,356,354,-1,354,339,341,-1,351,353,342,-1,351,340,355,-1,352,344,343,-1,353,343,342,-1,348,349,347,-1,352,348,344,-1,345,350,346,-1,347,349,345,-1,74,346,350,-1,357,358,359,-1,357,360,358,-1,361,359,358,-1,362,363,364,-1,360,365,358,-1,366,367,368,-1,369,366,370,-1,371,362,364,-1,363,362,361,-1,371,372,362,-1,358,363,361,-1,371,368,372,-1,367,366,369,-1,366,368,371,-1,373,374,375,-1,376,363,358,-1,376,377,363,-1,378,379,380,-1,379,378,373,-1,380,379,363,-1,373,375,379,-1,381,374,382,-1,383,384,385,-1,375,374,381,-1,380,363,377,-1,386,380,377,-1,387,388,383,-1,389,380,386,-1,387,389,388,-1,390,384,391,-1,392,393,394,-1,385,384,390,-1,387,383,385,-1,387,380,389,-1,395,396,397,-1,48,389,386,-1,396,395,392,-1,398,393,399,-1,400,401,402,-1,394,393,398,-1,396,392,394,-1,397,396,389,-1,403,404,405,-1,406,407,408,-1,404,403,400,-1,409,401,410,-1,411,412,413,-1,402,401,409,-1,404,400,402,-1,405,404,397,-1,414,415,416,-1,415,414,411,-1,417,412,418,-1,419,420,421,-1,413,412,417,-1,415,411,413,-1,416,415,405,-1,422,423,424,-1,425,426,427,-1,423,422,419,-1,428,420,429,-1,430,431,432,-1,421,420,428,-1,423,419,421,-1,424,423,416,-1,433,434,435,-1,114,356,115,-1,434,433,430,-1,436,431,437,-1,438,439,440,-1,432,431,436,-1,434,430,432,-1,435,434,424,-1,441,442,443,-1,114,435,424,-1,442,441,438,-1,444,439,445,-1,114,446,447,-1,440,439,444,-1,442,438,440,-1,443,442,435,-1,448,356,114,-1,114,443,435,-1,443,114,447,-1,449,450,451,-1,449,452,450,-1,114,452,449,-1,114,449,446,-1,341,115,356,-1,427,356,425,-1,453,454,356,-1,455,426,456,-1,457,458,459,-1,460,453,356,-1,356,448,425,-1,457,426,455,-1,356,427,461,-1,356,461,460,-1,426,425,456,-1,457,455,458,-1,459,458,462,-1,463,464,465,-1,466,467,468,-1,469,470,471,-1,468,425,448,-1,448,466,468,-1,448,114,424,-1,463,467,464,-1,465,464,472,-1,473,474,475,-1,467,463,468,-1,469,424,416,-1,469,471,448,-1,448,424,469,-1,471,470,476,-1,473,476,474,-1,475,474,477,-1,478,479,480,-1,476,473,471,-1,408,407,481,-1,469,406,408,-1,469,416,406,-1,405,406,416,-1,478,481,479,-1,480,479,482,-1,483,484,485,-1,481,478,408,-1,486,487,488,-1,487,486,489,-1,489,486,406,-1,406,405,489,-1,483,488,484,-1,485,484,490,-1,491,492,493,-1,488,483,486,-1,397,489,405,-1,494,495,496,-1,496,495,489,-1,495,494,497,-1,491,497,492,-1,493,492,498,-1,499,500,501,-1,497,491,495,-1,489,397,496,-1,389,502,496,-1,397,389,496,-1,503,504,505,-1,499,505,500,-1,506,507,508,-1,501,500,509,-1,505,499,503,-1,504,503,502,-1,389,48,502,-1,503,496,502,-1,510,511,512,-1,513,512,508,-1,514,515,516,-1,517,518,507,-1,507,513,508,-1,507,506,517,-1,513,510,512,-1,519,502,49,-1,511,510,519,-1,510,502,519,-1,520,521,514,-1,520,514,522,-1,516,515,523,-1,523,515,524,-1,525,44,526,-1,525,527,44,-1,522,514,516,-1,524,515,528,-1,527,519,46,-1,527,521,520,-1,520,519,527,-1,526,44,529,-1,527,46,44,-1,529,44,43,-1,502,48,49,-1,49,46,519,-1,530,531,532,-1,4,1,533,-1,534,535,15,-1,536,534,10,-1,537,21,538,-1,539,540,541,-1,542,543,544,-1,545,546,547,-1,545,548,549,-1,550,537,549,-1,551,546,542,-1,552,553,554,-1,23,21,537,-1,555,538,19,-1,541,556,554,-1,539,557,558,-1,535,555,20,-1,13,10,534,-1,559,560,561,-1,8,562,536,-1,563,562,7,-1,531,530,564,-1,530,532,565,-1,563,5,533,-1,547,546,551,-1,532,566,565,-1,567,568,569,-1,533,1,570,-1,571,572,569,-1,573,570,25,-1,574,575,571,-1,576,573,27,-1,577,574,578,-1,29,579,576,-1,578,580,577,-1,581,579,30,-1,35,581,33,-1,582,583,584,-1,581,35,585,-1,586,587,47,-1,41,588,589,-1,588,42,45,-1,45,587,588,-1,584,590,386,-1,586,48,590,-1,36,591,585,-1,591,39,589,-1,592,578,583,-1,564,559,531,-1,559,564,560,-1,569,568,566,-1,568,565,566,-1,569,572,567,-1,571,575,572,-1,574,577,575,-1,578,592,580,-1,583,582,592,-1,584,386,582,-1,590,48,386,-1,586,47,48,-1,587,45,47,-1,588,41,42,-1,589,39,41,-1,591,36,39,-1,585,35,36,-1,581,30,33,-1,579,29,30,-1,576,27,29,-1,573,25,27,-1,570,1,25,-1,533,5,4,-1,563,7,5,-1,562,8,7,-1,536,10,8,-1,534,15,13,-1,535,20,15,-1,555,19,20,-1,538,21,19,-1,537,550,23,-1,549,548,550,-1,545,547,548,-1,543,542,546,-1,553,544,543,-1,554,556,552,-1,553,552,544,-1,541,593,556,-1,540,539,558,-1,593,541,540,-1,558,557,561,-1,559,561,557,-1,23,550,594,-1,595,548,547,-1,596,542,544,-1,597,551,598,-1,556,593,599,-1,552,600,601,-1,602,603,561,-1,604,605,540,-1,606,530,607,-1,608,560,609,-1,610,611,565,-1,565,612,613,-1,567,614,568,-1,615,568,614,-1,572,616,617,-1,617,567,572,-1,575,577,618,-1,618,616,575,-1,365,580,358,-1,577,365,618,-1,376,358,592,-1,580,592,358,-1,582,377,376,-1,376,592,582,-1,386,377,582,-1,577,580,365,-1,616,572,575,-1,617,614,567,-1,619,620,621,-1,568,610,565,-1,610,568,615,-1,622,623,624,-1,625,565,611,-1,530,565,613,-1,612,565,625,-1,626,607,530,-1,626,530,613,-1,530,606,627,-1,627,628,564,-1,564,530,627,-1,629,630,564,-1,629,564,628,-1,564,609,560,-1,609,564,630,-1,631,560,608,-1,632,633,560,-1,632,560,631,-1,561,633,634,-1,633,561,560,-1,561,635,602,-1,634,635,561,-1,603,558,561,-1,636,637,638,-1,558,639,640,-1,603,639,558,-1,558,641,642,-1,640,641,558,-1,604,540,642,-1,558,642,540,-1,605,643,540,-1,593,540,644,-1,643,644,540,-1,645,593,646,-1,593,644,646,-1,599,593,647,-1,593,645,647,-1,556,599,648,-1,649,552,556,-1,556,648,649,-1,650,651,649,-1,600,649,651,-1,649,600,552,-1,652,653,654,-1,636,622,655,-1,623,619,656,-1,657,658,659,-1,620,658,657,-1,660,661,662,-1,663,660,659,-1,370,662,664,-1,661,664,662,-1,664,367,369,-1,369,370,664,-1,660,663,661,-1,657,621,620,-1,658,663,659,-1,656,624,623,-1,621,656,619,-1,652,654,665,-1,655,622,624,-1,638,637,665,-1,636,655,637,-1,654,638,665,-1,653,652,650,-1,544,601,596,-1,601,544,552,-1,652,651,650,-1,542,598,551,-1,598,542,596,-1,597,595,547,-1,547,551,597,-1,594,550,595,-1,548,595,550,-1,23,594,24,-1,666,667,523,-1,667,516,523,-1,667,666,668,-1,516,667,522,-1,523,524,666,-1,669,670,671,-1,672,669,673,-1,674,671,670,-1,675,676,677,-1,678,679,680,-1,681,682,683,-1,684,685,686,-1,687,686,688,-1,689,690,691,-1,692,693,694,-1,695,696,697,-1,695,698,699,-1,700,701,702,-1,701,703,704,-1,702,705,700,-1,706,17,707,-1,708,12,709,-1,9,710,711,-1,710,11,708,-1,3,712,713,-1,712,6,711,-1,0,714,715,-1,714,2,713,-1,28,716,717,-1,716,26,715,-1,31,718,32,-1,718,31,717,-1,719,720,34,-1,34,32,719,-1,721,37,720,-1,34,720,37,-1,38,721,722,-1,721,38,37,-1,722,723,40,-1,40,38,722,-1,529,723,526,-1,43,40,723,-1,529,43,723,-1,31,28,717,-1,32,718,719,-1,2,714,0,-1,715,26,0,-1,28,26,716,-1,9,711,6,-1,713,2,3,-1,712,3,6,-1,706,724,18,-1,710,9,11,-1,709,14,725,-1,724,725,16,-1,682,674,683,-1,679,681,680,-1,700,705,595,-1,726,727,24,-1,707,22,727,-1,705,726,594,-1,703,701,700,-1,696,704,697,-1,703,697,704,-1,696,695,699,-1,689,694,693,-1,690,698,691,-1,698,690,699,-1,691,694,689,-1,693,692,684,-1,686,685,688,-1,684,692,685,-1,687,688,678,-1,687,678,680,-1,681,679,682,-1,683,674,670,-1,366,371,728,-1,673,676,672,-1,671,673,669,-1,675,677,728,-1,676,675,672,-1,677,370,366,-1,677,366,728,-1,370,677,662,-1,677,676,662,-1,662,676,660,-1,676,673,660,-1,660,673,659,-1,673,671,659,-1,659,671,657,-1,671,674,657,-1,657,674,621,-1,674,682,621,-1,621,682,656,-1,682,679,656,-1,656,679,624,-1,679,678,624,-1,624,678,655,-1,678,688,655,-1,655,688,637,-1,688,685,637,-1,637,685,665,-1,685,692,665,-1,665,692,652,-1,692,694,652,-1,652,694,651,-1,694,691,651,-1,651,691,600,-1,691,698,600,-1,600,698,601,-1,698,695,601,-1,601,695,596,-1,695,697,596,-1,596,697,598,-1,697,703,598,-1,598,703,597,-1,703,700,597,-1,597,700,595,-1,595,705,594,-1,594,726,24,-1,24,727,22,-1,22,707,17,-1,17,706,18,-1,18,724,16,-1,16,725,14,-1,14,709,12,-1,12,708,11,-1,617,729,730,-1,360,618,365,-1,731,614,730,-1,615,614,731,-1,732,616,618,-1,729,616,732,-1,614,617,730,-1,360,357,733,-1,733,732,360,-1,360,732,618,-1,729,617,616,-1,732,733,729,-1,734,735,736,-1,512,511,734,-1,737,734,736,-1,736,735,738,-1,739,667,738,-1,519,739,735,-1,668,738,667,-1,522,667,520,-1,735,739,738,-1,519,735,511,-1,734,511,735,-1,667,739,520,-1,519,520,739,-1,740,741,742,-1,514,521,743,-1,740,743,741,-1,744,745,742,-1,746,747,744,-1,745,748,742,-1,749,750,751,-1,742,748,740,-1,749,751,752,-1,751,753,752,-1,754,755,756,-1,753,757,758,-1,759,760,761,-1,762,755,754,-1,763,764,765,-1,766,761,767,-1,768,769,763,-1,768,763,765,-1,770,771,772,-1,773,774,775,-1,776,777,778,-1,771,779,780,-1,781,782,783,-1,784,778,782,-1,785,783,786,-1,783,787,788,-1,789,790,791,-1,787,792,790,-1,793,794,795,-1,794,796,795,-1,797,798,799,-1,799,800,801,-1,802,803,804,-1,799,798,800,-1,805,806,807,-1,802,804,808,-1,809,810,811,-1,812,813,810,-1,814,815,816,-1,809,812,810,-1,817,816,815,-1,814,811,815,-1,818,819,820,-1,817,818,821,-1,819,822,823,-1,821,818,820,-1,824,825,826,-1,819,818,822,-1,826,823,822,-1,822,824,826,-1,827,828,829,-1,830,831,832,-1,828,825,829,-1,827,829,832,-1,833,829,834,-1,832,831,827,-1,835,830,832,-1,830,835,836,-1,836,835,837,-1,838,839,837,-1,840,837,839,-1,838,841,839,-1,841,838,842,-1,728,371,364,-1,840,836,837,-1,842,843,844,-1,842,838,843,-1,728,845,675,-1,843,363,379,-1,375,844,379,-1,844,843,379,-1,829,825,824,-1,810,815,811,-1,817,821,816,-1,812,846,813,-1,795,801,793,-1,807,806,846,-1,806,813,846,-1,797,803,802,-1,808,804,805,-1,806,805,804,-1,792,791,790,-1,847,793,801,-1,797,799,803,-1,801,800,847,-1,848,796,849,-1,775,768,773,-1,791,796,848,-1,849,796,794,-1,791,848,789,-1,783,792,787,-1,788,781,783,-1,779,777,776,-1,781,784,782,-1,782,778,777,-1,770,779,771,-1,780,779,776,-1,773,770,774,-1,774,770,772,-1,769,768,775,-1,765,764,766,-1,766,767,765,-1,759,850,760,-1,767,761,760,-1,760,850,754,-1,851,758,757,-1,756,755,851,-1,762,754,850,-1,757,756,851,-1,852,741,853,-1,750,749,746,-1,757,753,751,-1,746,744,750,-1,747,745,744,-1,743,521,741,-1,526,723,525,-1,853,741,527,-1,854,364,363,-1,845,728,854,-1,838,854,843,-1,845,837,855,-1,837,845,838,-1,856,672,855,-1,835,855,837,-1,670,856,833,-1,856,855,835,-1,832,833,856,-1,829,833,832,-1,857,834,824,-1,824,834,829,-1,822,858,857,-1,822,857,824,-1,859,858,818,-1,818,858,822,-1,860,859,817,-1,817,859,818,-1,861,860,815,-1,815,860,817,-1,862,861,810,-1,810,861,815,-1,863,862,813,-1,813,862,810,-1,864,863,806,-1,806,863,813,-1,865,864,804,-1,804,864,806,-1,865,803,866,-1,803,865,804,-1,867,866,799,-1,799,866,803,-1,867,801,868,-1,801,867,799,-1,868,795,869,-1,795,868,801,-1,870,869,796,-1,796,869,795,-1,871,726,870,-1,791,870,796,-1,707,871,785,-1,871,870,791,-1,792,785,871,-1,783,785,792,-1,782,872,786,-1,782,786,783,-1,873,872,777,-1,777,872,782,-1,779,874,873,-1,779,873,777,-1,875,874,770,-1,770,874,779,-1,876,875,773,-1,773,875,770,-1,877,876,768,-1,768,876,773,-1,878,877,765,-1,765,877,768,-1,879,878,767,-1,767,878,765,-1,880,879,760,-1,760,879,767,-1,881,880,754,-1,754,880,760,-1,881,756,882,-1,756,881,754,-1,883,882,757,-1,757,882,756,-1,883,751,884,-1,751,883,757,-1,884,750,885,-1,750,884,751,-1,885,886,720,-1,744,885,750,-1,852,721,886,-1,886,885,744,-1,742,852,886,-1,741,852,742,-1,527,741,521,-1,363,843,854,-1,364,854,728,-1,675,855,672,-1,838,845,854,-1,675,845,855,-1,672,856,669,-1,670,669,856,-1,832,856,835,-1,670,833,683,-1,833,834,683,-1,683,834,681,-1,834,857,681,-1,681,857,680,-1,857,858,680,-1,680,858,687,-1,858,859,687,-1,687,859,686,-1,859,860,686,-1,686,860,684,-1,860,861,684,-1,684,861,693,-1,693,862,689,-1,693,861,862,-1,689,863,690,-1,689,862,863,-1,690,864,699,-1,690,863,864,-1,699,865,696,-1,699,864,865,-1,696,866,704,-1,696,865,866,-1,704,867,701,-1,704,866,867,-1,701,868,702,-1,701,867,868,-1,702,869,705,-1,702,868,869,-1,705,870,726,-1,705,869,870,-1,726,871,727,-1,707,727,871,-1,792,871,791,-1,707,785,706,-1,785,786,706,-1,706,786,724,-1,786,872,724,-1,724,872,725,-1,872,873,725,-1,725,873,709,-1,873,874,709,-1,709,874,708,-1,874,875,708,-1,708,875,710,-1,875,876,710,-1,710,876,711,-1,876,877,711,-1,711,877,712,-1,712,878,713,-1,712,877,878,-1,713,879,714,-1,713,878,879,-1,714,880,715,-1,714,879,880,-1,715,881,716,-1,715,880,881,-1,716,882,717,-1,716,881,882,-1,717,883,718,-1,717,882,883,-1,718,884,719,-1,718,883,884,-1,719,885,720,-1,719,884,885,-1,720,886,721,-1,852,722,721,-1,742,886,744,-1,722,852,723,-1,852,853,723,-1,723,853,525,-1,527,525,853,-1,729,733,887,-1,888,625,611,-1,359,733,357,-1,889,890,891,-1,892,891,890,-1,893,889,891,-1,894,895,896,-1,897,898,899,-1,888,900,901,-1,606,607,901,-1,888,901,625,-1,902,606,901,-1,895,903,900,-1,903,904,900,-1,902,901,904,-1,905,630,902,-1,903,906,904,-1,906,907,904,-1,631,905,632,-1,906,908,907,-1,908,909,907,-1,639,603,910,-1,908,911,909,-1,910,640,639,-1,909,911,910,-1,604,642,912,-1,911,913,910,-1,910,912,642,-1,913,914,910,-1,914,915,912,-1,643,912,644,-1,648,650,649,-1,916,599,647,-1,915,650,599,-1,648,599,650,-1,912,915,916,-1,599,916,915,-1,646,644,916,-1,644,912,916,-1,641,910,642,-1,914,912,910,-1,896,898,894,-1,632,909,633,-1,909,603,602,-1,902,630,629,-1,905,902,907,-1,896,895,900,-1,901,612,625,-1,898,917,894,-1,918,889,893,-1,892,890,917,-1,892,917,898,-1,362,918,893,-1,372,918,362,-1,893,361,362,-1,919,359,361,-1,733,919,887,-1,891,919,893,-1,897,729,887,-1,892,887,891,-1,892,897,887,-1,898,897,892,-1,899,896,888,-1,899,898,896,-1,613,612,901,-1,888,896,900,-1,627,606,902,-1,901,900,904,-1,609,630,905,-1,902,904,907,-1,907,632,905,-1,907,909,632,-1,602,635,909,-1,910,603,909,-1,641,640,910,-1,604,912,605,-1,643,605,912,-1,646,916,645,-1,647,645,916,-1,361,893,919,-1,359,919,733,-1,729,897,730,-1,891,887,919,-1,730,897,731,-1,897,899,731,-1,731,899,615,-1,615,888,610,-1,615,899,888,-1,611,610,888,-1,613,901,626,-1,607,626,901,-1,627,902,628,-1,629,628,902,-1,609,905,608,-1,631,608,905,-1,633,909,634,-1,909,635,634,-1,737,920,506,-1,737,506,734,-1,506,920,517,-1,506,508,734,-1,512,734,508,-1,381,842,844,-1,830,921,922,-1,375,381,844,-1,923,842,381,-1,842,923,841,-1,924,923,925,-1,839,924,840,-1,926,927,922,-1,924,928,921,-1,929,823,826,-1,828,927,930,-1,820,931,821,-1,932,823,929,-1,931,933,934,-1,932,935,931,-1,936,937,809,-1,936,934,938,-1,807,939,940,-1,812,937,939,-1,802,941,797,-1,942,943,944,-1,847,800,945,-1,941,943,942,-1,946,945,947,-1,948,945,949,-1,950,951,952,-1,946,953,954,-1,955,956,957,-1,957,958,952,-1,778,784,959,-1,955,960,961,-1,962,963,964,-1,780,776,965,-1,966,967,968,-1,969,962,964,-1,967,966,970,-1,769,970,763,-1,766,764,971,-1,970,966,972,-1,973,971,972,-1,970,972,971,-1,759,974,850,-1,975,973,976,-1,974,976,977,-1,976,974,975,-1,974,977,978,-1,850,974,978,-1,979,978,980,-1,978,977,980,-1,978,979,981,-1,755,978,981,-1,981,982,983,-1,981,983,758,-1,984,985,983,-1,983,982,984,-1,749,986,746,-1,984,987,985,-1,985,988,986,-1,988,985,987,-1,989,990,991,-1,986,988,990,-1,745,992,748,-1,986,990,989,-1,992,991,528,-1,991,992,989,-1,743,740,515,-1,992,528,515,-1,514,743,515,-1,740,748,515,-1,975,971,973,-1,968,967,969,-1,968,969,964,-1,993,929,994,-1,962,965,963,-1,774,772,969,-1,959,960,995,-1,963,965,995,-1,960,959,961,-1,965,959,995,-1,955,961,956,-1,956,958,957,-1,787,956,788,-1,789,848,950,-1,954,951,950,-1,952,958,950,-1,941,942,996,-1,951,954,953,-1,936,814,934,-1,946,794,793,-1,946,947,953,-1,947,945,948,-1,941,996,949,-1,949,996,948,-1,937,812,809,-1,943,940,944,-1,940,805,807,-1,940,939,997,-1,937,936,998,-1,937,999,939,-1,933,938,934,-1,929,993,932,-1,821,931,934,-1,931,820,932,-1,929,930,994,-1,922,921,1000,-1,927,926,1001,-1,927,1001,930,-1,927,827,922,-1,921,928,1000,-1,840,924,921,-1,839,923,924,-1,923,381,382,-1,839,841,923,-1,925,923,382,-1,921,836,840,-1,928,924,925,-1,836,921,830,-1,830,922,831,-1,827,831,922,-1,926,922,1000,-1,827,927,828,-1,828,930,825,-1,826,825,930,-1,994,930,1001,-1,826,930,929,-1,823,932,819,-1,820,819,932,-1,935,932,993,-1,934,816,821,-1,933,931,935,-1,816,934,814,-1,814,936,811,-1,809,811,936,-1,998,936,938,-1,939,846,812,-1,999,937,998,-1,807,846,939,-1,997,939,999,-1,943,808,805,-1,944,940,997,-1,805,940,943,-1,802,808,943,-1,802,943,941,-1,798,797,941,-1,941,949,798,-1,800,798,949,-1,800,949,945,-1,793,847,945,-1,793,945,946,-1,954,849,794,-1,794,946,954,-1,848,849,954,-1,848,954,950,-1,958,790,789,-1,789,950,958,-1,787,790,958,-1,787,958,956,-1,781,788,956,-1,956,961,781,-1,784,781,961,-1,784,961,959,-1,776,778,959,-1,776,959,965,-1,962,771,780,-1,780,965,962,-1,772,771,962,-1,772,962,969,-1,775,774,969,-1,969,967,775,-1,769,775,967,-1,769,967,970,-1,764,763,970,-1,764,970,971,-1,975,761,766,-1,766,971,975,-1,759,761,975,-1,759,975,974,-1,978,762,850,-1,762,978,755,-1,755,981,851,-1,758,851,981,-1,982,981,979,-1,758,983,753,-1,753,985,752,-1,753,983,985,-1,749,752,985,-1,749,985,986,-1,746,989,747,-1,746,986,989,-1,745,747,989,-1,745,989,992,-1,515,748,992,-1,895,894,1002,-1,368,918,372,-1,889,918,1003,-1,1002,663,658,-1,1003,664,1004,-1,619,623,906,-1,622,636,911,-1,908,623,622,-1,638,654,914,-1,913,636,638,-1,653,915,654,-1,914,654,915,-1,367,1003,368,-1,650,915,653,-1,638,914,913,-1,622,911,908,-1,636,913,911,-1,623,908,906,-1,903,619,906,-1,658,895,1002,-1,1005,663,1002,-1,1005,1004,661,-1,661,1004,664,-1,1005,661,663,-1,1003,918,368,-1,1004,890,889,-1,367,664,1003,-1,889,1003,1004,-1,1005,917,890,-1,890,1004,1005,-1,1002,894,917,-1,917,1005,1002,-1,895,620,903,-1,620,895,658,-1,619,903,620,-1,1006,1007,1008,-1,1009,1010,1011,-1,1012,1013,1014,-1,1014,1013,1015,-1,1016,1017,1018,-1,1014,1015,1019,-1,1020,1021,1022,-1,1018,1023,1016,-1,1024,1025,1020,-1,1026,1027,1028,-1,1024,1029,1028,-1,1030,1031,1032,-1,1031,1027,1026,-1,1033,1034,1035,-1,1032,1035,1036,-1,1034,1033,1037,-1,1036,1035,1034,-1,1038,1037,1033,-1,1039,1038,1033,-1,1038,1039,1040,-1,1040,1039,1041,-1,1042,1043,1041,-1,1041,1044,1040,-1,1042,1045,1046,-1,1044,1041,1043,-1,1047,1042,1046,-1,1048,1045,1042,-1,1049,1047,1046,-1,1032,1036,1030,-1,1050,1028,1027,-1,1031,1026,1032,-1,1051,1052,484,-1,1028,1050,1053,-1,1020,1054,1021,-1,1053,1024,1028,-1,1020,1025,1054,-1,1055,1020,1022,-1,1012,1056,1013,-1,1022,1057,1018,-1,1057,1023,1018,-1,1017,1058,1018,-1,1059,1060,1017,-1,1059,1019,1015,-1,1061,1059,1017,-1,1056,1012,1009,-1,1011,1056,1009,-1,484,1008,490,-1,1006,1011,1010,-1,1006,1010,1007,-1,1007,490,1008,-1,484,488,1051,-1,1041,1062,1048,-1,1047,1043,1042,-1,1048,1042,1041,-1,1062,1039,1063,-1,1062,1041,1039,-1,1033,1064,1063,-1,1063,1039,1033,-1,1064,1035,1065,-1,1064,1033,1035,-1,1032,1066,1065,-1,1065,1035,1032,-1,1066,1026,1067,-1,1066,1032,1026,-1,1028,1029,1067,-1,1067,1026,1028,-1,1029,1024,1068,-1,1020,1055,1068,-1,1025,1024,1053,-1,1068,1024,1020,-1,1055,1022,1069,-1,1018,1058,1069,-1,1057,1022,1021,-1,1069,1022,1018,-1,1058,1017,1060,-1,1059,1070,1060,-1,1061,1017,1016,-1,1015,1071,1070,-1,1019,1059,1061,-1,1070,1059,1015,-1,1013,1072,1071,-1,1071,1015,1013,-1,1056,1073,1072,-1,1072,1013,1056,-1,1011,1074,1073,-1,1073,1056,1011,-1,1006,1075,1074,-1,1074,1011,1006,-1,1075,1008,1052,-1,1075,1006,1008,-1,484,1052,1008,-1,1076,1077,1078,-1,1079,1080,1081,-1,402,409,1076,-1,1077,1082,1078,-1,1076,409,1077,-1,1083,1084,1085,-1,1082,1086,1087,-1,1088,1089,1090,-1,1091,1092,1083,-1,1093,1094,1095,-1,1096,1097,1098,-1,1099,1100,1101,-1,1102,1103,1104,-1,1105,1106,1107,-1,1108,1099,1109,-1,1110,1111,1112,-1,1113,1106,1114,-1,1115,1116,1117,-1,1118,1117,1119,-1,1120,1121,1122,-1,1123,1122,1121,-1,1124,1125,1126,-1,1127,1128,1120,-1,1129,1130,1131,-1,1131,1126,1125,-1,1132,1129,1133,-1,1130,1126,1131,-1,1132,1134,1135,-1,1133,1136,1132,-1,1137,1138,1134,-1,1134,1132,1136,-1,1139,1137,1140,-1,1134,1141,1137,-1,1142,1143,1144,-1,1145,1140,1137,-1,1146,1147,1143,-1,1142,1144,1140,-1,1148,1146,1149,-1,1147,1144,1143,-1,1149,498,1150,-1,1147,1146,1148,-1,498,492,1150,-1,1149,1150,1148,-1,497,1151,492,-1,492,1151,1152,-1,1130,1129,1132,-1,1153,1128,1154,-1,1155,1156,1157,-1,1153,1154,1158,-1,1126,1153,1124,-1,1153,1159,1128,-1,1157,1116,1155,-1,1127,1154,1128,-1,1160,1120,1122,-1,1160,1127,1120,-1,1157,1123,1121,-1,1123,1157,1156,-1,1117,1116,1161,-1,1117,1162,1119,-1,1115,1117,1118,-1,1163,1164,1112,-1,1165,1162,1166,-1,1164,1110,1112,-1,1111,1162,1167,-1,1166,1162,1111,-1,1111,1110,1166,-1,1163,1112,1113,-1,1109,1168,1108,-1,1169,1106,1113,-1,1170,1107,1106,-1,1105,1114,1106,-1,1108,1170,1171,-1,1168,1172,1170,-1,1168,1170,1108,-1,1173,1174,1099,-1,1104,1175,1101,-1,1101,1173,1099,-1,1176,1177,1096,-1,1175,1173,1101,-1,1178,1093,1176,-1,1103,1179,1104,-1,1104,1179,1175,-1,1102,1180,1093,-1,1093,1095,1102,-1,1098,1176,1096,-1,1178,1094,1093,-1,1084,1083,1181,-1,1096,1090,1182,-1,1183,1089,1184,-1,1090,1183,1185,-1,1096,1182,1097,-1,1183,1090,1089,-1,1184,1089,1092,-1,1083,1085,1091,-1,1092,1186,1083,-1,1187,1082,1077,-1,1188,1181,1081,-1,1189,1080,1079,-1,1188,1081,1080,-1,1084,1181,1188,-1,1087,1189,1079,-1,1086,1189,1087,-1,410,1077,409,-1,1082,1190,1078,-1,1187,1077,410,-1,1087,1191,1190,-1,1086,1082,1187,-1,1190,1082,1087,-1,1079,1192,1191,-1,1191,1087,1079,-1,1081,1193,1192,-1,1192,1079,1081,-1,1181,1194,1193,-1,1193,1081,1181,-1,1083,1186,1194,-1,1194,1181,1083,-1,1186,1092,1195,-1,1089,1088,1195,-1,1184,1092,1091,-1,1195,1092,1089,-1,1088,1090,1196,-1,1096,1177,1196,-1,1182,1090,1185,-1,1196,1090,1096,-1,1177,1176,1197,-1,1093,1180,1197,-1,1178,1176,1098,-1,1197,1176,1093,-1,1180,1102,1198,-1,1104,1199,1198,-1,1103,1102,1095,-1,1198,1102,1104,-1,1199,1101,1100,-1,1199,1104,1101,-1,1099,1200,1100,-1,1108,1171,1200,-1,1109,1099,1174,-1,1200,1099,1108,-1,1171,1170,1201,-1,1106,1169,1201,-1,1107,1170,1172,-1,1201,1170,1106,-1,1169,1113,1202,-1,1112,1203,1202,-1,1163,1113,1114,-1,1202,1113,1112,-1,1203,1111,1167,-1,1203,1112,1111,-1,1162,1204,1167,-1,1117,1161,1204,-1,1119,1162,1165,-1,1204,1162,1117,-1,1161,1116,1205,-1,1157,1206,1205,-1,1155,1116,1115,-1,1205,1116,1157,-1,1206,1121,1207,-1,1206,1157,1121,-1,1120,1208,1207,-1,1207,1121,1120,-1,1208,1128,1159,-1,1208,1120,1128,-1,1159,1153,1209,-1,1126,1210,1209,-1,1124,1153,1158,-1,1209,1153,1126,-1,1210,1130,1211,-1,1210,1126,1130,-1,1132,1135,1211,-1,1211,1130,1132,-1,1135,1134,1138,-1,1137,1139,1138,-1,1141,1134,1136,-1,1140,1212,1139,-1,1145,1137,1141,-1,1144,1213,1212,-1,1142,1140,1145,-1,1212,1140,1144,-1,1147,1214,1213,-1,1213,1144,1147,-1,1148,1215,1214,-1,1214,1147,1148,-1,1150,1152,1215,-1,1215,1148,1150,-1,492,1152,1150,-1,1216,1217,1218,-1,1219,1220,1221,-1,394,398,1216,-1,1217,1222,1218,-1,1216,398,1217,-1,1223,1221,1224,-1,1225,1226,1222,-1,1227,1228,1229,-1,1230,1231,1228,-1,1232,1233,1234,-1,1234,1235,1236,-1,1237,1238,1239,-1,1240,1237,1241,-1,1242,1243,1244,-1,1245,1246,1243,-1,1247,1248,1249,-1,1250,1251,1252,-1,1253,1254,1255,-1,1256,1257,1258,-1,1259,1260,1261,-1,1262,1263,1264,-1,1265,1266,1267,-1,1268,1269,1270,-1,1271,1272,1273,-1,1273,1266,1271,-1,1274,1272,1275,-1,1271,1275,1272,-1,1276,1277,1278,-1,1277,1276,1274,-1,1278,1279,1280,-1,1280,1276,1278,-1,1281,1282,1279,-1,1280,1279,1282,-1,1283,1284,1281,-1,1281,1284,1282,-1,1283,1285,1286,-1,1285,1283,1281,-1,1287,1288,1286,-1,1286,1285,1287,-1,1289,1288,1290,-1,1287,1290,1288,-1,509,500,1289,-1,509,1289,1290,-1,505,1291,500,-1,500,1291,1292,-1,1277,1274,1275,-1,1239,1293,1237,-1,1265,1267,1270,-1,1266,1273,1267,-1,1265,1270,1269,-1,1260,1259,1268,-1,1269,1268,1259,-1,1260,1263,1261,-1,1264,1255,1262,-1,1263,1262,1261,-1,1257,1249,1248,-1,1256,1254,1253,-1,1253,1255,1264,-1,1257,1248,1258,-1,1258,1254,1256,-1,1250,1252,1294,-1,1249,1250,1247,-1,1242,1252,1295,-1,1242,1296,1252,-1,1239,1246,1297,-1,1298,1243,1242,-1,1246,1239,1299,-1,1246,1300,1243,-1,1240,1301,1237,-1,1302,1234,1236,-1,1233,1240,1303,-1,1304,1240,1233,-1,1233,1305,1234,-1,1227,1236,1306,-1,1227,1307,1236,-1,1231,1308,1228,-1,1227,1309,1228,-1,1231,1310,1223,-1,1311,1231,1223,-1,1221,1223,1312,-1,1220,1313,1226,-1,1226,1314,1220,-1,1315,1221,1220,-1,1226,1316,1222,-1,1217,398,399,-1,1222,1217,1317,-1,1222,1316,1218,-1,1317,1217,399,-1,1226,1313,1316,-1,1225,1222,1317,-1,1220,1219,1313,-1,1314,1226,1225,-1,1221,1312,1219,-1,1315,1220,1314,-1,1223,1310,1312,-1,1224,1221,1315,-1,1231,1230,1310,-1,1311,1223,1224,-1,1228,1309,1230,-1,1308,1231,1311,-1,1227,1306,1309,-1,1229,1228,1308,-1,1236,1235,1306,-1,1307,1227,1229,-1,1234,1305,1235,-1,1302,1236,1307,-1,1233,1303,1305,-1,1232,1234,1302,-1,1240,1241,1303,-1,1304,1233,1232,-1,1237,1293,1241,-1,1301,1240,1304,-1,1239,1297,1293,-1,1238,1237,1301,-1,1246,1245,1297,-1,1299,1239,1238,-1,1243,1298,1245,-1,1300,1246,1299,-1,1242,1295,1298,-1,1244,1243,1300,-1,1252,1251,1295,-1,1296,1242,1244,-1,1250,1318,1251,-1,1294,1252,1296,-1,1249,1319,1318,-1,1247,1250,1294,-1,1318,1250,1249,-1,1319,1257,1320,-1,1319,1249,1257,-1,1320,1256,1321,-1,1320,1257,1256,-1,1321,1253,1322,-1,1321,1256,1253,-1,1322,1264,1323,-1,1322,1253,1264,-1,1323,1263,1324,-1,1323,1264,1263,-1,1324,1260,1325,-1,1324,1263,1260,-1,1325,1268,1326,-1,1325,1260,1268,-1,1326,1270,1327,-1,1326,1268,1270,-1,1327,1267,1328,-1,1327,1270,1267,-1,1328,1273,1329,-1,1328,1267,1273,-1,1329,1272,1330,-1,1329,1273,1272,-1,1330,1274,1331,-1,1330,1272,1274,-1,1331,1276,1332,-1,1331,1274,1276,-1,1332,1280,1333,-1,1332,1276,1280,-1,1333,1282,1334,-1,1333,1280,1282,-1,1334,1284,1335,-1,1334,1282,1284,-1,1335,1283,1336,-1,1335,1284,1283,-1,1336,1286,1337,-1,1336,1283,1286,-1,1337,1288,1338,-1,1337,1286,1288,-1,1338,1289,1292,-1,1338,1288,1289,-1,500,1292,1289,-1,1339,1340,1341,-1,1342,1343,1344,-1,385,390,1339,-1,1340,1345,1341,-1,1339,390,1340,-1,1346,1344,1347,-1,1348,1349,1345,-1,1350,1351,1352,-1,1353,1354,1351,-1,1355,1356,1357,-1,1357,1358,1359,-1,1360,1361,1362,-1,1363,1360,1364,-1,1365,1366,1367,-1,1368,1369,1366,-1,1370,1371,1372,-1,1372,1373,1374,-1,1375,1376,1377,-1,1378,1375,1379,-1,1380,1381,1382,-1,1383,1384,1385,-1,1386,1387,1388,-1,1382,1389,1390,-1,1391,1392,1393,-1,1394,1391,1393,-1,1395,1396,1393,-1,1393,1396,1397,-1,1398,1399,1400,-1,1401,1396,1402,-1,1398,1400,1403,-1,1401,1399,1398,-1,1403,1404,1398,-1,1398,1404,1405,-1,1406,1404,1407,-1,1406,1408,1404,-1,1409,1406,1410,-1,1409,1410,1411,-1,1409,1411,1412,-1,1411,1413,1412,-1,1413,517,1412,-1,920,1412,517,-1,737,1414,920,-1,1413,518,517,-1,1401,1402,1399,-1,1388,1415,1391,-1,1416,1382,1390,-1,1388,1417,1386,-1,1391,1418,1388,-1,1419,1390,1386,-1,1420,1386,1390,-1,1421,1382,1381,-1,1422,1350,1359,-1,1381,1423,1385,-1,1381,1385,1424,-1,1425,1375,1378,-1,1377,1426,1384,-1,1384,1427,1385,-1,1375,1377,1428,-1,1384,1429,1377,-1,1430,1371,1378,-1,1378,1371,1431,-1,1372,1371,1432,-1,1362,1369,1433,-1,1374,1365,1434,-1,1372,1374,1435,-1,1362,1436,1369,-1,1366,1365,1437,-1,1365,1374,1438,-1,1369,1439,1366,-1,1440,1360,1363,-1,1441,1360,1362,-1,1356,1442,1363,-1,1443,1357,1359,-1,1356,1444,1357,-1,1445,1356,1363,-1,1350,1446,1359,-1,1350,1447,1351,-1,1346,1354,1448,-1,1354,1346,1449,-1,1354,1450,1351,-1,1344,1346,1451,-1,1343,1452,1349,-1,1349,1453,1343,-1,1454,1344,1343,-1,1340,1455,1345,-1,1456,1345,1349,-1,1340,390,391,-1,1345,1456,1341,-1,1455,1340,391,-1,1349,1452,1456,-1,1348,1345,1455,-1,1343,1342,1452,-1,1453,1349,1348,-1,1344,1451,1342,-1,1454,1343,1453,-1,1346,1448,1451,-1,1347,1344,1454,-1,1354,1353,1448,-1,1449,1346,1347,-1,1351,1447,1353,-1,1450,1354,1449,-1,1350,1422,1447,-1,1352,1351,1450,-1,1359,1358,1422,-1,1446,1350,1352,-1,1357,1444,1358,-1,1443,1359,1446,-1,1356,1445,1444,-1,1355,1357,1443,-1,1363,1364,1445,-1,1442,1356,1355,-1,1360,1441,1364,-1,1440,1363,1442,-1,1362,1433,1441,-1,1361,1360,1440,-1,1369,1368,1433,-1,1436,1362,1361,-1,1366,1437,1368,-1,1439,1369,1436,-1,1365,1438,1437,-1,1367,1366,1439,-1,1374,1373,1438,-1,1434,1365,1367,-1,1372,1432,1373,-1,1435,1374,1434,-1,1371,1430,1432,-1,1370,1372,1435,-1,1378,1379,1430,-1,1431,1371,1370,-1,1375,1428,1379,-1,1425,1378,1431,-1,1377,1429,1428,-1,1376,1375,1425,-1,1384,1383,1429,-1,1426,1377,1376,-1,1385,1423,1383,-1,1427,1384,1426,-1,1381,1380,1423,-1,1424,1385,1427,-1,1382,1416,1380,-1,1421,1381,1424,-1,1390,1419,1416,-1,1389,1382,1421,-1,1386,1417,1419,-1,1420,1390,1389,-1,1388,1418,1417,-1,1387,1386,1420,-1,1391,1394,1418,-1,1415,1388,1387,-1,1393,1397,1394,-1,1392,1391,1415,-1,1396,1457,1397,-1,1395,1393,1392,-1,1401,1458,1457,-1,1402,1396,1395,-1,1457,1396,1401,-1,1398,1405,1458,-1,1458,1401,1398,-1,1405,1404,1408,-1,1406,1459,1408,-1,1407,1404,1403,-1,1409,1460,1459,-1,1410,1406,1407,-1,1459,1406,1409,-1,1412,1414,1460,-1,1460,1409,1412,-1,920,1414,1412,-1,475,1461,1462,-1,1461,1463,1464,-1,475,1463,1461,-1,475,1462,473,-1,1465,1466,1467,-1,1465,1468,1463,-1,1469,1470,1471,-1,1472,1467,1473,-1,1474,1475,1476,-1,1477,1478,1470,-1,1475,1479,1480,-1,1474,1481,1475,-1,1482,1483,1484,-1,1483,1482,1485,-1,1486,1487,1488,-1,1488,1489,1490,-1,1491,1492,1493,-1,1494,1492,1495,-1,1496,1497,1498,-1,1493,1499,1498,-1,1500,1501,1502,-1,1496,1503,1504,-1,1505,1506,1507,-1,1508,1501,1509,-1,1510,1507,1511,-1,1510,1512,1507,-1,1513,1514,1515,-1,1510,1511,1516,-1,1517,1518,1519,-1,1520,1514,1513,-1,1521,1522,1523,-1,1519,1524,1525,-1,1526,1527,1528,-1,1529,1530,1531,-1,1532,1533,1534,-1,1526,1532,1534,-1,1535,1536,1537,-1,1532,1537,1533,-1,1538,1539,1535,-1,1535,1539,1536,-1,1540,1535,1541,-1,1542,1538,1535,-1,1543,1544,1542,-1,1535,1540,1545,-1,1544,1543,1546,-1,1538,1542,1544,-1,1543,1547,1548,-1,1549,1546,1543,-1,1550,1547,1543,-1,1543,1548,1549,-1,1551,1549,1548,-1,1552,1551,1548,-1,1553,1551,1552,-1,1548,1554,1555,-1,1556,1552,1557,-1,1552,1556,1553,-1,1558,1559,1552,-1,1560,1558,1552,-1,1557,1561,1562,-1,1557,1563,1556,-1,1563,1557,1564,-1,1565,1564,1562,-1,1566,1563,1564,-1,1536,1533,1537,-1,1567,1518,1517,-1,1528,1532,1526,-1,1519,1568,1517,-1,1527,1530,1529,-1,1529,1528,1527,-1,1522,1569,1524,-1,1521,1523,1531,-1,1521,1570,1522,-1,1529,1531,1523,-1,1569,1525,1524,-1,1569,1522,1570,-1,1525,1568,1519,-1,1518,1567,1571,-1,1571,1567,1572,-1,1516,1515,1573,-1,1513,1571,1520,-1,1571,1572,1520,-1,1573,1515,1514,-1,1507,1574,1511,-1,1516,1511,1515,-1,1484,1483,1489,-1,1509,1506,1505,-1,1500,1503,1496,-1,1509,1501,1506,-1,1500,1502,1503,-1,1506,1501,1575,-1,1500,1496,1576,-1,1577,1578,1498,-1,1577,1498,1497,-1,1492,1491,1579,-1,1498,1578,1493,-1,1492,1579,1580,-1,1486,1488,1495,-1,1495,1492,1580,-1,1489,1488,1581,-1,1488,1487,1581,-1,1582,1483,1485,-1,1583,1483,1582,-1,1478,1471,1470,-1,1582,1479,1475,-1,1475,1480,1476,-1,1477,1470,1474,-1,1584,1474,1470,-1,1471,1473,1469,-1,1467,1472,1585,-1,1467,1469,1473,-1,1467,1585,1465,-1,1463,1468,1464,-1,1562,1564,1557,-1,1559,1561,1557,-1,1552,1559,1557,-1,1552,1555,1560,-1,1555,1552,1548,-1,1547,1554,1548,-1,1550,1543,1586,-1,1586,1542,1587,-1,1586,1543,1542,-1,1545,1587,1542,-1,1535,1545,1542,-1,1541,1537,1588,-1,1541,1535,1537,-1,1588,1532,1589,-1,1588,1537,1532,-1,1589,1528,1590,-1,1589,1532,1528,-1,1590,1529,1591,-1,1590,1528,1529,-1,1591,1523,1592,-1,1591,1529,1523,-1,1592,1522,1593,-1,1592,1523,1522,-1,1593,1524,1594,-1,1593,1522,1524,-1,1594,1519,1595,-1,1594,1524,1519,-1,1595,1518,1596,-1,1595,1519,1518,-1,1596,1571,1597,-1,1596,1518,1571,-1,1597,1513,1598,-1,1597,1571,1513,-1,1598,1515,1599,-1,1598,1513,1515,-1,1599,1511,1574,-1,1599,1515,1511,-1,1574,1507,1600,-1,1506,1575,1600,-1,1505,1507,1512,-1,1600,1507,1506,-1,1575,1501,1601,-1,1500,1576,1601,-1,1502,1501,1508,-1,1601,1501,1500,-1,1576,1496,1602,-1,1498,1499,1602,-1,1497,1496,1504,-1,1602,1496,1498,-1,1499,1493,1603,-1,1492,1494,1603,-1,1491,1493,1578,-1,1603,1493,1492,-1,1494,1495,1604,-1,1488,1490,1604,-1,1486,1495,1580,-1,1604,1495,1488,-1,1490,1489,1605,-1,1483,1583,1605,-1,1484,1489,1581,-1,1605,1489,1483,-1,1583,1582,1606,-1,1607,1606,1582,-1,1479,1582,1485,-1,1582,1475,1607,-1,1481,1607,1475,-1,1584,1481,1474,-1,1477,1474,1476,-1,1584,1470,1608,-1,1608,1469,1609,-1,1608,1470,1469,-1,1466,1609,1467,-1,1609,1469,1467,-1,1466,1465,1610,-1,1463,477,1610,-1,1468,1465,1585,-1,1610,1465,1463,-1,475,477,1463,-1,1611,420,1612,-1,1613,1614,1615,-1,1616,1617,1618,-1,1615,1619,1616,-1,1620,1617,1621,-1,1616,1622,1617,-1,1623,1624,1625,-1,1626,1627,1625,-1,1628,1629,1630,-1,1624,1623,1628,-1,1631,1632,1633,-1,1634,1629,1635,-1,1636,1637,1638,-1,1639,1633,1640,-1,1641,1642,1643,-1,1644,1645,1646,-1,1647,1648,1649,-1,1650,1651,1647,-1,1652,1653,1654,-1,1655,1656,1657,-1,1658,1659,1660,-1,1660,1661,1658,-1,1662,1663,1664,-1,1659,1665,1666,-1,1667,1668,1669,-1,1670,1662,1664,-1,1668,1667,1671,-1,1668,1672,1669,-1,1673,1674,1671,-1,1674,1675,1671,-1,1676,1674,1677,-1,1673,1677,1674,-1,1676,1678,1679,-1,1678,1676,1677,-1,1680,1681,1679,-1,1679,1678,1680,-1,1682,1683,1684,-1,1680,1683,1681,-1,1682,1684,1685,-1,1682,1681,1683,-1,1685,1686,1687,-1,1685,1684,1686,-1,1688,1687,1686,-1,478,480,1689,-1,480,1687,1688,-1,1689,480,1688,-1,1672,1670,1690,-1,1667,1673,1671,-1,1690,1669,1672,-1,1691,1663,1662,-1,1670,1664,1690,-1,1651,1650,1642,-1,1691,1666,1692,-1,1666,1665,1692,-1,1691,1692,1663,-1,1665,1659,1658,-1,1653,1652,1693,-1,1661,1660,1693,-1,1655,1694,1695,-1,1653,1695,1654,-1,1652,1661,1693,-1,1650,1647,1649,-1,1654,1695,1694,-1,1656,1648,1657,-1,1649,1648,1656,-1,1642,1641,1651,-1,1638,1646,1636,-1,1643,1645,1696,-1,1696,1641,1643,-1,1638,1644,1646,-1,1696,1645,1644,-1,1629,1634,1630,-1,1637,1636,1639,-1,1635,1631,1634,-1,1633,1632,1640,-1,1639,1640,1637,-1,1632,1631,1635,-1,1620,1621,1697,-1,1630,1624,1628,-1,1626,1625,1624,-1,1697,1623,1625,-1,1697,1625,1620,-1,1612,1614,1611,-1,1622,1621,1617,-1,1619,1622,1616,-1,1612,1698,1614,-1,1615,1614,1698,-1,1698,1619,1615,-1,420,1611,429,-1,419,1699,420,-1,420,1699,1612,-1,429,1611,1700,-1,1700,1614,1701,-1,1700,1611,1614,-1,1613,1701,1614,-1,1613,1615,1702,-1,1702,1616,1703,-1,1702,1615,1616,-1,1618,1703,1616,-1,1618,1617,1704,-1,1704,1620,1705,-1,1704,1617,1620,-1,1627,1705,1620,-1,1627,1620,1625,-1,1626,1624,1706,-1,1706,1624,1707,-1,1624,1630,1707,-1,1707,1630,1708,-1,1630,1634,1708,-1,1708,1634,1709,-1,1634,1631,1709,-1,1709,1631,1710,-1,1631,1633,1710,-1,1710,1633,1711,-1,1633,1639,1711,-1,1711,1639,1712,-1,1639,1636,1712,-1,1712,1636,1713,-1,1636,1646,1713,-1,1713,1646,1714,-1,1646,1645,1714,-1,1714,1645,1715,-1,1645,1643,1715,-1,1715,1643,1716,-1,1643,1642,1716,-1,1716,1642,1717,-1,1642,1650,1717,-1,1717,1650,1718,-1,1650,1649,1718,-1,1718,1649,1719,-1,1649,1656,1719,-1,1719,1656,1720,-1,1657,1694,1655,-1,1656,1655,1720,-1,1721,1720,1655,-1,1655,1695,1721,-1,1722,1721,1695,-1,1695,1653,1722,-1,1723,1722,1653,-1,1653,1693,1723,-1,1724,1723,1693,-1,1693,1660,1724,-1,1725,1724,1660,-1,1660,1659,1725,-1,1726,1725,1659,-1,1659,1666,1726,-1,1727,1726,1666,-1,1666,1691,1727,-1,1728,1727,1691,-1,1691,1662,1728,-1,1729,1728,1662,-1,1662,1670,1729,-1,1730,1729,1670,-1,1670,1672,1730,-1,1731,1730,1672,-1,1672,1668,1731,-1,1732,1731,1668,-1,1668,1671,1732,-1,1675,1732,1671,-1,1675,1674,1733,-1,1674,1676,1733,-1,1733,1676,1734,-1,1676,1679,1734,-1,1734,1679,1735,-1,1735,1681,1736,-1,1735,1679,1681,-1,1736,1682,1737,-1,1736,1681,1682,-1,1737,1685,1738,-1,1737,1682,1685,-1,1738,1687,482,-1,1738,1685,1687,-1,480,482,1687,-1,1739,1740,1741,-1,1742,1743,1744,-1,1745,1746,1747,-1,1746,1748,1747,-1,1749,1750,1751,-1,1750,1752,1753,-1,1754,1755,1756,-1,1757,1758,1759,-1,1760,1761,1754,-1,1762,1763,1764,-1,1761,1765,1763,-1,1766,1767,1768,-1,1769,1764,1770,-1,1771,1772,1773,-1,1774,1775,1766,-1,1776,1777,1778,-1,1772,1779,1778,-1,1780,1781,1782,-1,1781,1780,1783,-1,1784,1785,1786,-1,1787,1782,1788,-1,1789,1790,1791,-1,1785,1792,1789,-1,1793,1794,1795,-1,1794,1791,1796,-1,1797,1798,1799,-1,1800,1793,1801,-1,1802,1803,1804,-1,1802,1798,1805,-1,1806,1807,1804,-1,1807,1023,1057,-1,1807,1808,1809,-1,1806,1808,1807,-1,1810,1061,1811,-1,1809,1812,1811,-1,1813,1810,1812,-1,1810,1811,1812,-1,1814,1810,1815,-1,1814,1815,1816,-1,1814,1816,1817,-1,1817,1816,1818,-1,1819,1817,1818,-1,1817,1014,1814,-1,1820,1819,1821,-1,1819,1820,1817,-1,1821,1822,1823,-1,1823,1820,1821,-1,1824,1825,1826,-1,1824,1823,1825,-1,1825,1823,1822,-1,1827,1824,1826,-1,1826,1828,1827,-1,1827,1829,485,-1,483,485,1830,-1,1829,1827,1828,-1,1830,485,1829,-1,1806,1804,1803,-1,1807,1809,1811,-1,1795,1801,1793,-1,1793,1800,1831,-1,1799,1798,1802,-1,1805,1803,1802,-1,1799,1831,1797,-1,1054,1025,1802,-1,1800,1797,1831,-1,1831,1027,1793,-1,1794,1796,1795,-1,1791,1832,1796,-1,1792,1785,1784,-1,1832,1791,1790,-1,1794,1036,1791,-1,1792,1790,1789,-1,1787,1786,1785,-1,1789,1038,1785,-1,1044,1785,1040,-1,1777,1783,1780,-1,1787,1043,1782,-1,1781,1833,1782,-1,1782,1833,1788,-1,1049,1782,1047,-1,1776,1834,1777,-1,1783,1777,1834,-1,1767,1769,1770,-1,1778,1779,1776,-1,1835,1836,1777,-1,1774,1766,1768,-1,1773,1772,1775,-1,1779,1772,1771,-1,1775,1774,1773,-1,1837,1772,1838,-1,1769,1767,1766,-1,1839,1754,1840,-1,1764,1769,1841,-1,1754,1839,1760,-1,1763,1842,1764,-1,1842,1843,1764,-1,1760,1844,1761,-1,1763,1762,1845,-1,1765,1842,1763,-1,1755,1754,1761,-1,1846,1752,1750,-1,1847,1840,1759,-1,1750,1753,1751,-1,1759,1840,1757,-1,1840,1848,1757,-1,1749,1758,1757,-1,1848,1849,1757,-1,1749,1850,1750,-1,1851,1852,1744,-1,1745,1846,1746,-1,1853,1748,1746,-1,1746,1846,1854,-1,1744,1855,1742,-1,1853,1744,1743,-1,1748,1853,1743,-1,1855,1744,1852,-1,1740,1739,1852,-1,418,412,1740,-1,1741,1740,1856,-1,1857,1856,412,-1,1740,412,1856,-1,411,1857,412,-1,418,1740,1858,-1,1740,1852,1858,-1,1851,1858,1852,-1,1855,1852,1739,-1,1851,1744,1859,-1,1859,1853,1860,-1,1859,1744,1853,-1,1854,1860,1746,-1,1860,1853,1746,-1,1854,1846,1861,-1,1750,1862,1861,-1,1752,1846,1745,-1,1861,1846,1750,-1,1850,1862,1750,-1,1849,1850,1749,-1,1758,1749,1751,-1,1849,1749,1757,-1,1848,1840,1863,-1,1756,1863,1840,-1,1839,1840,1847,-1,1756,1840,1754,-1,1755,1761,1864,-1,1845,1864,1761,-1,1765,1761,1844,-1,1845,1761,1763,-1,1762,1764,1865,-1,1841,1865,1764,-1,1770,1764,1843,-1,1841,1769,1866,-1,1866,1766,1867,-1,1866,1769,1766,-1,1766,1868,1867,-1,1766,1775,1868,-1,1837,1868,1775,-1,1837,1775,1772,-1,1772,1869,1838,-1,1772,1778,1869,-1,1836,1869,1778,-1,1836,1778,1777,-1,1777,1870,1835,-1,1777,1780,1870,-1,1049,1870,1780,-1,1049,1780,1782,-1,1782,1043,1047,-1,1044,1043,1787,-1,1786,1787,1788,-1,1044,1787,1785,-1,1038,1040,1785,-1,1038,1789,1037,-1,1037,1791,1034,-1,1037,1789,1791,-1,1036,1034,1791,-1,1036,1794,1030,-1,1030,1793,1031,-1,1030,1794,1793,-1,1027,1031,1793,-1,1027,1831,1050,-1,1050,1799,1053,-1,1050,1831,1799,-1,1025,1053,1799,-1,1025,1799,1802,-1,1054,1804,1021,-1,1054,1802,1804,-1,1057,1021,1804,-1,1057,1804,1807,-1,1023,1811,1016,-1,1023,1807,1811,-1,1061,1016,1811,-1,1019,1061,1810,-1,1815,1810,1813,-1,1810,1814,1019,-1,1014,1019,1814,-1,1014,1817,1012,-1,1009,1012,1820,-1,1012,1817,1820,-1,1009,1823,1010,-1,1009,1820,1823,-1,1010,1824,1007,-1,1010,1823,1824,-1,1827,490,1007,-1,1007,1824,1827,-1,485,490,1827,-1,1871,1872,1873,-1,1874,1875,1876,-1,1877,1878,1879,-1,1876,1879,1878,-1,1880,1881,1882,-1,1883,1884,1882,-1,1885,1886,1887,-1,1881,1888,1887,-1,1889,1890,1891,-1,1892,1893,1894,-1,1890,1895,1893,-1,1896,1897,1898,-1,1898,1179,1103,-1,1173,1899,1900,-1,1899,1898,1897,-1,1901,1902,1900,-1,1899,1903,1900,-1,1902,1901,1904,-1,1174,1900,1902,-1,1902,1905,1906,-1,1906,1172,1168,-1,1907,1908,1909,-1,1906,1905,1908,-1,1114,1105,1910,-1,1906,1908,1907,-1,1910,1909,1911,-1,1909,1910,1907,-1,1912,1114,1910,-1,1913,1912,1911,-1,1163,1114,1912,-1,1897,1903,1899,-1,1903,1901,1900,-1,1896,1898,1914,-1,1094,1893,1914,-1,1914,1893,1892,-1,1893,1178,1890,-1,1894,1893,1895,-1,1895,1890,1889,-1,1915,1889,1891,-1,1097,1890,1098,-1,1891,1886,1915,-1,1887,1886,1183,-1,1881,1887,1184,-1,1888,1885,1887,-1,1882,1881,1883,-1,1888,1881,1880,-1,1877,1916,1878,-1,1884,1883,1916,-1,1917,1879,1876,-1,1877,1884,1916,-1,1875,1874,1918,-1,1917,1876,1875,-1,1086,1872,1874,-1,1874,1872,1918,-1,1873,401,1919,-1,1871,1918,1872,-1,1920,1919,401,-1,1873,410,401,-1,400,1920,401,-1,1187,410,1873,-1,1871,1873,1919,-1,1873,1872,1187,-1,1086,1187,1872,-1,1086,1874,1189,-1,1874,1876,1189,-1,1189,1876,1080,-1,1080,1878,1188,-1,1080,1876,1878,-1,1188,1916,1084,-1,1188,1878,1916,-1,1883,1085,1084,-1,1084,1916,1883,-1,1085,1881,1091,-1,1085,1883,1881,-1,1881,1184,1091,-1,1184,1887,1183,-1,1183,1886,1185,-1,1182,1185,1886,-1,1915,1886,1885,-1,1886,1891,1182,-1,1097,1182,1891,-1,1097,1891,1890,-1,1178,1098,1890,-1,1178,1893,1094,-1,1094,1914,1095,-1,1103,1095,1914,-1,1896,1914,1892,-1,1103,1914,1898,-1,1899,1175,1179,-1,1179,1898,1899,-1,1173,1175,1899,-1,1173,1900,1174,-1,1174,1902,1109,-1,1168,1109,1902,-1,1905,1902,1904,-1,1168,1902,1906,-1,1172,1907,1107,-1,1172,1906,1907,-1,1105,1107,1907,-1,1910,1105,1907,-1,1912,1910,1911,-1,1921,1922,1923,-1,467,466,1921,-1,1924,1921,1923,-1,1925,1924,1926,-1,1926,1927,1928,-1,1926,1929,1930,-1,1931,1932,1933,-1,1934,1935,1936,-1,1937,1938,1939,-1,1940,1941,1942,-1,1943,1944,1945,-1,1938,1946,1947,-1,1948,1949,1950,-1,1945,1951,1952,-1,1953,1954,1955,-1,1956,1957,1958,-1,1959,1960,1961,-1,1962,1963,1964,-1,1965,1966,1967,-1,1968,1966,1965,-1,1969,1970,1971,-1,1972,1973,1974,-1,1975,1976,1977,-1,1978,1977,1979,-1,1980,1975,1981,-1,1975,1980,1976,-1,1982,1980,1981,-1,1983,1982,1981,-1,1984,1983,1985,-1,1982,1983,1986,-1,1987,1988,1986,-1,1987,1989,1988,-1,1989,1990,1991,-1,1984,1992,1987,-1,1993,1994,1990,-1,1991,1988,1989,-1,1995,1990,1996,-1,1991,1990,1994,-1,1566,1997,1563,-1,1993,1998,1994,-1,1999,1993,1997,-1,1995,1556,1563,-1,1998,1999,2000,-1,1999,1998,1993,-1,1983,1987,1986,-1,2001,1975,2002,-1,1965,1959,1968,-1,1977,2003,2002,-1,1973,2004,2005,-1,1977,1976,1979,-1,1978,1979,1969,-1,1969,1971,1978,-1,2006,1971,2007,-1,1971,1970,2004,-1,1970,2005,2004,-1,2008,2007,2004,-1,2009,2010,2011,-1,1972,2004,1973,-1,2010,1972,1974,-1,2010,1974,1967,-1,1968,2012,2013,-1,2010,1967,1966,-1,1958,1954,1953,-1,2014,2012,1961,-1,1963,1955,1964,-1,1963,1962,1960,-1,1968,1959,1961,-1,1964,2015,2016,-1,1961,1960,1962,-1,1955,1954,1964,-1,2015,1954,2017,-1,1945,2018,1943,-1,1956,1958,1953,-1,2019,2020,2018,-1,2019,1948,1950,-1,1949,1957,1956,-1,2021,2022,1957,-1,1948,2023,2021,-1,1948,1957,1949,-1,2020,2019,1950,-1,1937,1939,2024,-1,2019,2018,1945,-1,1943,2025,1944,-1,1486,1580,1947,-1,1938,2026,2027,-1,2025,2026,1944,-1,2026,2025,2027,-1,2027,1939,1938,-1,2028,2029,1941,-1,2030,1462,1461,-1,2024,2031,2029,-1,2029,1937,2024,-1,1933,1942,1931,-1,1942,2029,2031,-1,1942,2031,1931,-1,1933,1932,1934,-1,1934,2032,2033,-1,1934,1932,1935,-1,1936,2034,1927,-1,1935,2034,1936,-1,2035,2032,1936,-1,1925,1926,1928,-1,2034,1928,1927,-1,1921,466,1922,-1,1924,1923,1926,-1,471,473,1462,-1,2030,1922,448,-1,2036,1922,2030,-1,1996,1553,1556,-1,1996,1556,1995,-1,1993,1990,1995,-1,1996,1989,1992,-1,1989,1996,1990,-1,1544,1546,1984,-1,1987,1992,1989,-1,1985,1544,1984,-1,1987,1983,1984,-1,1985,1981,2001,-1,1981,1985,1983,-1,1533,2001,2002,-1,1975,2001,1981,-1,2003,1534,2002,-1,1975,1977,2002,-1,2006,2003,1978,-1,1978,2003,1977,-1,2007,1530,2006,-1,1978,1971,2006,-1,2007,2008,1521,-1,1971,2004,2007,-1,2009,2008,1972,-1,1972,2008,2004,-1,2011,1525,2009,-1,1972,2010,2009,-1,2011,1966,2013,-1,1966,2011,2010,-1,1520,1572,2012,-1,1968,2013,1966,-1,2014,1520,2012,-1,1968,1961,2012,-1,2014,1962,2016,-1,1962,2014,1961,-1,1510,2016,2015,-1,1964,2016,1962,-1,2017,1512,2015,-1,1964,1954,2015,-1,2022,2017,1958,-1,1958,2017,1954,-1,1502,2022,2021,-1,1958,1957,2022,-1,2021,2023,1503,-1,1957,1948,2021,-1,1952,2023,2019,-1,2019,2023,1948,-1,1952,1951,1577,-1,2019,1945,1952,-1,1951,1944,2037,-1,1945,1944,1951,-1,2037,2026,1947,-1,2026,2037,1944,-1,1946,1486,1947,-1,2026,1938,1947,-1,1946,1937,2028,-1,1937,1946,1938,-1,1482,2028,1941,-1,2029,2028,1937,-1,1940,1485,1941,-1,2029,1942,1941,-1,2033,1940,1933,-1,1933,1940,1942,-1,1477,2033,2032,-1,1933,1934,2033,-1,2032,2035,1478,-1,1934,1936,2032,-1,1930,2035,1927,-1,1927,2035,1936,-1,1930,1929,1472,-1,1927,1926,1930,-1,2036,1929,1923,-1,1926,1923,1929,-1,1462,2030,471,-1,1922,2036,1923,-1,448,1922,466,-1,1993,1995,1997,-1,1563,1997,1995,-1,1553,1996,1551,-1,1551,1992,1549,-1,1551,1996,1992,-1,1546,1549,1992,-1,1546,1992,1984,-1,1544,1985,1538,-1,1538,1985,1539,-1,1539,2001,1536,-1,1539,1985,2001,-1,1533,1536,2001,-1,1533,2002,1534,-1,1534,2003,1526,-1,1526,2003,1527,-1,1527,2006,1530,-1,1527,2003,2006,-1,1530,2007,1531,-1,1531,2007,1521,-1,1521,2008,1570,-1,1570,2008,1569,-1,1569,2009,1525,-1,1569,2008,2009,-1,1525,2011,1568,-1,1568,2011,1517,-1,1517,2013,1567,-1,1517,2011,2013,-1,1572,1567,2013,-1,1572,2013,2012,-1,1520,2014,1514,-1,1514,2014,1573,-1,1573,2016,1516,-1,1573,2014,2016,-1,1510,1516,2016,-1,1510,2015,1512,-1,1512,2017,1505,-1,1505,2017,1509,-1,1509,2022,1508,-1,1509,2017,2022,-1,2022,1502,1508,-1,1502,2021,1503,-1,1503,2023,1504,-1,1504,2023,1497,-1,1497,1952,1577,-1,1497,2023,1952,-1,1577,1951,1578,-1,1578,1951,1491,-1,1491,2037,1579,-1,1491,1951,2037,-1,1580,1579,2037,-1,1580,2037,1947,-1,1486,1946,1487,-1,1487,1946,1581,-1,1581,2028,1484,-1,1581,1946,2028,-1,1482,1484,2028,-1,1482,1941,1485,-1,1485,1940,1479,-1,1479,1940,1480,-1,1480,2033,1476,-1,1480,1940,2033,-1,2033,1477,1476,-1,1477,2032,1478,-1,1478,2035,1471,-1,1471,2035,1473,-1,1473,1930,1472,-1,1473,2035,1930,-1,1472,1929,1585,-1,1585,1929,1468,-1,1468,2036,1464,-1,1468,1929,2036,-1,1461,1464,2036,-1,2030,1461,2036,-1,448,471,2030,-1,2038,2039,2040,-1,476,470,2038,-1,2040,2041,2042,-1,2040,2042,2038,-1,2041,2043,2044,-1,2045,2042,2041,-1,2046,2047,2048,-1,2049,2050,2051,-1,2052,2053,2054,-1,2055,2056,2057,-1,2058,2059,2060,-1,2061,2062,2063,-1,2064,2065,2066,-1,2059,2067,2068,-1,2069,2070,2071,-1,2072,2073,2074,-1,2075,2076,2077,-1,2078,2079,2080,-1,2081,2082,2083,-1,2084,2085,2086,-1,2087,2088,2089,-1,2090,2091,2092,-1,2093,2094,2095,-1,2096,2088,2087,-1,2097,2098,2099,-1,2097,2100,2101,-1,2102,2103,2104,-1,2104,2099,2102,-1,2105,2106,2107,-1,2107,2103,2105,-1,2108,2106,2109,-1,2105,2109,2106,-1,2110,2111,2112,-1,2111,2108,2109,-1,2113,2114,2112,-1,2115,2116,2112,-1,2117,2118,2113,-1,2112,2114,2110,-1,2117,2119,2120,-1,2114,2113,2118,-1,2117,2121,2118,-1,422,1699,419,-1,1699,2122,1612,-1,2120,2121,2117,-1,2120,434,432,-1,2120,2119,434,-1,434,2119,424,-1,2108,2111,2110,-1,2098,2102,2099,-1,2104,2103,2107,-1,2098,2097,2101,-1,2092,2081,2083,-1,2100,2094,2101,-1,2123,2087,2093,-1,2095,2123,2093,-1,2095,2094,2100,-1,2087,2123,2096,-1,2124,2090,2125,-1,2091,2089,2088,-1,2083,2090,2092,-1,2089,2091,2090,-1,2063,2062,2058,-1,2086,2082,2084,-1,2081,2084,2082,-1,2075,2080,2079,-1,2085,2076,2086,-1,2077,2080,2075,-1,2077,2076,2085,-1,2078,2069,2079,-1,2072,2074,2065,-1,2071,2070,2073,-1,2069,2078,2070,-1,2071,2073,2072,-1,2061,2052,2062,-1,2126,2064,2127,-1,2074,2066,2065,-1,2063,2058,2060,-1,2127,2059,2126,-1,2064,2126,2065,-1,2060,2059,2127,-1,2055,2054,2056,-1,2056,2054,2053,-1,2052,2061,2053,-1,2057,2048,2055,-1,2043,2051,2050,-1,2046,2049,2047,-1,2057,2046,2048,-1,2049,2051,2047,-1,2045,2041,2044,-1,2044,2043,2050,-1,469,2128,2039,-1,470,2039,2038,-1,2129,2039,2128,-1,408,478,1689,-1,2130,422,424,-1,1699,2130,2122,-1,2117,2130,2119,-1,2116,1612,2122,-1,2113,2122,2117,-1,2113,2116,2122,-1,2112,2116,2113,-1,2131,2115,2111,-1,2111,2115,2112,-1,2132,2131,2109,-1,2109,2131,2111,-1,2133,2132,2105,-1,2105,2132,2109,-1,2134,2133,2103,-1,2103,2133,2105,-1,2135,2134,2102,-1,2102,2134,2103,-1,2136,2135,2098,-1,2098,2135,2102,-1,2137,2136,2101,-1,2101,2136,2098,-1,2138,2137,2094,-1,2094,2137,2101,-1,2139,2138,2093,-1,2093,2138,2094,-1,2140,2139,2087,-1,2087,2139,2093,-1,2124,1638,2140,-1,2089,2140,2087,-1,1696,2124,2125,-1,2089,2124,2140,-1,2141,2125,2083,-1,2083,2125,2090,-1,2142,2141,2082,-1,2082,2141,2083,-1,2143,2142,2086,-1,2086,2142,2082,-1,2144,2143,2076,-1,2076,2143,2086,-1,2145,2144,2075,-1,2075,2144,2076,-1,2146,2145,2079,-1,2079,2145,2075,-1,2147,2146,2069,-1,2069,2146,2079,-1,2148,2147,2071,-1,2071,2147,2069,-1,2149,2148,2072,-1,2072,2148,2071,-1,2150,2149,2065,-1,2065,2149,2072,-1,2150,2068,1665,-1,2126,2150,2065,-1,1663,2068,2067,-1,2126,2068,2150,-1,2151,2067,2058,-1,2058,2067,2059,-1,2152,2151,2062,-1,2062,2151,2058,-1,2153,2152,2052,-1,2052,2152,2062,-1,2154,2153,2054,-1,2054,2153,2052,-1,2155,2154,2055,-1,2055,2154,2054,-1,2156,2155,2048,-1,2048,2155,2055,-1,2157,2156,2047,-1,2047,2156,2048,-1,2158,2157,2051,-1,2051,2157,2047,-1,2159,2158,2043,-1,2043,2158,2051,-1,2160,2159,2041,-1,2041,2159,2043,-1,2160,2129,1686,-1,2040,2160,2041,-1,2128,1689,2129,-1,2040,2129,2160,-1,469,2039,470,-1,424,2119,2130,-1,422,2130,1699,-1,1612,2116,1698,-1,2117,2122,2130,-1,1698,2116,1619,-1,2116,2115,1619,-1,1619,2115,1622,-1,2115,2131,1622,-1,1622,2131,1621,-1,2131,2132,1621,-1,1621,2132,1697,-1,2132,2133,1697,-1,1697,2133,1623,-1,2133,2134,1623,-1,1623,2134,1628,-1,1628,2135,1629,-1,1628,2134,2135,-1,1629,2136,1635,-1,1629,2135,2136,-1,1635,2137,1632,-1,1635,2136,2137,-1,1632,2138,1640,-1,1632,2137,2138,-1,1640,2139,1637,-1,1640,2138,2139,-1,1637,2140,1638,-1,1637,2139,2140,-1,1638,2124,1644,-1,1696,1644,2124,-1,2090,2124,2089,-1,1696,2125,1641,-1,2125,2141,1641,-1,1641,2141,1651,-1,2141,2142,1651,-1,1651,2142,1647,-1,2142,2143,1647,-1,1647,2143,1648,-1,2143,2144,1648,-1,1648,2144,1657,-1,1657,2145,1694,-1,1657,2144,2145,-1,1694,2146,1654,-1,1694,2145,2146,-1,1654,2147,1652,-1,1654,2146,2147,-1,1652,2148,1661,-1,1652,2147,2148,-1,1661,2149,1658,-1,1661,2148,2149,-1,1658,2150,1665,-1,1658,2149,2150,-1,1665,2068,1692,-1,1663,1692,2068,-1,2059,2068,2126,-1,1663,2067,1664,-1,2067,2151,1664,-1,1664,2151,1690,-1,2151,2152,1690,-1,1690,2152,1669,-1,2152,2153,1669,-1,1669,2153,1667,-1,2153,2154,1667,-1,1667,2154,1673,-1,1673,2155,1677,-1,1673,2154,2155,-1,1677,2156,1678,-1,1677,2155,2156,-1,1678,2157,1680,-1,1678,2156,2157,-1,1680,2158,1683,-1,1680,2157,2158,-1,1683,2159,1684,-1,1683,2158,2159,-1,1684,2160,1686,-1,1684,2159,2160,-1,1686,2129,1688,-1,1689,1688,2129,-1,2039,2129,2040,-1,1689,2128,408,-1,469,408,2128,-1,2161,2162,2163,-1,481,407,2161,-1,2164,2161,2163,-1,2165,2164,2166,-1,2167,2168,2166,-1,2166,2169,2170,-1,2171,2172,2173,-1,2174,2175,2176,-1,2177,2178,2179,-1,2180,2181,2182,-1,2183,2184,2185,-1,2186,2187,2178,-1,2188,2189,2190,-1,2183,2185,2191,-1,2192,2193,2194,-1,2195,2196,2197,-1,2198,2199,2200,-1,2201,2202,2203,-1,2204,2205,2206,-1,2204,2198,2207,-1,2208,2209,2210,-1,2211,2212,2213,-1,2214,2215,2216,-1,2217,2218,2219,-1,2220,2221,2214,-1,2215,2222,2216,-1,2223,2224,2225,-1,2226,2225,2227,-1,2228,2223,2229,-1,2223,2228,2224,-1,2229,2230,2231,-1,2223,2232,2233,-1,2234,2235,2230,-1,2231,2230,2235,-1,2236,2234,2237,-1,2238,2230,2239,-1,2240,2237,2241,-1,2234,2236,2235,-1,2242,2238,1739,-1,2240,2236,2237,-1,2243,1857,414,-1,2244,2241,2237,-1,1856,2242,1741,-1,414,1857,411,-1,423,2244,416,-1,2241,2244,423,-1,421,2241,423,-1,2231,2228,2229,-1,2221,2245,2226,-1,2225,2224,2227,-1,2217,2246,2247,-1,2227,2248,2226,-1,2247,2246,2249,-1,2248,2215,2214,-1,2214,2226,2248,-1,2218,2250,2251,-1,1765,2208,1842,-1,2218,2222,2219,-1,2218,2216,2222,-1,2246,2217,2219,-1,2212,2206,2205,-1,2249,2209,2247,-1,2249,2252,2209,-1,2253,2206,2212,-1,2253,2254,2255,-1,2255,2209,2252,-1,2254,2209,2255,-1,2253,2212,2254,-1,2203,2256,2257,-1,2207,2258,2259,-1,2207,2205,2204,-1,2199,2201,2200,-1,2198,2200,2207,-1,2258,2200,2260,-1,2199,2202,2201,-1,2203,2202,2256,-1,2261,2203,2262,-1,2263,2264,2190,-1,2265,2257,2256,-1,2265,2194,2257,-1,2188,2196,2195,-1,2192,2196,2266,-1,2197,2194,2265,-1,2196,2194,2197,-1,2189,2188,2195,-1,2186,2267,2187,-1,2190,2189,2268,-1,2267,2184,2269,-1,2190,2191,2185,-1,2268,2191,2190,-1,2183,2269,2184,-1,2270,2271,2184,-1,2270,2267,2272,-1,2269,2187,2267,-1,2173,2180,2171,-1,2273,2274,2177,-1,2179,2182,2181,-1,2177,2186,2178,-1,2182,2171,2180,-1,2275,2180,2276,-1,2181,2177,2179,-1,2277,2276,2173,-1,2172,2174,2173,-1,2167,2163,2278,-1,2279,2280,2176,-1,2172,2175,2174,-1,2281,2170,2169,-1,2175,2281,2176,-1,2281,2169,2176,-1,2170,2165,2166,-1,2161,407,2162,-1,2164,2163,2166,-1,2282,2162,406,-1,483,1830,486,-1,486,2282,406,-1,2243,414,416,-1,1856,2243,2242,-1,2244,2237,2243,-1,2242,2234,2238,-1,2234,2242,2237,-1,2239,1855,2238,-1,2234,2230,2238,-1,2239,2229,2233,-1,2229,2239,2230,-1,2232,1748,2233,-1,2229,2223,2233,-1,2232,2225,2245,-1,2225,2232,2223,-1,1751,1753,2221,-1,2226,2245,2225,-1,2220,1751,2221,-1,2226,2214,2221,-1,2251,2220,2216,-1,2216,2220,2214,-1,2250,1847,2251,-1,2216,2218,2251,-1,2283,2250,2217,-1,2218,2217,2250,-1,2208,2283,2247,-1,2247,2283,2217,-1,2208,2210,1842,-1,2247,2209,2208,-1,2211,2210,2254,-1,2254,2210,2209,-1,2213,1767,2211,-1,2254,2212,2211,-1,2213,2205,2259,-1,2205,2213,2212,-1,1771,2259,2258,-1,2207,2259,2205,-1,2260,1779,2258,-1,2207,2200,2258,-1,2260,2201,2261,-1,2201,2260,2200,-1,2262,1783,2261,-1,2201,2203,2261,-1,2193,2262,2257,-1,2257,2262,2203,-1,1786,2193,2192,-1,2194,2193,2257,-1,2266,1784,2192,-1,2194,2196,2192,-1,2264,2266,2188,-1,2188,2266,2196,-1,2264,2263,1832,-1,2188,2190,2264,-1,2271,2263,2185,-1,2185,2263,2190,-1,1800,2271,2270,-1,2184,2271,2185,-1,2272,1797,2270,-1,2184,2267,2270,-1,2272,2186,2274,-1,2186,2272,2267,-1,2273,1803,2274,-1,2186,2177,2274,-1,2273,2181,2275,-1,2181,2273,2177,-1,1812,2275,2276,-1,2180,2275,2181,-1,2277,1813,2276,-1,2180,2173,2276,-1,2280,2277,2174,-1,2174,2277,2173,-1,2279,1818,2280,-1,2174,2176,2280,-1,2168,2279,2169,-1,2169,2279,2176,-1,1825,2168,2167,-1,2166,2168,2169,-1,2167,2278,1826,-1,2166,2163,2167,-1,2162,2282,2278,-1,2162,2278,2163,-1,406,2162,407,-1,2243,416,2244,-1,1857,2243,1856,-1,1739,1741,2242,-1,2237,2242,2243,-1,1739,2238,1855,-1,1855,2239,1742,-1,1742,2239,1743,-1,1743,2233,1748,-1,1743,2239,2233,-1,1748,2232,1747,-1,1747,2232,1745,-1,1745,2245,1752,-1,1745,2232,2245,-1,1753,1752,2245,-1,1753,2245,2221,-1,1751,2220,1758,-1,1758,2220,1759,-1,1759,2251,1847,-1,1759,2220,2251,-1,1847,2250,1839,-1,1839,2250,1760,-1,1760,2283,1844,-1,1760,2250,2283,-1,1765,1844,2283,-1,1765,2283,2208,-1,1842,2210,1843,-1,1843,2210,1770,-1,1770,2211,1767,-1,1770,2210,2211,-1,1767,2213,1768,-1,1768,2213,1774,-1,1774,2259,1773,-1,1774,2213,2259,-1,1771,1773,2259,-1,1771,2258,1779,-1,1779,2260,1776,-1,1776,2260,1834,-1,1834,2261,1783,-1,1834,2260,2261,-1,1783,2262,1781,-1,1781,2262,1833,-1,1833,2193,1788,-1,1833,2262,2193,-1,1786,1788,2193,-1,1786,2192,1784,-1,1784,2266,1792,-1,1792,2266,1790,-1,1790,2264,1832,-1,1790,2266,2264,-1,1832,2263,1796,-1,1796,2263,1795,-1,1795,2271,1801,-1,1795,2263,2271,-1,1800,1801,2271,-1,1800,2270,1797,-1,1797,2272,1798,-1,1798,2272,1805,-1,1805,2274,1803,-1,1805,2272,2274,-1,1803,2273,1806,-1,1806,2273,1808,-1,1808,2275,1809,-1,1808,2273,2275,-1,1812,1809,2275,-1,1812,2276,1813,-1,1813,2277,1815,-1,1815,2277,1816,-1,1816,2280,1818,-1,1816,2277,2280,-1,1818,2279,1819,-1,1819,2279,1821,-1,1821,2168,1822,-1,1821,2279,2168,-1,1825,1822,2168,-1,1825,2167,1826,-1,1826,2278,1828,-1,1828,2278,1829,-1,1829,2282,1830,-1,1829,2278,2282,-1,486,1830,2282,-1,403,2284,1920,-1,2285,2286,2287,-1,403,1920,400,-1,2288,1919,2284,-1,2289,2290,2291,-1,2291,2292,2293,-1,2290,2289,2294,-1,2291,2290,2292,-1,2295,2296,2297,-1,2297,2286,2285,-1,2298,2299,2300,-1,2301,2302,2303,-1,2304,2305,2306,-1,2306,2299,2307,-1,2308,2309,2310,-1,2309,2311,2312,-1,2313,2314,2315,-1,2316,2317,2318,-1,2319,2320,2313,-1,2313,2316,2319,-1,2321,2322,2320,-1,2319,2321,2320,-1,2323,2322,2324,-1,2323,2325,2326,-1,2327,2328,2329,-1,2328,2323,2324,-1,2327,2323,2328,-1,2330,2329,1045,-1,2325,2327,2331,-1,2327,2329,2330,-1,2324,2322,2321,-1,2332,1913,1911,-1,2333,2310,2309,-1,2313,2317,2316,-1,2308,2334,2309,-1,2318,2317,2334,-1,2308,2318,2334,-1,2333,2335,2310,-1,2333,2305,2335,-1,2335,2305,2304,-1,2299,2336,2307,-1,2299,2306,2305,-1,2336,2301,2303,-1,2303,2307,2336,-1,2302,2301,2296,-1,2295,2297,2285,-1,2296,2337,2338,-1,2302,2296,2295,-1,2294,2289,2287,-1,2286,2294,2287,-1,2339,2294,2340,-1,2293,2292,2341,-1,415,2342,2341,-1,2341,2342,2293,-1,413,2342,415,-1,2341,405,415,-1,405,2284,403,-1,2284,2292,2288,-1,2292,2284,2341,-1,2288,2290,2339,-1,2290,2288,2292,-1,2340,1918,2339,-1,2290,2294,2339,-1,2340,2286,2343,-1,2286,2340,2294,-1,2343,2297,2338,-1,2297,2343,2286,-1,2337,1877,2338,-1,2297,2296,2338,-1,2344,2337,2301,-1,2301,2337,2296,-1,2298,2344,2336,-1,2336,2344,2301,-1,2300,1888,2298,-1,2336,2299,2298,-1,2345,2300,2305,-1,2305,2300,2299,-1,2345,2333,2312,-1,2333,2345,2305,-1,1894,2312,2311,-1,2333,2309,2312,-1,2311,2334,2346,-1,2334,2311,2309,-1,2346,2317,2315,-1,2317,2346,2334,-1,1903,2315,2314,-1,2313,2315,2317,-1,2347,2314,2320,-1,2320,2314,2313,-1,2347,2322,2326,-1,2322,2347,2320,-1,1908,2326,2325,-1,2323,2326,2322,-1,2332,2331,2330,-1,2327,2325,2323,-1,2330,2331,2327,-1,2284,405,2341,-1,1920,2284,1919,-1,1919,2288,1871,-1,1871,2339,1918,-1,1871,2288,2339,-1,1918,2340,1875,-1,1875,2340,1917,-1,2340,2343,1917,-1,1917,2343,1879,-1,1879,2338,1877,-1,1879,2343,2338,-1,1877,2337,1884,-1,1884,2337,1882,-1,1882,2344,1880,-1,1882,2337,2344,-1,1880,2298,1888,-1,1880,2344,2298,-1,1888,2300,1885,-1,1885,2300,1915,-1,1915,2345,1889,-1,1915,2300,2345,-1,1889,2312,1895,-1,1889,2345,2312,-1,2312,1894,1895,-1,1894,2311,1892,-1,1892,2346,1896,-1,1892,2311,2346,-1,1896,2315,1897,-1,1896,2346,2315,-1,1903,1897,2315,-1,1903,2314,1901,-1,1901,2347,1904,-1,1901,2314,2347,-1,1904,2326,1905,-1,1904,2347,2326,-1,1908,1905,2326,-1,1908,2325,1909,-1,1909,2331,1911,-1,1909,2325,2331,-1,1911,2331,2332,-1,472,2348,2349,-1,2350,2351,2352,-1,2353,2354,2355,-1,2356,2355,2354,-1,2357,2358,2359,-1,2360,2361,2362,-1,2363,2364,2365,-1,2366,2367,2368,-1,2369,2370,2371,-1,2372,2364,2373,-1,2374,2375,2376,-1,2377,2378,2379,-1,2380,2381,2382,-1,2383,2384,2380,-1,2385,2386,2387,-1,2381,2388,2382,-1,2389,2390,2391,-1,2392,2390,2389,-1,2393,2394,2395,-1,2396,2391,2397,-1,2395,2394,2398,-1,2398,2394,2399,-1,2400,2401,2402,-1,2399,2402,2403,-1,2404,2400,2405,-1,2403,2402,2401,-1,2405,2406,2407,-1,2400,2404,2401,-1,2408,2409,2406,-1,2407,2404,2405,-1,2406,1988,2410,-1,2406,2410,2408,-1,2411,2408,2410,-1,2412,2411,2410,-1,2413,2411,2412,-1,2414,2412,2415,-1,2416,2415,2417,-1,2414,2413,2412,-1,2416,2417,2418,-1,2415,1998,2417,-1,2000,2417,1998,-1,2419,2417,2000,-1,2420,2419,2421,-1,2419,2420,2417,-1,2399,2403,2398,-1,2393,2395,2422,-1,2375,2378,2376,-1,2393,2422,2423,-1,2422,2396,2423,-1,2397,2423,2396,-1,2391,2390,2397,-1,2424,2392,2425,-1,2425,2386,2424,-1,2425,2392,2389,-1,2383,2380,2382,-1,2386,2385,2424,-1,2426,2384,2383,-1,2427,2385,2387,-1,2427,2387,2388,-1,2427,2388,2381,-1,2377,2376,2378,-1,2374,2384,2426,-1,2426,2375,2374,-1,2371,2377,2379,-1,2373,2428,2372,-1,2369,2428,2370,-1,2379,2369,2371,-1,2428,2373,2370,-1,2357,2366,2358,-1,2364,2372,2365,-1,2363,2368,2367,-1,2368,2363,2365,-1,2366,2357,2367,-1,2358,2361,2359,-1,2360,2362,2353,-1,2359,2361,2360,-1,2356,2351,2355,-1,2362,2354,2353,-1,2350,2429,2430,-1,2350,2352,2429,-1,2356,2352,2351,-1,2430,2349,2348,-1,2429,2349,2430,-1,1921,1924,464,-1,2348,472,464,-1,467,1921,464,-1,1998,2415,1994,-1,2420,2418,2417,-1,2412,1991,1994,-1,2414,2415,2416,-1,1994,2415,2412,-1,1991,2410,1988,-1,1991,2412,2410,-1,2406,1986,1988,-1,2405,1982,1986,-1,2407,2406,2409,-1,1986,2406,2405,-1,2400,1980,1982,-1,1982,2405,2400,-1,2402,1976,1980,-1,1980,2400,2402,-1,2399,1979,1976,-1,1976,2402,2399,-1,2394,1969,1979,-1,1979,2399,2394,-1,2393,1970,1969,-1,1969,2394,2393,-1,2423,2005,1970,-1,1970,2393,2423,-1,2397,1973,2005,-1,2005,2423,2397,-1,2390,1974,1973,-1,1973,2397,2390,-1,2392,1967,1974,-1,1974,2390,2392,-1,2424,1965,1967,-1,1967,2392,2424,-1,2385,1959,1965,-1,1965,2424,2385,-1,2427,1960,1959,-1,1959,2385,2427,-1,2381,1963,1960,-1,1960,2427,2381,-1,2380,1955,1963,-1,1963,2381,2380,-1,2384,1953,1955,-1,1955,2380,2384,-1,2374,1956,1953,-1,1953,2384,2374,-1,1956,2376,1949,-1,1956,2374,2376,-1,1949,2377,1950,-1,1949,2376,2377,-1,1950,2371,2020,-1,1950,2377,2371,-1,2020,2370,2018,-1,2020,2371,2370,-1,2018,2373,1943,-1,2018,2370,2373,-1,1943,2364,2025,-1,1943,2373,2364,-1,2025,2363,2027,-1,2025,2364,2363,-1,2027,2367,1939,-1,2027,2363,2367,-1,1939,2357,2024,-1,1939,2367,2357,-1,2024,2359,2031,-1,2024,2357,2359,-1,2031,2360,1931,-1,2031,2359,2360,-1,1931,2353,1932,-1,1931,2360,2353,-1,1932,2355,1935,-1,1932,2353,2355,-1,1935,2351,2034,-1,1935,2355,2351,-1,2034,2350,1928,-1,2034,2351,2350,-1,1928,2430,1925,-1,1928,2350,2430,-1,2348,1924,1925,-1,1925,2430,2348,-1,464,1924,2348,-1,2120,2431,2121,-1,1547,1550,2432,-1,432,436,2120,-1,1565,2433,2431,-1,2120,436,2431,-1,2434,1587,2435,-1,2436,2437,1558,-1,2438,2439,1588,-1,2435,1540,2439,-1,1591,2440,2441,-1,2441,2097,2442,-1,2443,1594,2444,-1,2445,2443,2123,-1,2446,2447,1597,-1,2091,2448,2447,-1,1574,2449,2450,-1,2450,2084,2451,-1,2452,1601,1576,-1,2453,2454,1575,-1,1603,2455,1499,-1,1602,2456,2457,-1,2458,1490,2459,-1,2460,1494,2461,-1,1605,1583,2462,-1,2462,2459,1605,-1,1606,2463,1583,-1,2462,1583,2463,-1,2464,2465,2056,-1,1606,1607,2464,-1,2466,2057,2465,-1,2465,2464,1607,-1,2046,2466,2467,-1,2465,1481,2466,-1,1608,1609,2468,-1,1584,2467,2466,-1,1466,2469,1609,-1,1608,2468,2467,-1,2470,1466,1610,-1,2469,2468,1609,-1,1610,477,2471,-1,2469,1466,2470,-1,477,474,2471,-1,1610,2471,2470,-1,476,2038,474,-1,474,2038,2042,-1,1606,2464,2463,-1,1604,1490,2458,-1,1490,1605,2459,-1,2461,1494,1604,-1,1604,2458,2461,-1,1494,2460,1603,-1,2455,2456,1499,-1,2460,2455,1603,-1,2457,1576,1602,-1,2456,1602,1499,-1,2452,2453,1601,-1,2452,1576,2457,-1,1600,1575,2454,-1,1575,1601,2453,-1,2085,2450,2449,-1,1600,2454,2449,-1,2081,2446,2451,-1,1598,2451,2446,-1,2450,2451,1599,-1,2092,2447,2446,-1,2444,1595,2448,-1,2448,1596,2447,-1,2441,2440,2100,-1,2444,2096,2443,-1,2448,2088,2444,-1,1592,2445,2440,-1,1593,2443,2445,-1,2095,2440,2445,-1,2441,2442,1590,-1,2442,2438,1589,-1,2439,2438,2104,-1,2438,2442,2099,-1,2107,2435,2439,-1,2439,1540,1541,-1,2435,1545,1540,-1,2435,1587,1545,-1,1550,1586,2434,-1,2434,2432,1550,-1,2434,1586,1587,-1,2432,1555,1554,-1,1555,2432,2436,-1,1547,2432,1554,-1,2437,2436,2114,-1,1558,1560,2436,-1,1561,2437,2433,-1,1559,1558,2437,-1,2433,1562,1561,-1,2437,1561,1559,-1,1562,2433,1565,-1,2472,1565,2431,-1,2431,436,437,-1,2121,2433,2118,-1,2472,2431,437,-1,2121,2431,2433,-1,2118,2437,2114,-1,2118,2433,2437,-1,2114,2436,2110,-1,2110,2432,2108,-1,1555,2436,1560,-1,2110,2436,2432,-1,2108,2434,2106,-1,2108,2432,2434,-1,2106,2435,2107,-1,2106,2434,2435,-1,2107,2439,2104,-1,2438,2099,2104,-1,1588,2439,1541,-1,2442,2097,2099,-1,1589,2438,1588,-1,2441,2100,2097,-1,1590,2442,1589,-1,2440,2095,2100,-1,1591,2441,1590,-1,2445,2123,2095,-1,1592,2440,1591,-1,2443,2096,2123,-1,1593,2445,1592,-1,2444,2088,2096,-1,1594,2443,1593,-1,2448,2091,2088,-1,1595,2444,1594,-1,2447,2092,2091,-1,1596,2448,1595,-1,2446,2081,2092,-1,1597,2447,1596,-1,2451,2084,2081,-1,1598,2446,1597,-1,2450,2085,2084,-1,1599,2451,1598,-1,2449,2077,2085,-1,1574,2450,1599,-1,2454,2080,2077,-1,1600,2449,1574,-1,2077,2449,2454,-1,2080,2453,2078,-1,2080,2454,2453,-1,2078,2452,2070,-1,2078,2453,2452,-1,2070,2457,2073,-1,2070,2452,2457,-1,2073,2456,2074,-1,2073,2457,2456,-1,2074,2455,2066,-1,2074,2456,2455,-1,2066,2460,2064,-1,2066,2455,2460,-1,2064,2461,2127,-1,2064,2460,2461,-1,2127,2458,2060,-1,2127,2461,2458,-1,2060,2459,2063,-1,2060,2458,2459,-1,2063,2462,2061,-1,2063,2459,2462,-1,2061,2463,2053,-1,2061,2462,2463,-1,2053,2464,2056,-1,2053,2463,2464,-1,2056,2465,2057,-1,2466,2046,2057,-1,1481,2465,1607,-1,2467,2049,2046,-1,1584,2466,1481,-1,2468,2050,2049,-1,1608,2467,1584,-1,2049,2467,2468,-1,2469,2044,2050,-1,2050,2468,2469,-1,2470,2045,2044,-1,2044,2469,2470,-1,2471,2042,2045,-1,2045,2470,2471,-1,474,2042,2471,-1,2241,2473,2240,-1,2474,1618,2475,-1,421,428,2241,-1,1700,2476,2473,-1,2241,428,2473,-1,2477,1627,1626,-1,1703,2474,1702,-1,2478,2479,1707,-1,2477,1626,2479,-1,1710,2480,2481,-1,2481,2222,2482,-1,2483,1713,2484,-1,2485,2483,2249,-1,2486,2487,1716,-1,2253,2488,2487,-1,1719,2489,2490,-1,2490,2198,2491,-1,2492,1722,1723,-1,2493,2494,1721,-1,1726,2495,1725,-1,1724,2496,2497,-1,1728,1729,2498,-1,2499,1727,2500,-1,1730,1731,2501,-1,2501,2502,1730,-1,1732,2503,1731,-1,2501,1731,2503,-1,2504,2505,2182,-1,1732,2504,2503,-1,2506,2171,2505,-1,2505,2504,1675,-1,2172,2506,2507,-1,2505,1733,2506,-1,1735,1736,2508,-1,1734,2507,2506,-1,1737,2509,1736,-1,1735,2508,2507,-1,2510,1737,1738,-1,2509,2508,1736,-1,1738,482,2511,-1,2509,1737,2510,-1,482,479,2511,-1,1738,2511,2510,-1,481,2161,479,-1,479,2161,2164,-1,2504,1732,1675,-1,1729,1730,2502,-1,2500,1728,2498,-1,2498,1729,2502,-1,2495,2496,1725,-1,1727,1728,2500,-1,1725,2496,1724,-1,2499,2495,1726,-1,1727,2499,1726,-1,1724,2497,1723,-1,1618,1704,2475,-1,2492,2493,1722,-1,2492,1723,2497,-1,1720,1721,2494,-1,1721,1722,2493,-1,2199,2490,2489,-1,1720,2494,2489,-1,2204,2486,2491,-1,1717,2491,2486,-1,2490,2491,1718,-1,2206,2487,2486,-1,2484,1714,2488,-1,2488,1715,2487,-1,2484,2252,2483,-1,2488,2255,2484,-1,1712,2483,2485,-1,2480,2485,2246,-1,1711,2485,2480,-1,2219,2481,2480,-1,2482,2478,1708,-1,2481,2482,1709,-1,2512,2475,1704,-1,2479,2478,2248,-1,2478,2482,2215,-1,2227,2477,2479,-1,2479,1626,1706,-1,1627,2512,1705,-1,2477,2512,1627,-1,1704,1705,2512,-1,2474,1703,1618,-1,1613,2513,2476,-1,2513,1702,2474,-1,2476,1701,1613,-1,2236,2476,2513,-1,2476,1700,1701,-1,428,429,2473,-1,2476,2236,2240,-1,1700,2473,429,-1,2240,2473,2476,-1,2236,2513,2235,-1,2474,2231,2235,-1,1702,2513,1613,-1,2235,2513,2474,-1,2231,2475,2228,-1,2231,2474,2475,-1,2512,2224,2228,-1,2228,2475,2512,-1,2224,2477,2227,-1,2224,2512,2477,-1,2479,2248,2227,-1,2478,2215,2248,-1,1707,2479,1706,-1,2482,2222,2215,-1,1708,2478,1707,-1,2481,2219,2222,-1,1709,2482,1708,-1,2480,2246,2219,-1,1710,2481,1709,-1,2485,2249,2246,-1,1711,2480,1710,-1,2483,2252,2249,-1,1712,2485,1711,-1,2484,2255,2252,-1,1713,2483,1712,-1,2488,2253,2255,-1,1714,2484,1713,-1,2487,2206,2253,-1,1715,2488,1714,-1,2486,2204,2206,-1,1716,2487,1715,-1,2491,2198,2204,-1,1717,2486,1716,-1,2490,2199,2198,-1,1718,2491,1717,-1,2489,2202,2199,-1,1719,2490,1718,-1,2494,2256,2202,-1,1720,2489,1719,-1,2202,2489,2494,-1,2256,2493,2265,-1,2256,2494,2493,-1,2265,2492,2197,-1,2265,2493,2492,-1,2197,2497,2195,-1,2197,2492,2497,-1,2195,2496,2189,-1,2195,2497,2496,-1,2189,2495,2268,-1,2189,2496,2495,-1,2268,2499,2191,-1,2268,2495,2499,-1,2191,2500,2183,-1,2191,2499,2500,-1,2183,2498,2269,-1,2183,2500,2498,-1,2269,2502,2187,-1,2269,2498,2502,-1,2187,2501,2178,-1,2187,2502,2501,-1,2178,2503,2179,-1,2178,2501,2503,-1,2179,2504,2182,-1,2179,2503,2504,-1,2182,2505,2171,-1,2506,2172,2171,-1,1733,2505,1675,-1,2507,2175,2172,-1,1734,2506,1733,-1,2508,2281,2175,-1,1735,2507,1734,-1,2175,2507,2508,-1,2509,2170,2281,-1,2281,2508,2509,-1,2510,2165,2170,-1,2170,2509,2510,-1,2511,2164,2165,-1,2165,2510,2511,-1,479,2164,2511,-1,2342,2514,2293,-1,2515,1860,1854,-1,413,417,2342,-1,2514,2516,2293,-1,2342,417,2514,-1,2517,1861,1862,-1,1851,2518,2516,-1,2519,1848,2520,-1,1850,1849,2521,-1,2522,2523,1864,-1,2524,1863,1756,-1,2525,2526,1866,-1,2526,1865,1841,-1,2527,2528,1837,-1,2527,2319,2528,-1,2529,2530,1869,-1,2527,1838,2530,-1,1869,1836,2529,-1,2530,2529,2324,-1,1835,2531,2529,-1,2531,1046,2329,-1,1049,1046,1870,-1,1835,1870,2531,-1,2530,1838,1869,-1,1046,1045,2329,-1,2532,2522,1762,-1,2528,2525,1867,-1,1837,2528,1868,-1,1866,2526,1841,-1,2318,2526,2525,-1,1867,1868,2528,-1,1865,2526,2532,-1,1762,1865,2532,-1,1849,2519,2521,-1,1845,2522,1864,-1,1845,1762,2522,-1,2520,2524,2306,-1,2523,1755,1864,-1,2524,1755,2523,-1,1863,2520,1848,-1,2520,1863,2524,-1,2521,2519,2303,-1,1862,2521,2517,-1,2518,1859,2533,-1,1862,1850,2521,-1,2534,2515,1854,-1,2517,2534,1861,-1,2533,1860,2515,-1,1861,2534,1854,-1,2533,1859,1860,-1,2291,2516,2518,-1,2514,417,418,-1,2516,2514,1858,-1,2516,2291,2293,-1,1858,2514,418,-1,2518,2289,2291,-1,1851,2516,1858,-1,2533,2287,2289,-1,1859,2518,1851,-1,2289,2518,2533,-1,2515,2285,2287,-1,2287,2533,2515,-1,2534,2295,2285,-1,2285,2515,2534,-1,2517,2302,2295,-1,2295,2534,2517,-1,2521,2303,2302,-1,2302,2517,2521,-1,2303,2519,2307,-1,2520,2306,2307,-1,1848,2519,1849,-1,2307,2519,2520,-1,2306,2524,2304,-1,2523,2335,2304,-1,1755,2524,1756,-1,2304,2524,2523,-1,2522,2310,2335,-1,2335,2523,2522,-1,2310,2532,2308,-1,2310,2522,2532,-1,2526,2318,2308,-1,2308,2532,2526,-1,2318,2525,2316,-1,2528,2319,2316,-1,1867,2525,1866,-1,2316,2525,2528,-1,2319,2527,2321,-1,2530,2324,2321,-1,1838,2527,1837,-1,2321,2527,2530,-1,2324,2529,2328,-1,2531,2329,2328,-1,1835,2529,1836,-1,2531,2328,2529,-1,1046,2531,1870,-1,450,2535,451,-1,2536,2537,2538,-1,2539,2540,2541,-1,451,2535,2542,-1,2543,2544,2545,-1,2546,2547,2548,-1,2549,2550,2551,-1,2552,2553,2554,-1,2549,2555,2552,-1,2556,2557,2558,-1,2559,2556,2560,-1,2561,2562,2563,-1,2564,2558,2565,-1,2566,2567,2568,-1,2561,2563,2567,-1,2569,2568,2570,-1,2567,2571,2568,-1,2569,2572,2573,-1,2574,2569,2570,-1,2572,2574,2575,-1,2569,2574,2572,-1,2572,2575,2576,-1,2572,2576,2577,-1,2578,2579,2576,-1,2576,2575,2578,-1,2580,2581,2582,-1,2580,2582,2579,-1,2582,2583,2584,-1,2585,2579,2582,-1,2582,2581,2583,-1,2578,2580,2579,-1,2586,2587,2588,-1,2583,2581,2589,-1,2590,2586,2591,-1,2589,2590,2591,-1,2586,2588,2592,-1,2590,2587,2586,-1,2591,2583,2589,-1,2592,2593,2586,-1,2594,2595,2588,-1,2588,2587,2594,-1,2596,2597,2598,-1,2597,2596,2599,-1,2600,2598,2601,-1,2598,2597,2601,-1,2599,2596,2595,-1,2601,2602,2600,-1,2603,2600,2602,-1,2599,2595,2594,-1,2604,2605,2606,-1,2604,2602,2605,-1,2604,2603,2602,-1,2607,2606,2605,-1,2608,2606,2607,-1,2609,2608,2607,-1,457,459,2610,-1,2609,2610,459,-1,2609,459,2608,-1,2611,2571,2567,-1,2571,2570,2568,-1,2563,2611,2567,-1,2563,2564,2612,-1,2563,2612,2611,-1,2565,2558,2557,-1,2565,2612,2564,-1,2613,2557,2556,-1,2614,2556,2558,-1,2615,2613,2559,-1,2559,2613,2556,-1,2554,2553,2615,-1,2615,2559,2554,-1,2555,2553,2552,-1,2616,2552,2554,-1,2555,2549,2551,-1,2549,2552,2617,-1,2618,2550,2619,-1,2550,2618,2551,-1,2620,2618,2619,-1,2621,2622,2550,-1,2623,2620,2619,-1,2624,2544,2623,-1,2544,2625,2545,-1,2626,2624,2623,-1,2548,2547,2627,-1,2547,2628,2627,-1,2539,2629,2540,-1,2548,2630,2546,-1,2629,2631,2630,-1,2546,2630,2631,-1,2629,2539,2631,-1,2632,2537,2542,-1,2541,2633,2634,-1,2633,2541,2540,-1,2537,2632,2538,-1,2634,2536,2538,-1,2634,2633,2536,-1,450,452,2535,-1,2632,2542,2535,-1,2543,2545,2628,-1,2543,2628,2547,-1,2624,2625,2544,-1,2619,2626,2623,-1,2626,2619,2635,-1,2635,2619,2622,-1,2619,2550,2622,-1,2621,2550,2636,-1,2550,2549,2636,-1,2636,2549,2617,-1,2617,2552,2637,-1,2637,2552,2616,-1,2616,2554,2638,-1,2638,2554,2639,-1,2639,2559,2640,-1,2639,2554,2559,-1,2559,2560,2640,-1,2560,2556,2614,-1,2614,2558,2641,-1,2641,2558,2642,-1,2642,2564,2643,-1,2642,2558,2564,-1,2564,2562,2643,-1,2562,2564,2563,-1,2561,2567,2644,-1,2644,2567,2566,-1,2566,2568,2645,-1,2645,2568,2646,-1,2646,2569,2573,-1,2646,2568,2569,-1,2573,2572,2647,-1,2647,2572,2577,-1,2577,2576,2648,-1,2648,2576,2649,-1,2649,2579,2650,-1,2649,2576,2579,-1,2579,2585,2650,-1,2585,2582,2584,-1,2584,2583,2651,-1,2651,2583,2652,-1,2652,2591,2653,-1,2652,2583,2591,-1,2593,2653,2591,-1,2593,2591,2586,-1,2592,2588,2654,-1,2654,2588,2655,-1,2655,2595,2656,-1,2655,2588,2595,-1,2656,2596,2657,-1,2656,2595,2596,-1,2657,2598,2658,-1,2657,2596,2598,-1,2658,2600,2659,-1,2658,2598,2600,-1,2659,2603,2660,-1,2659,2600,2603,-1,2660,2604,2661,-1,2660,2603,2604,-1,2661,2606,2662,-1,2661,2604,2606,-1,2662,2608,462,-1,2662,2606,2608,-1,459,462,2608,-1,2663,2664,2665,-1,2663,2666,2664,-1,2666,2667,2668,-1,2669,2670,2671,-1,2672,2671,2668,-1,2673,2670,2674,-1,2413,2670,2411,-1,2675,2676,2677,-1,2674,2677,2673,-1,2678,2679,2680,-1,2681,2675,2678,-1,2682,2683,2684,-1,2685,2679,2682,-1,2686,2687,2688,-1,2689,2690,2691,-1,2692,2693,2694,-1,2695,2696,2697,-1,2698,2699,2700,-1,2701,2702,2703,-1,2704,2705,2706,-1,2707,2708,2709,-1,2710,2711,2712,-1,2713,2714,2715,-1,2716,2717,2718,-1,2710,2719,2720,-1,2721,2722,2723,-1,2724,2725,2726,-1,2727,2728,2723,-1,2723,2722,2727,-1,2729,2730,2731,-1,2728,2731,2730,-1,2732,2729,2733,-1,2729,2732,2730,-1,2733,2734,2735,-1,2735,2732,2733,-1,2736,2737,2734,-1,2735,2734,2737,-1,2738,2736,2739,-1,2736,2738,2737,-1,2739,2740,2741,-1,2741,2738,2739,-1,465,2742,463,-1,2743,2741,2740,-1,465,2744,2742,-1,2740,2744,2743,-1,2744,465,2743,-1,2722,2721,2726,-1,2727,2731,2728,-1,2721,2724,2726,-1,2706,2715,2704,-1,2725,2724,2717,-1,2693,2692,2701,-1,2719,2716,2718,-1,2716,2725,2717,-1,2711,2710,2720,-1,2719,2718,2720,-1,2714,2713,2712,-1,2712,2711,2714,-1,2706,2713,2715,-1,2707,2709,2705,-1,2707,2705,2704,-1,2700,2699,2708,-1,2699,2709,2708,-1,2702,2701,2692,-1,2700,2703,2698,-1,2702,2698,2703,-1,2678,2680,2681,-1,2696,2694,2693,-1,2684,2683,2690,-1,2695,2697,2688,-1,2694,2696,2695,-1,2697,2686,2688,-1,2691,2687,2689,-1,2686,2689,2687,-1,2691,2690,2683,-1,2685,2680,2679,-1,2682,2684,2685,-1,2681,2676,2675,-1,2677,2676,2673,-1,2404,2676,2681,-1,2411,2670,2673,-1,2669,2671,2672,-1,2674,2670,2669,-1,2667,2672,2668,-1,2664,445,439,-1,2663,2667,2666,-1,2668,2420,2666,-1,2421,2666,2420,-1,438,2665,439,-1,2665,2664,439,-1,445,2664,2745,-1,2421,2745,2664,-1,2421,2664,2666,-1,2668,2418,2420,-1,2418,2668,2416,-1,2416,2671,2414,-1,2416,2668,2671,-1,2413,2414,2671,-1,2413,2671,2670,-1,2411,2673,2408,-1,2408,2673,2409,-1,2409,2676,2407,-1,2409,2673,2676,-1,2404,2407,2676,-1,2404,2681,2401,-1,2681,2680,2401,-1,2401,2680,2403,-1,2680,2685,2403,-1,2403,2685,2398,-1,2685,2684,2398,-1,2398,2684,2395,-1,2684,2690,2395,-1,2395,2690,2422,-1,2690,2689,2422,-1,2422,2689,2396,-1,2689,2686,2396,-1,2396,2686,2391,-1,2686,2697,2391,-1,2391,2697,2389,-1,2697,2696,2389,-1,2389,2696,2425,-1,2425,2693,2386,-1,2425,2696,2693,-1,2386,2701,2387,-1,2386,2693,2701,-1,2387,2703,2388,-1,2387,2701,2703,-1,2388,2700,2382,-1,2388,2703,2700,-1,2382,2708,2383,-1,2382,2700,2708,-1,2383,2707,2426,-1,2383,2708,2707,-1,2426,2704,2375,-1,2426,2707,2704,-1,2375,2715,2378,-1,2375,2704,2715,-1,2378,2714,2379,-1,2378,2715,2714,-1,2379,2711,2369,-1,2379,2714,2711,-1,2369,2720,2428,-1,2369,2711,2720,-1,2428,2718,2372,-1,2428,2720,2718,-1,2372,2717,2365,-1,2372,2718,2717,-1,2365,2724,2368,-1,2365,2717,2724,-1,2368,2721,2366,-1,2368,2724,2721,-1,2366,2723,2358,-1,2366,2721,2723,-1,2358,2728,2361,-1,2358,2723,2728,-1,2361,2730,2362,-1,2361,2728,2730,-1,2362,2732,2354,-1,2362,2730,2732,-1,2354,2735,2356,-1,2354,2732,2735,-1,2356,2737,2352,-1,2356,2735,2737,-1,2352,2738,2429,-1,2352,2737,2738,-1,2429,2741,2349,-1,2429,2738,2741,-1,2349,2743,472,-1,2349,2741,2743,-1,465,472,2743,-1,2472,2746,1564,-1,2472,1564,1565,-1,2746,437,431,-1,431,2747,2746,-1,2747,1566,1564,-1,2747,431,2748,-1,431,430,2748,-1,2472,437,2746,-1,2747,1564,2746,-1,2749,2750,2751,-1,2752,454,2753,-1,2754,2755,2751,-1,2756,2757,2758,-1,2759,2760,2761,-1,2756,2761,2762,-1,2763,2764,2765,-1,2759,2764,2760,-1,2766,2767,2768,-1,2767,2766,2763,-1,2768,2769,2770,-1,2770,2766,2768,-1,2765,2764,2759,-1,2767,2763,2765,-1,460,2771,453,-1,2760,2762,2761,-1,2756,2762,2757,-1,2772,2758,2773,-1,2774,2749,2751,-1,2754,2751,2775,-1,2749,2752,2753,-1,2749,2753,2776,-1,2754,2772,2773,-1,2773,2758,2757,-1,2754,2775,2772,-1,2777,2754,2773,-1,2751,2750,2775,-1,2755,2754,2777,-1,2749,2776,2750,-1,2774,2751,2755,-1,2753,2778,2776,-1,2752,2749,2774,-1,2771,2753,453,-1,2753,2771,2778,-1,453,2753,454,-1,2779,2780,2781,-1,2782,2783,2784,-1,446,449,2779,-1,2780,2785,2781,-1,2779,449,2780,-1,2786,2787,2788,-1,2537,2789,2785,-1,2545,2625,2790,-1,2791,2548,2792,-1,2793,2635,2622,-1,2794,2795,2796,-1,2797,2638,2639,-1,2798,2617,2799,-1,2800,2641,2642,-1,2801,2560,2614,-1,2802,2803,2566,-1,2803,2561,2644,-1,2804,2648,2805,-1,2647,2806,2573,-1,2807,2808,2584,-1,2650,2808,2805,-1,2809,2810,2811,-1,2652,2653,2811,-1,2809,2592,2812,-1,2592,2654,2812,-1,2655,2656,2813,-1,2654,2655,2812,-1,2814,2813,2656,-1,2655,2813,2812,-1,2814,2657,2815,-1,2657,2658,2815,-1,2658,2816,2815,-1,2659,2816,2658,-1,2817,2816,2659,-1,2817,2659,2660,-1,2817,2660,2818,-1,2662,2819,2661,-1,2661,2819,2818,-1,2661,2818,2660,-1,2820,2821,458,-1,2822,2662,462,-1,2819,2662,2822,-1,2822,462,458,-1,2657,2814,2656,-1,458,455,2820,-1,2811,2807,2652,-1,2809,2811,2653,-1,2653,2593,2809,-1,2651,2807,2584,-1,2651,2652,2807,-1,2650,2585,2808,-1,2585,2584,2808,-1,2648,2649,2805,-1,2804,2806,2577,-1,2805,2823,2804,-1,2577,2806,2647,-1,2648,2804,2577,-1,2802,2824,2825,-1,2824,2573,2806,-1,2645,2824,2802,-1,2646,2824,2645,-1,2799,2826,2827,-1,2644,2566,2803,-1,2803,2802,2828,-1,2800,2829,2641,-1,2830,2562,2561,-1,2803,2830,2561,-1,2830,2643,2562,-1,2830,2800,2643,-1,2829,2800,2831,-1,2621,2798,2793,-1,2614,2641,2829,-1,2801,2614,2829,-1,2801,2797,2640,-1,2637,2826,2799,-1,2797,2639,2640,-1,2801,2640,2560,-1,2637,2616,2826,-1,2638,2797,2826,-1,2798,2636,2617,-1,2637,2799,2617,-1,2635,2793,2795,-1,2621,2636,2798,-1,2626,2795,2794,-1,2832,2795,2793,-1,2794,2624,2626,-1,2625,2624,2794,-1,2790,2625,2794,-1,2792,2628,2790,-1,2792,2548,2627,-1,2790,2628,2545,-1,2629,2788,2787,-1,2630,2791,2788,-1,2791,2792,2833,-1,2630,2548,2791,-1,2540,2787,2784,-1,2784,2787,2834,-1,2783,2835,2789,-1,2789,2536,2783,-1,2633,2784,2783,-1,2780,2542,2785,-1,2785,2789,2836,-1,2780,449,451,-1,2785,2836,2781,-1,2542,2780,451,-1,2789,2835,2836,-1,2537,2785,2542,-1,2783,2782,2835,-1,2536,2789,2537,-1,2784,2834,2782,-1,2633,2783,2536,-1,2787,2786,2834,-1,2540,2784,2633,-1,2788,2837,2786,-1,2629,2787,2540,-1,2791,2833,2837,-1,2630,2788,2629,-1,2837,2788,2791,-1,2833,2792,2838,-1,2790,2839,2838,-1,2628,2792,2627,-1,2838,2792,2790,-1,2839,2794,2796,-1,2839,2790,2794,-1,2796,2795,2832,-1,2793,2840,2832,-1,2635,2795,2626,-1,2798,2841,2840,-1,2621,2793,2622,-1,2840,2793,2798,-1,2841,2799,2827,-1,2841,2798,2799,-1,2827,2826,2842,-1,2797,2843,2842,-1,2638,2826,2616,-1,2842,2826,2797,-1,2843,2801,2844,-1,2843,2797,2801,-1,2844,2829,2831,-1,2844,2801,2829,-1,2831,2800,2845,-1,2830,2846,2845,-1,2643,2800,2642,-1,2845,2800,2830,-1,2846,2803,2828,-1,2846,2830,2803,-1,2828,2802,2825,-1,2824,2847,2825,-1,2645,2802,2566,-1,2806,2848,2847,-1,2573,2824,2646,-1,2847,2824,2806,-1,2848,2804,2823,-1,2848,2806,2804,-1,2823,2805,2849,-1,2808,2850,2849,-1,2650,2805,2649,-1,2849,2805,2808,-1,2850,2807,2851,-1,2850,2808,2807,-1,2851,2811,2810,-1,2851,2807,2811,-1,2810,2809,2852,-1,2812,2853,2852,-1,2592,2809,2593,-1,2852,2809,2812,-1,2853,2813,2854,-1,2853,2812,2813,-1,2814,2855,2854,-1,2854,2813,2814,-1,2815,2856,2855,-1,2855,2814,2815,-1,2816,2857,2856,-1,2856,2815,2816,-1,2817,2858,2857,-1,2857,2816,2817,-1,2818,2859,2858,-1,2858,2817,2818,-1,2819,2860,2859,-1,2859,2818,2819,-1,2822,2821,2860,-1,2860,2819,2822,-1,458,2821,2822,-1,444,2861,2862,-1,440,444,2862,-1,2861,2419,2000,-1,2861,2863,2419,-1,2863,444,445,-1,2863,445,2745,-1,2419,2745,2421,-1,2861,444,2863,-1,2745,2419,2863,-1,354,356,454,-1,352,2755,2777,-1,2864,2865,51,-1,353,2774,2755,-1,2866,2867,54,-1,454,351,355,-1,454,355,354,-1,349,2757,350,-1,349,348,2773,-1,2757,2762,350,-1,2764,72,2760,-1,2762,2760,74,-1,74,2760,72,-1,68,2763,2766,-1,2763,69,2764,-1,63,2770,2769,-1,2770,66,2766,-1,60,2868,2869,-1,2870,62,2871,-1,2872,56,2873,-1,2874,57,2869,-1,2875,2864,50,-1,2615,79,2613,-1,2557,2613,76,-1,2555,82,2553,-1,2615,2553,80,-1,85,2555,2551,-1,2551,2618,85,-1,88,2620,2623,-1,2620,86,2618,-1,94,92,2543,-1,2544,92,91,-1,106,96,2631,-1,2547,2546,96,-1,2541,2634,102,-1,2539,103,106,-1,2538,2632,100,-1,99,2634,2538,-1,109,100,2535,-1,2632,2535,100,-1,109,452,110,-1,452,109,2535,-1,112,452,114,-1,112,110,452,-1,102,2634,99,-1,99,2538,100,-1,103,2541,102,-1,2631,2539,106,-1,2539,2541,103,-1,2546,2631,96,-1,94,2547,96,-1,2544,2543,92,-1,2543,2547,94,-1,2623,2544,91,-1,2620,88,86,-1,2623,91,88,-1,2618,86,85,-1,82,2555,85,-1,82,80,2553,-1,2613,79,76,-1,2615,80,79,-1,2557,76,51,-1,2864,51,50,-1,2557,51,2865,-1,2867,2875,50,-1,2866,54,56,-1,2867,50,54,-1,2873,56,57,-1,2866,56,2872,-1,2869,57,60,-1,2873,57,2874,-1,2868,60,62,-1,2871,62,63,-1,2868,62,2870,-1,2871,63,2769,-1,2766,66,68,-1,2770,63,66,-1,2763,68,69,-1,2764,69,72,-1,74,350,2762,-1,2773,2757,349,-1,348,352,2777,-1,348,2777,2773,-1,2774,353,351,-1,353,2755,352,-1,454,2752,351,-1,2774,351,2752,-1,2771,2876,2877,-1,460,461,2771,-1,2877,2878,2778,-1,2877,2778,2771,-1,2879,2880,2750,-1,2879,2776,2878,-1,2758,2881,2882,-1,2880,2775,2750,-1,2883,2759,2884,-1,2884,2756,2882,-1,2885,2886,2768,-1,2765,2887,2767,-1,2888,2889,2570,-1,2890,2871,2891,-1,2892,2869,2868,-1,2893,2890,2891,-1,2874,2869,2889,-1,2889,2873,2874,-1,2873,2889,2888,-1,2888,2571,2866,-1,2866,2872,2888,-1,2612,2867,2611,-1,2866,2611,2867,-1,2565,2865,2864,-1,2612,2875,2867,-1,2565,2864,2612,-1,2557,2865,2565,-1,2864,2875,2612,-1,2885,2768,2767,-1,2890,2868,2870,-1,2769,2768,2886,-1,2891,2769,2886,-1,2871,2890,2870,-1,2887,2885,2767,-1,2884,2761,2756,-1,2883,2887,2765,-1,2761,2884,2759,-1,2883,2765,2759,-1,2882,2756,2758,-1,2879,2750,2776,-1,2775,2880,2894,-1,2894,2772,2775,-1,2881,2758,2772,-1,2772,2894,2881,-1,2878,2776,2778,-1,461,2876,2771,-1,426,457,2610,-1,2895,2876,427,-1,2896,2876,2895,-1,2869,2892,2889,-1,2892,2868,2890,-1,2893,2892,2890,-1,2897,2893,2891,-1,2898,2897,2886,-1,2769,2891,2871,-1,2886,2897,2891,-1,2899,2898,2885,-1,2885,2898,2886,-1,2900,2899,2887,-1,2887,2899,2885,-1,2901,2900,2883,-1,2883,2900,2887,-1,2902,2901,2884,-1,2884,2901,2883,-1,2903,2902,2882,-1,2882,2902,2884,-1,2904,2903,2881,-1,2881,2903,2882,-1,2904,2894,2905,-1,2894,2904,2881,-1,2905,2880,2906,-1,2880,2905,2894,-1,2906,2879,2907,-1,2879,2906,2880,-1,2908,2605,2907,-1,2878,2907,2879,-1,2609,2908,2896,-1,2908,2907,2878,-1,2895,2610,2896,-1,2877,2896,2908,-1,427,2876,461,-1,2866,2571,2611,-1,2570,2571,2888,-1,2873,2888,2872,-1,2570,2889,2574,-1,2574,2889,2892,-1,2574,2892,2575,-1,2892,2893,2575,-1,2575,2893,2578,-1,2893,2897,2578,-1,2578,2897,2580,-1,2897,2898,2580,-1,2580,2898,2581,-1,2581,2899,2589,-1,2581,2898,2899,-1,2589,2900,2590,-1,2589,2899,2900,-1,2590,2901,2587,-1,2590,2900,2901,-1,2587,2902,2594,-1,2587,2901,2902,-1,2594,2903,2599,-1,2594,2902,2903,-1,2599,2904,2597,-1,2599,2903,2904,-1,2597,2905,2601,-1,2597,2904,2905,-1,2601,2906,2602,-1,2601,2905,2906,-1,2602,2907,2605,-1,2602,2906,2907,-1,2605,2908,2607,-1,2609,2607,2908,-1,2877,2908,2878,-1,2610,2609,2896,-1,2876,2896,2877,-1,2610,2895,426,-1,427,426,2895,-1,2820,2909,2910,-1,455,456,2820,-1,2910,2911,2821,-1,2910,2821,2820,-1,2912,2859,2860,-1,2912,2860,2911,-1,2856,2913,2914,-1,2857,2858,2915,-1,2916,2853,2917,-1,2918,2854,2855,-1,2919,2920,2851,-1,2852,2921,2810,-1,2823,2922,2923,-1,2849,2850,2924,-1,2825,2847,2925,-1,2926,2848,2923,-1,2845,2927,2831,-1,2928,2929,2828,-1,2843,2930,2931,-1,2930,2844,2932,-1,2841,2827,2933,-1,2934,2842,2931,-1,2796,2935,2839,-1,2840,2936,2832,-1,2937,2938,2838,-1,2838,2839,2937,-1,2939,2837,2833,-1,2833,2938,2939,-1,2834,2786,2940,-1,2837,2941,2786,-1,2834,2940,2942,-1,2940,2786,2941,-1,2943,2944,2942,-1,2782,2834,2942,-1,2782,2945,2835,-1,2835,2945,2946,-1,2946,2836,2835,-1,2946,2947,2836,-1,2948,2947,2949,-1,2781,2836,2947,-1,2947,2948,2779,-1,438,2949,2665,-1,2948,447,2779,-1,2663,2665,2950,-1,2779,447,446,-1,443,447,2948,-1,2782,2942,2945,-1,2938,2833,2838,-1,2941,2837,2939,-1,2935,2796,2951,-1,2839,2935,2937,-1,2842,2934,2827,-1,2796,2832,2951,-1,2952,2936,2840,-1,2936,2951,2832,-1,2827,2934,2933,-1,2952,2841,2933,-1,2952,2840,2841,-1,2925,2847,2926,-1,2843,2844,2930,-1,2842,2843,2931,-1,2927,2845,2846,-1,2844,2831,2932,-1,2831,2927,2932,-1,2825,2925,2928,-1,2828,2929,2846,-1,2928,2828,2825,-1,2929,2927,2846,-1,2953,2954,2925,-1,2853,2854,2917,-1,2847,2848,2926,-1,2848,2823,2923,-1,2920,2924,2850,-1,2823,2849,2922,-1,2849,2924,2922,-1,2916,2852,2853,-1,2850,2851,2920,-1,2919,2810,2921,-1,2810,2919,2851,-1,2852,2916,2921,-1,2917,2854,2918,-1,2913,2857,2915,-1,2918,2855,2914,-1,2913,2856,2857,-1,2855,2856,2914,-1,2742,468,463,-1,2912,2858,2859,-1,2858,2912,2915,-1,2860,2821,2911,-1,425,2955,2909,-1,456,2909,2820,-1,2956,2909,2955,-1,2949,441,443,-1,2665,2949,2950,-1,2957,2950,2946,-1,2779,2781,2947,-1,2946,2950,2947,-1,2944,2667,2957,-1,2945,2957,2946,-1,2945,2944,2957,-1,2942,2944,2945,-1,2958,2943,2940,-1,2940,2943,2942,-1,2959,2958,2941,-1,2941,2958,2940,-1,2960,2959,2939,-1,2939,2959,2941,-1,2961,2960,2938,-1,2938,2960,2939,-1,2962,2961,2937,-1,2937,2961,2938,-1,2963,2962,2935,-1,2935,2962,2937,-1,2964,2963,2951,-1,2951,2963,2935,-1,2965,2964,2936,-1,2936,2964,2951,-1,2966,2965,2952,-1,2952,2965,2936,-1,2967,2966,2933,-1,2933,2966,2952,-1,2968,2967,2934,-1,2934,2967,2933,-1,2969,2968,2931,-1,2931,2968,2934,-1,2970,2969,2930,-1,2930,2969,2931,-1,2971,2970,2932,-1,2932,2970,2930,-1,2972,2971,2927,-1,2927,2971,2932,-1,2973,2699,2972,-1,2929,2972,2927,-1,2705,2973,2954,-1,2973,2972,2929,-1,2928,2954,2973,-1,2925,2954,2928,-1,2974,2953,2926,-1,2926,2953,2925,-1,2975,2974,2923,-1,2923,2974,2926,-1,2976,2975,2922,-1,2922,2975,2923,-1,2977,2976,2924,-1,2924,2976,2922,-1,2978,2977,2920,-1,2920,2977,2924,-1,2979,2978,2919,-1,2919,2978,2920,-1,2980,2979,2921,-1,2921,2979,2919,-1,2981,2980,2916,-1,2916,2980,2921,-1,2982,2981,2917,-1,2917,2981,2916,-1,2983,2982,2918,-1,2918,2982,2917,-1,2984,2983,2914,-1,2914,2983,2918,-1,2985,2984,2913,-1,2913,2984,2914,-1,2986,2985,2915,-1,2915,2985,2913,-1,2987,2986,2912,-1,2912,2986,2915,-1,2987,2988,2739,-1,2911,2987,2912,-1,2956,2740,2988,-1,2988,2987,2911,-1,2955,2742,2956,-1,2910,2956,2988,-1,425,2909,456,-1,443,2948,2949,-1,438,441,2949,-1,2663,2957,2667,-1,2947,2950,2949,-1,2663,2950,2957,-1,2667,2944,2672,-1,2672,2944,2669,-1,2944,2943,2669,-1,2669,2943,2674,-1,2943,2958,2674,-1,2674,2958,2677,-1,2958,2959,2677,-1,2677,2959,2675,-1,2959,2960,2675,-1,2675,2960,2678,-1,2960,2961,2678,-1,2678,2961,2679,-1,2961,2962,2679,-1,2679,2962,2682,-1,2962,2963,2682,-1,2682,2963,2683,-1,2683,2964,2691,-1,2683,2963,2964,-1,2691,2965,2687,-1,2691,2964,2965,-1,2687,2966,2688,-1,2687,2965,2966,-1,2688,2967,2695,-1,2688,2966,2967,-1,2695,2968,2694,-1,2695,2967,2968,-1,2694,2969,2692,-1,2694,2968,2969,-1,2692,2970,2702,-1,2692,2969,2970,-1,2702,2971,2698,-1,2702,2970,2971,-1,2698,2972,2699,-1,2698,2971,2972,-1,2699,2973,2709,-1,2705,2709,2973,-1,2928,2973,2929,-1,2705,2954,2706,-1,2954,2953,2706,-1,2706,2953,2713,-1,2953,2974,2713,-1,2713,2974,2712,-1,2974,2975,2712,-1,2712,2975,2710,-1,2975,2976,2710,-1,2710,2976,2719,-1,2976,2977,2719,-1,2719,2977,2716,-1,2977,2978,2716,-1,2716,2978,2725,-1,2978,2979,2725,-1,2725,2979,2726,-1,2726,2980,2722,-1,2726,2979,2980,-1,2722,2981,2727,-1,2722,2980,2981,-1,2727,2982,2731,-1,2727,2981,2982,-1,2731,2983,2729,-1,2731,2982,2983,-1,2729,2984,2733,-1,2729,2983,2984,-1,2733,2985,2734,-1,2733,2984,2985,-1,2734,2986,2736,-1,2734,2985,2986,-1,2736,2987,2739,-1,2736,2986,2987,-1,2739,2988,2740,-1,2956,2744,2740,-1,2910,2988,2911,-1,2742,2744,2956,-1,2909,2956,2910,-1,2742,2955,468,-1,425,468,2955,-1,2747,2748,2989,-1,2862,2990,2991,-1,430,2992,2748,-1,2992,2990,2989,-1,2992,2989,2748,-1,2991,2990,2992,-1,1566,2747,1997,-1,2000,2990,2861,-1,435,442,2991,-1,2862,2861,2990,-1,440,2862,442,-1,442,2862,2991,-1,435,2992,433,-1,1999,2989,2990,-1,2990,2000,1999,-1,435,2991,2992,-1,430,433,2992,-1,2747,2989,1997,-1,2989,1999,1997,-1,1051,2993,2994,-1,488,487,1051,-1,1052,2994,1075,-1,2994,1052,1051,-1,2995,2996,1074,-1,2995,1074,1075,-1,1071,2997,2998,-1,1072,1073,2999,-1,3000,1058,3001,-1,3002,1060,1070,-1,3003,3004,1068,-1,3005,3006,3000,-1,1066,3007,3008,-1,1067,1029,3009,-1,1064,3010,3011,-1,3010,1065,3008,-1,1063,3012,1062,-1,1063,1064,3011,-1,1048,1062,3013,-1,1062,3012,3013,-1,3014,3015,3016,-1,3017,1913,2332,-1,1048,3013,2330,-1,2332,2330,3013,-1,1045,1048,2330,-1,3011,3012,1063,-1,1064,1065,3010,-1,3008,1065,1066,-1,3004,3009,1029,-1,1066,1067,3007,-1,1067,3009,3007,-1,1068,3004,1029,-1,1055,1069,3003,-1,3000,3003,1069,-1,1055,3003,1068,-1,3000,1069,1058,-1,1060,3002,3001,-1,3001,1058,1060,-1,3002,1070,2998,-1,1071,1072,2997,-1,1070,1071,2998,-1,1073,1074,2996,-1,2999,1073,2996,-1,1072,2999,2997,-1,2994,2995,1075,-1,2993,3018,3019,-1,487,2993,1051,-1,491,3020,495,-1,3018,2993,489,-1,3014,3017,2332,-1,3015,3014,3012,-1,3012,3014,3013,-1,3021,3015,3011,-1,3011,3015,3012,-1,3022,3021,3010,-1,3010,3021,3011,-1,3023,3022,3008,-1,3008,3022,3010,-1,3024,3023,3007,-1,3007,3023,3008,-1,3025,3024,3009,-1,3009,3024,3007,-1,3026,3025,3004,-1,3004,3025,3009,-1,3006,3026,3003,-1,3003,3026,3004,-1,3005,3027,3006,-1,3003,3000,3006,-1,3028,3005,3001,-1,3001,3005,3000,-1,3029,3028,3002,-1,3002,3028,3001,-1,3030,3029,2998,-1,2998,3029,3002,-1,3031,3030,2997,-1,2997,3030,2998,-1,3032,3031,2999,-1,2999,3031,2997,-1,3033,3032,2996,-1,2996,3032,2999,-1,3034,3033,2995,-1,2995,3033,2996,-1,3019,3034,2994,-1,2994,3034,2995,-1,3019,3018,3035,-1,2994,2993,3019,-1,489,2993,487,-1,2332,3013,3014,-1,3017,3014,3016,-1,3016,3015,3036,-1,3015,3021,3036,-1,3036,3021,3037,-1,3021,3022,3037,-1,3037,3022,3038,-1,3038,3023,3039,-1,3038,3022,3023,-1,3039,3024,3040,-1,3039,3023,3024,-1,3040,3025,3041,-1,3040,3024,3025,-1,3041,3026,3042,-1,3041,3025,3026,-1,3042,3006,3027,-1,3042,3026,3006,-1,3027,3005,3043,-1,3043,3005,3044,-1,3005,3028,3044,-1,3044,3028,3045,-1,3028,3029,3045,-1,3045,3029,3046,-1,3029,3030,3046,-1,3046,3030,3047,-1,3047,3031,3048,-1,3047,3030,3031,-1,3048,3032,3049,-1,3048,3031,3032,-1,3049,3033,3050,-1,3049,3032,3033,-1,3050,3034,3051,-1,3050,3033,3034,-1,3051,3019,3035,-1,3051,3034,3019,-1,3035,3018,3020,-1,3020,3018,495,-1,489,495,3018,-1,1151,3052,3053,-1,497,494,1151,-1,3053,3054,1152,-1,3053,1152,1151,-1,3054,3055,1214,-1,3054,1214,1215,-1,1139,3056,3057,-1,1212,1213,3058,-1,3059,1211,3060,-1,3061,1135,1138,-1,3062,3063,1159,-1,1210,3064,1209,-1,1205,1206,3065,-1,3063,3066,3067,-1,3068,1204,3069,-1,3070,1161,1205,-1,3071,3072,1202,-1,1167,3073,1203,-1,1171,3074,3075,-1,1201,1169,3076,-1,3077,1199,3078,-1,3079,1100,1200,-1,3080,1197,1180,-1,1198,3077,1180,-1,1196,3081,1088,-1,1196,1177,3082,-1,3083,3084,1195,-1,1195,1088,3083,-1,3085,1194,1186,-1,1195,3084,1186,-1,1193,1194,3086,-1,3085,3086,1194,-1,1193,3087,1192,-1,3087,1193,3086,-1,3088,3089,1191,-1,1191,1192,3088,-1,3090,1190,3089,-1,3091,3092,3088,-1,1190,3090,1078,-1,1191,3089,1190,-1,3093,392,395,-1,3094,3095,3090,-1,1076,3090,3095,-1,3096,3097,3093,-1,1076,3095,404,-1,1076,404,402,-1,397,404,3095,-1,3087,3088,1192,-1,1088,3081,3083,-1,3084,3085,1186,-1,3081,1196,3082,-1,1197,3080,3098,-1,1177,3098,3082,-1,1197,3098,1177,-1,1199,3077,1198,-1,3080,1180,3077,-1,1199,1100,3078,-1,3078,1100,3079,-1,3099,3100,3079,-1,1171,3075,1200,-1,3079,1200,3075,-1,1171,1201,3074,-1,3076,1169,3072,-1,1201,3076,3074,-1,1203,3071,1202,-1,1202,3072,1169,-1,3068,3073,1167,-1,3073,3071,1203,-1,1161,3069,1204,-1,3068,1167,1204,-1,3070,1205,3065,-1,3069,1161,3070,-1,3101,1207,1208,-1,3065,1206,1207,-1,1207,3101,3065,-1,3063,1208,1159,-1,1208,3063,3101,-1,1209,3062,1159,-1,1211,3059,1210,-1,1210,3059,3064,-1,3064,3062,1209,-1,1135,3060,1211,-1,3061,1138,3057,-1,3060,1135,3061,-1,3056,1212,3058,-1,3056,1139,1212,-1,1138,1139,3057,-1,3058,1213,3055,-1,1215,1152,3054,-1,1214,3055,1213,-1,3052,3102,3103,-1,494,3052,1151,-1,499,3104,503,-1,3102,3052,496,-1,3094,395,397,-1,3093,3094,3096,-1,3096,3092,3097,-1,1076,1078,3090,-1,3089,3096,3090,-1,3089,3092,3096,-1,3088,3092,3089,-1,3105,3091,3087,-1,3087,3091,3088,-1,3106,3105,3086,-1,3086,3105,3087,-1,3107,3106,3085,-1,3085,3106,3086,-1,3108,3107,3084,-1,3084,3107,3085,-1,3109,3108,3083,-1,3083,3108,3084,-1,3110,3109,3081,-1,3081,3109,3083,-1,3111,3110,3082,-1,3082,3110,3081,-1,3112,3111,3098,-1,3098,3111,3082,-1,3113,3112,3080,-1,3080,3112,3098,-1,3114,3113,3077,-1,3077,3113,3080,-1,3100,3115,3114,-1,3078,3114,3077,-1,3078,3100,3114,-1,3079,3100,3078,-1,3116,3099,3075,-1,3075,3099,3079,-1,3117,3116,3074,-1,3074,3116,3075,-1,3118,3117,3076,-1,3076,3117,3074,-1,3119,3118,3072,-1,3072,3118,3076,-1,3120,3119,3071,-1,3071,3119,3072,-1,3121,3120,3073,-1,3073,3120,3071,-1,3122,3121,3068,-1,3068,3121,3073,-1,3123,3122,3069,-1,3069,3122,3068,-1,3124,3123,3070,-1,3070,3123,3069,-1,3125,3124,3065,-1,3065,3124,3070,-1,3067,3126,3125,-1,3101,3125,3065,-1,3127,3067,3066,-1,3101,3067,3125,-1,3128,3066,3062,-1,3062,3066,3063,-1,3129,3128,3064,-1,3064,3128,3062,-1,3130,3129,3059,-1,3059,3129,3064,-1,3131,3130,3060,-1,3060,3130,3059,-1,3132,3131,3061,-1,3061,3131,3060,-1,3133,3132,3057,-1,3057,3132,3061,-1,3134,3133,3056,-1,3056,3133,3057,-1,3135,3134,3058,-1,3058,3134,3056,-1,3136,3135,3055,-1,3055,3135,3058,-1,3137,3136,3054,-1,3054,3136,3055,-1,3137,3103,3138,-1,3053,3137,3054,-1,3102,3104,3103,-1,3053,3103,3137,-1,496,3052,494,-1,397,3095,3094,-1,395,3094,3093,-1,3097,3092,3139,-1,3090,3096,3094,-1,3139,3092,3140,-1,3092,3091,3140,-1,3140,3091,3141,-1,3091,3105,3141,-1,3141,3105,3142,-1,3105,3106,3142,-1,3142,3106,3143,-1,3106,3107,3143,-1,3143,3107,3144,-1,3107,3108,3144,-1,3144,3108,3145,-1,3145,3109,3146,-1,3145,3108,3109,-1,3146,3110,3147,-1,3146,3109,3110,-1,3147,3111,3148,-1,3147,3110,3111,-1,3148,3112,3149,-1,3148,3111,3112,-1,3149,3113,3150,-1,3149,3112,3113,-1,3150,3114,3115,-1,3150,3113,3114,-1,3115,3100,3151,-1,3151,3100,3152,-1,3100,3099,3152,-1,3152,3099,3153,-1,3099,3116,3153,-1,3153,3116,3154,-1,3116,3117,3154,-1,3154,3117,3155,-1,3117,3118,3155,-1,3155,3118,3156,-1,3118,3119,3156,-1,3156,3119,3157,-1,3157,3120,3158,-1,3157,3119,3120,-1,3158,3121,3159,-1,3158,3120,3121,-1,3159,3122,3160,-1,3159,3121,3122,-1,3160,3123,3161,-1,3160,3122,3123,-1,3161,3124,3162,-1,3161,3123,3124,-1,3162,3125,3126,-1,3162,3124,3125,-1,3126,3067,3163,-1,3127,3163,3067,-1,3063,3067,3101,-1,3127,3066,3164,-1,3066,3128,3164,-1,3164,3128,3165,-1,3128,3129,3165,-1,3165,3129,3166,-1,3129,3130,3166,-1,3166,3130,3167,-1,3130,3131,3167,-1,3167,3131,3168,-1,3168,3132,3169,-1,3168,3131,3132,-1,3169,3133,3170,-1,3169,3132,3133,-1,3170,3134,3171,-1,3170,3133,3134,-1,3171,3135,3172,-1,3171,3134,3135,-1,3172,3136,3173,-1,3172,3135,3136,-1,3173,3137,3138,-1,3173,3136,3137,-1,3138,3103,3174,-1,3104,3174,3103,-1,3052,3103,3053,-1,3104,3102,503,-1,496,503,3102,-1,1291,3175,3176,-1,505,504,1291,-1,3176,3177,1292,-1,1338,1292,3177,-1,1337,3178,1336,-1,3177,3178,1337,-1,1333,1334,3179,-1,3180,1335,3181,-1,3182,3183,1330,-1,3184,3185,3186,-1,1327,3187,3188,-1,3183,3189,3190,-1,3191,1323,1324,-1,1327,3188,1326,-1,1321,3192,1320,-1,1322,3193,3194,-1,3195,3196,3197,-1,3197,1319,3198,-1,3199,3200,1245,-1,3201,3202,3203,-1,1241,3204,3205,-1,3206,3207,3208,-1,3209,1235,3210,-1,3211,1305,1303,-1,3212,3213,1230,-1,3214,3215,3216,-1,1230,3213,1310,-1,1310,3213,3217,-1,3217,3218,3219,-1,3217,1312,1310,-1,3220,3221,1219,-1,3220,1219,1312,-1,3222,1313,3221,-1,3223,3220,3219,-1,3224,3223,3225,-1,3222,1316,1313,-1,1316,3222,3226,-1,1218,1316,3226,-1,3227,3228,3226,-1,3228,3229,3226,-1,3230,383,388,-1,3229,1216,3226,-1,3231,3227,3232,-1,3228,3230,388,-1,396,3229,389,-1,1216,3229,396,-1,394,1216,396,-1,1313,1219,3221,-1,3216,3233,3212,-1,1312,3217,3220,-1,3212,1309,3214,-1,3212,1230,1309,-1,3234,3215,3209,-1,1309,1306,3214,-1,1306,3209,3214,-1,3210,1235,1305,-1,3209,1306,1235,-1,3205,1303,1241,-1,1305,3211,3210,-1,3235,3211,3236,-1,3236,3205,3237,-1,3211,1303,3205,-1,1241,1293,3204,-1,3237,3204,3238,-1,3203,1295,1251,-1,1293,1297,3204,-1,3200,1297,1245,-1,1297,3200,3204,-1,1298,3239,3199,-1,3208,3239,3202,-1,1245,1298,3199,-1,1298,1295,3239,-1,3239,1295,3203,-1,3194,1321,1322,-1,1251,1318,3240,-1,1319,3197,1318,-1,3203,1251,3240,-1,3198,1320,3192,-1,3241,3195,3198,-1,3240,1318,3197,-1,1319,1320,3198,-1,3192,3242,3241,-1,3194,3192,1321,-1,3243,3244,3193,-1,1323,3193,1322,-1,3245,1324,1325,-1,3193,1323,3191,-1,3246,3243,3191,-1,3245,3191,1324,-1,3245,3247,3246,-1,3188,3245,1326,-1,3245,1325,1326,-1,3187,3248,3249,-1,3190,3248,3250,-1,3187,1327,1328,-1,1330,1331,3182,-1,3250,3187,1328,-1,3250,1328,1329,-1,1329,3183,3250,-1,1330,3183,1329,-1,3251,3182,1331,-1,3252,3251,3185,-1,3251,1331,1332,-1,1336,3181,1335,-1,3186,3251,1332,-1,1335,3180,1334,-1,3179,3253,3184,-1,3186,1332,1333,-1,3180,3179,1334,-1,3186,1333,3179,-1,3254,3181,3255,-1,3178,3256,3255,-1,3177,3257,3256,-1,1336,3178,3181,-1,510,513,3258,-1,3259,3175,502,-1,3176,1292,1291,-1,1337,1338,3177,-1,3260,3175,3259,-1,3175,1291,504,-1,3258,3259,510,-1,3228,388,389,-1,3227,3231,3228,-1,3261,3227,3222,-1,1216,1218,3226,-1,3226,3222,3227,-1,3261,3221,3223,-1,3221,3261,3222,-1,3262,3223,3219,-1,3221,3220,3223,-1,3218,3263,3219,-1,3220,3217,3219,-1,3218,3213,3233,-1,3213,3218,3217,-1,3264,3265,3216,-1,3212,3233,3213,-1,3215,3264,3216,-1,3212,3214,3216,-1,3234,3266,3215,-1,3214,3209,3215,-1,3235,3234,3210,-1,3210,3234,3209,-1,3267,3268,3236,-1,3211,3235,3210,-1,3237,3267,3236,-1,3211,3205,3236,-1,3237,3238,3269,-1,3205,3204,3237,-1,3270,3238,3200,-1,3204,3200,3238,-1,3270,3199,3208,-1,3199,3270,3200,-1,3202,3206,3208,-1,3199,3239,3208,-1,3201,3271,3202,-1,3239,3203,3202,-1,3201,3240,3196,-1,3240,3201,3203,-1,3272,3273,3195,-1,3197,3196,3240,-1,3241,3272,3195,-1,3197,3198,3195,-1,3242,3274,3241,-1,3198,3192,3241,-1,3244,3242,3194,-1,3194,3242,3192,-1,3275,3276,3243,-1,3193,3244,3194,-1,3246,3275,3243,-1,3193,3191,3243,-1,3246,3247,3277,-1,3191,3245,3246,-1,3249,3247,3188,-1,3188,3247,3245,-1,3278,3279,3248,-1,3187,3249,3188,-1,3190,3278,3248,-1,3187,3250,3248,-1,3189,3280,3190,-1,3250,3183,3190,-1,3189,3182,3252,-1,3182,3189,3183,-1,3281,3282,3185,-1,3251,3252,3182,-1,3184,3281,3185,-1,3251,3186,3185,-1,3253,3283,3184,-1,3186,3179,3184,-1,3254,3253,3180,-1,3180,3253,3179,-1,3284,3285,3255,-1,3181,3254,3180,-1,3256,3284,3255,-1,3181,3178,3255,-1,3256,3257,3286,-1,3178,3177,3256,-1,3260,3257,3176,-1,3176,3257,3177,-1,3287,3259,3258,-1,3175,3260,3176,-1,502,3175,504,-1,3228,389,3229,-1,3230,3228,3231,-1,3232,3227,3288,-1,3288,3261,3289,-1,3288,3227,3261,-1,3224,3289,3261,-1,3224,3261,3223,-1,3223,3262,3225,-1,3262,3219,3263,-1,3263,3218,3290,-1,3290,3218,3291,-1,3291,3233,3292,-1,3291,3218,3233,-1,3265,3292,3233,-1,3265,3233,3216,-1,3264,3215,3293,-1,3293,3215,3266,-1,3266,3234,3294,-1,3294,3234,3295,-1,3295,3235,3296,-1,3295,3234,3235,-1,3268,3296,3235,-1,3268,3235,3236,-1,3267,3237,3297,-1,3297,3237,3269,-1,3269,3238,3298,-1,3298,3238,3299,-1,3299,3270,3300,-1,3299,3238,3270,-1,3207,3300,3270,-1,3207,3270,3208,-1,3206,3202,3301,-1,3301,3202,3271,-1,3271,3201,3302,-1,3302,3201,3303,-1,3303,3196,3304,-1,3303,3201,3196,-1,3273,3304,3196,-1,3273,3196,3195,-1,3272,3241,3305,-1,3305,3241,3274,-1,3274,3242,3306,-1,3306,3242,3307,-1,3307,3244,3308,-1,3307,3242,3244,-1,3276,3308,3244,-1,3276,3244,3243,-1,3275,3246,3309,-1,3309,3246,3277,-1,3277,3247,3310,-1,3310,3247,3311,-1,3311,3249,3312,-1,3311,3247,3249,-1,3279,3312,3249,-1,3279,3249,3248,-1,3278,3190,3313,-1,3313,3190,3280,-1,3280,3189,3314,-1,3314,3189,3315,-1,3315,3252,3316,-1,3315,3189,3252,-1,3282,3316,3252,-1,3282,3252,3185,-1,3281,3184,3317,-1,3317,3184,3283,-1,3283,3253,3318,-1,3318,3253,3319,-1,3319,3254,3320,-1,3319,3253,3254,-1,3285,3320,3254,-1,3285,3254,3255,-1,3284,3256,3321,-1,3321,3256,3286,-1,3286,3257,3322,-1,3322,3257,3323,-1,3323,3260,3324,-1,3323,3257,3260,-1,3287,3324,3260,-1,3287,3260,3259,-1,502,510,3259,-1,3325,3326,3327,-1,3328,1342,3329,-1,378,3326,373,-1,1341,1456,3330,-1,1452,3331,1456,-1,3330,1339,1341,-1,1451,1448,3332,-1,3333,3328,3334,-1,1447,1422,3335,-1,3336,1353,3337,-1,3338,1444,1445,-1,3339,3340,1358,-1,1433,1368,3341,-1,1364,3342,3343,-1,1437,1438,3344,-1,3345,3346,3347,-1,3348,1432,1430,-1,3349,3350,1373,-1,1429,3351,1428,-1,1379,3352,3353,-1,1423,1380,3354,-1,3355,1383,3356,-1,3357,1419,1417,-1,3358,3354,1416,-1,3359,1418,3360,-1,1418,3359,1417,-1,1394,1397,3361,-1,3361,3360,1394,-1,1457,3362,3363,-1,3361,1397,3363,-1,3364,3362,1458,-1,1457,1458,3362,-1,3364,1405,3365,-1,1405,3364,1458,-1,1408,3366,3365,-1,3365,1405,1408,-1,3367,3366,1459,-1,1408,1459,3366,-1,1460,1414,3368,-1,1460,3367,1459,-1,3368,3367,1460,-1,737,3368,1414,-1,3369,3370,3368,-1,736,3369,3368,-1,3363,1397,1457,-1,738,668,3371,-1,3372,3357,3373,-1,1394,3360,1418,-1,3351,1429,3355,-1,3357,3358,1419,-1,3357,1417,3359,-1,1416,1419,3358,-1,1433,3342,1441,-1,1423,3354,3356,-1,1416,3354,1380,-1,1429,1383,3355,-1,1423,3356,1383,-1,3344,3345,1437,-1,1428,3351,3352,-1,3353,1430,1379,-1,3352,1379,1428,-1,3350,3344,1438,-1,3349,1432,3348,-1,3348,1430,3353,-1,3350,1438,1373,-1,1373,1432,3349,-1,3341,1368,3345,-1,1437,3345,1368,-1,1433,3341,3342,-1,3343,1445,1364,-1,3342,1364,1441,-1,3338,3339,1444,-1,3338,1445,3343,-1,1422,1358,3340,-1,1358,1444,3339,-1,3336,1448,1353,-1,1447,3335,3337,-1,1422,3340,3335,-1,1447,3337,1353,-1,3332,3329,1451,-1,3336,3332,1448,-1,3328,3331,1452,-1,1342,3328,1452,-1,3329,1342,1451,-1,1456,3331,3330,-1,1339,3374,387,-1,1339,3330,3374,-1,385,1339,387,-1,3374,380,387,-1,3375,378,380,-1,3326,3375,3327,-1,3330,3375,3374,-1,3333,3325,3327,-1,3331,3327,3330,-1,3331,3333,3327,-1,3328,3333,3331,-1,3376,3334,3329,-1,3329,3334,3328,-1,3377,3376,3332,-1,3332,3376,3329,-1,3378,3377,3336,-1,3336,3377,3332,-1,3379,3378,3337,-1,3337,3378,3336,-1,3380,3379,3335,-1,3335,3379,3337,-1,3381,3380,3340,-1,3340,3380,3335,-1,3382,3381,3339,-1,3339,3381,3340,-1,3383,3382,3338,-1,3338,3382,3339,-1,3384,3383,3343,-1,3343,3383,3338,-1,3385,3384,3342,-1,3342,3384,3343,-1,3385,3347,3386,-1,3341,3385,3342,-1,3387,3347,3346,-1,3341,3347,3385,-1,3388,3346,3344,-1,3344,3346,3345,-1,3389,3388,3350,-1,3350,3388,3344,-1,3390,3389,3349,-1,3349,3389,3350,-1,3391,3390,3348,-1,3348,3390,3349,-1,3392,3391,3353,-1,3353,3391,3348,-1,3393,3392,3352,-1,3352,3392,3353,-1,3394,3393,3351,-1,3351,3393,3352,-1,3395,3394,3355,-1,3355,3394,3351,-1,3396,3395,3356,-1,3356,3395,3355,-1,3397,3396,3354,-1,3354,3396,3356,-1,3397,3372,3398,-1,3358,3397,3354,-1,3399,3372,3373,-1,3358,3372,3397,-1,3400,3373,3359,-1,3359,3373,3357,-1,3401,3400,3360,-1,3360,3400,3359,-1,3402,3401,3361,-1,3361,3401,3360,-1,3403,3402,3363,-1,3363,3402,3361,-1,3404,3403,3362,-1,3362,3403,3363,-1,3405,3404,3364,-1,3364,3404,3362,-1,3406,3405,3365,-1,3365,3405,3364,-1,3407,3406,3366,-1,3366,3406,3365,-1,3370,3407,3367,-1,3367,3407,3366,-1,738,3369,736,-1,3370,3367,3368,-1,737,736,3368,-1,380,3374,3375,-1,378,3375,3326,-1,3325,3333,3408,-1,3330,3327,3375,-1,3408,3333,3409,-1,3333,3334,3409,-1,3409,3334,3410,-1,3334,3376,3410,-1,3410,3376,3411,-1,3376,3377,3411,-1,3411,3377,3412,-1,3377,3378,3412,-1,3412,3378,3413,-1,3378,3379,3413,-1,3413,3379,3414,-1,3414,3380,3415,-1,3414,3379,3380,-1,3415,3381,3416,-1,3415,3380,3381,-1,3416,3382,3417,-1,3416,3381,3382,-1,3417,3383,3418,-1,3417,3382,3383,-1,3418,3384,3419,-1,3418,3383,3384,-1,3419,3385,3386,-1,3419,3384,3385,-1,3386,3347,3420,-1,3387,3420,3347,-1,3345,3347,3341,-1,3387,3346,3421,-1,3346,3388,3421,-1,3421,3388,3422,-1,3388,3389,3422,-1,3422,3389,3423,-1,3389,3390,3423,-1,3423,3390,3424,-1,3390,3391,3424,-1,3424,3391,3425,-1,3425,3392,3426,-1,3425,3391,3392,-1,3426,3393,3427,-1,3426,3392,3393,-1,3427,3394,3428,-1,3427,3393,3394,-1,3428,3395,3429,-1,3428,3394,3395,-1,3429,3396,3430,-1,3429,3395,3396,-1,3430,3397,3398,-1,3430,3396,3397,-1,3398,3372,3431,-1,3399,3431,3372,-1,3357,3372,3358,-1,3399,3373,3432,-1,3373,3400,3432,-1,3432,3400,3433,-1,3400,3401,3433,-1,3433,3401,3434,-1,3401,3402,3434,-1,3434,3402,3435,-1,3402,3403,3435,-1,3435,3403,3436,-1,3436,3404,3437,-1,3436,3403,3404,-1,3437,3405,3438,-1,3437,3404,3405,-1,3438,3406,3439,-1,3438,3405,3406,-1,3439,3407,3440,-1,3439,3406,3407,-1,3440,3370,3441,-1,3440,3407,3370,-1,3441,3369,3371,-1,3441,3370,3369,-1,3371,3369,738,-1,493,3035,3020,-1,493,3442,3035,-1,3442,3443,3051,-1,493,3020,491,-1,3444,3445,3048,-1,3050,3446,3049,-1,3044,3045,3447,-1,3046,3047,3448,-1,3449,3450,3042,-1,3451,3452,3043,-1,3039,3453,3454,-1,3040,3041,3455,-1,3456,3036,3457,-1,3458,3037,3038,-1,3016,3456,3459,-1,3457,1118,3456,-1,3459,1110,3460,-1,3017,3016,3459,-1,1913,3017,3460,-1,3459,3460,3017,-1,1912,1164,1163,-1,1164,3460,1110,-1,1912,1913,3460,-1,3036,3456,3016,-1,3453,3040,3455,-1,3036,3037,3457,-1,1160,3455,1127,-1,3454,1156,3458,-1,3457,3037,3458,-1,3039,3454,3038,-1,3458,3038,3454,-1,3453,3039,3040,-1,3027,3043,3452,-1,3450,3455,3041,-1,3451,3447,1133,-1,3450,3041,3042,-1,3455,3450,1127,-1,3027,3449,3042,-1,3452,1124,3449,-1,3452,3449,3027,-1,3043,3044,3451,-1,3050,3443,3446,-1,3447,3451,3044,-1,3051,3443,3050,-1,3046,3461,3045,-1,3447,3045,3461,-1,3444,3048,3049,-1,3047,3445,3448,-1,3046,3448,3461,-1,3048,3445,3047,-1,3049,3446,3444,-1,3035,3442,3051,-1,1164,1912,3460,-1,1110,3459,1166,-1,1166,3459,1165,-1,1165,3456,1119,-1,1165,3459,3456,-1,1118,1119,3456,-1,1118,3457,1115,-1,1115,3458,1155,-1,1115,3457,3458,-1,1156,1155,3458,-1,1156,3454,1123,-1,1123,3453,1122,-1,1123,3454,3453,-1,1160,1122,3453,-1,1160,3453,3455,-1,1127,3450,1154,-1,1154,3450,1158,-1,1158,3449,1124,-1,1158,3450,3449,-1,1124,3452,1125,-1,1125,3452,1131,-1,1131,3451,1129,-1,1131,3452,3451,-1,1133,1129,3451,-1,1133,3447,1136,-1,3447,3461,1136,-1,1136,3461,1141,-1,3461,3448,1141,-1,1141,3448,1145,-1,1145,3445,1142,-1,1145,3448,3445,-1,1142,3444,1143,-1,1142,3445,3444,-1,1143,3446,1146,-1,1143,3444,3446,-1,1146,3443,1149,-1,1146,3446,3443,-1,1149,3442,498,-1,1149,3443,3442,-1,493,498,3442,-1,3097,3462,3463,-1,3464,3140,3465,-1,3465,3141,3466,-1,3466,3141,3142,-1,3145,3467,3144,-1,3143,3468,3469,-1,3147,3148,3470,-1,3471,3146,3472,-1,3473,3150,3115,-1,3474,3475,3149,-1,3153,3476,3152,-1,3151,3477,3478,-1,3155,3156,3479,-1,3480,3154,3481,-1,3160,3482,3159,-1,3158,3159,3483,-1,3162,3126,3484,-1,3160,3485,3482,-1,3486,3127,3487,-1,3484,3126,3488,-1,3167,3489,3166,-1,3165,3166,3490,-1,3491,3167,3168,-1,3489,3490,3166,-1,3168,3492,3491,-1,3169,3492,3168,-1,3493,3492,3169,-1,3493,3169,3170,-1,3493,3170,3494,-1,3170,3171,3494,-1,3172,3495,3171,-1,3494,3171,3495,-1,3496,3172,3173,-1,3172,3496,3495,-1,3173,3138,3497,-1,3497,3496,3173,-1,3174,3498,3138,-1,3498,3497,3138,-1,501,3174,3104,-1,501,3104,499,-1,3174,501,3498,-1,3165,3490,3499,-1,3167,3491,3489,-1,3486,3488,3163,-1,3161,3500,3485,-1,3499,3164,3165,-1,3499,3487,3164,-1,3127,3164,3487,-1,3486,3163,3127,-1,3488,3126,3163,-1,3162,3484,3500,-1,3483,3501,3158,-1,3500,3161,3162,-1,3157,3158,3501,-1,3482,3483,3159,-1,3160,3161,3485,-1,3502,3157,3501,-1,3476,3477,3152,-1,3479,3156,3502,-1,3154,3480,3153,-1,3481,3155,3479,-1,3154,3155,3481,-1,3476,3153,3480,-1,3472,3146,3147,-1,3152,3477,3151,-1,3474,3150,3473,-1,3151,3478,3115,-1,3478,3473,3115,-1,3150,3474,3149,-1,3467,3145,3471,-1,3148,3475,3470,-1,3475,3148,3149,-1,3470,3472,3147,-1,3146,3471,3145,-1,3468,3144,3467,-1,3142,3469,3466,-1,3142,3143,3469,-1,3144,3468,3143,-1,3465,3140,3141,-1,393,3097,3463,-1,3462,3139,3464,-1,3139,3140,3464,-1,3462,3097,3139,-1,393,3093,3097,-1,393,3463,399,-1,393,392,3093,-1,399,3463,1317,-1,3463,3462,1317,-1,1317,3462,1225,-1,3462,3464,1225,-1,1225,3464,1314,-1,3464,3465,1314,-1,1314,3465,1315,-1,3465,3466,1315,-1,1315,3466,1224,-1,3466,3469,1224,-1,1224,3469,1311,-1,3469,3468,1311,-1,1311,3468,1308,-1,3468,3467,1308,-1,1308,3467,1229,-1,3467,3471,1229,-1,1229,3471,1307,-1,3471,3472,1307,-1,1307,3472,1302,-1,3472,3470,1302,-1,1302,3470,1232,-1,3470,3475,1232,-1,1232,3475,1304,-1,3475,3474,1304,-1,1304,3474,1301,-1,3474,3473,1301,-1,1301,3473,1238,-1,3473,3478,1238,-1,1238,3478,1299,-1,3478,3477,1299,-1,1299,3477,1300,-1,3477,3476,1300,-1,1300,3476,1244,-1,3476,3480,1244,-1,1244,3480,1296,-1,3480,3481,1296,-1,1296,3481,1294,-1,3481,3479,1294,-1,1294,3479,1247,-1,3156,3157,3502,-1,3479,3502,1247,-1,1248,1247,3502,-1,3502,3501,1248,-1,1258,1248,3501,-1,3501,3483,1258,-1,1254,1258,3483,-1,3483,3482,1254,-1,1255,1254,3482,-1,3482,3485,1255,-1,1262,1255,3485,-1,3485,3500,1262,-1,1261,1262,3500,-1,3500,3484,1261,-1,1259,1261,3484,-1,3484,3488,1259,-1,1269,1259,3488,-1,3488,3486,1269,-1,1265,1269,3486,-1,3486,3487,1265,-1,1266,1265,3487,-1,3487,3499,1266,-1,1271,1266,3499,-1,3499,3490,1271,-1,1275,1271,3490,-1,3490,3489,1275,-1,1277,1275,3489,-1,3489,3491,1277,-1,1278,1277,3491,-1,3491,3492,1278,-1,3493,1279,1278,-1,1278,3492,3493,-1,3494,1281,1279,-1,1279,3493,3494,-1,1281,3495,1285,-1,1281,3494,3495,-1,1285,3496,1287,-1,1285,3495,3496,-1,1287,3497,1290,-1,1287,3496,3497,-1,1290,3498,509,-1,1290,3497,3498,-1,501,509,3498,-1,3288,3503,3504,-1,3505,3225,3506,-1,3291,3507,3290,-1,3507,3508,3290,-1,3266,3509,3293,-1,3510,3264,3293,-1,3269,3511,3297,-1,3512,3513,3295,-1,3207,3514,3300,-1,3298,3515,3269,-1,3516,3302,3517,-1,3206,3301,3518,-1,3519,3305,3274,-1,3520,1370,3521,-1,3309,3522,3275,-1,3523,3307,3524,-1,1389,3525,3526,-1,3527,3528,3277,-1,3315,3529,3314,-1,3530,3280,3314,-1,1402,3531,3532,-1,1395,3533,3531,-1,3318,3532,3283,-1,3532,3317,3283,-1,3534,3535,3319,-1,3318,3319,3535,-1,3319,3320,3534,-1,3535,3534,1400,-1,3285,3536,3534,-1,3284,3536,3285,-1,3536,3284,3321,-1,3286,3537,3321,-1,1413,1411,3538,-1,3537,3536,3321,-1,3322,3538,3286,-1,3537,3286,3538,-1,3324,3539,3323,-1,3323,3538,3322,-1,507,3258,513,-1,3538,3323,3539,-1,3539,3324,507,-1,3258,507,3287,-1,3287,507,3324,-1,3531,3317,3532,-1,3535,3532,3318,-1,3531,3533,3281,-1,3529,3316,3533,-1,3281,3533,3282,-1,3526,3525,3279,-1,3282,3533,3316,-1,3524,1376,3523,-1,3530,3529,1415,-1,3530,3314,3529,-1,3280,3540,3313,-1,3280,3530,3540,-1,3278,3313,3540,-1,3278,3540,3526,-1,3525,3527,3311,-1,3312,3279,3525,-1,3310,3527,3277,-1,3312,3525,3311,-1,3275,3522,3276,-1,3527,1424,3528,-1,3309,3277,3528,-1,3522,3309,3528,-1,3522,3524,3276,-1,3307,3308,3524,-1,3515,3511,3269,-1,3306,3523,3519,-1,3303,3517,3302,-1,3305,3519,3520,-1,3306,3307,3523,-1,3304,3521,3517,-1,3272,3520,3521,-1,3520,3519,1431,-1,3272,3521,3273,-1,3304,3273,3521,-1,1434,3516,3517,-1,3271,3302,3516,-1,3518,3271,3516,-1,3515,3299,3514,-1,3541,3206,3518,-1,3514,3207,3541,-1,1439,3541,3518,-1,3541,1436,3514,-1,3514,3299,3300,-1,3511,3515,1440,-1,3506,3225,3262,-1,3542,3268,3267,-1,3511,3542,3297,-1,3512,1443,3513,-1,1355,3512,3542,-1,3542,3512,3268,-1,3295,3296,3512,-1,3513,3294,3295,-1,3513,3509,3294,-1,3293,3509,3510,-1,3510,3543,3264,-1,1352,3510,3509,-1,3263,3508,3506,-1,3264,3543,3265,-1,3265,3543,3292,-1,3292,3543,3507,-1,3508,3507,1347,-1,3508,3263,3290,-1,1453,3505,3506,-1,3289,3224,3503,-1,3503,3224,3505,-1,391,384,3504,-1,3503,1455,3504,-1,3503,3288,3289,-1,3231,3232,3504,-1,384,3230,3231,-1,3231,3504,384,-1,384,383,3230,-1,1455,391,3504,-1,3288,3504,3232,-1,1455,3503,1348,-1,3503,3505,1348,-1,1453,1348,3505,-1,3225,3505,3224,-1,1454,1453,3506,-1,3263,3506,3262,-1,3506,3508,1454,-1,1347,1454,3508,-1,1449,1347,3507,-1,3292,3507,3291,-1,3507,3543,1449,-1,3543,1450,1449,-1,3543,3510,1450,-1,1352,1450,3510,-1,1446,1352,3509,-1,3294,3509,3266,-1,3509,3513,1446,-1,1443,1446,3513,-1,1355,1443,3512,-1,3268,3512,3296,-1,1442,1355,3542,-1,3297,3542,3267,-1,3542,3511,1442,-1,1440,1442,3511,-1,1361,1440,3515,-1,3299,3515,3298,-1,3515,3514,1361,-1,1436,1361,3514,-1,1439,1436,3541,-1,3206,3541,3207,-1,1367,1439,3518,-1,3271,3518,3301,-1,3518,3516,1367,-1,1434,1367,3516,-1,1435,1434,3517,-1,3304,3517,3303,-1,3517,3521,1435,-1,3521,1370,1435,-1,1431,1370,3520,-1,3305,3520,3272,-1,1425,1431,3519,-1,3306,3519,3274,-1,3519,3523,1425,-1,1376,1425,3523,-1,1426,1376,3524,-1,3276,3524,3308,-1,3524,3522,1426,-1,3522,1427,1426,-1,3522,3528,1427,-1,1424,1427,3528,-1,1421,1424,3527,-1,3311,3527,3310,-1,3527,3525,1421,-1,3525,1389,1421,-1,1420,1389,3526,-1,3278,3526,3279,-1,3526,3540,1420,-1,3540,1387,1420,-1,3540,3530,1387,-1,1415,1387,3530,-1,1392,1415,3529,-1,3316,3529,3315,-1,3529,3533,1392,-1,3533,1395,1392,-1,1402,1395,3531,-1,3317,3531,3281,-1,1402,3532,1399,-1,1400,1399,3535,-1,1399,3532,3535,-1,1400,3534,1403,-1,3536,1407,1403,-1,3285,3534,3320,-1,1403,3534,3536,-1,1410,1407,3536,-1,3536,3537,1410,-1,1411,1410,3537,-1,1411,3537,3538,-1,1413,3539,518,-1,1413,3538,3539,-1,507,518,3539,-1,3325,3544,3545,-1,3546,3409,3547,-1,3547,3410,3548,-1,3548,3410,3411,-1,3414,3549,3413,-1,3412,3550,3551,-1,3416,3417,3552,-1,3553,3415,3554,-1,3555,3419,3386,-1,3556,3557,3418,-1,3421,3558,3387,-1,3420,3559,3560,-1,3423,3424,3561,-1,3562,3422,3563,-1,3564,3426,3427,-1,3565,3566,3425,-1,3430,3567,3429,-1,3428,3568,3569,-1,3431,3399,3570,-1,3571,3398,3572,-1,3432,3433,3573,-1,3573,3574,3432,-1,3434,3575,3576,-1,3573,3433,3576,-1,3577,3575,3435,-1,3434,3435,3575,-1,3577,3436,3578,-1,3436,3577,3435,-1,3437,3579,3578,-1,3578,3436,3437,-1,3438,3580,3579,-1,3437,3438,3579,-1,3581,3580,3439,-1,3438,3439,3580,-1,3581,3440,3582,-1,3440,3581,3439,-1,3441,3371,3583,-1,3582,3440,3441,-1,668,666,3371,-1,3441,3583,3582,-1,524,3583,666,-1,3583,3371,666,-1,528,991,524,-1,3580,982,3579,-1,3432,3574,3399,-1,3576,3433,3434,-1,3572,3431,3570,-1,3570,3399,3574,-1,3567,3430,3571,-1,3571,3430,3398,-1,3398,3431,3572,-1,3567,3568,3429,-1,3565,3425,3426,-1,3428,3569,3427,-1,3429,3568,3428,-1,3426,3564,3565,-1,3569,3564,3427,-1,3561,3424,3566,-1,3424,3425,3566,-1,3420,3387,3559,-1,3423,3563,3422,-1,3563,3423,3561,-1,3421,3422,3562,-1,3559,3387,3558,-1,3421,3562,3558,-1,3416,3554,3415,-1,3386,3420,3560,-1,3419,3556,3418,-1,3419,3555,3556,-1,3560,3555,3386,-1,3417,3418,3557,-1,3415,3553,3414,-1,3552,3554,3416,-1,3552,3417,3557,-1,3551,3548,3411,-1,3549,3414,3553,-1,3550,3412,3413,-1,3413,3549,3550,-1,3411,3412,3551,-1,3326,374,373,-1,3547,3409,3410,-1,3544,3408,3546,-1,3408,3409,3546,-1,374,3545,382,-1,3545,374,3325,-1,3544,3325,3408,-1,3325,374,3326,-1,382,3545,925,-1,3545,3544,925,-1,925,3544,928,-1,3544,3546,928,-1,928,3546,1000,-1,3546,3547,1000,-1,1000,3547,926,-1,3547,3548,926,-1,926,3548,1001,-1,3548,3551,1001,-1,1001,3551,994,-1,3551,3550,994,-1,994,3550,993,-1,3550,3549,993,-1,993,3549,935,-1,3549,3553,935,-1,935,3553,933,-1,3553,3554,933,-1,933,3554,938,-1,3554,3552,938,-1,938,3552,998,-1,3552,3557,998,-1,998,3557,999,-1,3557,3556,999,-1,999,3556,997,-1,3556,3555,997,-1,997,3555,944,-1,3555,3560,944,-1,944,3560,942,-1,3560,3559,942,-1,942,3559,996,-1,3559,3558,996,-1,996,3558,948,-1,3558,3562,948,-1,948,3562,947,-1,3562,3563,947,-1,947,3563,953,-1,3563,3561,953,-1,953,3561,951,-1,3561,3566,951,-1,951,3566,952,-1,3566,3565,952,-1,952,3565,957,-1,3565,3564,957,-1,957,3564,955,-1,3564,3569,955,-1,955,3569,960,-1,3569,3568,960,-1,960,3568,995,-1,3568,3567,995,-1,995,3567,963,-1,3567,3571,963,-1,963,3571,964,-1,3571,3572,964,-1,964,3572,968,-1,3572,3570,968,-1,968,3570,966,-1,3570,3574,966,-1,966,3574,972,-1,3574,3573,972,-1,972,3573,973,-1,3573,3576,973,-1,973,3576,976,-1,3576,3575,976,-1,976,3575,977,-1,3575,3577,977,-1,977,3577,980,-1,980,3578,979,-1,980,3577,3578,-1,979,3579,982,-1,979,3578,3579,-1,3580,984,982,-1,984,3580,987,-1,3580,3581,987,-1,987,3581,988,-1,988,3582,990,-1,988,3581,3582,-1,990,3583,991,-1,990,3582,3583,-1,3583,524,991,-1,586,590,3584,-1,586,3585,587,-1,3585,586,3584,-1,3586,588,587,-1,587,3585,3586,-1,589,588,3587,-1,3586,3587,588,-1,589,3588,591,-1,3588,589,3587,-1,3589,585,591,-1,591,3588,3589,-1,581,585,3590,-1,3589,3590,585,-1,581,3591,579,-1,3591,581,3590,-1,3592,576,579,-1,579,3591,3592,-1,573,576,3593,-1,3592,3593,576,-1,3594,573,3593,-1,3595,3584,590,-1,3596,3595,584,-1,590,584,3595,-1,3596,583,3597,-1,583,3596,584,-1,578,3598,3597,-1,3597,583,578,-1,3599,3598,574,-1,578,574,3598,-1,3599,571,3600,-1,571,3599,574,-1,569,3601,3600,-1,3600,571,569,-1,3602,3601,566,-1,569,566,3601,-1,3602,532,3603,-1,532,3602,566,-1,531,3604,3603,-1,3603,532,531,-1,531,559,3604,-1,549,537,3605,-1,549,3606,545,-1,3606,549,3605,-1,3607,546,545,-1,545,3606,3607,-1,543,546,3608,-1,3607,3608,546,-1,543,3609,553,-1,3609,543,3608,-1,3610,554,553,-1,553,3609,3610,-1,541,554,3611,-1,3610,3611,554,-1,541,3612,539,-1,3612,541,3611,-1,3613,557,539,-1,539,3612,3613,-1,559,557,3614,-1,3613,3614,557,-1,3604,559,3614,-1,3615,3605,537,-1,3616,3615,538,-1,537,538,3615,-1,3616,555,3617,-1,555,3616,538,-1,535,3618,3617,-1,3617,555,535,-1,3619,3618,534,-1,535,534,3618,-1,3619,536,3620,-1,536,3619,534,-1,562,3621,3620,-1,3620,536,562,-1,3622,3621,563,-1,562,563,3621,-1,3622,533,3623,-1,533,3622,563,-1,570,3594,3623,-1,3623,533,570,-1,570,573,3594,-1,3624,3608,3607,-1,3593,3592,3625,-1,3626,3622,3627,-1,3628,3624,3607,-1,3609,3629,3630,-1,3607,3606,3628,-1,3631,3628,3606,-1,3605,3631,3606,-1,3630,3610,3609,-1,3605,3615,3631,-1,3632,3611,3610,-1,3620,3621,3633,-1,3612,3634,3613,-1,3635,3594,3593,-1,3636,3602,3637,-1,3591,3590,3638,-1,3599,3600,3639,-1,3640,3641,3588,-1,3596,3597,3642,-1,3643,3644,3585,-1,3587,3645,3640,-1,3644,3645,3586,-1,3595,3596,3646,-1,3643,3584,3595,-1,3590,3589,3647,-1,3589,3588,3641,-1,3648,3598,3599,-1,3597,3598,3649,-1,3650,3639,3600,-1,3592,3591,3651,-1,3635,3627,3623,-1,3601,3636,3650,-1,3622,3626,3621,-1,3614,3652,3604,-1,3652,3637,3603,-1,3653,3654,3616,-1,3619,3655,3656,-1,3612,3611,3657,-1,3617,3618,3658,-1,3613,3659,3614,-1,3629,3609,3608,-1,3629,3608,3624,-1,3632,3610,3630,-1,3657,3611,3632,-1,3634,3612,3657,-1,3659,3613,3634,-1,3652,3614,3659,-1,3652,3603,3604,-1,3637,3602,3603,-1,3636,3601,3602,-1,3650,3600,3601,-1,3648,3599,3639,-1,3649,3598,3648,-1,3642,3597,3649,-1,3646,3596,3642,-1,3643,3595,3646,-1,3643,3585,3584,-1,3644,3586,3585,-1,3645,3587,3586,-1,3640,3588,3587,-1,3647,3589,3641,-1,3638,3590,3647,-1,3651,3591,3638,-1,3625,3592,3651,-1,3635,3593,3625,-1,3635,3623,3594,-1,3627,3622,3623,-1,3633,3621,3626,-1,3655,3620,3633,-1,3656,3618,3619,-1,3655,3619,3620,-1,3658,3653,3617,-1,3656,3658,3618,-1,3616,3654,3615,-1,3617,3653,3616,-1,3631,3615,3654,-1,3643,3646,3660,-1,3661,3662,3642,-1,3663,3639,3650,-1,3664,3649,3648,-1,3665,3637,3666,-1,3650,3636,3667,-1,3657,3668,3634,-1,3669,3670,3659,-1,3671,3672,3630,-1,3673,3657,3632,-1,3629,3674,3671,-1,3671,3630,3629,-1,3674,3624,3675,-1,3624,3674,3629,-1,3676,3675,3628,-1,3624,3628,3675,-1,3631,3677,3676,-1,3676,3628,3631,-1,3630,3672,3632,-1,3673,3678,3657,-1,3672,3673,3632,-1,3668,3669,3634,-1,3678,3668,3657,-1,3659,3670,3652,-1,3634,3669,3659,-1,3666,3637,3652,-1,3652,3670,3666,-1,3667,3636,3665,-1,3636,3637,3665,-1,3663,3650,3679,-1,3679,3650,3667,-1,3680,3648,3639,-1,3680,3639,3663,-1,3664,3661,3649,-1,3680,3664,3648,-1,3642,3662,3646,-1,3649,3661,3642,-1,3643,3660,3681,-1,3646,3662,3660,-1,3682,3683,3684,-1,3685,3686,3687,-1,3688,3687,3686,-1,3689,3662,3690,-1,3691,3692,3693,-1,3694,3688,3695,-1,3695,3689,3694,-1,3665,3666,3696,-1,3660,3662,3689,-1,3689,3697,3660,-1,3660,3697,3681,-1,3685,3698,3686,-1,3699,3682,3700,-1,3701,3702,3703,-1,3704,3705,3703,-1,3706,3707,3708,-1,3709,3710,3708,-1,3711,3709,3712,-1,3713,3714,3715,-1,3716,3712,3717,-1,3718,3719,3720,-1,3721,3722,3723,-1,3721,3724,3725,-1,3726,3722,3727,-1,3718,3714,3728,-1,3671,3729,3730,-1,3731,3672,3730,-1,3732,3733,3734,-1,3735,3736,3732,-1,3677,3733,3737,-1,3737,3733,3732,-1,3714,3738,3739,-1,3740,3741,3742,-1,3743,3744,3745,-1,3746,3747,3748,-1,3749,3750,3722,-1,3751,3752,3753,-1,3754,3719,3728,-1,3755,3756,3757,-1,3716,3715,3718,-1,3757,3751,3755,-1,3758,3759,3754,-1,3760,3761,3756,-1,3712,3708,3762,-1,3711,3716,3720,-1,3703,3763,3706,-1,3710,3704,3706,-1,3682,3764,3701,-1,3705,3683,3701,-1,3684,3765,3700,-1,3766,3767,3700,-1,3698,3766,3768,-1,3767,3699,3700,-1,3768,3765,3769,-1,3698,3685,3766,-1,3770,3769,3771,-1,3765,3771,3769,-1,3772,3773,3770,-1,3770,3771,3772,-1,3774,3775,3776,-1,3775,3774,3772,-1,3697,3689,3695,-1,3661,3690,3662,-1,3690,3661,3777,-1,3694,3687,3688,-1,3690,3778,3694,-1,3685,3779,3767,-1,3687,3778,3779,-1,3779,3685,3687,-1,3780,3772,3771,-1,3766,3765,3768,-1,3766,3685,3767,-1,3781,3775,3782,-1,3765,3766,3700,-1,3773,3772,3774,-1,3684,3780,3771,-1,3775,3783,3776,-1,3772,3780,3782,-1,3784,3783,3775,-1,3689,3690,3694,-1,3664,3777,3661,-1,3664,3785,3777,-1,3694,3778,3687,-1,3777,3786,3778,-1,3787,3699,3767,-1,3779,3786,3787,-1,3764,3682,3699,-1,3779,3787,3767,-1,3780,3788,3782,-1,3789,3781,3790,-1,3765,3684,3771,-1,3684,3700,3682,-1,3772,3782,3775,-1,3683,3788,3780,-1,3775,3781,3784,-1,3782,3788,3790,-1,3791,3784,3781,-1,3690,3777,3778,-1,3680,3785,3664,-1,3680,3792,3785,-1,3778,3786,3779,-1,3785,3793,3786,-1,3794,3764,3699,-1,3787,3793,3794,-1,3702,3701,3764,-1,3787,3794,3699,-1,3795,3789,3790,-1,3796,3789,3795,-1,3684,3683,3780,-1,3683,3682,3701,-1,3782,3790,3781,-1,3705,3797,3788,-1,3781,3789,3791,-1,3790,3797,3795,-1,3798,3791,3789,-1,3777,3785,3786,-1,3663,3792,3680,-1,3663,3799,3792,-1,3786,3793,3787,-1,3792,3800,3793,-1,3801,3702,3764,-1,3794,3800,3801,-1,3763,3703,3702,-1,3794,3801,3764,-1,3802,3796,3795,-1,3788,3797,3790,-1,3683,3705,3788,-1,3703,3705,3701,-1,3796,3802,3803,-1,3704,3804,3797,-1,3789,3796,3798,-1,3795,3804,3802,-1,3805,3798,3796,-1,3785,3792,3793,-1,3679,3799,3663,-1,3679,3806,3799,-1,3793,3800,3794,-1,3799,3692,3800,-1,3691,3763,3702,-1,3801,3692,3691,-1,3707,3706,3763,-1,3702,3801,3691,-1,3807,3803,3802,-1,3797,3804,3795,-1,3705,3704,3797,-1,3706,3704,3703,-1,3803,3807,3808,-1,3710,3809,3804,-1,3796,3803,3805,-1,3802,3809,3807,-1,3810,3805,3803,-1,3792,3799,3800,-1,3667,3806,3679,-1,3696,3806,3667,-1,3800,3692,3801,-1,3806,3693,3692,-1,3811,3707,3763,-1,3811,3691,3693,-1,3762,3708,3707,-1,3763,3691,3811,-1,3812,3808,3807,-1,3804,3809,3802,-1,3704,3710,3804,-1,3708,3710,3706,-1,3808,3812,3813,-1,3709,3814,3809,-1,3803,3808,3810,-1,3807,3814,3812,-1,3815,3810,3808,-1,3799,3806,3692,-1,3665,3696,3667,-1,3666,3816,3696,-1,3811,3693,3817,-1,3693,3696,3817,-1,3818,3762,3707,-1,3818,3811,3817,-1,3717,3712,3762,-1,3707,3811,3818,-1,3819,3813,3812,-1,3809,3814,3807,-1,3710,3709,3809,-1,3712,3709,3708,-1,3813,3819,3820,-1,3711,3821,3814,-1,3808,3813,3815,-1,3812,3821,3819,-1,3822,3815,3813,-1,3696,3693,3806,-1,3670,3816,3666,-1,3737,3676,3677,-1,3670,3823,3816,-1,3817,3816,3824,-1,3825,3717,3762,-1,3825,3818,3824,-1,3715,3716,3717,-1,3762,3818,3825,-1,3826,3820,3819,-1,3814,3821,3812,-1,3709,3711,3814,-1,3716,3711,3712,-1,3820,3826,3827,-1,3720,3828,3821,-1,3813,3820,3822,-1,3819,3828,3826,-1,3829,3822,3820,-1,3696,3816,3817,-1,3669,3823,3670,-1,3669,3830,3823,-1,3817,3824,3818,-1,3824,3823,3831,-1,3717,3832,3715,-1,3832,3825,3831,-1,3715,3714,3718,-1,3825,3832,3717,-1,3833,3827,3826,-1,3821,3828,3819,-1,3711,3720,3821,-1,3718,3720,3716,-1,3827,3833,3834,-1,3719,3835,3828,-1,3820,3827,3829,-1,3826,3835,3833,-1,3836,3829,3827,-1,3816,3823,3824,-1,3668,3830,3669,-1,3668,3837,3830,-1,3824,3831,3825,-1,3831,3830,3838,-1,3739,3742,3741,-1,3832,3838,3713,-1,3739,3728,3714,-1,3713,3715,3832,-1,3839,3834,3833,-1,3828,3835,3826,-1,3720,3719,3828,-1,3728,3719,3718,-1,3834,3839,3840,-1,3754,3841,3835,-1,3827,3834,3836,-1,3833,3841,3839,-1,3842,3836,3834,-1,3823,3830,3831,-1,3678,3837,3668,-1,3678,3843,3837,-1,3831,3838,3832,-1,3837,3844,3838,-1,3758,3728,3739,-1,3844,3738,3713,-1,3758,3739,3741,-1,3713,3738,3714,-1,3845,3840,3839,-1,3835,3841,3833,-1,3719,3754,3835,-1,3758,3754,3728,-1,3846,3840,3847,-1,3759,3848,3841,-1,3834,3840,3842,-1,3839,3848,3845,-1,3846,3842,3840,-1,3830,3837,3838,-1,3673,3843,3678,-1,3673,3731,3843,-1,3838,3844,3713,-1,3849,3844,3843,-1,3741,3747,3758,-1,3742,3738,3849,-1,3759,3747,3745,-1,3742,3739,3738,-1,3725,3847,3845,-1,3841,3848,3839,-1,3754,3759,3841,-1,3759,3758,3747,-1,3850,3847,3724,-1,3745,3744,3848,-1,3744,3725,3845,-1,3846,3847,3850,-1,3840,3845,3847,-1,3837,3843,3844,-1,3672,3731,3673,-1,3729,3674,3851,-1,3844,3849,3738,-1,3852,3849,3731,-1,3747,3741,3748,-1,3740,3742,3852,-1,3745,3747,3746,-1,3740,3748,3741,-1,3727,3721,3853,-1,3848,3744,3845,-1,3759,3745,3848,-1,3746,3743,3745,-1,3854,3724,3723,-1,3743,3853,3744,-1,3853,3721,3725,-1,3850,3724,3854,-1,3847,3725,3724,-1,3843,3731,3849,-1,3671,3730,3672,-1,3740,3855,3748,-1,3849,3852,3742,-1,3730,3856,3852,-1,3746,3748,3857,-1,3856,3855,3740,-1,3743,3746,3858,-1,3855,3857,3748,-1,3743,3859,3853,-1,3746,3857,3858,-1,3744,3853,3725,-1,3859,3743,3858,-1,3860,3723,3750,-1,3727,3853,3859,-1,3727,3722,3721,-1,3854,3723,3860,-1,3724,3721,3723,-1,3731,3730,3852,-1,3674,3729,3671,-1,3855,3861,3857,-1,3852,3856,3740,-1,3729,3862,3856,-1,3858,3857,3863,-1,3862,3861,3855,-1,3859,3858,3864,-1,3857,3861,3863,-1,3727,3859,3865,-1,3863,3864,3858,-1,3866,3751,3867,-1,3864,3865,3859,-1,3868,3750,3753,-1,3727,3865,3726,-1,3726,3749,3722,-1,3860,3750,3868,-1,3723,3722,3750,-1,3730,3729,3856,-1,3675,3851,3674,-1,3861,3736,3863,-1,3856,3862,3855,-1,3851,3869,3862,-1,3864,3863,3870,-1,3861,3869,3736,-1,3865,3864,3871,-1,3863,3736,3870,-1,3726,3865,3872,-1,3864,3870,3871,-1,3749,3726,3873,-1,3865,3871,3872,-1,3753,3749,3867,-1,3873,3726,3872,-1,3867,3749,3873,-1,3868,3753,3752,-1,3750,3749,3753,-1,3729,3851,3862,-1,3676,3737,3675,-1,3869,3737,3732,-1,3862,3869,3861,-1,3736,3869,3732,-1,3735,3874,3870,-1,3870,3736,3735,-1,3874,3875,3871,-1,3871,3870,3874,-1,3875,3876,3872,-1,3872,3871,3875,-1,3876,3877,3873,-1,3873,3872,3876,-1,3877,3866,3867,-1,3867,3873,3877,-1,3755,3751,3866,-1,3752,3751,3757,-1,3753,3867,3751,-1,3869,3851,3737,-1,3737,3851,3675,-1,3734,3878,3732,-1,3732,3878,3735,-1,3878,3879,3735,-1,3735,3879,3874,-1,3879,3880,3874,-1,3874,3880,3875,-1,3880,3881,3875,-1,3881,3882,3876,-1,3881,3876,3875,-1,3882,3883,3877,-1,3882,3877,3876,-1,3883,3884,3866,-1,3883,3866,3877,-1,3884,3760,3755,-1,3884,3755,3866,-1,3756,3755,3760,-1,3885,3886,3887,-1,3888,3879,3889,-1,3878,3889,3879,-1,3890,3891,3892,-1,3893,3894,3895,-1,3896,3878,3734,-1,3734,3890,3896,-1,3897,3898,3899,-1,3900,3891,3890,-1,3890,3733,3900,-1,3900,3733,3677,-1,3888,3880,3879,-1,3901,3885,3902,-1,3903,3904,3905,-1,3906,3907,3905,-1,3908,3909,3910,-1,3911,3912,3910,-1,3913,3911,3914,-1,3915,3916,3917,-1,3918,3914,3919,-1,3920,3921,3922,-1,3923,3924,3925,-1,3923,3926,3927,-1,3928,3924,3929,-1,3920,3916,3930,-1,3931,3932,3933,-1,3934,3935,3933,-1,3936,3697,3695,-1,3937,3938,3936,-1,3681,3697,3939,-1,3939,3697,3936,-1,3916,3940,3941,-1,3942,3943,3944,-1,3945,3946,3947,-1,3948,3949,3950,-1,3951,3952,3924,-1,3953,3954,3955,-1,3956,3921,3930,-1,3957,3958,3959,-1,3918,3917,3920,-1,3959,3953,3957,-1,3960,3961,3956,-1,3774,3776,3958,-1,3914,3910,3962,-1,3913,3918,3922,-1,3905,3963,3908,-1,3912,3906,3908,-1,3885,3964,3903,-1,3907,3886,3903,-1,3887,3965,3902,-1,3966,3967,3902,-1,3880,3966,3881,-1,3967,3901,3902,-1,3881,3965,3882,-1,3880,3888,3966,-1,3883,3882,3968,-1,3965,3968,3882,-1,3969,3884,3883,-1,3883,3968,3969,-1,3760,3970,3761,-1,3970,3760,3969,-1,3733,3890,3734,-1,3971,3892,3891,-1,3892,3971,3972,-1,3896,3889,3878,-1,3892,3973,3896,-1,3888,3974,3967,-1,3889,3973,3974,-1,3974,3888,3889,-1,3975,3969,3968,-1,3966,3965,3881,-1,3966,3888,3967,-1,3976,3970,3977,-1,3965,3966,3902,-1,3884,3969,3760,-1,3887,3975,3968,-1,3970,3978,3761,-1,3969,3975,3977,-1,3979,3978,3970,-1,3890,3892,3896,-1,3980,3972,3971,-1,3980,3981,3972,-1,3896,3973,3889,-1,3972,3982,3973,-1,3983,3901,3967,-1,3974,3982,3983,-1,3964,3885,3901,-1,3974,3983,3967,-1,3975,3984,3977,-1,3985,3976,3986,-1,3965,3887,3968,-1,3887,3902,3885,-1,3969,3977,3970,-1,3886,3984,3975,-1,3970,3976,3979,-1,3977,3984,3986,-1,3987,3979,3976,-1,3892,3972,3973,-1,3988,3981,3980,-1,3988,3989,3981,-1,3973,3982,3974,-1,3981,3990,3982,-1,3991,3964,3901,-1,3983,3990,3991,-1,3904,3903,3964,-1,3983,3991,3901,-1,3992,3985,3986,-1,3993,3985,3992,-1,3887,3886,3975,-1,3886,3885,3903,-1,3977,3986,3976,-1,3907,3994,3984,-1,3976,3985,3987,-1,3986,3994,3992,-1,3995,3987,3985,-1,3972,3981,3982,-1,3996,3989,3988,-1,3996,3997,3989,-1,3982,3990,3983,-1,3989,3998,3990,-1,3999,3904,3964,-1,3991,3998,3999,-1,3963,3905,3904,-1,3991,3999,3964,-1,4000,3993,3992,-1,3984,3994,3986,-1,3886,3907,3984,-1,3905,3907,3903,-1,3993,4000,4001,-1,3906,4002,3994,-1,3985,3993,3995,-1,3992,4002,4000,-1,4003,3995,3993,-1,3981,3989,3990,-1,4004,3997,3996,-1,4004,4005,3997,-1,3990,3998,3991,-1,3997,3894,3998,-1,3893,3963,3904,-1,3999,3894,3893,-1,3909,3908,3963,-1,3904,3999,3893,-1,4006,4001,4000,-1,3994,4002,3992,-1,3907,3906,3994,-1,3908,3906,3905,-1,4001,4006,4007,-1,3912,4008,4002,-1,3993,4001,4003,-1,4000,4008,4006,-1,4009,4003,4001,-1,3989,3997,3998,-1,4010,4005,4004,-1,3899,4005,4010,-1,3998,3894,3999,-1,4005,3895,3894,-1,4011,3909,3963,-1,4011,3893,3895,-1,3962,3910,3909,-1,3963,3893,4011,-1,4012,4007,4006,-1,4002,4008,4000,-1,3906,3912,4002,-1,3910,3912,3908,-1,4007,4012,4013,-1,3911,4014,4008,-1,4001,4007,4009,-1,4006,4014,4012,-1,4015,4009,4007,-1,3997,4005,3894,-1,3897,3899,4010,-1,3898,4016,3899,-1,4011,3895,4017,-1,3895,3899,4017,-1,4018,3962,3909,-1,4018,4011,4017,-1,3919,3914,3962,-1,3909,4011,4018,-1,4019,4013,4012,-1,4008,4014,4006,-1,3912,3911,4008,-1,3914,3911,3910,-1,4013,4019,4020,-1,3913,4021,4014,-1,4007,4013,4015,-1,4012,4021,4019,-1,4022,4015,4013,-1,3899,3895,4005,-1,4023,4016,3898,-1,3939,4024,3681,-1,4023,4025,4016,-1,4017,4016,4026,-1,4027,3919,3962,-1,4027,4018,4026,-1,3917,3918,3919,-1,3962,4018,4027,-1,4028,4020,4019,-1,4014,4021,4012,-1,3911,3913,4014,-1,3918,3913,3914,-1,4020,4028,4029,-1,3922,4030,4021,-1,4013,4020,4022,-1,4019,4030,4028,-1,4031,4022,4020,-1,3899,4016,4017,-1,4032,4025,4023,-1,4032,4033,4025,-1,4017,4026,4018,-1,4026,4025,4034,-1,3919,4035,3917,-1,4035,4027,4034,-1,3917,3916,3920,-1,4027,4035,3919,-1,4036,4029,4028,-1,4021,4030,4019,-1,3913,3922,4021,-1,3920,3922,3918,-1,4029,4036,4037,-1,3921,4038,4030,-1,4020,4029,4031,-1,4028,4038,4036,-1,4039,4031,4029,-1,4016,4025,4026,-1,4040,4033,4032,-1,4040,4041,4033,-1,4026,4034,4027,-1,4034,4033,4042,-1,3941,3944,3943,-1,4035,4042,3915,-1,3941,3930,3916,-1,3915,3917,4035,-1,4043,4037,4036,-1,4030,4038,4028,-1,3922,3921,4030,-1,3930,3921,3920,-1,4037,4043,4044,-1,3956,4045,4038,-1,4029,4037,4039,-1,4036,4045,4043,-1,4046,4039,4037,-1,4025,4033,4034,-1,4047,4041,4040,-1,4047,4048,4041,-1,4034,4042,4035,-1,4041,4049,4042,-1,3960,3930,3941,-1,4049,3940,3915,-1,3960,3941,3943,-1,3915,3940,3916,-1,4050,4044,4043,-1,4038,4045,4036,-1,3921,3956,4038,-1,3960,3956,3930,-1,4051,4044,4052,-1,3961,4053,4045,-1,4037,4044,4046,-1,4043,4053,4050,-1,4051,4046,4044,-1,4033,4041,4042,-1,4054,4048,4047,-1,4054,3934,4048,-1,4042,4049,3915,-1,4055,4049,4048,-1,3943,3949,3960,-1,3944,3940,4055,-1,3961,3949,3947,-1,3944,3941,3940,-1,3927,4052,4050,-1,4045,4053,4043,-1,3956,3961,4045,-1,3961,3960,3949,-1,4056,4052,3926,-1,3947,3946,4053,-1,3946,3927,4050,-1,4051,4052,4056,-1,4044,4050,4052,-1,4041,4048,4049,-1,3935,3934,4054,-1,3932,4057,4058,-1,4049,4055,3940,-1,4059,4055,3934,-1,3949,3943,3950,-1,3942,3944,4059,-1,3947,3949,3948,-1,3942,3950,3943,-1,3929,3923,4060,-1,4053,3946,4050,-1,3961,3947,4053,-1,3948,3945,3947,-1,4061,3926,3925,-1,3945,4060,3946,-1,4060,3923,3927,-1,4056,3926,4061,-1,4052,3927,3926,-1,4048,3934,4055,-1,3931,3933,3935,-1,3942,4062,3950,-1,4055,4059,3944,-1,3933,4063,4059,-1,3948,3950,4064,-1,4063,4062,3942,-1,3945,3948,4065,-1,4062,4064,3950,-1,3945,4066,4060,-1,3948,4064,4065,-1,3946,4060,3927,-1,4066,3945,4065,-1,4067,3925,3952,-1,3929,4060,4066,-1,3929,3924,3923,-1,4061,3925,4067,-1,3926,3923,3925,-1,3934,3933,4059,-1,4057,3932,3931,-1,4062,4068,4064,-1,4059,4063,3942,-1,3932,4069,4063,-1,4065,4064,4070,-1,4069,4068,4062,-1,4066,4065,4071,-1,4064,4068,4070,-1,3929,4066,4072,-1,4070,4071,4065,-1,4073,3953,4074,-1,4071,4072,4066,-1,4075,3952,3955,-1,3929,4072,3928,-1,3928,3951,3924,-1,4067,3952,4075,-1,3925,3924,3952,-1,3933,3932,4063,-1,4076,4058,4057,-1,4068,3938,4070,-1,4063,4069,4062,-1,4058,4077,4069,-1,4071,4070,4078,-1,4068,4077,3938,-1,4072,4071,4079,-1,4070,3938,4078,-1,3928,4072,4080,-1,4071,4078,4079,-1,3951,3928,4081,-1,4072,4079,4080,-1,3955,3951,4074,-1,4081,3928,4080,-1,4074,3951,4081,-1,4075,3955,3954,-1,3952,3951,3955,-1,3932,4058,4069,-1,4024,3939,4076,-1,4077,3939,3936,-1,4069,4077,4068,-1,3938,4077,3936,-1,3937,4082,4078,-1,4078,3938,3937,-1,4082,4083,4079,-1,4079,4078,4082,-1,4083,4084,4080,-1,4080,4079,4083,-1,4084,4085,4081,-1,4081,4080,4084,-1,4085,4073,4074,-1,4074,4081,4085,-1,3957,3953,4073,-1,3954,3953,3959,-1,3955,4074,3953,-1,4077,4058,3939,-1,3939,4058,4076,-1,3695,3688,3936,-1,3936,3688,3937,-1,3688,3686,3937,-1,3937,3686,4082,-1,3686,3698,4082,-1,4082,3698,4083,-1,3698,3768,4083,-1,3768,3769,4084,-1,3768,4084,4083,-1,3769,3770,4085,-1,3769,4085,4084,-1,3770,3773,4073,-1,3770,4073,4085,-1,3773,3774,3957,-1,3773,3957,4073,-1,3958,3957,3774,-1,3631,3654,3900,-1,3971,3891,3653,-1,3996,3655,3633,-1,3980,3658,3656,-1,3897,3627,3898,-1,3633,3626,4010,-1,3638,4040,3651,-1,4032,4023,3625,-1,3931,3935,3641,-1,4054,3638,3647,-1,3640,4057,3931,-1,3931,3641,3640,-1,4057,3645,4076,-1,3645,4057,3640,-1,4024,4076,3644,-1,3645,3644,4076,-1,3643,3681,4024,-1,4024,3644,3643,-1,3641,3935,3647,-1,4054,4047,3638,-1,3935,4054,3647,-1,4040,4032,3651,-1,4047,4040,3638,-1,3625,4023,3635,-1,3651,4032,3625,-1,3898,3627,3635,-1,3635,4023,3898,-1,4010,3626,3897,-1,3626,3627,3897,-1,3996,3633,4004,-1,4004,3633,4010,-1,3988,3656,3655,-1,3988,3655,3996,-1,3980,3971,3658,-1,3988,3980,3656,-1,3653,3891,3654,-1,3658,3971,3653,-1,3631,3900,3677,-1,3654,3891,3900,-1,185,152,224,-1,152,185,187,-1,228,185,224,-1,226,191,225,-1,227,189,188,-1,215,182,190,-1,190,226,215,-1,191,189,225,-1,190,191,226,-1,227,188,228,-1,225,189,227,-1,185,228,188,-1,182,215,217,-1,182,217,178,-1,222,178,217,-1,219,176,220,-1,221,180,179,-1,218,183,177,-1,177,219,218,-1,176,180,220,-1,177,176,219,-1,221,179,222,-1,220,180,221,-1,178,222,179,-1,223,184,183,-1,223,183,218,-1,4086,184,4087,-1,4087,184,223,-1,184,4086,181,-1,4088,4089,4090,-1,4087,4091,4090,-1,4091,4088,4090,-1,4087,4090,4086,-1,149,123,155,-1,123,154,155,-1,123,135,154,-1,149,4092,123,-1,187,186,4092,-1,4092,149,187,-1,149,152,187,-1,4093,4094,4095,-1,4096,4097,4098,-1,4099,4086,4100,-1,4101,163,4102,-1,4103,166,4104,-1,4105,4097,4095,-1,4093,4095,4097,-1,4097,4105,4098,-1,4097,4096,4086,-1,4086,4096,4100,-1,4099,4106,4086,-1,4086,4107,4108,-1,4106,4107,4086,-1,4086,4108,181,-1,181,4108,4104,-1,163,166,4109,-1,4110,4111,4112,-1,4103,4109,166,-1,4113,163,4109,-1,4113,4102,163,-1,4101,4114,163,-1,4114,4115,163,-1,4116,163,4115,-1,4117,4116,4115,-1,4110,4116,4118,-1,4112,4116,4110,-1,4118,4116,4117,-1,166,181,4104,-1,159,163,4116,-1,159,4116,4119,-1,4120,4121,4119,-1,4122,4123,4124,-1,4125,4090,4126,-1,159,4127,4128,-1,4129,160,4130,-1,4131,4119,4124,-1,4122,4124,4119,-1,4119,4131,4120,-1,4119,4121,159,-1,159,4121,4127,-1,4128,4132,159,-1,159,4133,4134,-1,4132,4133,159,-1,159,4134,160,-1,160,4134,4130,-1,4090,4089,4135,-1,4136,4137,4138,-1,4129,4135,4089,-1,4139,4090,4135,-1,4139,4126,4090,-1,4090,4125,4140,-1,4090,4140,4141,-1,4142,4141,4143,-1,4141,4142,4090,-1,4138,4142,4144,-1,4142,4138,4137,-1,4144,4142,4143,-1,4129,4089,160,-1,245,4087,247,-1,162,245,234,-1,245,162,4087,-1,244,164,162,-1,234,244,162,-1,160,4088,158,-1,161,4091,4087,-1,4089,4088,160,-1,161,158,4091,-1,4088,4091,158,-1,4087,223,247,-1,161,4087,162,-1,4090,4097,4086,-1,4097,4090,4142,-1,4112,4122,4119,-1,4145,4146,4112,-1,4093,4147,4148,-1,4146,4148,4147,-1,4146,4145,4148,-1,4142,4093,4097,-1,4147,4093,4137,-1,4142,4137,4093,-1,4119,4116,4112,-1,4122,4112,4146,-1,4122,4149,4123,-1,4122,4146,4149,-1,4094,4150,4151,-1,4094,4136,4138,-1,4110,4124,4111,-1,4150,4149,4151,-1,4149,4150,4152,-1,4149,4111,4123,-1,4124,4123,4111,-1,4111,4149,4152,-1,4138,4095,4094,-1,4136,4094,4151,-1,4141,4140,4100,-1,4138,4144,4105,-1,4143,4096,4098,-1,4095,4138,4105,-1,4143,4098,4144,-1,4105,4144,4098,-1,4141,4100,4096,-1,4143,4141,4096,-1,4100,4125,4099,-1,4100,4140,4125,-1,4135,4129,4104,-1,4125,4126,4106,-1,4139,4108,4107,-1,4099,4125,4106,-1,4139,4107,4126,-1,4106,4126,4107,-1,4135,4104,4108,-1,4139,4135,4108,-1,4104,4130,4103,-1,4104,4129,4130,-1,4132,4128,4101,-1,4130,4134,4109,-1,4133,4102,4113,-1,4103,4130,4109,-1,4133,4113,4134,-1,4109,4134,4113,-1,4132,4101,4102,-1,4133,4132,4102,-1,4128,4127,4114,-1,4114,4101,4128,-1,4131,4124,4110,-1,4127,4121,4115,-1,4120,4118,4117,-1,4114,4127,4115,-1,4120,4117,4121,-1,4115,4121,4117,-1,4131,4110,4118,-1,4120,4131,4118,-1,4137,4136,4151,-1,4151,4147,4137,-1,4147,4151,4149,-1,4149,4146,4147,-1,4112,4152,4145,-1,4112,4111,4152,-1,4152,4150,4148,-1,4148,4145,4152,-1,4148,4094,4093,-1,4148,4150,4094,-1,4092,120,123,-1,120,4092,4153,-1,4154,4092,4155,-1,168,4156,4157,-1,4158,4159,4160,-1,169,4161,4162,-1,4163,4164,4165,-1,4158,4153,4159,-1,4166,4153,4167,-1,4153,4166,4168,-1,4153,4168,4159,-1,4154,4167,4092,-1,4153,4092,4167,-1,4155,4092,4169,-1,186,4162,4170,-1,4092,4170,4171,-1,4169,4092,4171,-1,4092,186,4170,-1,186,169,4162,-1,4161,169,4172,-1,4173,168,4174,-1,4173,4172,168,-1,4157,4174,168,-1,4175,4156,168,-1,4176,4175,168,-1,4177,4175,4176,-1,169,168,4172,-1,4164,4178,4176,-1,4165,4164,4176,-1,4178,4177,4176,-1,139,4179,4165,-1,120,4153,4158,-1,4180,4181,4182,-1,4180,4182,4158,-1,4182,116,4158,-1,120,4158,116,-1,4182,4181,4179,-1,139,4165,143,-1,4179,4181,4165,-1,4165,4176,143,-1,168,126,143,-1,168,143,4176,-1,4183,4163,4165,-1,4183,4165,4181,-1,4160,117,4184,-1,4164,4163,137,-1,4184,4183,4185,-1,4186,4163,4183,-1,4186,138,4163,-1,137,4163,138,-1,4184,4186,4183,-1,117,4160,118,-1,4184,4185,4160,-1,4160,4159,118,-1,4167,4154,124,-1,4159,4168,131,-1,4166,119,121,-1,118,4159,131,-1,4166,121,4168,-1,131,4168,121,-1,4167,124,119,-1,4166,4167,119,-1,4155,122,124,-1,4155,124,4154,-1,4170,4162,130,-1,4155,4169,132,-1,4171,134,133,-1,122,4155,132,-1,4171,133,4169,-1,132,4169,133,-1,4170,130,134,-1,4171,4170,134,-1,130,4161,128,-1,4161,130,4162,-1,4174,4157,125,-1,4161,4172,136,-1,4173,127,140,-1,128,4161,136,-1,4173,140,4172,-1,136,4172,140,-1,4174,125,127,-1,4173,4174,127,-1,4157,4156,141,-1,4157,141,125,-1,4178,4164,137,-1,4156,4175,142,-1,4177,145,144,-1,141,4156,142,-1,4177,144,4175,-1,142,4175,144,-1,4178,137,145,-1,4177,4178,145,-1,4160,4185,4180,-1,4160,4180,4158,-1,4180,4185,4183,-1,4180,4183,4181,-1,4179,138,4186,-1,138,4179,139,-1,4182,4186,4184,-1,4186,4182,4179,-1,4182,117,116,-1,117,4182,4184,-1,199,165,164,-1,165,199,173,-1,4187,4188,4189,-1,4190,4187,4189,-1,4191,4192,4193,-1,4193,4190,4191,-1,4191,4190,4189,-1,4193,4187,4190,-1,4194,4188,4187,-1,4187,4193,4194,-1,4194,4193,4192,-1,4188,4191,4189,-1,4188,4194,4191,-1,4194,4192,4191,-1,
        ]
    }
}
Shape{
    appearance Appearance {
        material  Material 	{
            diffuseColor 0.6862745098039216 0.20392156862745098 0.1803921568627451
            specularColor 0.7529411764705882 0.7529411764705882 0.7529411764705882
            ambientIntensity 1.0
            transparency 1.0
            shininess 0.5
        }
    }
    geometry IndexedFaceSet {
        ccw TRUE
        solid FALSE
        coord DEF co Coordinate {
            point [
                0.1575 1.6002 0.0748, -0.1575 1.6002 0.0748, 0.1575 1.6002 0.311, 1.6811 1.6002 -0.0827, 1.4843 1.6002 -0.0827, 1.4843 1.6002 0.311, -1.6811 1.6002 -0.0827, -1.4843 1.6002 0.311, -1.4843 1.6002 -0.0827, 0.1357 1.6002 1.1384, -0.0372 1.6002 1.0865, 0.1124 1.6006 1.1706, 1.6811 1.6002 2.9488, -0.1575 1.6002 0.311, 0.2011 1.6006 1.0959, 0.2397 1.6002 1.0879, 0.0979 1.6006 1.2071, -1.6811 1.6002 2.9488, 0.5245 1.6006 1.5227, 0.4997 1.6006 1.5332, 0.0928 1.6002 1.2463, -0.0383 1.6002 1.2466, 0.0985 1.6006 1.2861, -0.3036 1.6002 1.4804, -0.3033 1.6002 1.4291, -0.3605 1.6002 1.4287, 0.2135 1.6006 1.1659, 0.2991 1.6002 1.2227, 0.246 1.6002 1.1574, 0.1702 1.6006 1.2802, 0.189 1.6006 1.3086, -0.0401 1.6002 1.5007, -0.0608 1.6002 1.5005, 0.1634 1.6002 1.2456, -0.6428 1.6002 1.3801, -0.5604 1.6002 1.3368, -0.6588 1.6002 1.3361, 0.1873 1.6006 1.1852, -0.7363 1.6002 1.0815, -0.6884 1.6002 1.0933, -0.6714 1.6002 1.0862, 0.2607 1.6002 1.3351, 0.2516 1.6002 1.3351, 0.2171 1.6006 1.3278, -0.6534 1.6002 1.0827, -0.3185 1.6002 1.1136, -0.3134 1.6006 1.1246, -0.3125 1.6006 1.1021, -0.0585 1.6002 1.1768, -0.1158 1.6002 1.1764, -0.0589 1.6002 1.2281, 0.3068 1.6002 1.0884, 0.4652 1.6006 1.0923, 0.4817 1.6006 1.0612, 0.3235 1.6006 1.0941, 0.7071 1.6006 1.1873, 0.6797 1.6002 1.1696, 0.663 1.6006 1.1995, 0.3219 1.6006 1.1542, 0.4591 1.6002 1.1396, 0.6074 1.6006 1.2386, 0.5722 1.6002 1.244, 0.5724 1.6002 1.3704, 0.3304 1.6006 1.4508, 0.372 1.6006 1.4711, 0.3339 1.6002 1.2833, 0.4605 1.6006 1.4736, 0.4977 1.6006 1.459, 0.1699 1.6006 1.2126, 0.2972 1.6002 1.1578, 0.3041 1.6002 1.159, 0.4191 1.6002 1.4786, 0.5296 1.6006 1.4361, 0.4471 1.6006 1.5455, 0.4197 1.6002 1.5469, 0.5549 1.6006 1.4061, 0.7036 1.6006 1.4428, 0.5106 1.6006 1.2255, 0.5394 1.6006 1.239, 0.57 1.6006 1.4931, 0.5481 1.6006 1.5093, 0.6802 1.6006 1.4505, 0.5896 1.6006 1.4746, 0.6315 1.6006 1.4561, 0.6071 1.6002 1.4537, 0.6382 1.6006 1.2231, 0.7285 1.6006 1.2116, 0.6999 1.6006 1.3663, 0.6686 1.6006 1.3823, 0.7248 1.6006 1.3418, 0.6326 1.6002 1.3879, 0.7412 1.6006 1.3107, 0.7473 1.6002 1.2748, 0.8124 1.6006 1.3208, 0.7939 1.6006 1.3647, 0.7425 1.6006 1.2413, 0.8138 1.6006 1.2282, 0.7979 1.6006 1.186, 0.8191 1.6002 1.2731, 0.3396 1.6002 1.1239, 0.3346 1.6006 1.1416, 0.641 1.6006 1.0372, 0.6655 1.6006 1.0619, 0.7454 1.6006 1.1241, 0.4591 1.6002 1.1282, 0.3352 1.6006 1.1069, 0.6008 1.6006 1.3829, 0.4871 1.6002 1.2047, 0.2965 1.6006 1.4199, 0.2726 1.6006 1.3806, 0.5379 1.6006 1.0207, 0.5738 1.6002 1.0151, 0.5065 1.6006 1.0367, 0.6097 1.6006 1.0211, 0.7151 1.6006 1.1057, 0.6814 1.6002 1.0933, 0.7721 1.6002 1.1486, 0.7646 1.6002 1.4025, 0.7256 1.6006 1.4321, 0.7458 1.6006 1.4187, 0.6563 1.6006 1.4549, 0.4736 1.6006 1.5409, 0.364 1.6006 1.5395, -0.3604 1.6002 1.4104, -0.3995 1.6006 1.4981, -0.2131 1.6002 1.5021, -0.5997 1.6002 1.4967, -0.6218 1.6002 1.4965, -0.2831 1.6002 1.4989, -0.2341 1.6006 1.5003, 0.2045 1.6002 1.3962, 0.1681 1.6006 1.3791, 0.2293 1.6006 1.4448, -0.8576 1.6002 1.0807, -0.8804 1.6002 1.0805, -0.6156 1.6002 1.0824, -0.6342 1.6002 1.0823, -0.5376 1.6002 1.337, -0.4896 1.6002 1.3487, -0.4726 1.6002 1.3416, -0.5971 1.6002 1.0825, -0.3822 1.6006 1.0342, -0.6542 1.6002 1.2418, -0.6817 1.6002 1.336, -0.6352 1.6002 1.2424, -0.6722 1.6002 1.2384, -0.6891 1.6002 1.2314, -0.8206 1.6002 1.2411, -0.7985 1.6002 1.2412, -0.7222 1.6006 1.1958, -0.728 1.6002 1.1637, -0.7043 1.6002 1.2207, -0.7035 1.6006 1.1042, 0.166 1.6006 1.1129, -0.1233 1.6002 1.0859, -0.282 1.6002 1.3388, -0.23 1.6006 1.3388, -0.2898 1.6006 1.1994, -0.039 1.6002 1.3405, -0.5643 1.6002 1.2429, -0.0598 1.6002 1.3586, -0.1355 1.6006 1.3844, -0.1306 1.6002 1.4169, -0.1208 1.6002 1.246, -0.1939 1.6002 1.2024, -0.2056 1.6002 1.3367, -0.0584 1.6002 1.1585, -0.058 1.6002 1.1046, -0.1157 1.6002 1.1581, -0.1207 1.6002 1.2276, -0.2168 1.6006 1.1974, -0.1235 1.6002 1.1041, -0.1366 1.6006 1.4518, -0.6167 1.6002 1.2425, -0.5761 1.6002 1.3805, -0.5982 1.6006 1.2427, -0.1598 1.6006 1.1471, -0.1543 1.6002 1.1725, -0.3656 1.6002 1.4984, 0.1374 1.6006 1.3541, 0.1137 1.6006 1.3225, -0.1545 1.6002 1.192, -0.3725 1.6006 1.1985, -0.3681 1.6002 1.3382, -0.3501 1.6002 1.1987, -0.1729 1.6006 1.1999, -0.4555 1.6002 1.4973, -0.4365 1.6002 1.4979, -0.3031 1.6002 1.4108, -0.3028 1.6002 1.3569, -0.3654 1.6002 1.4799, -0.3682 1.6002 1.3565, -0.3983 1.6002 1.338, -0.25 1.6002 1.3457, -0.2509 1.6002 1.4737, -0.2501 1.6002 1.3655, -0.2329 1.6006 1.481, -0.1567 1.6006 1.4451, -0.1236 1.6002 1.3582, -0.1235 1.6002 1.3399, -0.1507 1.6002 1.3589, -0.1746 1.6006 1.3423, -0.2087 1.6002 1.3551, -0.156 1.6006 1.3922, -0.1677 1.6002 1.3722, -0.2309 1.6006 1.3576, -0.1523 1.6002 1.418, -0.2132 1.6002 1.4835, -0.1694 1.6002 1.466, -0.1541 1.6002 1.479, -0.1805 1.6006 1.4965, -0.1889 1.6006 1.4792, 0.3118 1.6006 1.519, -0.1857 1.6006 1.3594, -0.251 1.6002 1.4953, 0.2653 1.6002 1.4866, -0.5235 1.6006 1.4512, -0.5293 1.6002 1.4192, -0.4355 1.6002 1.3377, -0.4818 1.6002 1.2435, -0.4547 1.6002 1.3382, -0.5047 1.6006 1.3597, -0.4391 1.6002 1.198, -0.4599 1.6002 1.1979, -0.2979 1.6002 1.1326, -0.2947 1.6002 1.0983, -0.2754 1.6002 1.1927, -0.418 1.6002 1.498, -0.4735 1.6002 1.4939, -0.5055 1.6002 1.4762, -0.4904 1.6002 1.4869, -0.523 1.6006 1.3857, -0.1428 1.6002 1.1164, -0.1471 1.6006 1.1347, -0.2656 1.6006 1.1821, -0.2305 1.6006 1.1829, -0.2623 1.6002 1.1684, -0.1722 1.6006 1.1828, -0.181 1.6002 1.1534, -0.1919 1.6002 1.1861, -0.3172 1.6006 1.1197, -0.2124 1.6006 1.1735, -0.2149 1.6002 1.1579, -0.2776 1.6006 1.1012, -0.2048 1.6006 1.1829, -0.2144 1.6002 1.0852, -0.1788 1.6002 1.0828, -0.3531 1.6002 1.032, -0.3532 1.6002 1.0499, -0.3358 1.6006 1.1014, -0.326 1.6002 1.0908, -0.1992 1.6006 1.0877, -0.214 1.6002 1.1029, -0.3852 1.6002 1.0635, -0.359 1.6006 1.0481, -0.3766 1.6006 1.0514, -0.1639 1.6006 1.0852, -0.1524 1.6002 1.092, -0.1451 1.6006 1.1026, -0.235 1.6002 1.1587, -0.2344 1.6002 1.0851, -0.2618 1.6002 1.1096, -0.2616 1.6002 1.0889, -0.3212 1.6006 1.2002, -0.3071 1.6002 1.2016, -0.276 1.6006 1.0838, -0.4169 1.6002 1.3379, -0.3942 1.6002 1.0842, -0.3342 1.6002 1.1963, -0.2637 1.6006 1.1586, -0.2813 1.6002 1.1401, -0.2679 1.6002 1.1503, -0.3025 1.6002 1.1513, -0.3204 1.6006 1.1831, -0.305 1.6002 1.1853, -0.2841 1.6006 1.164, -0.2873 1.6006 1.1594, -0.283 1.6002 1.1701, -0.2892 1.6002 1.1812, -0.2846 1.6006 1.1763, -0.2962 1.6006 1.1843, -0.334 1.6002 1.1768, -0.3375 1.6006 1.1259, -0.3325 1.6002 1.1344, -0.3189 1.6002 1.1441, -0.3391 1.6002 1.1155, -0.4274 1.6002 1.1664, -0.5593 1.6002 1.1733, -0.5591 1.6002 1.1549, -0.2926 1.6002 1.082, -0.3112 1.6006 1.0841, -0.5668 1.6002 1.0827, -0.3833 1.6002 1.1667, -0.5024 1.6002 1.2249, -0.502 1.6002 1.1737, -0.3645 1.6002 1.0475, -0.359 1.6006 1.0308, -0.366 1.6002 1.0303, -0.3941 1.6002 1.1349, -0.4156 1.6002 1.1348, -0.4042 1.6006 1.1029, -0.3959 1.6006 1.0463, -0.4807 1.6002 1.0834, -0.5669 1.6002 1.101, -0.4071 1.6002 1.0666, -0.5642 1.6002 1.2245, -0.5019 1.6002 1.1553, -0.5015 1.6002 1.1015, -0.8416 1.6002 1.1246, -0.7592 1.6002 1.0814, -0.7217 1.6006 1.1302, -0.7749 1.6002 1.1251, 1.6811 0.6888 1.3346, 1.7992 -0.6892 1.3346, 1.7992 0.6888 1.3346, 1.6811 -0.6892 1.3346, 1.6811 0.6888 0.9409, 1.7992 0.6888 0.9409, 1.6811 -0.6892 0.9409, 1.7992 -0.6892 0.9409, -1.7992 0.6888 1.3346, -1.7992 -0.6892 1.3346, -1.6811 -0.6892 1.3346, -1.6811 0.6888 1.3346, -1.7992 -0.6892 0.9409, -1.6811 -0.6892 0.9409, -1.7992 0.6888 0.9409, -1.6811 0.6888 0.9409, 1.7992 0.8364 0.626, 1.6811 1.3778 0.626, 1.6811 0.8364 0.626, 1.7992 1.3778 0.626, 1.7992 1.3778 2.9488, 1.6811 1.3778 2.9488, 1.7992 -1.3781 2.9488, 1.7992 -1.3781 0.626, 1.6811 -1.3781 0.626, 1.6811 -1.3781 2.9488, 1.6811 -0.8368 0.626, 1.7992 -0.8368 0.626, 1.563 0.6888 0.9409, 1.563 -0.6892 0.9409, -1.7992 -0.8368 0.626, -1.6811 -1.3781 0.626, -1.6811 -0.8368 0.626, -1.7992 -1.3781 0.626, -1.7992 -1.3781 2.9488, -1.6811 -1.3781 2.9488, 1.7767 -1.5519 2.9488, 1.7505 -1.578 2.9488, 1.7767 -1.5519 -0.0827, 1.7934 -1.519 -0.0827, 1.7934 -1.519 2.9488, 1.7992 -1.4825 -0.0827, 1.7992 -1.4825 2.9488, 1.7505 -1.578 -0.0827, 1.7176 -1.5948 2.9488, 1.7176 -1.5948 -0.0827, 1.6811 -1.6006 2.9488, 1.6811 -1.6006 -0.0827, 1.4843 -1.2856 -0.0827, 1.7992 -1.2856 -0.0827, 1.4843 -1.6006 -0.0827, -1.7992 -1.4825 -0.0827, -1.7992 -1.2856 -0.0827, -1.4843 -1.2856 -0.0827, -1.6811 -1.6006 -0.0827, -1.4843 -1.6006 -0.0827, -1.7934 -1.519 -0.0827, -1.7505 -1.578 -0.0827, -1.7767 -1.5519 -0.0827, -1.7176 -1.5948 -0.0827, -1.7992 -1.4825 2.9488, -1.7505 -1.578 2.9488, -1.7767 -1.5519 2.9488, -1.7934 -1.519 2.9488, -1.6811 -1.6006 2.9488, -1.7176 -1.5948 2.9488, 0.1575 -1.4839 -0.0773, -0.1575 -1.4431 -0.0827, 0.1575 -1.4431 -0.0827, 0.1575 -1.5795 -0.0039, -0.1575 -1.5545 -0.0366, 0.1575 -1.5545 -0.0366, 0.1575 -1.5219 -0.0616, -0.1575 -1.5219 -0.0616, -0.1575 -1.4839 -0.0773, 0.1575 -1.6006 0.0748, -0.1575 -1.5952 0.034, 0.1575 -1.5952 0.034, -0.1575 -1.5795 -0.0039, -0.1575 -1.6006 0.0748, -0.1575 1.4427 -0.0827, 0.1575 1.4427 -0.0827, -0.1575 1.4835 -0.0773, -0.1575 1.5791 -0.0039, 0.1575 1.5541 -0.0366, -0.1575 1.5541 -0.0366, -0.1575 1.5215 -0.0616, 0.1575 1.5215 -0.0616, 0.1575 1.4835 -0.0773, 0.1575 1.5948 0.034, -0.1575 1.5948 0.034, 0.1575 1.5791 -0.0039, 1.4843 1.2852 -0.0827, 1.7992 1.4821 -0.0827, 1.7992 1.2852 -0.0827, 1.7176 1.5944 -0.0827, 1.7505 1.5776 -0.0827, 1.7934 1.5186 -0.0827, 1.7767 1.5515 -0.0827, 1.7767 1.5515 2.9488, 1.7934 1.5186 2.9488, 1.7992 1.4821 2.9488, 1.7505 1.5776 2.9488, 1.7176 1.5944 2.9488, -1.7934 1.5186 2.9488, -1.7992 1.4821 2.9488, -1.6811 1.3778 2.9488, -1.7992 1.3778 2.9488, -1.7767 1.5515 2.9488, -1.7176 1.5944 2.9488, -1.7505 1.5776 2.9488, -1.7992 1.3778 0.626, -1.6811 1.3778 0.626, -1.4843 1.2852 -0.0827, -1.7992 1.2852 -0.0827, -1.7992 1.4821 -0.0827, -1.7767 1.5515 -0.0827, -1.7934 1.5186 -0.0827, -1.7505 1.5776 -0.0827, -1.7176 1.5944 -0.0827, -1.6811 0.8364 0.626, -1.7992 0.8364 0.626, -1.563 -0.6892 0.9409, -1.563 0.6888 0.9409, 1.563 0.9841 0.311, 1.563 -0.9844 0.311, 1.7992 0.9841 0.311, 1.7992 1.2852 0.311, 1.4843 1.2852 0.311, 0.1575 -1.6006 0.311, -1.563 0.9841 0.311, -1.563 -0.9844 0.311, -1.7992 -0.9844 0.311, -1.7992 -1.2856 0.311, -1.4843 -1.2856 0.311, -1.4843 -1.6006 0.311, -0.1575 -1.6006 0.311, 1.4843 -1.6006 0.311, -1.4843 1.2852 0.311, -1.7992 1.2852 0.311, -1.7992 0.9841 0.311, -1.0792 -1.4707 0.311, -1.1134 -1.4515 0.311, -0.7771 -1.5444 0.311, -0.7379 -1.544 0.311, -1.5003 -0.5948 0.311, -1.4999 -0.634 0.311, -1.3105 -1.2632 0.311, -1.4352 1.0318 0.311, -1.4382 0.9927 0.311, -1.4925 -0.4383 0.311, -1.4958 -0.4773 0.311, -0.2109 1.2762 0.311, -0.2269 1.3051 0.311, -0.3057 -1.2409 0.311, -0.2914 -1.1941 0.311, -0.2797 -1.1466 0.311, -0.3443 -1.3307 0.311, -0.3231 -1.2866 0.311, -0.4004 -1.4107 0.311, -0.3699 -1.3724 0.311, -0.4759 -1.4727 0.311, -0.436 -1.4443 0.311, -0.5647 -1.5137 0.311, -0.5191 -1.4957 0.311, -0.6118 -1.5272 0.311, -0.6988 -1.5414 0.311, -0.6598 -1.5366 0.311, -0.8162 -1.5426 0.311, -0.894 -1.5328 0.311, -0.8553 -1.5387 0.311, -0.9703 -1.5146 0.311, -0.9324 -1.5247 0.311, -1.0438 -1.4876 0.311, -1.0075 -1.5022 0.311, -1.1775 -1.4064 0.311, -1.1462 -1.4299 0.311, -1.2355 -1.3536 0.311, -1.2073 -1.3809 0.311, -1.2871 -1.2946 0.311, -1.2621 -1.3248 0.311, -1.3527 -1.1971 0.311, -1.3324 -1.2306 0.311, -1.3892 -1.1277 0.311, -1.3717 -1.1628 0.311, -1.4201 -1.0557 0.311, -1.4053 -1.092 0.311, -1.4336 -1.0188 0.311, -1.4566 -0.9439 0.311, -1.4458 -0.9816 0.311, -1.4746 -0.8676 0.311, -1.4662 -0.9059 0.311, -1.4876 -0.7903 0.311, -1.4817 -0.829 0.311, -1.496 -0.7123 0.311, -1.4924 -0.7514 0.311, -1.4985 -0.6732 0.311, -1.4983 -0.5165 0.311, -1.4998 -0.5556 0.311, -0.9001 1.4827 0.311, -0.9329 1.4791 0.311, -1.4883 -0.3993 0.311, -1.4774 -0.3216 0.311, -1.4833 -0.3604 0.311, -1.4634 -0.2445 0.311, -1.4708 -0.283 0.311, -1.447 -0.1678 0.311, -1.4554 -0.2061 0.311, -1.4291 -0.0915 0.311, -1.4381 -0.1296 0.311, -1.4107 -0.0153 0.311, -1.4199 -0.0534 0.311, -1.3852 0.0995 0.311, -1.3932 0.0611 0.311, -1.3868 0.5659 0.311, -1.4018 0.0229 0.311, -1.3726 0.4888 0.311, -1.3661 0.2155 0.311, -1.3714 0.1767 0.311, -1.3779 0.138 0.311, -1.3794 0.5275 0.311, -1.3585 0.3328 0.311, -1.3623 0.4111 0.311, -1.3595 0.372 0.311, -1.362 0.2545 0.311, -1.3668 0.4501 0.311, -0.2486 0.2305 0.311, -0.2527 0.2632 0.311, -0.2472 0.6251 0.311, -1.3594 0.2936 0.311, -0.2517 0.5924 0.311, -0.2077 -0.0305 0.311, -0.2025 0.8854 0.311, -0.1972 0.918 0.311, -1.4375 0.8752 0.311, -1.4393 0.9143 0.311, -1.3946 0.6044 0.311, -1.4025 0.6428 0.311, -1.4175 0.7197 0.311, -1.4102 0.6812 0.311, -1.4297 0.7971 0.311, -1.4241 0.7584 0.311, -1.4343 0.8361 0.311, -1.4396 0.9535 0.311, -1.4303 1.0707 0.311, -1.4233 1.1093 0.311, -1.4022 1.1847 0.311, -1.414 1.1473 0.311, -1.3699 1.2561 0.311, -1.3876 1.2211 0.311, -1.3489 1.2891 0.311, -1.2964 1.3473 0.311, -1.3243 1.3197 0.311, -1.2326 1.3929 0.311, -1.2656 1.3717 0.311, -1.1616 1.4263 0.311, -1.1978 1.411 0.311, -1.087 1.4504 0.311, -1.1246 1.4394 0.311, -1.0105 1.4675 0.311, -1.0489 1.4598 0.311, -0.9718 1.4739 0.311, -0.8343 1.4877 0.311, -0.8672 1.4856 0.311, -0.7683 1.4899 0.311, -0.8013 1.4892 0.311, -0.7353 1.4899 0.311, -0.6693 1.4876 0.311, -0.7023 1.4891 0.311, -0.6035 1.4818 0.311, -0.6364 1.4851 0.311, -0.5382 1.4722 0.311, -0.5708 1.4775 0.311, -0.4738 1.458 0.311, -0.5059 1.4657 0.311, -0.4107 1.4384 0.311, -0.442 1.449 0.311, -0.3502 1.412 0.311, -0.38 1.4262 0.311, -0.2944 1.377 0.311, -0.3215 1.3957 0.311, -0.2462 1.3319 0.311, -0.2691 1.3558 0.311, -0.1914 -0.1946 0.311, -0.1932 -0.1617 0.311, -0.1816 1.0491 0.311, -0.1899 1.2136 0.311, -0.1986 1.2455 0.311, -0.1808 1.1481 0.311, -0.184 1.181 0.311, -0.18 1.0821 0.311, -0.1796 1.1151 0.311, -0.1958 -0.1288 0.311, -0.1992 -0.0959 0.311, -0.188 0.9834 0.311, -0.2231 0.0674 0.311, -0.2285 0.0999 0.311, -0.2197 0.7879 0.311, -0.2081 0.8529 0.311, -0.2178 0.0348 0.311, -0.2139 0.8204 0.311, -0.2314 0.7229 0.311, -0.2391 0.1651 0.311, -0.237 0.6904 0.311, -0.2256 0.7554 0.311, -0.2339 0.1325 0.311, -0.2423 0.6578 0.311, -0.244 0.1978 0.311, -0.2589 0.5268 0.311, -0.2557 0.5596 0.311, -0.2613 0.3619 0.311, -0.2591 0.3289 0.311, -0.2562 0.296 0.311, -0.2612 0.4939 0.311, -0.2631 0.4279 0.311, -0.2627 0.4609 0.311, -0.2626 0.3949 0.311, -0.1896 -0.2606 0.311, -0.2126 0.0022 0.311, -0.2032 -0.0632 0.311, -0.1923 0.9507 0.311, -0.1844 1.0162 0.311, -0.1902 -0.2276 0.311, -0.1902 -0.3267 0.311, -0.1896 -0.2937 0.311, -0.1928 -0.3926 0.311, -0.1913 -0.3597 0.311, -0.1971 -0.4585 0.311, -0.1948 -0.4256 0.311, -0.2027 -0.5243 0.311, -0.1998 -0.4914 0.311, -0.2092 -0.59 0.311, -0.2058 -0.5572 0.311, -0.2163 -0.6557 0.311, -0.2127 -0.6229 0.311, -0.2237 -0.7213 0.311, -0.2199 -0.6885 0.311, -0.2311 -0.7869 0.311, -0.2274 -0.7541 0.311, -0.2383 -0.8525 0.311, -0.2348 -0.8197 0.311, -0.2454 -0.9182 0.311, -0.2419 -0.8854 0.311, -0.253 -0.9838 0.311, -0.2491 -0.951 0.311, -0.262 -1.0492 0.311, -0.2573 -1.0165 0.311, -0.2731 -1.1143 0.311, -0.2672 -1.0818 0.311, 1.4843 -1.2856 0.311, 1.7992 -1.2856 0.311, 1.7992 -0.9844 0.311, 0.1895 -0.2848 0.311, 0.1896 -0.2514 0.311, 0.1833 1.1718 0.311, 0.1805 1.1386 0.311, 1.235 1.3908 0.311, 1.2 1.4093 0.311, 1.3634 0.2388 0.311, 1.3601 0.2783 0.311, 1.3651 0.4364 0.311, 1.437 -1.0089 0.311, 1.4237 -1.0462 0.311, 1.3903 1.2162 0.311, 1.3729 1.2518 0.311, 1.4991 -0.6591 0.311, 1.4969 -0.6986 0.311, 0.267 -1.0811 0.311, 0.273 -1.1139 0.311, 0.2797 -1.1466 0.311, 0.2571 -1.0151 0.311, 0.2618 -1.0482 0.311, 0.2489 -0.9489 0.311, 0.2528 -0.9821 0.311, 0.2416 -0.8826 0.311, 0.2452 -0.9158 0.311, 0.2344 -0.8163 0.311, 0.238 -0.8495 0.311, 1.374 0.1603 0.311, 1.3706 0.4757 0.311, 1.3771 0.5147 0.311, 0.227 -0.75 0.311, 0.2307 -0.7832 0.311, 1.3586 0.3179 0.311, 1.3611 0.397 0.311, 0.2194 -0.6837 0.311, 0.2232 -0.7169 0.311, 0.2121 -0.6174 0.311, 0.2157 -0.6506 0.311, 1.4002 0.6313 0.311, 1.3922 0.5925 0.311, 0.2052 -0.5511 0.311, 0.2086 -0.5843 0.311, 0.1992 -0.4846 0.311, 0.2021 -0.5179 0.311, 0.1944 -0.4181 0.311, 0.1966 -0.4514 0.311, 0.191 -0.3515 0.311, 0.1925 -0.3848 0.311, 0.19 -0.3181 0.311, 0.1972 -0.1183 0.311, 0.1942 -0.1515 0.311, 0.1855 1.0054 0.311, 0.1904 -0.2181 0.311, 0.1804 1.0719 0.311, 0.1825 1.0386 0.311, 0.1991 0.9063 0.311, 0.2046 0.8734 0.311, 0.2094 -0.019 0.311, 0.2007 -0.0851 0.311, 0.194 0.9393 0.311, 0.2048 -0.052 0.311, 0.2196 0.047 0.311, 0.2162 0.8077 0.311, 0.2251 0.0799 0.311, 0.2143 0.014 0.311, 0.2103 0.8405 0.311, 0.2412 0.1786 0.311, 0.236 0.1457 0.311, 0.2338 0.7092 0.311, 0.228 0.742 0.311, 0.2306 0.1128 0.311, 0.2221 0.7749 0.311, 0.2494 0.6104 0.311, 0.2504 0.2447 0.311, 0.2446 0.6434 0.311, 0.2393 0.6763 0.311, 0.246 0.2116 0.311, 0.262 0.3776 0.311, 0.2573 0.5441 0.311, 0.2601 0.5109 0.311, 0.2576 0.311 0.311, 0.2537 0.5773 0.311, 1.4156 0.709 0.311, 1.4081 0.6701 0.311, 0.263 0.4109 0.311, 0.263 0.4442 0.311, 0.2621 0.4776 0.311, 1.4225 0.748 0.311, 1.4285 0.7871 0.311, 1.4369 0.8659 0.311, 1.4334 0.8264 0.311, 0.2602 0.3442 0.311, 1.4391 0.9054 0.311, 1.4397 0.945 0.311, 0.2543 0.2778 0.311, 0.1797 1.1053 0.311, 0.1894 0.9723 0.311, 0.1919 -0.1848 0.311, 0.6333 1.4849 0.311, 0.6001 1.4814 0.311, 0.1965 1.2371 0.311, 0.1886 1.2048 0.311, 0.2228 1.2983 0.311, 0.2077 1.2686 0.311, 0.2635 1.3511 0.311, 0.2414 1.326 0.311, 0.3157 1.3927 0.311, 0.2885 1.3732 0.311, 0.3747 1.4239 0.311, 0.3447 1.4094 0.311, 0.4371 1.4476 0.311, 0.4055 1.4367 0.311, 0.5015 1.4648 0.311, 0.4691 1.4569 0.311, 0.5671 1.477 0.311, 0.5342 1.4715 0.311, 0.6999 1.4891 0.311, 0.6666 1.4874 0.311, 0.7666 1.49 0.311, 0.7332 1.4899 0.311, 0.7999 1.4893 0.311, 0.8666 1.4856 0.311, 0.8333 1.4878 0.311, 0.8998 1.4827 0.311, 0.9722 1.4738 0.311, 0.9329 1.4791 0.311, 1.0501 1.4594 0.311, 1.0113 1.4673 0.311, 1.1265 1.4387 0.311, 1.0885 1.45 0.311, 1.1637 1.4252 0.311, 1.2992 1.3445 0.311, 1.2682 1.3693 0.311, 1.3518 1.2854 0.311, 1.3272 1.3165 0.311, 1.4159 1.1412 0.311, 1.4045 1.1792 0.311, 1.4314 1.0635 0.311, 1.4247 1.1026 0.311, 1.436 1.0242 0.311, 1.4387 0.9846 0.311, 1.3681 0.1995 0.311, 1.3589 0.3575 0.311, 1.3809 0.1213 0.311, 1.3886 0.0825 0.311, 1.3844 0.5536 0.311, 1.4946 -0.4612 0.311, 1.4909 -0.4218 0.311, 1.4059 0.0052 0.311, 1.397 0.0438 0.311, 1.415 -0.0334 0.311, 1.4335 -0.1104 0.311, 1.4243 -0.0719 0.311, 1.4513 -0.1876 0.311, 1.4426 -0.1489 0.311, 1.4674 -0.2651 0.311, 1.4596 -0.2263 0.311, 1.4808 -0.3432 0.311, 1.4744 -0.3041 0.311, 1.4863 -0.3824 0.311, 1.4974 -0.5007 0.311, 1.5002 -0.5799 0.311, 1.4993 -0.5403 0.311, 1.5002 -0.6195 0.311, 1.4893 -0.7775 0.311, 1.4937 -0.7381 0.311, 1.4769 -0.8557 0.311, 1.4837 -0.8167 0.311, 1.4595 -0.933 0.311, 1.4689 -0.8945 0.311, 1.4489 -0.9711 0.311, 1.4091 -1.083 0.311, 1.3757 -1.1548 0.311, 1.3931 -1.1192 0.311, 1.3366 -1.2237 0.311, 1.3569 -1.1897 0.311, 0.7783 -1.5443 0.311, 1.3149 -1.2568 0.311, 1.2665 -1.3195 0.311, 1.2915 -1.2888 0.311, 1.2117 -1.3767 0.311, 1.2399 -1.3489 0.311, 1.1505 -1.4269 0.311, 1.1819 -1.4027 0.311, 1.0832 -1.4686 0.311, 1.1175 -1.4489 0.311, 1.0109 -1.501 0.311, 1.0476 -1.486 0.311, 0.9352 -1.5241 0.311, 0.9734 -1.5137 0.311, 0.8573 -1.5385 0.311, 0.8964 -1.5324 0.311, 0.8179 -1.5425 0.311, 0.6992 -1.5415 0.311, 0.7387 -1.544 0.311, 0.6598 -1.5366 0.311, 0.5649 -1.5135 0.311, 0.6118 -1.5272 0.311, 0.4761 -1.4726 0.311, 0.5194 -1.4955 0.311, 0.4005 -1.4107 0.311, 0.4361 -1.4443 0.311, 0.3439 -1.3311 0.311, 0.3697 -1.3727 0.311, 0.3054 -1.241 0.311, 0.3227 -1.2869 0.311, 0.2913 -1.1942 0.311, -0.4644 1.6002 1.4771, -0.4498 1.6002 1.4792, -0.4643 1.6002 1.3583, -0.4341 1.6002 1.356, -0.4496 1.6002 1.3561, -0.4347 1.6002 1.4795, -0.42 1.6006 1.4796, -0.4191 1.6006 1.3561, -0.4781 1.6002 1.3636, -0.4901 1.6006 1.3723, -0.4781 1.6002 1.4721, -0.4903 1.6006 1.464, -0.5031 1.6002 1.3922, -0.5076 1.6006 1.4188, -0.5033 1.6002 1.4451, -0.6366 1.6006 1.3982, -0.6274 1.6002 1.424, -0.5923 1.6002 1.4243, -0.6182 1.6002 1.4499, -0.6017 1.6002 1.45, -0.6099 1.6006 1.4762, -0.5828 1.6006 1.3986, -0.1645 1.6002 1.1261, -0.1827 1.6002 1.1384, -0.1685 1.6006 1.1323, -0.1631 1.6006 1.1179, -0.1962 1.6002 1.1015, -0.1755 1.6002 1.1006, -0.1841 1.6006 1.0992, -0.1645 1.6002 1.1104, -0.1688 1.6006 1.1045, -0.2059 1.6006 1.1084, -0.2124 1.6002 1.1186, -0.1989 1.6002 1.1406, -0.2147 1.6002 1.1304, -0.2148 1.6006 1.1426, -0.6632 1.6002 1.2216, -0.6486 1.6002 1.2237, -0.663 1.6002 1.1029, -0.6328 1.6002 1.1005, -0.6483 1.6002 1.1007, -0.6335 1.6002 1.224, -0.6187 1.6006 1.2241, -0.6179 1.6006 1.1006, -0.6768 1.6002 1.1081, -0.6888 1.6006 1.1168, -0.6769 1.6002 1.2166, -0.689 1.6006 1.2085, -0.7018 1.6002 1.1367, -0.7063 1.6006 1.1633, -0.7021 1.6002 1.1896, -0.8353 1.6006 1.1427, -0.8261 1.6002 1.1686, -0.791 1.6002 1.1689, -0.8169 1.6002 1.1944, -0.8005 1.6002 1.1946, -0.8087 1.6006 1.2207, -0.7815 1.6006 1.1431, 0.5738 1.6006 1.1723, 0.596 1.6002 1.1665, 0.5297 1.6002 1.1275, 0.6122 1.6002 1.1508, 0.6185 1.6002 1.1282, 0.5518 1.6002 1.0895, 0.5358 1.6002 1.1502, 0.5517 1.6002 1.1662, 0.5358 1.6002 1.1054, 0.5745 1.6006 1.0834, 0.6125 1.6002 1.1055, 0.5966 1.6002 1.0896
            ]
        }
        coordIndex [
            0,1,2,-1,3,4,5,-1,6,7,8,-1,9,10,11,-1,3,5,12,-1,1,13,2,-1,2,14,15,-1,10,16,11,-1,7,6,17,-1,12,18,19,-1,20,21,22,-1,23,24,25,-1,26,27,28,-1,29,30,27,-1,31,32,17,-1,16,21,20,-1,33,29,27,-1,34,35,36,-1,37,27,26,-1,38,39,40,-1,41,27,42,-1,43,42,27,-1,44,38,40,-1,45,46,47,-1,48,49,50,-1,15,51,2,-1,52,53,54,-1,55,56,57,-1,58,27,59,-1,60,61,62,-1,63,64,65,-1,66,67,65,-1,68,33,27,-1,27,41,65,-1,27,30,43,-1,68,27,37,-1,69,27,70,-1,71,65,64,-1,66,65,71,-1,65,67,72,-1,12,73,74,-1,75,65,72,-1,65,75,62,-1,18,12,76,-1,62,77,65,-1,77,62,78,-1,79,80,81,-1,61,78,62,-1,82,83,84,-1,85,86,57,-1,87,60,88,-1,87,89,60,-1,60,90,88,-1,91,92,85,-1,85,60,91,-1,93,94,12,-1,95,85,92,-1,96,5,97,-1,96,98,5,-1,95,86,85,-1,99,100,59,-1,86,55,57,-1,101,102,103,-1,104,105,99,-1,58,59,100,-1,52,105,104,-1,60,106,90,-1,60,89,91,-1,77,107,65,-1,106,60,62,-1,108,63,65,-1,65,109,108,-1,65,41,109,-1,99,59,104,-1,27,58,70,-1,69,28,27,-1,53,51,54,-1,52,54,105,-1,2,110,111,-1,2,51,112,-1,53,112,51,-1,2,112,110,-1,5,2,113,-1,111,113,2,-1,5,113,101,-1,102,114,103,-1,102,115,114,-1,103,5,101,-1,5,103,116,-1,5,116,97,-1,98,93,5,-1,5,93,12,-1,12,94,117,-1,118,12,119,-1,12,117,119,-1,80,76,81,-1,12,118,76,-1,120,83,82,-1,120,82,79,-1,81,120,79,-1,18,76,80,-1,19,121,12,-1,121,73,12,-1,12,74,122,-1,25,123,124,-1,125,17,32,-1,122,31,12,-1,126,127,17,-1,128,125,129,-1,130,131,132,-1,10,21,16,-1,133,7,134,-1,135,13,136,-1,13,44,136,-1,137,138,139,-1,135,140,141,-1,142,143,36,-1,36,144,142,-1,145,146,143,-1,145,143,142,-1,127,147,17,-1,148,149,150,-1,148,146,151,-1,143,147,127,-1,38,152,39,-1,134,7,17,-1,10,9,153,-1,14,10,153,-1,13,154,10,-1,155,156,157,-1,14,2,10,-1,13,10,2,-1,21,158,22,-1,35,137,159,-1,160,161,162,-1,163,164,165,-1,166,167,168,-1,50,49,169,-1,170,165,164,-1,168,167,171,-1,162,172,32,-1,173,144,36,-1,143,148,147,-1,36,35,173,-1,34,174,35,-1,35,175,173,-1,176,177,168,-1,178,17,128,-1,158,179,180,-1,49,181,169,-1,170,156,165,-1,182,183,184,-1,169,181,185,-1,185,164,163,-1,131,31,132,-1,179,158,31,-1,17,178,124,-1,186,17,187,-1,188,189,123,-1,23,25,190,-1,191,192,123,-1,191,183,192,-1,123,189,191,-1,155,193,156,-1,194,195,128,-1,196,197,194,-1,169,185,163,-1,198,199,200,-1,165,201,163,-1,202,203,204,-1,202,205,203,-1,161,160,198,-1,203,205,206,-1,197,196,207,-1,160,162,32,-1,179,31,131,-1,206,194,197,-1,197,207,208,-1,32,172,209,-1,32,209,210,-1,211,208,207,-1,17,12,31,-1,31,122,212,-1,204,213,202,-1,128,17,125,-1,214,128,129,-1,206,195,194,-1,128,214,194,-1,195,193,155,-1,205,195,206,-1,128,195,155,-1,158,163,199,-1,200,161,198,-1,163,201,199,-1,200,199,201,-1,22,158,180,-1,158,21,163,-1,212,215,31,-1,31,215,132,-1,210,125,32,-1,124,123,192,-1,126,216,217,-1,218,219,220,-1,137,221,138,-1,222,223,219,-1,224,225,46,-1,226,157,170,-1,225,47,46,-1,178,190,124,-1,124,190,25,-1,17,227,187,-1,17,124,227,-1,228,126,186,-1,17,186,126,-1,229,126,230,-1,126,228,230,-1,217,231,137,-1,126,229,216,-1,137,126,217,-1,221,137,231,-1,232,233,168,-1,234,235,236,-1,181,49,177,-1,237,238,239,-1,46,45,240,-1,234,226,235,-1,241,238,242,-1,243,225,224,-1,241,244,239,-1,245,246,247,-1,248,249,250,-1,251,245,252,-1,245,251,246,-1,154,13,246,-1,253,254,255,-1,154,256,257,-1,154,246,256,-1,171,154,258,-1,257,258,154,-1,171,258,232,-1,171,232,168,-1,237,177,238,-1,233,176,168,-1,241,239,238,-1,168,177,49,-1,177,176,238,-1,259,260,261,-1,262,261,260,-1,263,155,264,-1,260,247,265,-1,219,218,266,-1,192,182,219,-1,267,249,253,-1,184,263,268,-1,259,269,236,-1,243,224,270,-1,157,264,155,-1,263,184,183,-1,261,270,271,-1,270,261,243,-1,272,273,274,-1,259,271,269,-1,261,271,259,-1,275,276,277,-1,276,278,277,-1,259,236,235,-1,277,278,279,-1,156,170,157,-1,226,170,235,-1,274,280,276,-1,183,155,263,-1,192,219,266,-1,184,281,282,-1,283,281,284,-1,219,137,139,-1,280,278,276,-1,276,272,274,-1,273,272,281,-1,281,272,284,-1,285,249,267,-1,281,283,282,-1,286,222,182,-1,287,288,175,-1,289,248,290,-1,245,247,260,-1,140,291,141,-1,260,265,262,-1,184,282,267,-1,219,159,137,-1,292,286,182,-1,287,293,294,-1,289,247,248,-1,295,255,254,-1,289,265,247,-1,141,13,135,-1,296,13,297,-1,13,141,297,-1,246,13,247,-1,13,296,247,-1,290,248,250,-1,254,253,248,-1,248,253,249,-1,285,267,282,-1,281,184,268,-1,192,183,182,-1,219,182,222,-1,292,298,299,-1,298,300,299,-1,292,299,286,-1,35,159,175,-1,301,141,302,-1,291,302,141,-1,140,303,291,-1,223,304,302,-1,302,304,301,-1,220,219,139,-1,219,223,302,-1,175,159,305,-1,305,287,175,-1,306,307,288,-1,293,287,305,-1,140,175,288,-1,140,288,303,-1,288,307,303,-1,150,38,148,-1,17,147,134,-1,133,308,309,-1,7,133,13,-1,150,310,38,-1,310,152,38,-1,308,311,309,-1,13,133,309,-1,44,13,38,-1,13,309,38,-1,146,148,143,-1,149,148,151,-1,312,313,314,-1,313,312,315,-1,316,314,317,-1,314,316,312,-1,318,319,313,-1,318,313,315,-1,313,317,314,-1,317,313,319,-1,320,321,322,-1,322,323,320,-1,324,322,321,-1,324,325,322,-1,326,323,327,-1,326,320,323,-1,321,326,324,-1,321,320,326,-1,328,329,330,-1,328,331,329,-1,329,331,332,-1,332,333,329,-1,334,335,336,-1,336,337,334,-1,338,336,335,-1,335,339,338,-1,318,315,336,-1,318,336,338,-1,329,312,316,-1,315,337,336,-1,315,312,337,-1,312,333,337,-1,316,330,329,-1,329,333,312,-1,316,319,318,-1,340,316,318,-1,341,340,318,-1,316,317,319,-1,342,343,344,-1,343,342,345,-1,345,346,347,-1,345,347,343,-1,348,349,350,-1,351,352,348,-1,353,352,351,-1,351,348,350,-1,353,354,352,-1,349,355,350,-1,355,356,357,-1,356,355,349,-1,356,358,357,-1,357,358,359,-1,360,361,353,-1,359,362,360,-1,360,353,359,-1,353,350,355,-1,353,351,350,-1,357,359,355,-1,353,355,359,-1,363,364,365,-1,365,366,363,-1,365,367,366,-1,368,369,370,-1,363,366,371,-1,363,371,368,-1,368,371,369,-1,368,372,363,-1,371,373,369,-1,370,374,375,-1,366,376,377,-1,377,371,366,-1,373,374,369,-1,377,373,371,-1,370,375,368,-1,369,374,370,-1,372,368,375,-1,378,379,380,-1,381,382,383,-1,384,385,386,-1,387,388,389,-1,390,389,388,-1,391,388,387,-1,390,382,381,-1,390,381,389,-1,383,385,384,-1,382,385,383,-1,378,386,379,-1,384,386,378,-1,392,380,379,-1,380,392,393,-1,394,393,392,-1,395,396,397,-1,398,399,400,-1,1,401,402,-1,403,402,401,-1,0,401,1,-1,403,396,395,-1,403,395,402,-1,397,399,398,-1,396,399,397,-1,394,400,393,-1,398,400,394,-1,404,405,406,-1,404,4,3,-1,407,405,3,-1,404,3,405,-1,408,409,407,-1,408,410,409,-1,407,409,405,-1,410,408,411,-1,412,409,410,-1,410,411,412,-1,413,409,412,-1,413,405,409,-1,411,408,414,-1,414,407,415,-1,407,414,408,-1,407,3,415,-1,415,3,12,-1,347,346,372,-1,376,373,377,-1,415,12,414,-1,337,352,354,-1,352,337,348,-1,337,354,334,-1,358,349,348,-1,356,349,358,-1,358,348,337,-1,376,358,347,-1,374,376,375,-1,374,373,376,-1,347,372,375,-1,416,417,418,-1,337,418,347,-1,333,418,337,-1,358,337,347,-1,347,375,376,-1,419,418,417,-1,420,416,418,-1,17,421,422,-1,420,418,17,-1,420,17,422,-1,418,333,17,-1,411,414,12,-1,333,12,17,-1,12,333,412,-1,412,411,12,-1,412,333,413,-1,333,332,413,-1,418,423,424,-1,423,418,419,-1,425,6,8,-1,425,426,427,-1,428,427,429,-1,425,427,6,-1,6,427,430,-1,428,430,427,-1,6,430,431,-1,430,422,421,-1,17,6,431,-1,416,429,427,-1,429,420,428,-1,420,422,428,-1,416,427,417,-1,416,420,429,-1,430,421,431,-1,428,422,430,-1,17,431,421,-1,432,424,423,-1,432,423,433,-1,343,325,344,-1,325,343,322,-1,347,323,322,-1,343,347,322,-1,327,424,432,-1,418,323,347,-1,323,424,327,-1,323,418,424,-1,325,327,434,-1,327,325,326,-1,434,327,435,-1,326,325,324,-1,436,340,341,-1,436,341,437,-1,340,330,316,-1,438,330,436,-1,340,436,330,-1,330,438,328,-1,331,413,332,-1,331,405,413,-1,331,328,438,-1,439,406,405,-1,331,438,439,-1,439,405,331,-1,439,404,406,-1,404,439,440,-1,4,404,440,-1,4,440,5,-1,0,441,387,-1,0,2,441,-1,389,401,387,-1,381,383,393,-1,396,403,381,-1,380,383,384,-1,378,380,384,-1,393,383,380,-1,399,393,400,-1,396,393,399,-1,403,389,381,-1,381,393,396,-1,387,401,0,-1,403,401,389,-1,442,443,434,-1,434,435,442,-1,344,444,342,-1,344,325,434,-1,443,344,434,-1,444,344,443,-1,345,363,372,-1,363,345,445,-1,345,342,444,-1,445,364,363,-1,345,444,445,-1,372,346,345,-1,446,365,364,-1,446,364,445,-1,447,365,446,-1,365,447,367,-1,447,366,367,-1,358,376,448,-1,362,359,449,-1,376,447,448,-1,366,447,376,-1,441,448,391,-1,391,387,441,-1,441,449,358,-1,441,358,448,-1,359,358,449,-1,385,382,379,-1,379,386,385,-1,392,382,390,-1,382,392,379,-1,391,1,402,-1,402,388,391,-1,13,1,448,-1,391,448,1,-1,388,395,390,-1,402,395,388,-1,392,390,397,-1,395,397,390,-1,394,392,398,-1,392,397,398,-1,450,8,7,-1,8,450,425,-1,450,426,425,-1,426,450,451,-1,427,426,451,-1,451,452,423,-1,452,433,423,-1,417,427,423,-1,427,451,423,-1,423,419,417,-1,435,432,442,-1,432,435,327,-1,452,442,432,-1,432,433,452,-1,451,450,442,-1,453,447,454,-1,443,445,444,-1,455,456,448,-1,443,446,445,-1,457,458,443,-1,459,447,446,-1,442,460,461,-1,462,463,442,-1,442,452,451,-1,13,464,465,-1,443,442,463,-1,466,467,448,-1,448,467,468,-1,469,470,448,-1,448,470,466,-1,471,472,448,-1,448,472,469,-1,473,474,448,-1,448,474,471,-1,475,476,448,-1,448,476,473,-1,448,477,475,-1,478,479,448,-1,448,479,477,-1,448,456,478,-1,480,455,447,-1,448,447,455,-1,481,482,447,-1,447,482,480,-1,483,484,447,-1,447,484,481,-1,485,486,447,-1,447,486,483,-1,447,453,485,-1,447,487,488,-1,454,447,488,-1,447,489,490,-1,487,447,490,-1,447,491,492,-1,489,447,492,-1,491,447,459,-1,446,493,494,-1,459,446,494,-1,446,495,496,-1,493,446,496,-1,446,497,498,-1,495,446,498,-1,443,499,446,-1,497,446,499,-1,500,501,443,-1,443,501,499,-1,502,503,443,-1,443,503,500,-1,504,505,443,-1,443,505,502,-1,506,507,443,-1,443,507,504,-1,443,458,508,-1,443,508,506,-1,443,509,510,-1,457,443,510,-1,7,511,512,-1,509,443,463,-1,462,442,513,-1,442,514,515,-1,513,442,515,-1,442,516,517,-1,514,442,517,-1,442,518,519,-1,516,442,519,-1,442,520,521,-1,518,442,521,-1,442,522,523,-1,520,442,523,-1,524,525,526,-1,522,442,527,-1,528,529,530,-1,531,532,530,-1,533,534,535,-1,536,537,534,-1,538,539,540,-1,541,536,534,-1,541,534,533,-1,540,539,542,-1,543,544,545,-1,529,528,537,-1,529,537,536,-1,531,524,532,-1,532,528,530,-1,546,442,547,-1,526,532,524,-1,525,527,548,-1,525,548,526,-1,549,548,442,-1,527,442,548,-1,550,551,442,-1,442,551,549,-1,552,553,442,-1,442,553,550,-1,442,546,554,-1,442,554,552,-1,442,461,555,-1,547,442,555,-1,556,460,442,-1,450,557,556,-1,556,442,450,-1,450,558,559,-1,557,450,559,-1,450,560,561,-1,558,450,561,-1,7,562,450,-1,560,450,562,-1,563,564,7,-1,7,564,562,-1,565,566,7,-1,7,566,563,-1,567,568,7,-1,7,568,565,-1,569,570,7,-1,7,570,567,-1,571,572,7,-1,7,572,569,-1,7,512,573,-1,7,573,571,-1,7,574,575,-1,511,7,575,-1,7,576,577,-1,574,7,577,-1,578,576,13,-1,7,13,576,-1,579,580,13,-1,13,580,578,-1,581,582,13,-1,13,582,579,-1,583,584,13,-1,13,584,581,-1,585,586,13,-1,13,586,583,-1,587,588,13,-1,13,588,585,-1,589,590,13,-1,13,590,587,-1,591,592,13,-1,13,592,589,-1,593,594,13,-1,13,594,591,-1,595,596,597,-1,13,465,593,-1,598,599,13,-1,13,599,464,-1,600,601,13,-1,13,601,598,-1,13,602,603,-1,13,603,600,-1,604,605,606,-1,607,608,609,-1,610,611,612,-1,613,614,615,-1,613,616,617,-1,538,618,619,-1,620,621,622,-1,623,542,624,-1,625,626,627,-1,628,626,625,-1,622,628,620,-1,628,625,620,-1,623,621,542,-1,622,621,623,-1,624,542,539,-1,615,619,618,-1,618,538,540,-1,619,615,614,-1,448,629,13,-1,614,613,617,-1,616,608,617,-1,612,607,609,-1,609,608,616,-1,630,611,610,-1,611,607,612,-1,544,543,630,-1,630,610,544,-1,543,545,631,-1,605,631,632,-1,545,632,631,-1,633,604,606,-1,606,605,632,-1,633,597,596,-1,596,604,633,-1,634,595,597,-1,13,634,602,-1,634,597,602,-1,13,629,634,-1,635,636,448,-1,448,636,629,-1,637,638,448,-1,448,638,635,-1,639,640,448,-1,448,640,637,-1,641,642,448,-1,448,642,639,-1,643,644,448,-1,448,644,641,-1,645,646,448,-1,448,646,643,-1,647,648,448,-1,448,648,645,-1,649,650,448,-1,448,650,647,-1,651,652,448,-1,448,652,649,-1,653,654,448,-1,448,654,651,-1,655,656,448,-1,448,656,653,-1,657,658,448,-1,448,658,655,-1,659,660,448,-1,448,660,657,-1,468,659,448,-1,360,362,449,-1,360,449,661,-1,662,361,360,-1,662,360,661,-1,353,662,335,-1,662,353,361,-1,339,335,663,-1,335,334,354,-1,663,335,662,-1,354,353,335,-1,663,338,339,-1,663,437,338,-1,338,341,318,-1,338,437,341,-1,440,439,436,-1,664,441,665,-1,437,662,661,-1,439,438,436,-1,666,667,2,-1,668,669,5,-1,670,671,672,-1,673,661,674,-1,437,663,662,-1,440,675,676,-1,677,437,678,-1,679,680,441,-1,441,680,681,-1,682,683,441,-1,441,683,679,-1,684,685,441,-1,441,685,682,-1,686,687,441,-1,441,687,684,-1,688,689,441,-1,441,689,686,-1,690,691,692,-1,693,694,441,-1,441,694,688,-1,671,695,696,-1,697,698,441,-1,441,698,693,-1,696,672,671,-1,699,700,441,-1,441,700,697,-1,701,436,702,-1,703,704,441,-1,441,704,699,-1,705,706,441,-1,441,706,703,-1,707,708,441,-1,441,708,705,-1,709,710,441,-1,441,710,707,-1,441,664,711,-1,441,711,709,-1,441,2,665,-1,712,713,714,-1,715,716,717,-1,718,719,720,-1,721,722,723,-1,724,725,726,-1,724,727,728,-1,729,730,731,-1,732,733,734,-1,735,736,737,-1,738,737,739,-1,740,741,742,-1,743,735,744,-1,745,436,746,-1,747,742,748,-1,748,742,749,-1,436,750,751,-1,752,436,753,-1,754,741,740,-1,740,742,747,-1,755,756,436,-1,754,743,744,-1,744,741,754,-1,736,735,757,-1,757,735,743,-1,739,729,738,-1,737,736,739,-1,729,731,738,-1,2,758,716,-1,730,733,732,-1,732,731,730,-1,734,733,726,-1,725,724,728,-1,734,726,725,-1,728,727,719,-1,720,723,718,-1,727,720,719,-1,721,759,722,-1,723,722,718,-1,759,712,714,-1,712,759,721,-1,717,714,713,-1,715,717,760,-1,717,713,760,-1,715,665,716,-1,2,716,665,-1,2,761,762,-1,2,667,758,-1,763,764,2,-1,2,764,666,-1,765,766,2,-1,2,766,763,-1,767,768,2,-1,2,768,765,-1,769,770,2,-1,2,770,767,-1,771,772,2,-1,2,772,769,-1,773,774,2,-1,2,774,771,-1,775,776,2,-1,2,776,773,-1,777,778,2,-1,2,778,775,-1,2,762,777,-1,2,779,780,-1,761,2,780,-1,2,781,782,-1,779,2,782,-1,783,781,5,-1,2,5,781,-1,784,785,5,-1,5,785,783,-1,5,786,784,-1,787,788,5,-1,5,788,786,-1,789,790,5,-1,5,790,787,-1,791,792,5,-1,5,792,789,-1,5,669,793,-1,5,793,791,-1,5,794,795,-1,668,5,795,-1,5,796,797,-1,794,5,797,-1,440,676,796,-1,5,440,796,-1,440,798,799,-1,675,440,799,-1,440,800,801,-1,798,440,801,-1,802,800,436,-1,440,436,800,-1,436,756,803,-1,436,803,802,-1,755,436,752,-1,753,436,751,-1,750,436,745,-1,746,436,701,-1,691,690,804,-1,805,696,695,-1,672,804,670,-1,691,804,672,-1,806,690,692,-1,807,806,808,-1,692,808,806,-1,809,810,436,-1,807,808,702,-1,702,811,812,-1,807,702,812,-1,813,811,436,-1,702,436,811,-1,814,815,436,-1,436,815,813,-1,816,817,436,-1,436,817,814,-1,818,819,436,-1,436,819,816,-1,820,821,436,-1,436,821,818,-1,436,810,822,-1,436,822,820,-1,823,809,437,-1,436,437,809,-1,824,825,437,-1,437,825,823,-1,437,677,826,-1,437,826,824,-1,437,827,828,-1,678,437,828,-1,437,829,830,-1,827,437,830,-1,437,831,832,-1,829,437,832,-1,437,673,833,-1,831,437,833,-1,674,661,834,-1,437,661,673,-1,661,835,836,-1,834,661,836,-1,661,837,838,-1,835,661,838,-1,441,839,449,-1,449,840,661,-1,837,661,840,-1,841,842,449,-1,449,842,840,-1,843,844,449,-1,449,844,841,-1,845,846,449,-1,449,846,843,-1,847,848,449,-1,449,848,845,-1,849,850,449,-1,449,850,847,-1,851,852,449,-1,449,852,849,-1,853,854,449,-1,449,854,851,-1,449,839,855,-1,449,855,853,-1,856,857,441,-1,441,857,839,-1,858,856,441,-1,859,860,441,-1,441,860,858,-1,861,862,441,-1,441,862,859,-1,863,864,441,-1,441,864,861,-1,865,866,441,-1,441,866,863,-1,867,868,441,-1,441,868,865,-1,681,869,441,-1,441,869,867,-1,870,871,872,-1,873,874,875,-1,874,871,875,-1,876,877,873,-1,873,875,876,-1,874,872,871,-1,872,878,870,-1,878,879,880,-1,880,870,878,-1,879,881,880,-1,879,882,883,-1,884,881,883,-1,879,883,881,-1,885,886,887,-1,888,889,886,-1,888,890,889,-1,885,887,891,-1,889,887,886,-1,892,893,894,-1,893,895,896,-1,893,892,895,-1,897,898,899,-1,899,900,897,-1,899,898,895,-1,893,896,901,-1,895,898,896,-1,893,901,902,-1,903,902,904,-1,902,903,893,-1,903,904,905,-1,906,907,908,-1,909,910,911,-1,910,907,911,-1,912,913,909,-1,909,911,912,-1,910,908,907,-1,908,914,906,-1,914,915,916,-1,916,906,914,-1,915,917,916,-1,915,918,919,-1,920,917,919,-1,915,919,917,-1,921,922,923,-1,924,925,922,-1,924,926,925,-1,921,923,927,-1,925,923,922,-1,928,929,930,-1,931,932,933,-1,934,935,930,-1,930,929,936,-1,930,935,928,-1,936,931,933,-1,931,936,929,-1,932,937,933,-1,932,938,939,-1,932,939,937,-1,
        ]
    }
}
Shape{
    appearance Appearance {
        material  Material 	{
            diffuseColor 0.0 0.0 0.0
            specularColor 0.7529411764705882 0.7529411764705882 0.7529411764705882
            ambientIntensity 1.0
            transparency 1.0
            shininess 0.5
        }
    }
    geometry IndexedFaceSet {
        ccw TRUE
        solid FALSE
        coord DEF co Coordinate {
            point [
                -0.0598 1.6002 1.3586, -0.1235 1.6002 1.3399, -0.1236 1.6002 1.3582, -0.0401 1.6002 1.5007, -0.0608 1.6002 1.5005, -0.039 1.6002 1.3405, -0.25 1.6002 1.3457, -0.2501 1.6002 1.3655, -0.2309 1.6006 1.3576, -0.1677 1.6002 1.3722, -0.1507 1.6002 1.3589, -0.1746 1.6006 1.3423, -0.156 1.6006 1.3922, -0.23 1.6006 1.3388, -0.2341 1.6006 1.5003, -0.2131 1.6002 1.5021, -0.2132 1.6002 1.4835, -0.2087 1.6002 1.3551, -0.1805 1.6006 1.4965, -0.1889 1.6006 1.4792, -0.2056 1.6002 1.3367, -0.1857 1.6006 1.3594, -0.1355 1.6006 1.3844, -0.1523 1.6002 1.418, -0.1366 1.6006 1.4518, -0.1306 1.6002 1.4169, -0.1694 1.6002 1.466, -0.1541 1.6002 1.479, -0.1567 1.6006 1.4451, -0.2329 1.6006 1.481, -0.251 1.6002 1.4953, -0.2509 1.6002 1.4737, -0.3656 1.6002 1.4984, -0.3036 1.6002 1.4804, -0.3654 1.6002 1.4799, -0.2831 1.6002 1.4989, -0.3033 1.6002 1.4291, -0.3031 1.6002 1.4108, -0.3604 1.6002 1.4104, -0.3605 1.6002 1.4287, -0.282 1.6002 1.3388, -0.3681 1.6002 1.3382, -0.3028 1.6002 1.3569, -0.3682 1.6002 1.3565, -0.4555 1.6002 1.4973, -0.4644 1.6002 1.4771, -0.4735 1.6002 1.4939, -0.5076 1.6006 1.4188, -0.5235 1.6006 1.4512, -0.5033 1.6002 1.4451, -0.4904 1.6002 1.4869, -0.4781 1.6002 1.4721, -0.5055 1.6002 1.4762, -0.4903 1.6006 1.464, -0.4498 1.6002 1.4792, -0.5031 1.6002 1.3922, -0.5047 1.6006 1.3597, -0.523 1.6006 1.3857, -0.4365 1.6002 1.4979, -0.4347 1.6002 1.4795, -0.42 1.6006 1.4796, -0.3995 1.6006 1.4981, -0.418 1.6002 1.498, -0.4643 1.6002 1.3583, -0.4726 1.6002 1.3416, -0.4781 1.6002 1.3636, -0.3983 1.6002 1.338, -0.4191 1.6006 1.3561, -0.4169 1.6002 1.3379, -0.4355 1.6002 1.3377, -0.4547 1.6002 1.3382, -0.4496 1.6002 1.3561, -0.4341 1.6002 1.356, -0.4901 1.6006 1.3723, -0.4896 1.6002 1.3487, -0.5293 1.6002 1.4192, -0.6366 1.6006 1.3982, -0.6428 1.6002 1.3801, -0.6817 1.6002 1.336, -0.5997 1.6002 1.4967, -0.6017 1.6002 1.45, -0.6099 1.6006 1.4762, -0.6588 1.6002 1.3361, -0.5761 1.6002 1.3805, -0.5828 1.6006 1.3986, -0.5376 1.6002 1.337, -0.5923 1.6002 1.4243, -0.5604 1.6002 1.3368, -0.6218 1.6002 1.4965, -0.6182 1.6002 1.4499, -0.6274 1.6002 1.424, -0.1208 1.6002 1.246, -0.0589 1.6002 1.2281, -0.1207 1.6002 1.2276, -0.0383 1.6002 1.2466, -0.0585 1.6002 1.1768, -0.0584 1.6002 1.1585, -0.1157 1.6002 1.1581, -0.1158 1.6002 1.1764, -0.0372 1.6002 1.0865, -0.1233 1.6002 1.0859, -0.058 1.6002 1.1046, -0.1235 1.6002 1.1041, -0.1939 1.6002 1.2024, -0.1919 1.6002 1.1861, -0.2048 1.6006 1.1829, -0.1545 1.6002 1.192, -0.1543 1.6002 1.1725, -0.1722 1.6006 1.1828, -0.1729 1.6006 1.1999, -0.1992 1.6006 1.0877, -0.1841 1.6006 1.0992, -0.1788 1.6002 1.0828, -0.2305 1.6006 1.1829, -0.2124 1.6006 1.1735, -0.2149 1.6002 1.1579, -0.235 1.6002 1.1587, -0.2148 1.6006 1.1426, -0.2147 1.6002 1.1304, -0.2168 1.6006 1.1974, -0.1451 1.6006 1.1026, -0.1524 1.6002 1.092, -0.1645 1.6002 1.1104, -0.1631 1.6006 1.1179, -0.1428 1.6002 1.1164, -0.1688 1.6006 1.1045, -0.1639 1.6006 1.0852, -0.1755 1.6002 1.1006, -0.1962 1.6002 1.1015, -0.2059 1.6006 1.1084, -0.181 1.6002 1.1534, -0.1827 1.6002 1.1384, -0.1989 1.6002 1.1406, -0.2124 1.6002 1.1186, -0.214 1.6002 1.1029, -0.2144 1.6002 1.0852, -0.2344 1.6002 1.0851, -0.1598 1.6006 1.1471, -0.1685 1.6006 1.1323, -0.1471 1.6006 1.1347, -0.1645 1.6002 1.1261, -0.2926 1.6002 1.082, -0.3112 1.6006 1.0841, -0.2947 1.6002 1.0983, -0.2776 1.6006 1.1012, -0.2616 1.6002 1.0889, -0.276 1.6006 1.0838, -0.3185 1.6002 1.1136, -0.3375 1.6006 1.1259, -0.3325 1.6002 1.1344, -0.3125 1.6006 1.1021, -0.326 1.6002 1.0908, -0.3204 1.6006 1.1831, -0.334 1.6002 1.1768, -0.3342 1.6002 1.1963, -0.3071 1.6002 1.2016, -0.305 1.6002 1.1853, -0.3212 1.6006 1.2002, -0.2656 1.6006 1.1821, -0.283 1.6002 1.1701, -0.2754 1.6002 1.1927, -0.2623 1.6002 1.1684, -0.2618 1.6002 1.1096, -0.2846 1.6006 1.1763, -0.2892 1.6002 1.1812, -0.2898 1.6006 1.1994, -0.2962 1.6006 1.1843, -0.3025 1.6002 1.1513, -0.2979 1.6002 1.1326, -0.3134 1.6006 1.1246, -0.3172 1.6006 1.1197, -0.3189 1.6002 1.1441, -0.2873 1.6006 1.1594, -0.2841 1.6006 1.164, -0.2679 1.6002 1.1503, -0.2813 1.6002 1.1401, -0.2637 1.6006 1.1586, -0.3391 1.6002 1.1155, -0.3358 1.6006 1.1014, -0.4156 1.6002 1.1348, -0.4042 1.6006 1.1029, -0.4071 1.6002 1.0666, -0.4599 1.6002 1.1979, -0.4391 1.6002 1.198, -0.4274 1.6002 1.1664, -0.3942 1.6002 1.0842, -0.3833 1.6002 1.1667, -0.3501 1.6002 1.1987, -0.3941 1.6002 1.1349, -0.3959 1.6006 1.0463, -0.3852 1.6002 1.0635, -0.3766 1.6006 1.0514, -0.3725 1.6006 1.1985, -0.359 1.6006 1.0481, -0.3531 1.6002 1.032, -0.359 1.6006 1.0308, -0.366 1.6002 1.0303, -0.3822 1.6006 1.0342, -0.3645 1.6002 1.0475, -0.3532 1.6002 1.0499, -0.5643 1.6002 1.2429, -0.5024 1.6002 1.2249, -0.5642 1.6002 1.2245, -0.4818 1.6002 1.2435, -0.502 1.6002 1.1737, -0.5019 1.6002 1.1553, -0.5591 1.6002 1.1549, -0.5593 1.6002 1.1733, -0.4807 1.6002 1.0834, -0.5668 1.6002 1.0827, -0.5015 1.6002 1.1015, -0.5669 1.6002 1.101, -0.6542 1.6002 1.2418, -0.6632 1.6002 1.2216, -0.6722 1.6002 1.2384, -0.7063 1.6006 1.1633, -0.7222 1.6006 1.1958, -0.7021 1.6002 1.1896, -0.6891 1.6002 1.2314, -0.6769 1.6002 1.2166, -0.7043 1.6002 1.2207, -0.689 1.6006 1.2085, -0.6486 1.6002 1.2237, -0.7018 1.6002 1.1367, -0.7035 1.6006 1.1042, -0.7217 1.6006 1.1302, -0.6352 1.6002 1.2424, -0.6335 1.6002 1.224, -0.6187 1.6006 1.2241, -0.5982 1.6006 1.2427, -0.6167 1.6002 1.2425, -0.663 1.6002 1.1029, -0.6714 1.6002 1.0862, -0.6768 1.6002 1.1081, -0.5971 1.6002 1.0825, -0.6179 1.6006 1.1006, -0.6156 1.6002 1.0824, -0.6342 1.6002 1.0823, -0.6534 1.6002 1.0827, -0.6483 1.6002 1.1007, -0.6328 1.6002 1.1005, -0.6888 1.6006 1.1168, -0.6884 1.6002 1.0933, -0.728 1.6002 1.1637, -0.8353 1.6006 1.1427, -0.8416 1.6002 1.1246, -0.8804 1.6002 1.0805, -0.7985 1.6002 1.2412, -0.8005 1.6002 1.1946, -0.8087 1.6006 1.2207, -0.8576 1.6002 1.0807, -0.7749 1.6002 1.1251, -0.7815 1.6006 1.1431, -0.7363 1.6002 1.0815, -0.791 1.6002 1.1689, -0.7592 1.6002 1.0814, -0.8206 1.6002 1.2411, -0.8169 1.6002 1.1944, -0.8261 1.6002 1.1686, 0.3219 1.6006 1.1542, 0.2972 1.6002 1.1578, 0.3041 1.6002 1.159, 0.3068 1.6002 1.0884, 0.2397 1.6002 1.0879, 0.3346 1.6006 1.1416, 0.3396 1.6002 1.1239, 0.3352 1.6006 1.1069, 0.3235 1.6006 1.0941, 0.5966 1.6002 1.0896, 0.6655 1.6006 1.0619, 0.641 1.6006 1.0372, 0.1699 1.6006 1.2126, 0.1124 1.6006 1.1706, 0.0979 1.6006 1.2071, 0.246 1.6002 1.1574, 0.7458 1.6006 1.4187, 0.6999 1.6006 1.3663, 0.6686 1.6006 1.3823, 0.5106 1.6006 1.2255, 0.5394 1.6006 1.239, 0.5738 1.6006 1.1723, 0.1873 1.6006 1.1852, 0.1357 1.6002 1.1384, 0.2135 1.6006 1.1659, 0.2011 1.6006 1.0959, 0.166 1.6006 1.1129, 0.2991 1.6002 1.2227, 0.3339 1.6002 1.2833, 0.4871 1.6002 1.2047, 0.1634 1.6002 1.2456, 0.0985 1.6006 1.2861, 0.1702 1.6006 1.2802, 0.0928 1.6002 1.2463, 0.2965 1.6006 1.4199, 0.2293 1.6006 1.4448, 0.2653 1.6002 1.4866, 0.1374 1.6006 1.3541, 0.2171 1.6006 1.3278, 0.189 1.6006 1.3086, 0.2516 1.6002 1.3351, 0.2726 1.6006 1.3806, 0.2607 1.6002 1.3351, 0.3304 1.6006 1.4508, 0.2045 1.6002 1.3962, 0.5517 1.6002 1.1662, 0.3118 1.6006 1.519, 0.364 1.6006 1.5395, 0.372 1.6006 1.4711, 0.4471 1.6006 1.5455, 0.4191 1.6002 1.4786, 0.4197 1.6002 1.5469, 0.5245 1.6006 1.5227, 0.4605 1.6006 1.4736, 0.4997 1.6006 1.5332, 0.7036 1.6006 1.4428, 0.7256 1.6006 1.4321, 0.6326 1.6002 1.3879, 0.6802 1.6006 1.4505, 0.5358 1.6002 1.1502, 0.6071 1.6002 1.4537, 0.6315 1.6006 1.4561, 0.7646 1.6002 1.4025, 0.7248 1.6006 1.3418, 0.5549 1.6006 1.4061, 0.6008 1.6006 1.3829, 0.5724 1.6002 1.3704, 0.7939 1.6006 1.3647, 0.7412 1.6006 1.3107, 0.7473 1.6002 1.2748, 0.8124 1.6006 1.3208, 0.8191 1.6002 1.2731, 0.8138 1.6006 1.2282, 0.7285 1.6006 1.2116, 0.7425 1.6006 1.2413, 0.7151 1.6006 1.1057, 0.6797 1.6002 1.1696, 0.7454 1.6006 1.1241, 0.7979 1.6006 1.186, 0.7071 1.6006 1.1873, 0.5738 1.6002 1.0151, 0.5745 1.6006 1.0834, 0.6097 1.6006 1.0211, 0.6185 1.6002 1.1282, 0.6814 1.6002 1.0933, 0.6125 1.6002 1.1055, 0.596 1.6002 1.1665, 0.663 1.6006 1.1995, 0.6122 1.6002 1.1508, 0.5297 1.6002 1.1275, 0.4591 1.6002 1.1396, 0.5722 1.6002 1.244, 0.6074 1.6006 1.2386, 0.6382 1.6006 1.2231, 0.4652 1.6006 1.0923, 0.4591 1.6002 1.1282, 0.5358 1.6002 1.1054, 0.5379 1.6006 1.0207, 0.5065 1.6006 1.0367, 0.7721 1.6002 1.1486, 0.6563 1.6006 1.4549, 0.57 1.6006 1.4931, 0.5296 1.6006 1.4361, 0.4977 1.6006 1.459, 0.5481 1.6006 1.5093, 0.5896 1.6006 1.4746, 0.4736 1.6006 1.5409, 0.1681 1.6006 1.3791, 0.1137 1.6006 1.3225, 0.4817 1.6006 1.0612, 0.5518 1.6002 1.0895
            ]
        }
        coordIndex [
            0,1,2,-1,3,0,4,-1,1,0,5,-1,3,5,0,-1,6,7,8,-1,9,10,11,-1,10,9,12,-1,6,8,13,-1,14,15,16,-1,8,17,13,-1,15,18,19,-1,20,17,21,-1,13,17,20,-1,22,10,12,-1,23,22,12,-1,23,24,25,-1,26,18,27,-1,28,27,24,-1,14,16,29,-1,29,30,14,-1,19,16,15,-1,29,31,30,-1,19,18,26,-1,28,24,23,-1,26,27,28,-1,25,22,23,-1,20,21,11,-1,21,9,11,-1,32,33,34,-1,35,36,33,-1,32,35,33,-1,37,38,36,-1,36,35,37,-1,36,38,39,-1,35,40,37,-1,41,42,40,-1,40,42,37,-1,41,43,42,-1,44,45,46,-1,47,48,49,-1,50,46,51,-1,52,53,49,-1,44,54,45,-1,55,56,57,-1,44,58,54,-1,54,58,59,-1,59,58,60,-1,61,60,62,-1,63,64,65,-1,60,61,66,-1,67,68,69,-1,70,71,69,-1,58,62,60,-1,71,72,69,-1,56,73,74,-1,63,71,70,-1,45,51,46,-1,50,53,52,-1,51,53,50,-1,52,49,48,-1,48,47,75,-1,57,47,55,-1,75,47,57,-1,56,55,73,-1,74,65,64,-1,73,65,74,-1,64,63,70,-1,66,67,60,-1,72,67,69,-1,68,67,66,-1,76,77,78,-1,79,80,81,-1,78,77,82,-1,83,84,85,-1,85,86,79,-1,83,85,87,-1,78,88,76,-1,84,83,77,-1,89,90,88,-1,88,90,76,-1,79,81,88,-1,88,81,89,-1,80,79,86,-1,84,86,85,-1,77,76,84,-1,91,92,93,-1,94,95,92,-1,91,94,92,-1,96,97,95,-1,95,94,96,-1,95,97,98,-1,94,99,96,-1,100,101,99,-1,99,101,96,-1,100,102,101,-1,103,104,105,-1,106,107,108,-1,109,106,108,-1,108,104,109,-1,110,111,112,-1,113,114,115,-1,109,104,103,-1,116,117,118,-1,114,113,119,-1,120,121,122,-1,120,123,124,-1,125,121,126,-1,127,125,126,-1,128,110,129,-1,112,111,127,-1,130,131,132,-1,133,129,134,-1,134,135,136,-1,116,118,136,-1,119,105,114,-1,116,113,115,-1,105,119,103,-1,130,137,138,-1,139,140,137,-1,130,132,115,-1,130,138,131,-1,129,110,134,-1,116,115,117,-1,132,117,115,-1,134,136,133,-1,133,136,118,-1,128,111,110,-1,112,127,126,-1,122,123,120,-1,125,122,121,-1,140,139,123,-1,124,123,139,-1,137,140,138,-1,141,142,143,-1,144,145,146,-1,147,148,149,-1,147,150,151,-1,152,153,154,-1,155,156,152,-1,157,155,152,-1,158,159,160,-1,159,158,161,-1,162,145,144,-1,163,164,160,-1,144,146,141,-1,159,163,160,-1,165,164,166,-1,157,152,154,-1,167,168,169,-1,169,170,171,-1,149,171,170,-1,167,169,171,-1,156,155,166,-1,168,167,172,-1,173,174,175,-1,155,165,166,-1,165,160,164,-1,159,161,176,-1,174,173,159,-1,176,174,159,-1,175,172,173,-1,175,168,172,-1,177,148,147,-1,149,170,147,-1,147,151,178,-1,177,147,178,-1,143,142,150,-1,151,150,142,-1,141,143,144,-1,179,180,181,-1,182,183,184,-1,185,181,180,-1,184,179,182,-1,186,187,185,-1,188,185,180,-1,189,190,191,-1,192,187,186,-1,186,185,188,-1,181,190,189,-1,190,181,185,-1,193,194,195,-1,191,196,197,-1,193,195,198,-1,199,194,193,-1,195,196,198,-1,197,189,191,-1,198,196,191,-1,182,179,181,-1,200,201,202,-1,203,204,201,-1,200,203,201,-1,205,206,204,-1,204,203,205,-1,204,206,207,-1,203,208,205,-1,209,210,208,-1,208,210,205,-1,209,211,210,-1,212,213,214,-1,215,216,217,-1,218,214,219,-1,220,221,217,-1,212,222,213,-1,223,224,225,-1,212,226,222,-1,222,226,227,-1,227,226,228,-1,229,228,230,-1,231,232,233,-1,228,229,234,-1,235,236,237,-1,238,239,237,-1,226,230,228,-1,239,240,237,-1,224,241,242,-1,231,239,238,-1,213,219,214,-1,218,221,220,-1,219,221,218,-1,220,217,216,-1,216,215,243,-1,225,215,223,-1,243,215,225,-1,224,223,241,-1,242,233,232,-1,241,233,242,-1,232,231,238,-1,234,235,228,-1,240,235,237,-1,236,235,234,-1,244,245,246,-1,247,248,249,-1,246,245,250,-1,251,252,253,-1,253,254,247,-1,251,253,255,-1,246,256,244,-1,252,251,245,-1,257,258,256,-1,256,258,244,-1,247,249,256,-1,256,249,257,-1,248,247,254,-1,252,254,253,-1,245,244,252,-1,259,260,261,-1,262,263,260,-1,260,259,264,-1,265,266,262,-1,267,262,266,-1,260,264,265,-1,262,260,265,-1,268,269,270,-1,271,272,273,-1,260,263,274,-1,275,276,277,-1,278,279,280,-1,281,272,271,-1,282,281,283,-1,274,284,283,-1,274,263,284,-1,285,282,283,-1,283,284,285,-1,282,272,281,-1,286,287,288,-1,271,273,289,-1,289,290,291,-1,289,273,292,-1,293,294,295,-1,296,297,298,-1,299,300,301,-1,302,293,295,-1,299,303,300,-1,288,278,304,-1,303,294,293,-1,305,306,307,-1,307,302,305,-1,308,309,310,-1,311,312,313,-1,314,315,277,-1,316,317,277,-1,288,304,318,-1,316,319,320,-1,321,322,276,-1,323,324,325,-1,315,275,277,-1,321,326,322,-1,322,326,327,-1,328,329,330,-1,329,327,326,-1,331,332,333,-1,334,335,336,-1,337,338,332,-1,339,340,341,-1,342,343,344,-1,345,346,347,-1,318,348,349,-1,279,350,280,-1,280,351,352,-1,348,353,354,-1,286,288,349,-1,348,355,353,-1,340,270,341,-1,356,357,340,-1,356,340,339,-1,345,280,352,-1,335,342,347,-1,334,343,335,-1,336,338,358,-1,338,336,335,-1,337,358,338,-1,330,331,333,-1,331,337,332,-1,330,333,328,-1,276,275,321,-1,329,328,327,-1,277,317,314,-1,316,320,359,-1,359,317,316,-1,323,319,324,-1,324,319,316,-1,360,361,362,-1,360,362,363,-1,360,364,361,-1,361,364,319,-1,323,361,319,-1,311,363,362,-1,365,313,312,-1,311,362,312,-1,312,309,308,-1,308,365,312,-1,306,310,309,-1,295,305,302,-1,306,309,307,-1,303,293,300,-1,297,366,303,-1,299,297,303,-1,298,367,296,-1,366,297,296,-1,291,290,367,-1,367,298,291,-1,290,289,292,-1,357,368,369,-1,369,340,357,-1,368,353,355,-1,369,368,355,-1,354,349,348,-1,349,288,318,-1,304,278,280,-1,350,351,280,-1,352,346,345,-1,346,335,347,-1,343,269,344,-1,335,343,342,-1,270,340,268,-1,269,268,344,-1,
        ]
    }
}