#VRML V2.0 utf8
# 3D model generated by easyeda2kicad.py (https://github.com/uPesy/easyeda2kicad.py)

Shape{
    appearance Appearance {
        material  Material 	{
            diffuseColor 0.20784313725490197 0.20784313725490197 0.20784313725490197
            specularColor 0.01568627450980392 0.01568627450980392 0.01568627450980392
            ambientIntensity 0.298
            transparency 0.0
            shininess 0.5
        }
    }
    geometry IndexedFaceSet {
        ccw TRUE
        solid FALSE
        coord DEF co Coordinate {
            point [
                -1.351 -0.5568 0.0787, -1.43 -0.5291 0.0787, -1.2599 -0.1016 0.0787, -1.4764 -0.5026 0.0787, -1.2599 -0.0229 0.0787, -1.4764 0.2586 0.0787, -1.1024 -0.0229 0.0787, -0.9449 0.2586 0.0787, -1.1024 -0.1016 0.0787, -0.9449 -0.5662 0.0787, -1.2677 -0.5662 0.0787, 1.2598 -0.1016 0.0787, 1.2598 -0.0229 0.0787, 1.3681 0.2586 0.0787, 0.9449 0.2586 0.0787, 1.1023 -0.0229 0.0787, 0.9449 -0.5662 0.0787, 1.1023 -0.1016 0.0787, 1.2677 -0.5662 0.0787, 1.3509 -0.5568 0.0787, 1.3681 -0.5508 0.0787, 1.43 -0.5291 0.0787, 1.4764 0.2586 0.0787, 1.4764 -0.5026 0.0787, 1.4764 0.5401 0.0787, 1.3681 0.5401 0.0787, 0.9449 0.5401 0.0787, 0.4724 0.5401 0.0787, 0.4724 0.2586 0.0787, -0.0 0.5401 0.0787, -0.0 0.2586 0.0787, -0.4725 0.5401 0.0787, -0.4725 0.2586 0.0787, -0.9449 0.5401 0.0787, -1.4764 0.5401 0.0787, -0.6299 -0.1016 0.0787, -0.4725 -0.5662 0.0787, -0.7874 -0.1016 0.0787, -0.7874 -0.0229 0.0787, -0.6299 -0.0229 0.0787, -0.1575 -0.0229 0.0787, -0.1575 -0.1016 0.0787, -0.0 -0.5662 0.0787, -0.315 -0.1016 0.0787, -0.315 -0.0229 0.0787, 0.3149 -0.0229 0.0787, 0.3149 -0.1016 0.0787, 0.4724 -0.5662 0.0787, 0.1575 -0.1016 0.0787, 0.1575 -0.0229 0.0787, 0.6299 -0.1016 0.0787, 0.6299 -0.0229 0.0787, 0.7874 -0.0229 0.0787, 0.7874 -0.1016 0.0787, 1.5009 -0.4846 1.2992, 1.5601 -0.4253 0.2362, 1.5601 -0.4253 1.2992, 1.6047 -0.3544 0.2362, 1.6047 -0.3544 1.2992, 1.6323 -0.2754 0.2362, 1.6323 -0.2754 1.2992, 1.6417 -0.1922 0.2362, 1.6417 -0.1922 1.2992, 1.43 -0.5291 1.2992, 1.4764 -0.5026 0.2362, 1.5009 -0.4846 0.2362, 1.3509 -0.5568 1.2992, 1.2677 -0.5662 1.2992, 1.6417 0.5401 -0.0394, 1.6417 -0.6843 -0.0394, 1.4764 0.5401 -0.0394, 1.4764 -0.6843 -0.0394, -1.378 -0.2 1.3386, -1.378 -0.2 2.1787, -1.378 0.0756 1.3386, -1.378 0.0756 2.1787, 1.2152 -0.2 2.4606, -1.2152 -0.2 2.4606, 1.3779 -0.2 2.1787, 1.3779 -0.2 1.3386, 1.3779 0.0756 1.3386, 1.3779 0.0756 2.1787, -1.2152 0.0756 2.4606, 1.2152 0.0756 2.4606, -1.1811 0.0165 2.5197, -1.1811 -0.141 2.5197, 1.1811 0.0165 2.5197, 1.1811 -0.141 2.5197, 1.594 0.1422 1.3386, 1.5692 0.2129 1.3386, 1.5692 -0.3373 1.3386, 1.594 -0.2666 1.3386, 1.6023 -0.1922 1.3386, 1.6023 0.0677 1.3386, -1.2677 -0.5268 1.3386, 1.2677 -0.5268 1.3386, 1.3422 -0.5184 1.3386, 1.4129 -0.4937 1.3386, 1.4763 -0.4538 1.3386, 1.5293 -0.4008 1.3386, -1.4764 -0.4538 1.3386, -1.4129 -0.4937 1.3386, -1.3422 -0.5184 1.3386, -1.5692 0.2129 1.3386, -1.594 0.1422 1.3386, -1.6024 0.0677 1.3386, -1.6024 -0.1922 1.3386, -1.594 -0.2666 1.3386, 1.5293 0.2763 1.3386, 1.4763 0.3293 1.3386, 1.4129 0.3692 1.3386, -1.3422 0.3939 1.3386, -1.4129 0.3692 1.3386, -1.5692 -0.3373 1.3386, -1.5294 -0.4008 1.3386, 1.3422 0.3939 1.3386, 1.2677 0.4023 1.3386, -1.2677 0.4023 1.3386, -1.4764 0.3293 1.3386, -1.5294 0.2763 1.3386, 1.6417 0.0677 1.2992, 1.6417 0.0677 0.5512, 1.6323 0.1509 0.5512, 1.6323 0.1509 1.2992, 1.6047 0.23 0.5512, 1.6047 0.23 1.2992, 1.5601 0.3009 0.5512, 1.5601 0.3009 1.2992, 1.5009 0.3601 0.5512, 1.5009 0.3601 1.2992, 1.43 0.4047 0.5512, 1.43 0.4047 1.2992, 1.3509 0.4323 0.5512, 1.3509 0.4323 1.2992, 1.2677 0.4417 0.5512, 1.2677 0.4417 1.2992, -1.2677 0.4417 1.2992, -1.2677 0.4417 0.5512, -1.351 0.4323 0.5512, -1.351 0.4323 1.2992, -1.43 0.4047 0.5512, -1.43 0.4047 1.2992, -1.5009 0.3601 0.5512, -1.5009 0.3601 1.2992, -1.5602 0.3009 0.5512, -1.5602 0.3009 1.2992, -1.6047 0.23 0.5512, -1.6047 0.23 1.2992, -1.6324 0.1509 0.5512, -1.6324 0.1509 1.2992, -1.6418 0.0677 0.5512, -1.6418 0.0677 1.2992, -1.4764 -0.6843 -0.0394, -1.6418 -0.6843 -0.0394, -1.4764 0.5401 -0.0394, -1.6418 0.5401 -0.0394, 1.6417 0.5401 0.5512, -1.6418 0.5401 0.5512, -1.6418 -0.1922 1.2992, -1.6418 -0.1922 0.2362, -1.6418 -0.6843 0.2362, -1.4764 -0.5026 0.2362, -1.5009 -0.4846 0.2362, -1.43 -0.5291 1.2992, -1.5009 -0.4846 1.2992, -1.5602 -0.4253 1.2992, -1.5602 -0.4253 0.2362, -1.6047 -0.3544 1.2992, -1.6047 -0.3544 0.2362, -1.6324 -0.2754 1.2992, -1.6324 -0.2754 0.2362, -1.351 -0.5568 1.2992, -1.2677 -0.5662 1.2992, 0.126 -0.5662 0.9646, -0.126 -0.5662 0.9646, 0.126 -0.5662 0.689, -0.126 -0.5662 0.689, -0.6378 -0.5662 0.689, 0.6378 -0.5662 0.9646, 0.6378 -0.5662 0.689, -0.6378 -0.5662 0.9646, 1.6417 -0.6843 0.2362, 0.6378 -0.3693 0.689, 0.126 -0.3693 0.689, 0.126 -0.3693 0.9646, 0.6378 -0.3693 0.9646, -0.126 -0.3693 0.9646, -0.126 -0.3693 0.689, -0.6378 -0.3693 0.689, -0.6378 -0.3693 0.9646, -1.4764 -0.6843 0.2362, 1.4764 -0.6843 0.2362
            ]
        }
        coordIndex [
            0,1,2,-1,2,1,3,-1,2,3,4,-1,4,3,5,-1,4,5,6,-1,6,5,7,-1,6,7,8,-1,8,7,9,-1,8,9,2,-1,2,9,10,-1,2,10,0,-1,11,12,13,-1,13,12,14,-1,14,12,15,-1,14,15,16,-1,16,15,17,-1,16,17,18,-1,18,17,11,-1,18,11,19,-1,19,11,20,-1,20,11,13,-1,20,13,21,-1,21,13,22,-1,21,22,23,-1,24,22,25,-1,25,22,13,-1,25,13,26,-1,26,13,14,-1,26,14,27,-1,27,14,28,-1,27,28,29,-1,29,28,30,-1,29,30,31,-1,31,30,32,-1,31,32,33,-1,33,32,7,-1,33,7,34,-1,34,7,5,-1,35,36,37,-1,37,36,9,-1,37,9,38,-1,38,9,7,-1,38,7,39,-1,39,7,32,-1,39,32,35,-1,35,32,36,-1,40,30,41,-1,41,30,42,-1,41,42,43,-1,43,42,36,-1,43,36,44,-1,44,36,32,-1,44,32,40,-1,40,32,30,-1,45,28,46,-1,46,28,47,-1,46,47,48,-1,48,47,42,-1,48,42,49,-1,49,42,30,-1,49,30,45,-1,45,30,28,-1,50,47,51,-1,51,47,28,-1,51,28,52,-1,52,28,14,-1,52,14,53,-1,53,14,16,-1,53,16,50,-1,50,16,47,-1,54,55,56,-1,56,55,57,-1,56,57,58,-1,58,57,59,-1,58,59,60,-1,60,59,61,-1,60,61,62,-1,63,64,54,-1,54,64,65,-1,54,65,55,-1,23,64,21,-1,21,64,63,-1,21,63,20,-1,20,63,66,-1,20,66,19,-1,19,66,67,-1,19,67,18,-1,68,69,70,-1,70,69,71,-1,72,73,74,-1,74,73,75,-1,76,77,78,-1,78,77,73,-1,78,73,79,-1,79,73,72,-1,80,81,79,-1,79,81,78,-1,80,74,75,-1,82,83,75,-1,75,83,81,-1,75,81,80,-1,84,85,86,-1,86,85,87,-1,78,81,76,-1,76,81,83,-1,76,83,87,-1,87,83,86,-1,75,73,82,-1,82,73,77,-1,82,77,84,-1,84,77,85,-1,82,84,83,-1,83,84,86,-1,76,87,77,-1,77,87,85,-1,80,88,89,-1,90,91,79,-1,79,91,92,-1,79,92,80,-1,80,92,93,-1,80,93,88,-1,79,72,94,-1,94,95,79,-1,79,95,96,-1,79,96,97,-1,97,98,79,-1,79,98,99,-1,79,99,90,-1,100,101,72,-1,72,101,102,-1,72,102,94,-1,103,104,74,-1,74,104,105,-1,74,105,72,-1,72,105,106,-1,72,106,107,-1,89,108,80,-1,80,108,109,-1,80,109,110,-1,111,112,74,-1,107,113,72,-1,72,113,114,-1,72,114,100,-1,110,115,80,-1,80,115,116,-1,80,116,74,-1,74,116,117,-1,74,117,111,-1,112,118,74,-1,74,118,119,-1,74,119,103,-1,120,121,122,-1,120,122,123,-1,123,122,124,-1,123,124,125,-1,125,124,126,-1,125,126,127,-1,127,126,128,-1,127,128,129,-1,129,128,130,-1,129,130,131,-1,131,130,132,-1,131,132,133,-1,133,132,134,-1,133,134,135,-1,135,134,136,-1,136,134,137,-1,136,137,138,-1,136,138,139,-1,139,138,140,-1,139,140,141,-1,141,140,142,-1,141,142,143,-1,143,142,144,-1,143,144,145,-1,145,144,146,-1,145,146,147,-1,147,146,148,-1,147,148,149,-1,149,148,150,-1,149,150,151,-1,152,153,154,-1,154,153,155,-1,156,68,70,-1,154,155,34,-1,34,155,157,-1,34,157,33,-1,70,24,156,-1,156,24,25,-1,156,25,26,-1,26,27,156,-1,156,27,29,-1,156,29,157,-1,157,29,31,-1,157,31,33,-1,158,151,159,-1,159,151,150,-1,150,157,159,-1,159,157,155,-1,159,155,160,-1,160,155,153,-1,161,3,1,-1,162,161,163,-1,163,164,162,-1,162,164,165,-1,162,165,166,-1,166,165,167,-1,166,167,168,-1,168,167,169,-1,168,169,170,-1,170,169,158,-1,170,158,159,-1,161,1,163,-1,163,1,0,-1,163,0,171,-1,171,0,10,-1,171,10,172,-1,173,174,175,-1,175,174,176,-1,172,10,177,-1,177,10,9,-1,67,178,18,-1,18,178,179,-1,18,179,16,-1,16,179,175,-1,16,175,47,-1,47,175,176,-1,47,176,42,-1,42,176,177,-1,42,177,36,-1,36,177,9,-1,177,180,172,-1,172,180,174,-1,172,174,67,-1,67,174,173,-1,67,173,178,-1,181,69,61,-1,61,69,68,-1,120,62,121,-1,121,62,61,-1,121,61,156,-1,156,61,68,-1,122,121,156,-1,122,156,124,-1,150,148,157,-1,157,148,146,-1,157,146,144,-1,130,128,156,-1,156,128,126,-1,156,126,124,-1,144,142,157,-1,157,142,140,-1,157,140,138,-1,138,137,157,-1,157,137,134,-1,157,134,156,-1,156,134,132,-1,156,132,130,-1,95,67,66,-1,95,66,96,-1,96,66,63,-1,96,63,97,-1,97,63,54,-1,97,54,98,-1,98,54,56,-1,98,56,99,-1,99,56,58,-1,99,58,90,-1,90,58,60,-1,90,60,91,-1,91,60,62,-1,91,62,92,-1,120,93,62,-1,62,93,92,-1,94,172,95,-1,95,172,67,-1,93,120,123,-1,93,123,88,-1,88,123,125,-1,88,125,89,-1,89,125,127,-1,89,127,108,-1,108,127,129,-1,108,129,109,-1,109,129,131,-1,109,131,110,-1,110,131,133,-1,110,133,115,-1,115,133,135,-1,115,135,116,-1,106,158,169,-1,106,169,107,-1,107,169,167,-1,107,167,113,-1,113,167,165,-1,113,165,114,-1,114,165,164,-1,114,164,100,-1,100,164,163,-1,100,163,101,-1,101,163,171,-1,101,171,102,-1,102,171,172,-1,102,172,94,-1,136,117,135,-1,135,117,116,-1,105,151,106,-1,106,151,158,-1,117,136,139,-1,117,139,111,-1,111,139,141,-1,111,141,112,-1,112,141,143,-1,112,143,118,-1,118,143,145,-1,118,145,119,-1,119,145,147,-1,119,147,103,-1,103,147,149,-1,103,149,104,-1,104,149,151,-1,104,151,105,-1,182,183,179,-1,179,183,175,-1,183,184,175,-1,175,184,173,-1,184,185,173,-1,173,185,178,-1,185,182,178,-1,178,182,179,-1,185,184,182,-1,182,184,183,-1,186,187,174,-1,174,187,176,-1,187,188,176,-1,176,188,177,-1,188,189,177,-1,177,189,180,-1,189,186,180,-1,180,186,174,-1,189,188,186,-1,186,188,187,-1,161,190,3,-1,3,190,152,-1,3,152,5,-1,5,152,154,-1,5,154,34,-1,191,64,71,-1,71,64,23,-1,71,23,70,-1,70,23,22,-1,70,22,24,-1,190,160,152,-1,152,160,153,-1,166,168,160,-1,160,168,170,-1,160,170,159,-1,190,161,160,-1,160,161,162,-1,160,162,166,-1,181,191,69,-1,69,191,71,-1,57,181,59,-1,59,181,61,-1,64,191,65,-1,65,191,181,-1,65,181,55,-1,55,181,57,-1,
        ]
    }
}
Shape{
    appearance Appearance {
        material  Material 	{
            diffuseColor 0.6666666666666666 0.6666666666666666 0.6666666666666666
            specularColor 0.4666666666666667 0.4666666666666667 0.4666666666666667
            ambientIntensity 0.6667
            transparency 0.0
            shininess 0.5
        }
    }
    geometry IndexedFaceSet {
        ccw TRUE
        solid FALSE
        coord DEF co Coordinate {
            point [
                -0.315 -0.0229 -0.6693, -0.315 -0.0229 0.0787, -0.1575 -0.0229 -0.6693, -0.1575 -0.0229 0.0787, -0.315 -0.1016 -0.6693, -0.1575 -0.1016 -0.6693, -0.315 -0.1016 0.0787, -0.1575 -0.1016 0.0787, -0.7874 -0.0229 -0.6693, -0.7874 -0.0229 0.0787, -0.6299 -0.0229 -0.6693, -0.6299 -0.0229 0.0787, -0.7874 -0.1016 -0.6693, -0.6299 -0.1016 -0.6693, -0.7874 -0.1016 0.0787, -0.6299 -0.1016 0.0787, -1.2599 -0.0229 -0.6693, -1.2599 -0.0229 0.0787, -1.1024 -0.0229 -0.6693, -1.1024 -0.0229 0.0787, -1.2599 -0.1016 -0.6693, -1.1024 -0.1016 -0.6693, -1.2599 -0.1016 0.0787, -1.1024 -0.1016 0.0787, 0.3149 -0.0229 0.0787, 0.3149 -0.0229 -0.6693, 0.1575 -0.0229 0.0787, 0.1575 -0.0229 -0.6693, 0.3149 -0.1016 -0.6693, 0.3149 -0.1016 0.0787, 0.1575 -0.1016 -0.6693, 0.1575 -0.1016 0.0787, 0.7874 -0.0229 0.0787, 0.7874 -0.0229 -0.6693, 0.6299 -0.0229 0.0787, 0.6299 -0.0229 -0.6693, 0.7874 -0.1016 -0.6693, 0.6299 -0.1016 -0.6693, 0.7874 -0.1016 0.0787, 0.6299 -0.1016 0.0787, 1.2598 -0.0229 0.0787, 1.2598 -0.0229 -0.6693, 1.1023 -0.0229 0.0787, 1.1023 -0.0229 -0.6693, 1.2598 -0.1016 -0.6693, 1.1023 -0.1016 -0.6693, 1.2598 -0.1016 0.0787, 1.1023 -0.1016 0.0787, 0.936 -0.6843 3.6455, 0.8743 -0.6843 3.6455, 0.8743 -0.6843 3.5896, 0.7622 -0.6843 3.557, 0.7341 -0.6843 3.557, 0.7341 -0.6843 3.5306, 0.457 -0.6843 3.5866, 0.4668 -0.6843 3.5777, 0.4894 -0.6843 3.5896, 0.3079 -0.6843 3.6364, 0.3119 -0.6843 3.6455, -1.2677 -0.6843 3.6455, 0.8573 -0.6843 3.5212, 0.8553 -0.6843 3.521, 0.8743 -0.6843 3.521, 1.0276 -0.6843 3.6461, 1.0196 -0.6843 3.6676, 0.9908 -0.6843 3.6676, 0.8834 -0.6843 3.7246, 0.936 -0.6843 3.7252, 0.8743 -0.6843 3.7252, 0.8852 -0.6843 3.6461, 0.9 -0.6843 3.6461, 0.8852 -0.6843 3.6551, 0.9 -0.6843 3.7246, 0.8834 -0.6843 3.7155, 0.9348 -0.6843 3.6477, 0.9216 -0.6843 3.6461, 0.9224 -0.6843 3.7246, 0.9241 -0.6843 3.7245, 0.8531 -0.6843 3.7155, 0.8531 -0.6843 3.6904, 0.8743 -0.6843 3.7155, 0.8743 -0.6843 3.6904, 0.8812 -0.6843 3.6904, 0.8812 -0.6843 3.6815, 0.8743 -0.6843 3.6551, 0.8743 -0.6843 3.6815, 0.8531 -0.6843 3.6551, 0.8531 -0.6843 3.6815, 0.8743 -0.6843 3.6461, 0.843 -0.6843 3.6461, 0.987 -0.6843 3.6676, 0.9794 -0.6843 3.6461, 0.9908 -0.6843 3.6455, 0.9661 -0.6843 3.6455, 0.9682 -0.6843 3.6461, 0.9661 -0.6843 3.7252, 0.9908 -0.6843 3.7055, 0.9908 -0.6843 3.7252, 1.0089 -0.6843 3.7246, 1.0388 -0.6843 3.6461, 1.0643 -0.6843 3.6455, 0.8071 -0.6843 3.6538, 0.8116 -0.6843 3.654, 0.824 -0.6843 3.7136, 0.799 -0.6843 3.7153, 0.7928 -0.6843 3.7125, 0.7875 -0.6843 3.708, 0.7869 -0.6843 3.7074, 0.7831 -0.6843 3.7019, 0.7805 -0.6843 3.6951, 0.7792 -0.6843 3.6845, 0.7792 -0.6843 3.6834, 0.7805 -0.6843 3.6739, 0.7887 -0.6843 3.6604, 0.7939 -0.6843 3.6568, 0.7995 -0.6843 3.6547, 0.8173 -0.6843 3.7159, 0.8088 -0.6843 3.7167, 0.8059 -0.6843 3.7166, 0.783 -0.6843 3.6675, 0.7869 -0.6843 3.6621, 0.8204 -0.6843 3.6559, 0.824 -0.6843 3.6575, 0.8254 -0.6843 3.7131, 0.8273 -0.6843 3.6591, 0.8273 -0.6843 3.7121, 0.8306 -0.6843 3.6455, 0.8273 -0.6843 3.7227, 0.8306 -0.6843 3.7252, 0.824 -0.6843 3.7237, 0.824 -0.6843 3.7252, 0.8201 -0.6843 3.7249, 0.8166 -0.6843 3.7252, 0.8032 -0.6843 3.7252, 0.8087 -0.6843 3.7259, 0.824 -0.6843 3.8976, 0.8101 -0.6843 3.7259, 0.7918 -0.6843 3.647, 0.7845 -0.6843 3.6506, 0.7674 -0.6843 3.6455, 0.7674 -0.6843 3.8976, 0.7674 -0.6843 3.7252, 0.7975 -0.6843 3.7245, 0.7893 -0.6843 3.7214, 0.7787 -0.6843 3.6555, 0.7779 -0.6843 3.6563, 0.7733 -0.6843 3.663, 0.7709 -0.6843 3.6994, 0.7749 -0.6843 3.7079, 0.7701 -0.6843 3.6712, 0.7686 -0.6843 3.6839, 0.7688 -0.6843 3.6894, 0.7799 -0.6843 3.7143, 0.7817 -0.6843 3.716, 0.7985 -0.6843 3.6455, 0.7674 -0.6843 3.5896, 0.8002 -0.6843 3.6451, 0.8056 -0.6843 3.6448, 0.824 -0.6843 3.5896, 0.8125 -0.6843 3.6455, 0.8273 -0.6843 3.6494, 0.826 -0.6843 3.6487, 0.824 -0.6843 3.6455, 0.824 -0.6843 3.648, 0.8176 -0.6843 3.6459, 0.9549 -0.6843 3.7114, 0.9597 -0.6843 3.7046, 0.9614 -0.6843 3.6712, 0.9573 -0.6843 3.6632, 0.9521 -0.6843 3.7142, 0.9521 -0.6843 3.6571, 0.9438 -0.6843 3.6512, 0.936 -0.6843 3.6482, 0.9359 -0.6843 3.7228, 0.936 -0.6843 3.7228, 0.9452 -0.6843 3.7191, 0.9626 -0.6843 3.6971, 0.9639 -0.6843 3.6863, 0.9635 -0.6843 3.6802, 0.7811 -0.6843 3.5738, 0.7811 -0.6843 3.5642, 0.7674 -0.6843 3.521, 0.8206 -0.6843 3.5577, 0.8206 -0.6843 3.5217, 0.824 -0.6843 3.521, 0.8108 -0.6843 3.5217, 0.7837 -0.6843 3.5225, 0.7875 -0.6843 3.521, 0.7877 -0.6843 3.521, 0.7773 -0.6843 3.5289, 0.7761 -0.6843 3.5322, 0.7804 -0.6843 3.5248, 0.7793 -0.6843 3.5259, 0.8197 -0.6843 3.5657, 0.8182 -0.6843 3.57, 0.8161 -0.6843 3.5731, 0.7756 -0.6843 3.5367, 0.7761 -0.6843 3.5415, 0.7773 -0.6843 3.545, 0.7794 -0.6843 3.5482, 0.7824 -0.6843 3.5508, 0.7864 -0.6843 3.553, 0.7875 -0.6843 3.5683, 0.7942 -0.6843 3.555, 0.8028 -0.6843 3.5707, 0.7994 -0.6843 3.571, 0.7936 -0.6843 3.5704, 0.8108 -0.6843 3.5303, 0.8105 -0.6843 3.5303, 0.809 -0.6843 3.528, 0.8059 -0.6843 3.5247, 0.8063 -0.6843 3.5785, 0.8104 -0.6843 3.5772, 0.8137 -0.6843 3.5753, 0.8108 -0.6843 3.5573, 0.8105 -0.6843 3.5616, 0.8094 -0.6843 3.5651, 0.8083 -0.6843 3.5672, 0.7843 -0.6843 3.5755, 0.7918 -0.6843 3.5781, 0.8004 -0.6843 3.579, 0.8068 -0.6843 3.5687, 0.8051 -0.6843 3.5699, 0.7934 -0.6843 3.5204, 0.7674 -0.6843 3.49, 0.7984 -0.6843 3.5209, 0.824 -0.6843 3.49, 0.7987 -0.6843 3.521, 0.9983 -0.6843 3.5217, 0.9983 -0.6843 3.5896, 0.9908 -0.6843 3.5896, 0.9983 -0.6843 3.6001, 1.0206 -0.6843 3.6001, 1.0224 -0.6843 3.6001, 1.0342 -0.6843 3.5984, 1.0531 -0.6843 3.587, 1.058 -0.6843 3.5801, 1.0643 -0.6843 3.5896, 1.0643 -0.6843 3.521, 1.033 -0.6843 3.5233, 1.0198 -0.6843 3.5217, 1.0434 -0.6843 3.5946, 1.0503 -0.6843 3.5897, 1.0505 -0.6843 3.5896, 1.0596 -0.6843 3.5468, 1.0556 -0.6843 3.5388, 0.9908 -0.6843 3.521, 1.0503 -0.6843 3.5327, 1.042 -0.6843 3.5267, 1.0608 -0.6843 3.5726, 1.0621 -0.6843 3.5619, 1.0618 -0.6843 3.5558, 0.9025 -0.6843 3.5356, 0.9037 -0.6843 3.531, 0.904 -0.6843 3.531, 0.9044 -0.6843 3.5329, 0.9052 -0.6843 3.5355, 0.8879 -0.6843 3.5777, 0.9205 -0.6843 3.5777, 0.936 -0.6843 3.5896, 0.8926 -0.6843 3.5081, 0.8946 -0.6843 3.5116, 0.8985 -0.6843 3.521, 0.8989 -0.6843 3.5218, 0.8852 -0.6843 3.4953, 0.8743 -0.6843 3.49, 0.8892 -0.6843 3.4958, 0.936 -0.6843 3.49, 0.8831 -0.6843 3.4954, 0.8789 -0.6843 3.4961, 0.8789 -0.6843 3.5048, 0.9083 -0.6843 3.521, 0.9052 -0.6843 3.5132, 0.9008 -0.6843 3.5046, 0.8972 -0.6843 3.5002, 0.8965 -0.6843 3.4996, 0.8931 -0.6843 3.4972, 0.8809 -0.6843 3.5042, 0.8845 -0.6843 3.5037, 0.8868 -0.6843 3.504, 0.889 -0.6843 3.5048, 0.8908 -0.6843 3.506, 0.8769 -0.6843 3.5777, 0.8691 -0.6843 3.567, 0.8558 -0.6843 3.579, 0.862 -0.6843 3.5785, 0.8691 -0.6843 3.5765, 0.8713 -0.6843 3.533, 0.8701 -0.6843 3.5299, 0.8683 -0.6843 3.5273, 0.8385 -0.6843 3.5896, 0.8385 -0.6843 3.5729, 0.8403 -0.6843 3.5745, 0.8429 -0.6843 3.5761, 0.8483 -0.6843 3.5781, 0.8685 -0.6843 3.5462, 0.8703 -0.6843 3.5435, 0.8714 -0.6843 3.5406, 0.8718 -0.6843 3.5369, 0.8655 -0.6843 3.5248, 0.8626 -0.6843 3.5231, 0.8548 -0.6843 3.571, 0.8519 -0.6843 3.5708, 0.8441 -0.6843 3.5635, 0.8493 -0.6843 3.5701, 0.8471 -0.6843 3.5689, 0.8442 -0.6843 3.5622, 0.8446 -0.6843 3.5606, 0.8453 -0.6843 3.5593, 0.8463 -0.6843 3.5583, 0.8497 -0.6843 3.5561, 0.8618 -0.6843 3.5702, 0.8558 -0.6843 3.5534, 0.8673 -0.6843 3.568, 0.8596 -0.6843 3.5519, 0.8661 -0.6843 3.5483, 0.8456 -0.6843 3.5676, 0.8448 -0.6843 3.5664, 0.8443 -0.6843 3.565, 0.8374 -0.6843 3.5719, 0.8306 -0.6843 3.5896, 0.8356 -0.6843 3.5693, 0.8373 -0.6843 3.5317, 0.8385 -0.6843 3.5312, 0.8385 -0.6843 3.552, 0.8368 -0.6843 3.5537, 0.8355 -0.6843 3.5558, 0.8339 -0.6843 3.5338, 0.8344 -0.6843 3.5588, 0.834 -0.6843 3.5626, 0.8344 -0.6843 3.5661, 0.8384 -0.6843 3.552, 0.8434 -0.6843 3.5292, 0.8489 -0.6843 3.5463, 0.843 -0.6843 3.549, 0.8501 -0.6843 3.5284, 0.8505 -0.6843 3.5284, 0.8553 -0.6843 3.5436, 0.8556 -0.6843 3.529, 0.8617 -0.6843 3.536, 0.8616 -0.6843 3.5372, 0.8581 -0.6843 3.5299, 0.859 -0.6843 3.5304, 0.8601 -0.6843 3.5314, 0.861 -0.6843 3.5327, 0.8615 -0.6843 3.5341, 0.8611 -0.6843 3.5387, 0.8604 -0.6843 3.54, 0.8592 -0.6843 3.5413, 0.8339 -0.6843 3.5237, 0.8306 -0.6843 3.521, 0.8385 -0.6843 3.522, 0.8385 -0.6843 3.521, 0.8406 -0.6843 3.5213, 0.843 -0.6843 3.521, 0.8491 -0.6843 3.5204, 0.8385 -0.6843 3.49, 0.5501 -0.6843 3.7331, 0.5617 -0.6843 3.7252, 0.6488 -0.6843 3.7252, 0.5744 -0.6843 3.7166, 0.593 -0.6843 3.6952, 0.6046 -0.6843 3.6726, 0.6073 -0.6843 3.6716, 0.6239 -0.6843 3.6634, 0.5221 -0.6843 3.7431, 0.6488 -0.6843 3.8976, 0.4986 -0.6843 3.7456, 0.471 -0.6843 3.7422, 0.4453 -0.6843 3.7323, -1.2677 -0.6843 3.8976, 0.4339 -0.6843 3.7252, -1.2677 -0.6843 3.7252, 0.4317 -0.6843 3.7239, 0.3168 -0.6843 3.6565, 0.3302 -0.6843 3.6737, 0.3723 -0.6843 3.6977, 0.3943 -0.6843 3.7004, 0.4186 -0.6843 3.7126, 0.4007 -0.6843 3.7001, 0.4071 -0.6843 3.6993, 0.3339 -0.6843 3.6772, 0.3517 -0.6843 3.6897, -1.2677 -0.6843 3.5896, 0.304 -0.6843 3.6101, 0.3041 -0.6843 3.6154, 0.3448 -0.6843 3.5345, 0.3274 -0.6843 3.5493, -1.2677 -0.6843 3.521, 0.3147 -0.6843 3.5675, 0.3067 -0.6843 3.5882, 0.3065 -0.6843 3.5896, 0.3649 -0.6843 3.5246, 0.3727 -0.6843 3.521, 0.372 -0.6843 3.5225, -1.2677 -0.6843 3.49, 0.4019 -0.6843 3.49, 0.3968 -0.6843 3.4921, 0.3859 -0.6843 3.5003, 0.3776 -0.6843 3.5105, -0.6273 -0.6843 0.5906, -0.6351 -0.6843 0.6095, -1.2677 -0.6843 0.2362, -0.6273 -0.6843 1.063, -0.6148 -0.6843 1.0793, 0.6272 -0.6843 0.5906, 0.6147 -0.6843 0.5742, 0.6488 -0.6843 0.2362, 0.5984 -0.6843 0.5617, -0.5795 -0.6843 0.5539, -0.5984 -0.6843 0.5617, -0.6148 -0.6843 0.5742, -0.6274 -0.6843 0.9845, -0.6352 -0.6843 1.0034, -0.6378 -0.6843 1.0236, -0.6351 -0.6843 1.044, 0.6488 -0.6843 3.49, 0.5794 -0.6843 1.0997, 0.5984 -0.6843 1.0918, 0.6147 -0.6843 1.0793, 0.6272 -0.6843 1.063, 0.6351 -0.6843 1.044, 0.6351 -0.6843 1.0034, 0.6274 -0.6843 0.9845, 0.5989 -0.6843 0.6978, 0.6378 -0.6843 1.0236, 0.615 -0.6843 0.6853, 0.6274 -0.6843 0.669, 0.5801 -0.6843 0.9478, 0.5801 -0.6843 0.7058, 0.5989 -0.6843 0.9557, 0.615 -0.6843 0.9683, 0.6351 -0.6843 0.6502, 0.6378 -0.6843 0.6299, 0.6351 -0.6843 0.6095, 0.5794 -0.6843 0.5539, 0.559 -0.6843 0.5512, -0.5591 -0.6843 0.5512, -0.5802 -0.6843 0.7058, -0.5802 -0.6843 0.9478, -0.599 -0.6843 0.6978, -0.599 -0.6843 0.9557, -0.6151 -0.6843 0.9683, -0.6151 -0.6843 0.6853, -0.6378 -0.6843 0.6299, -0.6352 -0.6843 0.6502, -0.6274 -0.6843 0.669, -0.5984 -0.6843 1.0918, -0.5795 -0.6843 1.0997, -0.5591 -0.6843 1.1024, 0.4097 -0.6843 3.4867, 0.4481 -0.6843 3.49, 0.4385 -0.6843 3.4863, 0.559 -0.6843 1.1024, 0.425 -0.6843 3.4846, 0.4229 -0.6843 3.4846, 0.4772 -0.6843 3.521, 0.4772 -0.6843 3.5207, 0.4706 -0.6843 3.5083, 0.462 -0.6843 3.4988, 0.4509 -0.6843 3.4911, 0.5484 -0.6843 3.5539, 0.5523 -0.6843 3.5554, 0.5588 -0.6843 3.5872, 0.624 -0.6843 3.5337, 0.6488 -0.6843 3.521, 0.6391 -0.6843 3.5465, 0.6488 -0.6843 3.5599, 0.545 -0.6843 3.5515, 0.5566 -0.6843 3.556, 0.5571 -0.6843 3.556, 0.5588 -0.6843 3.5556, 0.5393 -0.6843 3.5387, 0.5395 -0.6843 3.5409, 0.4808 -0.6843 3.546, 0.5406 -0.6843 3.5452, 0.5427 -0.6843 3.549, 0.5523 -0.6843 3.5219, 0.5487 -0.6843 3.5234, 0.545 -0.6843 3.5259, 0.5437 -0.6843 3.5273, 0.5413 -0.6843 3.5308, 0.5398 -0.6843 3.5346, 0.4804 -0.6843 3.5345, 0.4808 -0.6843 3.5404, 0.6139 -0.6843 3.5694, 0.62 -0.6843 3.5781, 0.607 -0.6843 3.5253, 0.5884 -0.6843 3.5214, 0.5555 -0.6843 3.5214, 0.5599 -0.6843 3.5554, 0.585 -0.6843 3.5554, 0.5951 -0.6843 3.5574, 0.6049 -0.6843 3.5619, 0.6132 -0.6843 3.5687, 0.4317 -0.6843 3.5963, 0.4452 -0.6843 3.593, 0.5766 -0.6843 3.6455, 0.425 -0.6843 3.5967, 0.6239 -0.6843 3.5881, 0.624 -0.6843 3.5896, 0.5575 -0.6843 3.5896, 0.6252 -0.6843 3.5989, 0.6249 -0.6843 3.6039, 0.4116 -0.6843 3.5951, 0.3513 -0.6843 3.6455, 0.3993 -0.6843 3.5903, 0.3455 -0.6843 3.6372, 0.3408 -0.6843 3.6247, 0.3436 -0.6843 3.5896, 0.3982 -0.6843 3.5896, 0.3398 -0.6843 3.6025, 0.3391 -0.6843 3.6112, 0.6107 -0.6843 3.6313, 0.6021 -0.6843 3.6374, 0.6223 -0.6843 3.6146, 0.6171 -0.6843 3.6242, 0.5772 -0.6843 3.6424, 0.5415 -0.6843 3.6168, 0.5817 -0.6843 3.6424, 0.5923 -0.6843 3.6411, 0.4516 -0.6843 3.5896, 0.3438 -0.6843 3.5889, 0.3787 -0.6843 3.5719, 0.3879 -0.6843 3.5824, 0.3504 -0.6843 3.5777, 0.3604 -0.6843 3.5674, 0.3726 -0.6843 3.5599, 0.5652 -0.6843 3.676, 0.5526 -0.6843 3.691, 0.4244 -0.6843 3.6586, 0.5512 -0.6843 3.6922, 0.5356 -0.6843 3.7031, 0.433 -0.6843 3.6763, 0.4205 -0.6843 3.6607, 0.5738 -0.6843 3.658, 0.408 -0.6843 3.6653, 0.3949 -0.6843 3.667, 0.389 -0.6843 3.6667, 0.4455 -0.6843 3.6912, 0.5181 -0.6843 3.7098, 0.4604 -0.6843 3.7021, 0.4992 -0.6843 3.7122, 0.4786 -0.6843 3.7095, 0.3752 -0.6843 3.6634, 0.3628 -0.6843 3.6568, 0.3533 -0.6843 3.6483, 0.6502 -0.6843 3.5619, 0.6919 -0.6843 3.521, 0.6572 -0.6843 3.5796, 0.6919 -0.6843 3.5896, 0.6585 -0.6843 3.5896, 0.6919 -0.6843 3.6455, 0.6572 -0.6843 3.6177, 0.6598 -0.6843 3.5995, 0.639 -0.6843 3.6506, 0.6427 -0.6843 3.6455, 0.6488 -0.6843 3.6455, 0.6488 -0.6843 3.637, 0.6504 -0.6843 3.6348, 1.1259 -0.6843 3.5217, 1.1179 -0.6843 3.5431, 1.0852 -0.6843 3.5431, 1.0777 -0.6843 3.5217, 1.137 -0.6843 3.5217, 1.2024 -0.6843 3.521, 1.1112 -0.6843 3.5896, 1.2024 -0.6843 3.5896, 1.1072 -0.6843 3.6001, 1.2024 -0.6843 3.6455, 1.0963 -0.6843 3.6001, 1.0923 -0.6843 3.5896, 1.0665 -0.6843 3.5217, 0.9834 -0.6843 3.5306, 0.9834 -0.6843 3.5217, 0.9661 -0.6843 3.521, 0.9514 -0.6843 3.557, 0.9514 -0.6843 3.5306, 0.9661 -0.6843 3.557, 0.9661 -0.6843 3.5306, 0.9794 -0.6843 3.557, 0.9514 -0.6843 3.5896, 0.9514 -0.6843 3.566, 0.9661 -0.6843 3.5896, 0.9661 -0.6843 3.566, 0.9794 -0.6843 3.566, 0.9412 -0.6843 3.5217, 0.9412 -0.6843 3.5896, 0.9412 -0.6843 3.6001, 0.9661 -0.6843 3.5217, 0.936 -0.6843 3.521, 0.9307 -0.6843 3.5777, 0.7658 -0.6843 3.5896, 0.7341 -0.6843 3.5896, 0.7341 -0.6843 3.566, 0.7622 -0.6843 3.566, 0.7658 -0.6843 3.5306, 0.7341 -0.6843 3.5911, 0.7644 -0.6843 3.5911, 0.7644 -0.6843 3.6001, 0.7658 -0.6843 3.6455, 0.7658 -0.6843 3.521, 0.7658 -0.6843 3.5217, 0.724 -0.6843 3.5217, 0.724 -0.6843 3.6001, 0.724 -0.6843 3.5896, 0.7662 -0.6843 3.5217, 0.7662 -0.6843 3.5306, 0.6919 -0.6843 3.7252, 0.6919 -0.6843 3.8976, 0.7658 -0.6843 3.8976, 0.7658 -0.6843 3.7252, 0.7654 -0.6843 3.6551, 0.7654 -0.6843 3.6461, 0.724 -0.6843 3.6461, 0.7341 -0.6843 3.6551, 0.7341 -0.6843 3.7246, 0.724 -0.6843 3.7246, 0.7658 -0.6843 3.49, 0.6919 -0.6843 3.49, 0.8385 -0.6843 3.7252, 0.8385 -0.6843 3.6455, 0.8024 -0.6843 3.5224, 0.8306 -0.6843 3.49, 0.843 -0.6843 3.7246, 0.8743 -0.6843 3.7246, 0.9514 -0.6843 3.5911, 0.9661 -0.6843 3.5911, 0.9817 -0.6843 3.5911, 0.9817 -0.6843 3.6001, 0.9661 -0.6843 3.6001, 0.8306 -0.6843 3.8976, 0.8385 -0.6843 3.8976, 0.8743 -0.6843 3.8976, 0.936 -0.6843 3.8976, 0.9661 -0.6843 3.8976, 0.9908 -0.6843 3.8976, 1.0643 -0.6843 3.8976, 1.0643 -0.6843 3.7252, 1.2024 -0.6843 3.8976, 1.2024 -0.6843 3.7252, 1.2677 -0.6843 3.8976, 0.9981 -0.6843 3.7246, 1.2677 -0.6843 3.7252, 1.2677 -0.6843 3.6455, 1.2677 -0.6843 3.5896, 1.2677 -0.6843 3.521, 0.9661 -0.6843 3.49, 0.9908 -0.6843 3.49, 1.0643 -0.6843 3.49, 1.2024 -0.6843 3.49, 1.2677 -0.6843 3.49, 0.6919 -0.6843 0.2362, 0.7658 -0.6843 0.2362, 0.7674 -0.6843 0.2362, 0.824 -0.6843 0.2362, 0.8306 -0.6843 0.2362, 0.8385 -0.6843 0.2362, 0.8743 -0.6843 0.2362, 0.936 -0.6843 0.2362, 0.9661 -0.6843 0.2362, 0.9908 -0.6843 0.2362, 1.0643 -0.6843 0.2362, 1.2024 -0.6843 0.2362, 1.2677 -0.6843 0.2362, 0.559 -0.5662 1.1024, -0.5591 -0.5662 1.1024, 0.559 -0.5662 0.5512, -0.5591 -0.5662 0.5512, -1.7599 0.0677 0.5512, -1.7599 0.0677 3.8976, -1.7475 0.1772 3.8976, -1.7475 0.1772 0.5512, -1.7111 0.2812 3.8976, -1.7111 0.2812 0.5512, -1.6525 0.3745 3.8976, -1.6525 0.3745 0.5512, -1.5746 0.4524 3.8976, -1.5746 0.4524 0.5512, -1.4813 0.5111 3.8976, -1.4813 0.5111 0.5512, -1.3772 0.5475 3.8976, -1.3772 0.5475 0.5512, -1.2677 0.5598 3.8976, -1.2677 0.5598 0.5512, 1.2677 0.5598 0.5512, 1.2677 0.5598 3.8976, -1.3772 -0.6719 3.8976, -1.3772 -0.6719 0.2362, -1.4813 -0.6355 3.8976, -1.4813 -0.6355 0.2362, -1.5746 -0.5769 3.8976, -1.5746 -0.5769 0.2362, -1.6525 -0.499 3.8976, -1.6525 -0.499 0.2362, -1.7111 -0.4057 3.8976, -1.7111 -0.4057 0.2362, -1.7475 -0.3017 3.8976, -1.7475 -0.3017 0.2362, -1.7599 -0.1922 3.8976, -1.7599 -0.1922 0.2362, -1.7599 -0.1488 0.2362, -1.7599 0.0283 0.4043, -1.7599 -0.1488 -0.6299, -1.7599 0.0473 0.3964, -1.7599 0.0473 0.5485, -1.7599 0.0283 0.5406, -1.7599 0.2055 0.3937, -1.7599 0.2055 -0.6693, -1.7599 0.0677 0.3937, -1.7599 -0.1095 -0.6693, -1.7599 -0.1197 -0.6679, -1.7599 -0.0111 0.4724, -1.7599 -0.0084 0.4521, -1.7599 -0.0005 0.4331, -1.7599 0.012 0.4168, -1.7599 -0.1292 -0.664, -1.7599 -0.1373 -0.6578, -1.7599 -0.1436 -0.6496, -1.7599 -0.1475 -0.6401, -1.7599 0.012 0.5281, -1.7599 -0.0005 0.5118, -1.7599 -0.0084 0.4928, -1.7599 0.2252 0.3884, -1.7599 0.2333 0.3822, -1.7599 0.2157 0.3924, -1.7599 0.2396 0.374, -1.7599 0.2435 0.3645, -1.7599 0.2449 0.3543, -1.7599 0.2449 -0.6299, -1.7599 0.2157 -0.6679, -1.7599 0.2435 -0.6401, -1.7599 0.2396 -0.6496, -1.7599 0.2333 -0.6578, -1.7599 0.2252 -0.664, 1.5322 -0.4566 3.8976, 1.6525 -0.499 3.8976, 1.5916 -0.3792 3.8976, 1.7111 -0.4057 3.8976, 1.629 -0.289 3.8976, 1.7475 -0.3017 3.8976, 1.6417 -0.1922 3.8976, 1.7598 -0.1922 3.8976, 1.6417 0.0677 3.8976, 1.7598 0.0677 3.8976, 1.629 0.1645 3.8976, 1.7475 0.1772 3.8976, 1.5916 0.2547 3.8976, 1.7111 0.2812 3.8976, 1.5322 0.3322 3.8976, -1.5322 -0.4566 3.8976, -1.4547 -0.5161 3.8976, -1.3645 -0.5534 3.8976, -1.2677 -0.5662 3.8976, 1.2677 -0.5662 3.8976, 1.3645 -0.5534 3.8976, 1.3772 -0.6719 3.8976, 1.4547 -0.5161 3.8976, 1.4812 -0.6355 3.8976, 1.5745 -0.5769 3.8976, 1.6525 0.3745 3.8976, 1.5745 0.4524 3.8976, 1.4547 0.3916 3.8976, 1.4812 0.5111 3.8976, 1.3645 0.429 3.8976, 1.3772 0.5475 3.8976, 1.2677 0.4417 3.8976, -1.2677 0.4417 3.8976, -1.3645 0.429 3.8976, -1.4547 0.3916 3.8976, -1.5322 0.3322 3.8976, -1.5916 0.2547 3.8976, -1.629 0.1645 3.8976, -1.6418 0.0677 3.8976, -1.6418 -0.1922 3.8976, -1.629 -0.289 3.8976, -1.5916 -0.3792 3.8976, -1.2677 0.4417 0.5512, -1.3645 0.429 0.5512, -1.4547 0.3916 0.5512, -1.5322 0.3322 0.5512, -1.5916 0.2547 0.5512, -1.629 0.1645 0.5512, -1.6418 0.0677 0.5512, 1.2677 0.4417 0.5512, -0.6273 -0.5662 0.6693, -0.6351 -0.5662 0.6503, -1.2677 -0.5662 0.2362, -0.6378 -0.5662 0.6299, -0.6351 -0.5662 0.6095, -0.6378 -0.5662 1.0236, -0.6351 -0.5662 1.044, -0.6273 -0.5662 1.063, -0.5984 -0.5662 0.9554, -0.5802 -0.5662 0.9478, -0.5802 -0.5662 0.7058, -0.6273 -0.5662 0.5906, -0.6148 -0.5662 0.5742, -0.5984 -0.5662 0.5617, 0.5794 -0.5662 0.5539, 0.5984 -0.5662 0.5617, 1.2677 -0.5662 0.2362, 0.6272 -0.5662 0.9843, 0.6351 -0.5662 1.0032, 0.6147 -0.5662 0.6856, -0.6351 -0.5662 1.0032, -0.6273 -0.5662 0.9843, -0.6148 -0.5662 0.9679, -0.6148 -0.5662 0.6856, -0.5984 -0.5662 0.6981, 0.6147 -0.5662 0.5742, 0.6272 -0.5662 0.5906, 0.6351 -0.5662 0.6095, 0.6378 -0.5662 0.6299, 0.6351 -0.5662 0.6503, 0.6272 -0.5662 0.6693, 0.6351 -0.5662 1.044, 0.6272 -0.5662 1.063, 0.6147 -0.5662 1.0793, 0.5984 -0.5662 1.0918, -0.5795 -0.5662 1.0997, -0.5984 -0.5662 1.0918, -0.6148 -0.5662 1.0793, 0.6378 -0.5662 1.0236, -0.5795 -0.5662 0.5539, 0.5801 -0.5662 0.7058, 0.5801 -0.5662 0.9478, 0.5984 -0.5662 0.6981, 0.5984 -0.5662 0.9554, 0.6147 -0.5662 0.9679, 0.5794 -0.5662 1.0997, -1.6418 -0.1922 0.2362, -1.629 -0.289 0.2362, -1.5916 -0.3792 0.2362, -1.5322 -0.4566 0.2362, -1.4547 -0.5161 0.2362, -1.3645 -0.5534 0.2362, -1.6418 -0.0005 0.4331, -1.6418 -0.0084 0.4521, -1.6418 0.0473 0.5485, -1.6418 0.0283 0.5406, -1.6418 0.012 0.5281, -1.6418 -0.1373 -0.6578, -1.6418 -0.1292 -0.664, -1.6418 -0.1197 -0.6679, -1.6418 0.012 0.4168, -1.6418 -0.1488 0.2362, -1.6418 0.0283 0.4043, -1.6418 0.2055 -0.6693, -1.6418 0.2055 0.3937, -1.6418 -0.1095 -0.6693, -1.6418 0.0677 0.3937, -1.6418 0.0473 0.3964, -1.6418 -0.1436 -0.6496, -1.6418 -0.1488 -0.6299, -1.6418 -0.1475 -0.6401, -1.6418 -0.0111 0.4724, -1.6418 -0.0084 0.4928, -1.6418 -0.0005 0.5118, -1.6418 0.2396 -0.6496, -1.6418 0.2157 -0.6679, -1.6418 0.2333 -0.6578, -1.6418 0.2252 -0.664, -1.6418 0.2435 -0.6401, -1.6418 0.2449 -0.6299, -1.6418 0.2449 0.3543, -1.6418 0.2435 0.3645, -1.6418 0.2396 0.374, -1.6418 0.2333 0.3822, -1.6418 0.2157 0.3924, -1.6418 0.2252 0.3884, 1.7598 0.0677 0.5512, 1.6417 0.0677 0.5512, 1.7475 0.1772 0.5512, 1.629 0.1645 0.5512, 1.7111 0.2812 0.5512, 1.5916 0.2547 0.5512, 1.6525 0.3745 0.5512, 1.5322 0.3322 0.5512, 1.5745 0.4524 0.5512, 1.4547 0.3916 0.5512, 1.3645 0.429 0.5512, 1.3772 0.5475 0.5512, 1.4812 0.5111 0.5512, -0.5408 -0.5556 0.7087, -0.5408 -0.5556 0.9449, -0.3123 -0.4237 0.7087, -0.3123 -0.4237 0.9449, -0.2782 -0.404 0.9343, -0.2641 -0.3959 0.9218, -0.2533 -0.3896 0.9055, -0.2441 -0.3843 0.8661, -0.2441 -0.3843 0.7874, -0.2947 -0.4135 0.7113, -0.2533 -0.3896 0.748, -0.2641 -0.3959 0.7317, -0.2782 -0.404 0.7192, -0.2947 -0.4135 0.9422, -0.2464 -0.3857 0.8865, -0.2464 -0.3857 0.767, -0.1851 -0.4866 0.8661, -0.1851 -0.4866 0.7874, -0.4817 -0.6579 0.9449, -0.4817 -0.6579 0.7087, -0.2533 -0.526 0.9449, -0.2533 -0.526 0.7087, -0.1942 -0.4919 0.9055, -0.205 -0.4981 0.9218, -0.2192 -0.5063 0.9343, -0.2356 -0.5158 0.9422, -0.2192 -0.5063 0.7192, -0.205 -0.4981 0.7317, -0.1942 -0.4919 0.748, -0.1874 -0.488 0.8865, -0.2356 -0.5158 0.7113, -0.1874 -0.488 0.767, -0.5292 -0.6776 0.9449, -0.5292 -0.6776 0.7087, -0.5795 -0.6843 0.706, -0.5693 -0.684 0.708, -0.5693 -0.684 0.9456, -0.5591 -0.6831 0.7087, -0.5591 -0.6831 0.9449, -0.5794 -0.6843 0.9476, -0.5794 -0.5661 0.7059, -0.5696 -0.5655 0.708, -0.5591 -0.5633 0.9449, -0.5598 -0.5634 0.9449, -0.5795 -0.5662 0.9476, -0.5696 -0.5655 0.9456, -0.5598 -0.5635 0.7087, -0.5591 -0.5633 0.7087, -0.6351 -0.6843 0.6503, -0.6273 -0.6843 0.6693, -0.6148 -0.6843 0.6856, -0.5984 -0.6843 0.6981, -0.5795 -0.6843 0.706, -0.6351 -0.6843 1.0032, -0.6273 -0.6843 0.9843, -0.6148 -0.6843 0.9679, -0.5984 -0.6843 0.9554, 1.7598 -0.1922 0.2362, 1.7475 -0.3017 0.2362, 1.7111 -0.4057 0.2362, 1.6525 -0.499 0.2362, 1.5745 -0.5769 0.2362, 1.4812 -0.6355 0.2362, 1.3772 -0.6719 0.2362, 1.7598 -0.1488 0.2362, 1.7598 0.0283 0.4043, 1.7598 0.012 0.4168, 1.7598 0.0677 0.3937, 1.7598 -0.1095 -0.6693, 1.7598 0.2055 0.3937, 1.7598 0.2055 -0.6693, 1.7598 -0.0005 0.4331, 1.7598 -0.0084 0.4521, 1.7598 0.0473 0.5485, 1.7598 0.0283 0.5406, 1.7598 0.012 0.5281, 1.7598 -0.1436 -0.6496, 1.7598 -0.1373 -0.6578, 1.7598 0.0473 0.3964, 1.7598 -0.1488 -0.6299, 1.7598 -0.1475 -0.6401, 1.7598 -0.1292 -0.664, 1.7598 -0.1197 -0.6679, 1.7598 -0.0111 0.4724, 1.7598 -0.0084 0.4928, 1.7598 -0.0005 0.5118, 1.7598 0.2396 -0.6496, 1.7598 0.2157 -0.6679, 1.7598 0.2333 -0.6578, 1.7598 0.2252 -0.664, 1.7598 0.2435 -0.6401, 1.7598 0.2449 -0.6299, 1.7598 0.2449 0.3543, 1.7598 0.2435 0.3645, 1.7598 0.2396 0.374, 1.7598 0.2333 0.3822, 1.7598 0.2157 0.3924, 1.7598 0.2252 0.3884, 1.3645 -0.5534 0.2362, 1.4547 -0.5161 0.2362, 1.5322 -0.4566 0.2362, 1.5916 -0.3792 0.2362, 1.629 -0.289 0.2362, 1.6417 -0.1922 0.2362, 1.6417 -0.1095 -0.6693, 1.6417 0.0677 0.3937, 1.6417 0.2055 -0.6693, 1.6417 0.2055 0.3937, 1.6417 0.0473 0.5485, 1.6417 0.0283 0.5406, 1.6417 0.012 0.5281, 1.6417 -0.0005 0.5118, 1.6417 -0.0084 0.4928, 1.6417 -0.0111 0.4724, 1.6417 -0.1197 -0.6679, 1.6417 -0.1292 -0.664, 1.6417 -0.1373 -0.6578, 1.6417 -0.1488 0.2362, 1.6417 0.0283 0.4043, 1.6417 -0.1488 -0.6299, 1.6417 0.0473 0.3964, 1.6417 -0.1475 -0.6401, 1.6417 -0.1436 -0.6496, 1.6417 0.2396 0.374, 1.6417 0.2333 0.3822, 1.6417 0.2157 0.3924, 1.6417 0.2252 0.3884, 1.6417 -0.0084 0.4521, 1.6417 -0.0005 0.4331, 1.6417 0.012 0.4168, 1.6417 0.2435 0.3645, 1.6417 0.2449 0.3543, 1.6417 0.2449 -0.6299, 1.6417 0.2157 -0.6679, 1.6417 0.2435 -0.6401, 1.6417 0.2396 -0.6496, 1.6417 0.2333 -0.6578, 1.6417 0.2252 -0.664, 0.3123 -0.4237 0.9449, 0.5408 -0.5556 0.9449, 0.2441 -0.3843 0.8661, 0.2464 -0.3857 0.767, 0.2441 -0.3843 0.7874, 0.3123 -0.4237 0.7087, 0.5408 -0.5556 0.7087, 0.2532 -0.3896 0.9055, 0.264 -0.3959 0.9218, 0.2782 -0.404 0.9343, 0.2946 -0.4135 0.7113, 0.2782 -0.404 0.7192, 0.264 -0.3959 0.7317, 0.2464 -0.3857 0.8865, 0.2946 -0.4135 0.9422, 0.2532 -0.3896 0.748, 0.185 -0.4866 0.7874, 0.185 -0.4866 0.8661, 0.2356 -0.5158 0.7113, 0.2532 -0.526 0.7087, 0.4817 -0.6579 0.7087, 0.4817 -0.6579 0.9449, 0.1873 -0.488 0.767, 0.1942 -0.4919 0.748, 0.2532 -0.526 0.9449, 0.2356 -0.5158 0.9422, 0.2191 -0.5063 0.9343, 0.205 -0.4981 0.7317, 0.2191 -0.5063 0.7192, 0.205 -0.4981 0.9218, 0.1942 -0.4919 0.9055, 0.1873 -0.488 0.8865, 0.5693 -0.684 0.9456, 0.5794 -0.6843 0.9476, 0.5292 -0.6776 0.7087, 0.559 -0.6831 0.7087, 0.559 -0.6831 0.9449, 0.5693 -0.684 0.708, 0.5794 -0.6843 0.706, 0.5292 -0.6776 0.9449, 0.5696 -0.5655 0.9456, 0.5696 -0.5655 0.708, 0.5598 -0.5634 0.9449, 0.5598 -0.5635 0.7087, 0.559 -0.5633 0.9449, 0.5794 -0.5661 0.7059, 0.5794 -0.5662 0.9476, 0.559 -0.5633 0.7087, 0.6351 -0.6843 0.6503, 0.6272 -0.6843 0.6693, 0.6147 -0.6843 0.6856, 0.5794 -0.6843 0.706, 0.5984 -0.6843 0.6981, 0.6351 -0.6843 1.0032, 0.6272 -0.6843 0.9843, 0.6147 -0.6843 0.9679, 0.5984 -0.6843 0.9554
            ]
        }
        coordIndex [
            0,1,2,-1,2,1,3,-1,4,0,5,-1,5,0,2,-1,6,4,7,-1,7,4,5,-1,4,6,0,-1,0,6,1,-1,7,5,3,-1,3,5,2,-1,8,9,10,-1,10,9,11,-1,12,8,13,-1,13,8,10,-1,12,14,8,-1,8,14,9,-1,14,12,15,-1,15,12,13,-1,15,13,11,-1,11,13,10,-1,16,17,18,-1,18,17,19,-1,20,16,21,-1,21,16,18,-1,20,22,16,-1,16,22,17,-1,22,20,23,-1,23,20,21,-1,23,21,19,-1,19,21,18,-1,24,25,26,-1,26,25,27,-1,28,29,30,-1,30,29,31,-1,25,28,27,-1,27,28,30,-1,29,28,24,-1,24,28,25,-1,30,31,27,-1,27,31,26,-1,32,33,34,-1,34,33,35,-1,33,36,35,-1,35,36,37,-1,38,36,32,-1,32,36,33,-1,36,38,37,-1,37,38,39,-1,37,39,35,-1,35,39,34,-1,40,41,42,-1,42,41,43,-1,41,44,43,-1,43,44,45,-1,46,44,40,-1,40,44,41,-1,44,46,45,-1,45,46,47,-1,45,47,43,-1,43,47,42,-1,48,49,50,-1,51,52,53,-1,54,55,56,-1,57,58,59,-1,60,61,62,-1,63,64,65,-1,66,67,68,-1,69,70,71,-1,71,70,72,-1,71,72,73,-1,48,74,75,-1,76,77,67,-1,76,67,72,-1,72,67,66,-1,72,66,73,-1,78,79,80,-1,80,79,81,-1,80,81,73,-1,73,81,82,-1,73,82,71,-1,71,82,83,-1,71,83,84,-1,84,83,85,-1,84,85,86,-1,86,85,87,-1,75,70,48,-1,48,70,69,-1,48,69,49,-1,49,69,88,-1,49,88,89,-1,90,91,92,-1,92,91,93,-1,93,91,94,-1,93,94,95,-1,95,94,96,-1,95,96,97,-1,98,99,100,-1,100,99,63,-1,100,63,92,-1,92,63,65,-1,92,65,90,-1,101,102,103,-1,104,105,106,-1,107,108,103,-1,103,108,109,-1,109,110,103,-1,103,110,111,-1,103,111,112,-1,113,114,103,-1,103,114,115,-1,103,115,101,-1,103,116,107,-1,107,116,117,-1,107,117,106,-1,106,117,118,-1,106,118,104,-1,112,119,103,-1,103,119,120,-1,103,120,113,-1,102,121,103,-1,103,121,122,-1,103,122,123,-1,123,122,124,-1,123,124,125,-1,125,124,126,-1,127,128,129,-1,129,128,130,-1,129,130,131,-1,131,130,132,-1,133,134,135,-1,135,134,136,-1,137,138,139,-1,135,140,133,-1,133,140,141,-1,133,141,142,-1,142,141,143,-1,138,144,139,-1,139,144,145,-1,139,145,146,-1,141,147,148,-1,146,149,139,-1,139,149,150,-1,139,150,141,-1,141,150,151,-1,141,151,147,-1,148,152,141,-1,141,152,153,-1,141,153,143,-1,137,139,154,-1,154,139,155,-1,154,155,156,-1,156,155,157,-1,157,155,158,-1,157,158,159,-1,124,160,126,-1,126,160,161,-1,126,161,162,-1,162,161,163,-1,162,163,164,-1,165,166,95,-1,93,167,168,-1,165,95,169,-1,168,170,93,-1,93,170,171,-1,93,171,48,-1,48,171,172,-1,48,172,74,-1,77,173,67,-1,67,173,174,-1,67,174,95,-1,95,174,175,-1,95,175,169,-1,166,176,95,-1,95,176,177,-1,95,177,93,-1,93,177,178,-1,93,178,167,-1,179,155,180,-1,180,155,181,-1,182,183,184,-1,184,183,185,-1,186,181,187,-1,187,181,188,-1,181,189,190,-1,186,191,181,-1,181,191,192,-1,181,192,189,-1,193,158,194,-1,194,158,195,-1,190,196,181,-1,181,196,197,-1,181,197,180,-1,180,197,198,-1,180,198,199,-1,199,200,180,-1,180,200,201,-1,180,201,202,-1,202,201,203,-1,204,205,203,-1,203,205,206,-1,203,206,202,-1,207,208,185,-1,185,208,209,-1,185,209,210,-1,211,212,158,-1,158,212,213,-1,158,213,195,-1,214,215,203,-1,203,215,216,-1,203,216,217,-1,179,218,155,-1,155,218,219,-1,155,219,158,-1,158,219,220,-1,158,220,211,-1,217,221,203,-1,203,221,222,-1,203,222,204,-1,223,224,225,-1,225,224,226,-1,225,226,227,-1,228,229,230,-1,230,229,231,-1,230,231,92,-1,92,231,232,-1,92,232,100,-1,100,232,233,-1,100,233,234,-1,235,236,237,-1,238,239,240,-1,234,241,100,-1,100,241,242,-1,100,242,237,-1,237,242,243,-1,237,243,235,-1,238,244,245,-1,238,240,246,-1,245,247,238,-1,238,247,248,-1,238,248,239,-1,236,249,237,-1,237,249,250,-1,237,250,238,-1,238,250,251,-1,238,251,244,-1,252,253,254,-1,254,255,252,-1,252,255,256,-1,252,256,257,-1,257,256,258,-1,257,258,259,-1,260,261,62,-1,62,261,262,-1,62,262,263,-1,264,265,266,-1,266,265,267,-1,264,268,265,-1,265,268,269,-1,265,269,270,-1,271,272,267,-1,267,272,273,-1,267,273,274,-1,274,275,267,-1,267,275,276,-1,267,276,266,-1,277,278,62,-1,62,278,279,-1,279,280,62,-1,62,280,281,-1,62,281,260,-1,263,282,62,-1,62,282,50,-1,62,50,283,-1,284,285,50,-1,50,285,286,-1,50,286,283,-1,287,288,62,-1,62,288,289,-1,290,291,292,-1,292,293,290,-1,290,293,294,-1,290,294,284,-1,295,296,283,-1,283,296,297,-1,283,297,62,-1,62,297,298,-1,62,298,287,-1,289,299,62,-1,62,299,300,-1,62,300,60,-1,301,302,303,-1,303,302,304,-1,303,304,305,-1,303,306,301,-1,301,306,307,-1,301,307,308,-1,308,309,301,-1,301,309,310,-1,301,310,311,-1,311,310,312,-1,311,312,313,-1,313,312,314,-1,313,314,283,-1,283,314,315,-1,283,315,295,-1,316,317,305,-1,305,317,318,-1,305,318,303,-1,291,290,319,-1,319,290,320,-1,319,320,321,-1,322,323,324,-1,325,326,327,-1,326,328,327,-1,327,328,329,-1,327,329,320,-1,320,329,330,-1,320,330,321,-1,322,324,327,-1,327,324,331,-1,327,331,325,-1,332,333,323,-1,323,333,334,-1,323,334,324,-1,332,335,333,-1,333,335,336,-1,333,336,337,-1,337,336,338,-1,337,339,340,-1,338,341,337,-1,337,341,342,-1,337,342,343,-1,343,344,337,-1,337,344,345,-1,337,345,339,-1,340,346,337,-1,337,346,347,-1,337,347,348,-1,349,350,351,-1,351,350,352,-1,351,352,353,-1,353,352,354,-1,355,356,61,-1,61,356,265,-1,61,265,62,-1,62,265,270,-1,62,270,277,-1,357,358,359,-1,359,358,360,-1,359,360,361,-1,361,362,359,-1,359,362,363,-1,359,363,364,-1,365,366,367,-1,367,366,368,-1,368,366,369,-1,369,366,370,-1,369,370,371,-1,371,370,372,-1,371,372,373,-1,59,58,372,-1,372,58,374,-1,372,374,375,-1,372,376,373,-1,373,376,377,-1,373,377,378,-1,378,377,379,-1,378,379,380,-1,375,381,372,-1,372,381,382,-1,372,382,376,-1,383,384,59,-1,59,384,385,-1,59,385,57,-1,386,387,388,-1,387,389,388,-1,388,389,390,-1,388,390,383,-1,383,390,391,-1,383,391,384,-1,386,388,392,-1,392,388,393,-1,392,393,394,-1,395,396,388,-1,388,396,397,-1,397,398,388,-1,388,398,399,-1,388,399,393,-1,400,401,402,-1,403,404,395,-1,405,406,407,-1,407,406,408,-1,409,410,402,-1,402,410,411,-1,402,411,400,-1,412,413,402,-1,402,413,414,-1,402,414,395,-1,395,414,415,-1,395,415,403,-1,416,417,418,-1,418,419,416,-1,416,419,420,-1,416,420,421,-1,422,423,424,-1,422,424,425,-1,425,424,426,-1,425,426,427,-1,428,429,430,-1,430,429,424,-1,430,424,431,-1,431,424,423,-1,427,432,425,-1,425,432,433,-1,425,433,407,-1,407,433,434,-1,407,434,405,-1,408,435,407,-1,407,435,436,-1,407,436,402,-1,402,436,437,-1,402,437,409,-1,438,439,440,-1,440,439,441,-1,441,442,440,-1,440,442,412,-1,440,412,443,-1,401,444,402,-1,402,444,445,-1,402,445,412,-1,412,445,446,-1,412,446,443,-1,404,447,395,-1,395,447,448,-1,395,448,396,-1,396,448,449,-1,396,449,450,-1,416,451,417,-1,417,451,452,-1,417,452,453,-1,453,452,454,-1,453,454,449,-1,449,454,455,-1,449,455,450,-1,456,457,416,-1,416,457,458,-1,458,459,416,-1,416,459,460,-1,416,460,451,-1,461,462,463,-1,464,465,466,-1,466,465,467,-1,461,463,468,-1,462,469,463,-1,463,469,470,-1,463,470,471,-1,472,473,474,-1,474,473,475,-1,474,475,463,-1,463,475,476,-1,463,476,468,-1,477,478,456,-1,456,478,479,-1,456,479,480,-1,480,481,456,-1,456,481,482,-1,456,482,483,-1,483,482,472,-1,483,472,484,-1,484,472,474,-1,463,485,486,-1,464,487,465,-1,465,487,488,-1,465,488,489,-1,471,490,463,-1,463,490,491,-1,463,491,492,-1,492,493,463,-1,463,493,494,-1,463,494,485,-1,495,496,497,-1,495,497,498,-1,486,499,463,-1,463,499,500,-1,463,500,501,-1,501,500,502,-1,501,502,503,-1,504,505,506,-1,506,505,507,-1,506,507,508,-1,509,510,511,-1,511,510,506,-1,511,506,512,-1,512,506,508,-1,501,513,514,-1,503,515,501,-1,501,515,516,-1,501,516,513,-1,517,518,519,-1,519,518,501,-1,519,501,520,-1,520,501,514,-1,517,497,518,-1,518,497,496,-1,518,496,56,-1,56,496,521,-1,56,521,54,-1,522,523,509,-1,509,523,524,-1,509,524,510,-1,522,525,523,-1,523,525,526,-1,523,526,527,-1,528,529,530,-1,529,531,530,-1,530,531,532,-1,530,532,533,-1,505,530,534,-1,504,498,505,-1,505,498,497,-1,505,497,530,-1,530,497,535,-1,530,535,528,-1,534,536,505,-1,505,536,537,-1,505,537,538,-1,533,532,539,-1,539,532,540,-1,539,540,541,-1,541,540,542,-1,541,542,543,-1,544,545,538,-1,538,545,546,-1,538,546,505,-1,467,465,547,-1,547,465,548,-1,547,548,549,-1,549,548,550,-1,549,550,551,-1,552,553,550,-1,550,553,554,-1,550,554,551,-1,555,556,557,-1,557,556,558,-1,557,558,552,-1,552,558,559,-1,552,559,553,-1,560,561,562,-1,562,563,560,-1,560,563,238,-1,560,238,564,-1,564,238,565,-1,564,565,566,-1,566,565,567,-1,566,567,568,-1,568,567,569,-1,568,569,570,-1,570,569,100,-1,570,100,571,-1,571,100,237,-1,571,237,572,-1,572,237,238,-1,572,238,563,-1,573,574,246,-1,246,574,575,-1,576,577,578,-1,578,577,579,-1,578,579,580,-1,580,579,573,-1,580,573,230,-1,230,573,246,-1,230,246,228,-1,228,246,240,-1,581,582,583,-1,583,582,584,-1,583,584,230,-1,230,584,585,-1,230,585,580,-1,586,587,259,-1,259,587,588,-1,574,589,575,-1,575,589,586,-1,575,586,590,-1,590,586,259,-1,590,259,591,-1,591,259,258,-1,592,593,594,-1,594,595,592,-1,592,595,51,-1,592,51,596,-1,596,51,53,-1,597,593,598,-1,598,593,592,-1,598,592,599,-1,599,592,600,-1,601,602,603,-1,604,552,605,-1,605,552,550,-1,605,550,603,-1,603,550,548,-1,603,548,601,-1,602,601,606,-1,606,601,181,-1,606,181,607,-1,607,181,155,-1,607,155,596,-1,364,555,359,-1,359,555,557,-1,359,557,608,-1,608,557,552,-1,365,357,366,-1,366,357,359,-1,366,359,609,-1,609,359,608,-1,609,608,610,-1,610,608,611,-1,611,612,600,-1,600,612,613,-1,600,613,614,-1,615,612,616,-1,616,612,611,-1,616,611,617,-1,617,611,608,-1,617,608,614,-1,614,608,552,-1,614,552,600,-1,600,552,604,-1,600,604,599,-1,596,155,592,-1,592,155,139,-1,592,139,600,-1,600,139,141,-1,600,141,611,-1,611,141,140,-1,611,140,610,-1,223,188,224,-1,224,188,181,-1,224,181,618,-1,618,181,601,-1,618,601,619,-1,619,601,548,-1,619,548,416,-1,416,548,465,-1,416,465,456,-1,456,465,489,-1,456,489,477,-1,193,182,158,-1,158,182,184,-1,158,184,320,-1,320,184,350,-1,320,350,327,-1,327,350,349,-1,127,125,128,-1,128,125,126,-1,128,126,620,-1,620,126,621,-1,164,159,162,-1,162,159,158,-1,162,158,126,-1,126,158,320,-1,126,320,621,-1,621,320,290,-1,210,622,185,-1,185,622,227,-1,185,227,184,-1,184,227,226,-1,184,226,350,-1,350,226,623,-1,350,623,352,-1,352,623,356,-1,352,356,354,-1,354,356,355,-1,284,50,290,-1,290,50,49,-1,290,49,621,-1,621,49,89,-1,621,89,620,-1,620,89,624,-1,620,624,68,-1,68,624,625,-1,68,625,66,-1,626,581,627,-1,627,581,583,-1,627,583,628,-1,628,583,230,-1,628,230,629,-1,629,230,92,-1,629,92,630,-1,630,92,93,-1,630,93,588,-1,588,93,48,-1,588,48,259,-1,259,48,50,-1,259,50,257,-1,257,50,282,-1,136,132,135,-1,135,132,130,-1,135,130,631,-1,631,130,128,-1,631,128,632,-1,632,128,620,-1,632,620,633,-1,633,620,68,-1,633,68,634,-1,634,68,67,-1,634,67,635,-1,635,67,95,-1,635,95,636,-1,636,95,97,-1,636,97,637,-1,637,97,638,-1,637,638,639,-1,639,638,640,-1,639,640,641,-1,96,642,97,-1,97,642,98,-1,97,98,638,-1,638,98,100,-1,638,100,640,-1,640,100,569,-1,641,640,643,-1,643,640,569,-1,643,569,644,-1,644,569,567,-1,644,567,645,-1,645,567,565,-1,645,565,646,-1,591,271,590,-1,590,271,267,-1,590,267,575,-1,575,267,647,-1,575,647,246,-1,246,647,648,-1,246,648,238,-1,238,648,649,-1,238,649,565,-1,565,649,650,-1,565,650,646,-1,646,650,651,-1,421,425,416,-1,416,425,407,-1,416,407,619,-1,619,407,652,-1,619,652,618,-1,618,652,653,-1,618,653,224,-1,224,653,654,-1,224,654,226,-1,226,654,655,-1,226,655,623,-1,623,655,656,-1,623,656,356,-1,356,656,657,-1,356,657,265,-1,265,657,658,-1,265,658,267,-1,267,658,659,-1,267,659,647,-1,647,659,660,-1,647,660,648,-1,648,660,661,-1,648,661,649,-1,649,661,662,-1,649,662,650,-1,650,662,663,-1,650,663,651,-1,651,663,664,-1,453,449,665,-1,665,449,666,-1,667,668,436,-1,436,668,437,-1,669,670,671,-1,669,671,672,-1,672,671,673,-1,672,673,674,-1,674,673,675,-1,674,675,676,-1,676,675,677,-1,676,677,678,-1,678,677,679,-1,678,679,680,-1,680,679,681,-1,680,681,682,-1,682,681,683,-1,682,683,684,-1,685,684,686,-1,686,684,683,-1,402,370,687,-1,402,687,688,-1,688,687,689,-1,688,689,690,-1,690,689,691,-1,690,691,692,-1,692,691,693,-1,692,693,694,-1,694,693,695,-1,694,695,696,-1,696,695,697,-1,696,697,698,-1,698,697,699,-1,698,699,700,-1,701,702,703,-1,703,702,704,-1,670,669,699,-1,699,669,705,-1,699,705,706,-1,707,708,709,-1,709,708,710,-1,709,710,711,-1,712,713,700,-1,700,713,714,-1,700,714,701,-1,701,714,715,-1,701,715,702,-1,716,717,711,-1,711,717,718,-1,704,709,703,-1,703,709,711,-1,703,711,719,-1,719,711,718,-1,706,720,699,-1,699,720,721,-1,699,721,700,-1,700,721,722,-1,700,722,712,-1,723,724,725,-1,725,724,726,-1,725,726,707,-1,726,727,707,-1,707,727,728,-1,707,728,708,-1,708,728,729,-1,708,729,730,-1,730,729,731,-1,731,732,730,-1,730,732,733,-1,730,733,734,-1,735,736,737,-1,737,736,738,-1,737,738,739,-1,739,738,740,-1,739,740,741,-1,741,740,742,-1,741,742,743,-1,743,742,744,-1,743,744,745,-1,745,744,746,-1,745,746,747,-1,747,746,748,-1,747,748,749,-1,750,691,751,-1,751,691,689,-1,751,689,752,-1,752,689,687,-1,752,687,753,-1,753,687,370,-1,753,370,754,-1,754,370,641,-1,754,641,755,-1,755,641,756,-1,755,756,757,-1,757,756,758,-1,757,758,735,-1,735,758,759,-1,735,759,736,-1,748,760,749,-1,749,760,761,-1,749,761,762,-1,762,761,763,-1,762,763,764,-1,764,763,765,-1,764,765,766,-1,766,765,686,-1,766,686,767,-1,767,686,683,-1,767,683,768,-1,768,683,681,-1,768,681,769,-1,769,681,679,-1,769,679,770,-1,679,677,770,-1,770,677,675,-1,770,675,771,-1,771,675,673,-1,771,673,772,-1,772,673,671,-1,772,671,773,-1,773,671,670,-1,773,670,774,-1,774,670,699,-1,774,699,775,-1,775,699,697,-1,775,697,776,-1,776,697,695,-1,776,695,750,-1,750,695,693,-1,750,693,691,-1,777,767,778,-1,778,767,768,-1,778,768,779,-1,779,768,769,-1,779,769,780,-1,780,769,770,-1,780,770,781,-1,781,770,771,-1,781,771,782,-1,782,771,772,-1,782,772,783,-1,783,772,773,-1,766,767,784,-1,784,767,777,-1,785,786,787,-1,787,786,788,-1,787,788,789,-1,790,787,791,-1,791,787,753,-1,791,753,792,-1,793,794,795,-1,789,796,787,-1,787,796,797,-1,787,797,798,-1,799,800,801,-1,802,803,804,-1,790,805,787,-1,787,805,806,-1,787,806,785,-1,785,806,807,-1,785,807,808,-1,808,807,793,-1,808,793,809,-1,809,793,795,-1,800,810,801,-1,801,810,811,-1,801,811,812,-1,812,813,801,-1,801,813,814,-1,801,814,754,-1,754,814,815,-1,754,815,804,-1,816,817,754,-1,754,817,818,-1,754,818,819,-1,820,821,753,-1,753,821,822,-1,753,822,792,-1,804,803,754,-1,754,803,823,-1,754,823,816,-1,798,824,787,-1,787,824,668,-1,787,668,801,-1,801,668,667,-1,801,667,799,-1,825,826,827,-1,827,826,828,-1,827,828,804,-1,804,828,829,-1,804,829,802,-1,819,830,754,-1,754,830,665,-1,754,665,753,-1,753,665,666,-1,753,666,820,-1,831,774,832,-1,832,774,775,-1,832,775,833,-1,833,775,776,-1,833,776,834,-1,834,776,750,-1,834,750,835,-1,835,750,751,-1,835,751,836,-1,836,751,752,-1,836,752,787,-1,787,752,753,-1,831,837,838,-1,783,773,839,-1,839,773,774,-1,839,774,840,-1,840,774,841,-1,842,843,844,-1,837,831,845,-1,845,831,846,-1,845,846,847,-1,848,849,850,-1,850,849,851,-1,850,851,844,-1,844,851,852,-1,842,844,853,-1,847,846,852,-1,852,846,854,-1,852,854,844,-1,844,854,855,-1,844,855,853,-1,838,856,831,-1,831,856,857,-1,831,857,774,-1,774,857,858,-1,774,858,841,-1,859,860,861,-1,861,860,862,-1,859,863,860,-1,860,863,864,-1,860,864,848,-1,848,864,849,-1,849,864,865,-1,849,865,866,-1,866,867,849,-1,849,867,868,-1,849,868,869,-1,869,868,870,-1,783,669,782,-1,782,669,672,-1,782,672,781,-1,781,672,674,-1,781,674,780,-1,871,872,873,-1,873,872,874,-1,873,874,875,-1,875,874,876,-1,875,876,877,-1,877,876,878,-1,877,878,879,-1,879,878,880,-1,674,676,780,-1,780,676,678,-1,780,678,779,-1,779,678,680,-1,779,680,778,-1,778,680,682,-1,778,682,777,-1,777,682,684,-1,777,684,784,-1,784,684,685,-1,784,685,881,-1,881,685,882,-1,881,882,880,-1,880,882,883,-1,880,883,879,-1,854,846,703,-1,703,846,701,-1,707,709,849,-1,849,709,851,-1,710,708,850,-1,850,708,848,-1,729,728,864,-1,864,728,865,-1,669,783,705,-1,705,783,839,-1,705,839,706,-1,706,839,840,-1,706,840,720,-1,720,840,841,-1,720,841,721,-1,721,841,858,-1,721,858,722,-1,722,858,857,-1,722,857,712,-1,712,857,856,-1,851,709,852,-1,852,709,704,-1,852,704,847,-1,847,704,702,-1,847,702,845,-1,845,702,715,-1,845,715,837,-1,837,715,714,-1,837,714,838,-1,838,714,713,-1,838,713,856,-1,856,713,712,-1,854,703,719,-1,854,719,855,-1,855,719,718,-1,855,718,853,-1,853,718,717,-1,853,717,842,-1,842,717,716,-1,842,716,843,-1,843,716,711,-1,843,711,844,-1,844,711,710,-1,844,710,850,-1,848,708,730,-1,848,730,860,-1,860,730,734,-1,860,734,862,-1,862,734,733,-1,862,733,861,-1,861,733,732,-1,861,732,859,-1,859,732,731,-1,859,731,863,-1,863,731,729,-1,863,729,864,-1,865,728,727,-1,865,727,866,-1,866,727,726,-1,866,726,867,-1,867,726,724,-1,867,724,868,-1,868,724,723,-1,868,723,870,-1,870,723,725,-1,870,725,869,-1,869,725,707,-1,869,707,849,-1,884,885,886,-1,886,885,887,-1,888,889,890,-1,887,891,886,-1,886,891,892,-1,886,892,893,-1,894,895,896,-1,887,897,891,-1,891,897,888,-1,891,888,898,-1,898,888,890,-1,893,892,896,-1,896,892,899,-1,896,899,894,-1,900,901,891,-1,891,901,892,-1,902,903,904,-1,904,903,905,-1,906,907,908,-1,905,901,904,-1,904,901,900,-1,904,900,909,-1,910,911,912,-1,909,900,908,-1,908,900,913,-1,908,913,906,-1,905,914,901,-1,901,914,910,-1,901,910,915,-1,915,910,912,-1,902,916,903,-1,903,916,917,-1,918,919,920,-1,920,919,921,-1,917,916,921,-1,921,916,922,-1,921,922,920,-1,918,920,438,-1,438,920,923,-1,438,923,439,-1,795,794,924,-1,924,794,925,-1,926,885,884,-1,926,884,927,-1,794,928,925,-1,925,928,929,-1,925,929,930,-1,930,929,927,-1,930,927,931,-1,931,927,884,-1,884,886,905,-1,921,931,917,-1,917,931,884,-1,917,884,903,-1,903,884,905,-1,904,887,902,-1,902,887,885,-1,902,885,916,-1,916,885,926,-1,916,926,922,-1,444,788,932,-1,932,788,786,-1,932,786,933,-1,933,786,785,-1,933,785,934,-1,934,785,808,-1,934,808,935,-1,935,808,809,-1,935,809,438,-1,438,809,795,-1,438,795,936,-1,936,795,924,-1,936,924,919,-1,919,924,925,-1,919,925,921,-1,921,925,930,-1,921,930,931,-1,788,444,789,-1,789,444,401,-1,789,401,796,-1,796,401,400,-1,796,400,797,-1,797,400,411,-1,797,411,798,-1,798,411,410,-1,798,410,824,-1,824,410,409,-1,824,409,668,-1,668,409,437,-1,666,449,820,-1,820,449,448,-1,820,448,821,-1,821,448,447,-1,821,447,822,-1,822,447,404,-1,822,404,792,-1,792,404,403,-1,792,403,791,-1,791,403,415,-1,791,415,790,-1,790,415,414,-1,926,927,922,-1,922,927,929,-1,922,929,920,-1,920,929,928,-1,790,414,805,-1,805,414,937,-1,805,937,806,-1,806,937,938,-1,806,938,807,-1,807,938,939,-1,807,939,793,-1,793,939,940,-1,793,940,794,-1,794,940,439,-1,794,439,928,-1,928,439,923,-1,928,923,920,-1,887,904,909,-1,887,909,897,-1,897,909,908,-1,897,908,888,-1,888,908,907,-1,888,907,889,-1,889,907,906,-1,889,906,890,-1,890,906,913,-1,890,913,898,-1,898,913,900,-1,898,900,891,-1,905,886,893,-1,905,893,914,-1,914,893,896,-1,914,896,910,-1,910,896,895,-1,910,895,911,-1,911,895,894,-1,911,894,912,-1,912,894,899,-1,912,899,915,-1,915,899,892,-1,915,892,901,-1,685,686,765,-1,685,765,882,-1,882,765,763,-1,882,763,883,-1,883,763,761,-1,883,761,879,-1,879,761,760,-1,879,760,877,-1,877,760,748,-1,877,748,875,-1,875,748,746,-1,875,746,873,-1,873,746,744,-1,873,744,871,-1,941,742,740,-1,941,740,942,-1,942,740,738,-1,942,738,943,-1,943,738,736,-1,943,736,944,-1,944,736,759,-1,944,759,945,-1,945,759,758,-1,945,758,946,-1,946,758,756,-1,946,756,947,-1,947,756,641,-1,947,641,664,-1,948,949,950,-1,951,952,953,-1,953,952,954,-1,948,950,941,-1,941,950,955,-1,941,955,956,-1,871,744,957,-1,957,744,742,-1,957,742,958,-1,958,742,959,-1,951,960,961,-1,949,948,962,-1,962,948,963,-1,962,963,951,-1,951,963,964,-1,951,964,960,-1,961,965,951,-1,951,965,966,-1,951,966,952,-1,956,967,941,-1,941,967,968,-1,941,968,742,-1,742,968,969,-1,742,969,959,-1,970,971,972,-1,972,971,973,-1,970,974,971,-1,971,974,975,-1,971,975,954,-1,954,975,953,-1,953,975,976,-1,953,976,977,-1,977,978,953,-1,953,978,979,-1,953,979,980,-1,980,979,981,-1,872,743,874,-1,874,743,745,-1,874,745,876,-1,876,745,747,-1,876,747,878,-1,878,747,749,-1,878,749,880,-1,880,749,762,-1,880,762,881,-1,881,762,764,-1,881,764,784,-1,784,764,766,-1,801,754,982,-1,982,754,755,-1,982,755,983,-1,983,755,757,-1,983,757,984,-1,984,757,735,-1,984,735,985,-1,985,735,737,-1,985,737,986,-1,986,737,739,-1,986,739,987,-1,987,739,741,-1,988,989,990,-1,990,989,991,-1,743,872,741,-1,741,872,992,-1,741,992,993,-1,993,994,741,-1,741,994,995,-1,741,995,987,-1,987,995,996,-1,987,996,997,-1,988,998,989,-1,989,998,999,-1,989,999,1000,-1,1001,1002,1003,-1,1003,1002,1004,-1,1003,1004,1005,-1,1005,1004,989,-1,1005,989,1006,-1,1006,989,1000,-1,1007,991,1008,-1,1008,991,1009,-1,1008,1009,1010,-1,997,1011,987,-1,987,1011,1012,-1,987,1012,1001,-1,1001,1012,1013,-1,1001,1013,1002,-1,1007,1014,991,-1,991,1014,1015,-1,991,1015,990,-1,990,1015,1016,-1,990,1016,1017,-1,1017,1016,1018,-1,1018,1019,1017,-1,1017,1019,1020,-1,1017,1020,1021,-1,1001,1003,948,-1,948,1003,963,-1,951,953,989,-1,989,953,991,-1,954,952,990,-1,990,952,988,-1,976,975,1015,-1,1015,975,1016,-1,967,997,968,-1,968,997,996,-1,968,996,969,-1,969,996,995,-1,969,995,959,-1,959,995,994,-1,959,994,958,-1,958,994,993,-1,958,993,957,-1,957,993,992,-1,957,992,871,-1,871,992,872,-1,997,967,1011,-1,1011,967,956,-1,1011,956,1012,-1,1012,956,955,-1,1012,955,1013,-1,1013,955,950,-1,1013,950,1002,-1,1002,950,949,-1,1002,949,1004,-1,1004,949,962,-1,1004,962,989,-1,989,962,951,-1,988,952,966,-1,988,966,998,-1,998,966,965,-1,998,965,999,-1,999,965,961,-1,999,961,1000,-1,1000,961,960,-1,1000,960,1006,-1,1006,960,964,-1,1006,964,1005,-1,1005,964,963,-1,1005,963,1003,-1,1016,975,974,-1,1016,974,1018,-1,1018,974,970,-1,1018,970,1019,-1,1019,970,972,-1,1019,972,1020,-1,1020,972,973,-1,1020,973,1021,-1,1021,973,971,-1,1021,971,1017,-1,1017,971,954,-1,1017,954,990,-1,991,953,980,-1,991,980,1009,-1,1009,980,981,-1,1009,981,1010,-1,1010,981,979,-1,1010,979,1008,-1,1008,979,978,-1,1008,978,1007,-1,1007,978,977,-1,1007,977,1014,-1,1014,977,976,-1,1014,976,1015,-1,1022,1023,1024,-1,1025,1026,1027,-1,1024,1023,1026,-1,1026,1023,1028,-1,1026,1028,1027,-1,1029,1030,1031,-1,1032,1033,1034,-1,1024,1035,1022,-1,1022,1035,1029,-1,1022,1029,1036,-1,1036,1029,1031,-1,1032,1034,1027,-1,1027,1034,1037,-1,1027,1037,1025,-1,1038,1039,1026,-1,1026,1039,1024,-1,1040,1041,1038,-1,1038,1041,1042,-1,1038,1042,1039,-1,1039,1042,1043,-1,1038,1044,1045,-1,1043,1046,1039,-1,1039,1046,1047,-1,1039,1047,1048,-1,1045,1049,1038,-1,1038,1049,1050,-1,1038,1050,1040,-1,1051,1052,1048,-1,1048,1052,1053,-1,1048,1053,1039,-1,1054,429,1055,-1,1055,429,428,-1,1056,1057,1058,-1,1058,1057,1059,-1,1058,1059,1054,-1,1054,1059,1060,-1,1054,1060,429,-1,1058,1061,1056,-1,1056,1061,1043,-1,1056,1043,1042,-1,1062,1063,1064,-1,1064,1063,1065,-1,1064,1065,1066,-1,825,1067,826,-1,826,1067,1063,-1,826,1063,1068,-1,1068,1063,1062,-1,1066,1065,1023,-1,1023,1065,1069,-1,1023,1069,1028,-1,1041,1027,1042,-1,1042,1027,1028,-1,1042,1028,1056,-1,1056,1028,1069,-1,1056,1069,1057,-1,1023,1022,1046,-1,1058,1066,1061,-1,1061,1066,1023,-1,1061,1023,1043,-1,1043,1023,1046,-1,813,433,814,-1,814,433,1070,-1,814,1070,815,-1,815,1070,1071,-1,815,1071,804,-1,804,1071,1072,-1,804,1072,827,-1,1069,1065,1057,-1,1057,1065,1063,-1,1057,1063,1059,-1,1059,1063,1067,-1,1059,1067,1073,-1,1073,1067,825,-1,1073,825,429,-1,429,825,827,-1,429,827,1074,-1,1074,827,1072,-1,667,436,799,-1,799,436,435,-1,799,435,800,-1,800,435,408,-1,800,408,810,-1,810,408,406,-1,810,406,811,-1,811,406,405,-1,811,405,812,-1,812,405,434,-1,812,434,813,-1,813,434,433,-1,823,425,816,-1,816,425,421,-1,816,421,817,-1,817,421,420,-1,817,420,818,-1,818,420,419,-1,818,419,819,-1,819,419,418,-1,819,418,830,-1,830,418,417,-1,830,417,665,-1,665,417,453,-1,425,823,1075,-1,1075,823,803,-1,1075,803,1076,-1,1076,803,802,-1,1076,802,1077,-1,1077,802,829,-1,1077,829,1078,-1,1078,829,828,-1,1078,828,428,-1,428,828,826,-1,428,826,1055,-1,1055,826,1068,-1,1055,1068,1054,-1,1054,1068,1062,-1,1054,1062,1058,-1,1058,1062,1064,-1,1058,1064,1066,-1,1024,1039,1053,-1,1024,1053,1035,-1,1035,1053,1052,-1,1035,1052,1029,-1,1029,1052,1051,-1,1029,1051,1030,-1,1030,1051,1048,-1,1030,1048,1031,-1,1031,1048,1047,-1,1031,1047,1036,-1,1036,1047,1046,-1,1036,1046,1022,-1,1038,1026,1025,-1,1038,1025,1044,-1,1044,1025,1037,-1,1044,1037,1045,-1,1045,1037,1034,-1,1045,1034,1049,-1,1049,1034,1033,-1,1049,1033,1050,-1,1050,1033,1032,-1,1050,1032,1040,-1,1040,1032,1027,-1,1040,1027,1041,-1,1001,948,987,-1,987,948,941,-1,987,941,986,-1,986,941,942,-1,986,942,985,-1,985,942,943,-1,985,943,984,-1,701,846,700,-1,700,846,831,-1,700,831,698,-1,698,831,832,-1,698,832,696,-1,696,832,833,-1,696,833,694,-1,694,833,834,-1,694,834,692,-1,692,834,835,-1,943,944,984,-1,984,944,945,-1,984,945,983,-1,983,945,946,-1,983,946,982,-1,982,946,947,-1,982,947,801,-1,801,947,664,-1,801,664,787,-1,787,664,402,-1,787,402,836,-1,836,402,688,-1,836,688,835,-1,835,688,690,-1,835,690,692,-1,
        ]
    }
}
Shape{
    appearance Appearance {
        material  Material 	{
            diffuseColor 0.0 0.0 0.0
            specularColor 0.0 0.0 0.0
            ambientIntensity 0.0
            transparency 0.0
            shininess 0.5
        }
    }
    geometry IndexedFaceSet {
        ccw TRUE
        solid FALSE
        coord DEF co Coordinate {
            point [
                1.0303 -0.6882 3.59, 1.0224 -0.6882 3.6001, 1.0202 -0.6882 3.5911, 1.0206 -0.6882 3.6001, 1.0084 -0.6882 3.5911, 0.9983 -0.6882 3.6001, 1.0084 -0.6882 3.5306, 0.9983 -0.6882 3.5217, 1.0198 -0.6882 3.5306, 1.0198 -0.6882 3.5217, 1.0305 -0.6882 3.5319, 1.033 -0.6882 3.5233, 1.037 -0.6882 3.5344, 1.042 -0.6882 3.5267, 1.0421 -0.6882 3.5379, 1.0503 -0.6882 3.5327, 1.0431 -0.6882 3.5388, 1.0472 -0.6882 3.5439, 1.0556 -0.6882 3.5388, 1.0498 -0.6882 3.5498, 1.0596 -0.6882 3.5468, 1.0513 -0.6882 3.5571, 1.0618 -0.6882 3.5558, 1.0515 -0.6882 3.5616, 1.0621 -0.6882 3.5619, 1.0506 -0.6882 3.5703, 1.0608 -0.6882 3.5726, 1.0485 -0.6882 3.5763, 1.058 -0.6882 3.5801, 1.0456 -0.6882 3.5809, 1.0531 -0.6882 3.587, 1.0429 -0.6882 3.5837, 1.0503 -0.6882 3.5897, 1.0371 -0.6882 3.5875, 1.0434 -0.6882 3.5946, 1.0342 -0.6882 3.5984, 1.0503 -0.6843 3.5327, 1.0556 -0.6843 3.5388, 1.0596 -0.6843 3.5468, 1.0618 -0.6843 3.5558, 1.0621 -0.6843 3.5619, 1.0503 -0.6843 3.5897, 1.0505 -0.6843 3.5896, 1.0531 -0.6843 3.587, 1.058 -0.6843 3.5801, 1.0608 -0.6843 3.5726, 1.0434 -0.6843 3.5946, 1.0342 -0.6843 3.5984, 1.0224 -0.6843 3.6001, 1.0206 -0.6843 3.6001, 0.9983 -0.6843 3.6001, 0.9983 -0.6843 3.5217, 0.9983 -0.6843 3.5896, 1.0198 -0.6843 3.5217, 1.033 -0.6843 3.5233, 1.042 -0.6843 3.5267, 1.0429 -0.6843 3.5837, 1.0456 -0.6843 3.5809, 1.0485 -0.6843 3.5763, 1.0506 -0.6843 3.5703, 1.0515 -0.6843 3.5616, 1.0202 -0.6843 3.5911, 1.0303 -0.6843 3.59, 1.0371 -0.6843 3.5875, 1.0084 -0.6843 3.5911, 1.0084 -0.6843 3.5306, 1.0198 -0.6843 3.5306, 1.0431 -0.6843 3.5388, 1.0421 -0.6843 3.5379, 1.037 -0.6843 3.5344, 1.0305 -0.6843 3.5319, 1.0513 -0.6843 3.5571, 1.0498 -0.6843 3.5498, 1.0472 -0.6843 3.5439
            ]
        }
        coordIndex [
            0,1,2,-1,2,1,3,-1,2,3,4,-1,4,3,5,-1,4,5,6,-1,6,5,7,-1,6,7,8,-1,8,7,9,-1,8,9,10,-1,10,9,11,-1,10,11,12,-1,12,11,13,-1,12,13,14,-1,14,13,15,-1,14,15,16,-1,16,15,17,-1,17,15,18,-1,17,18,19,-1,19,18,20,-1,19,20,21,-1,21,20,22,-1,21,22,23,-1,23,22,24,-1,23,24,25,-1,25,24,26,-1,25,26,27,-1,27,26,28,-1,27,28,29,-1,29,28,30,-1,29,30,31,-1,31,30,32,-1,31,32,33,-1,33,32,34,-1,33,34,0,-1,0,34,35,-1,0,35,1,-1,15,36,37,-1,15,37,18,-1,18,37,38,-1,18,38,20,-1,20,38,39,-1,20,39,22,-1,22,39,40,-1,22,40,24,-1,41,32,42,-1,42,32,30,-1,42,30,43,-1,43,30,28,-1,43,28,44,-1,44,28,26,-1,44,26,45,-1,45,26,24,-1,45,24,40,-1,32,41,46,-1,32,46,34,-1,34,46,47,-1,34,47,35,-1,35,47,48,-1,35,48,1,-1,1,48,49,-1,1,49,3,-1,5,3,50,-1,50,3,49,-1,51,7,52,-1,52,7,5,-1,52,5,50,-1,9,7,53,-1,53,7,51,-1,9,53,54,-1,9,54,11,-1,11,54,55,-1,11,55,13,-1,13,55,36,-1,13,36,15,-1,31,56,57,-1,31,57,29,-1,29,57,58,-1,29,58,27,-1,27,58,59,-1,27,59,25,-1,25,59,60,-1,25,60,23,-1,2,61,62,-1,2,62,0,-1,0,62,63,-1,0,63,33,-1,33,63,56,-1,33,56,31,-1,2,4,61,-1,61,4,64,-1,4,6,64,-1,64,6,65,-1,6,8,65,-1,65,8,66,-1,16,67,68,-1,16,68,14,-1,14,68,69,-1,14,69,12,-1,12,69,70,-1,12,70,10,-1,10,70,66,-1,10,66,8,-1,23,60,71,-1,23,71,21,-1,21,71,72,-1,21,72,19,-1,19,72,73,-1,19,73,17,-1,17,73,67,-1,17,67,16,-1,
        ]
    }
}
Shape{
    appearance Appearance {
        material  Material 	{
            diffuseColor 0.6666666666666666 0.6666666666666666 0.6666666666666666
            specularColor 0.4666666666666667 0.4666666666666667 0.4666666666666667
            ambientIntensity 0.6667
            transparency 0.0
            shininess 0.5
        }
    }
    geometry IndexedFaceSet {
        ccw TRUE
        solid FALSE
        coord DEF co Coordinate {
            point [
                1.0084 -0.6843 3.5911, 1.0084 -0.6843 3.5306, 1.0202 -0.6843 3.5911, 1.0198 -0.6843 3.5306, 1.0305 -0.6843 3.5319, 1.037 -0.6843 3.5344, 1.0421 -0.6843 3.5379, 1.0431 -0.6843 3.5388, 1.0513 -0.6843 3.5571, 1.0515 -0.6843 3.5616, 1.0506 -0.6843 3.5703, 1.0485 -0.6843 3.5763, 1.0456 -0.6843 3.5809, 1.0429 -0.6843 3.5837, 1.0303 -0.6843 3.59, 1.0371 -0.6843 3.5875, 1.0472 -0.6843 3.5439, 1.0498 -0.6843 3.5498
            ]
        }
        coordIndex [
            0,1,2,-1,2,1,3,-1,2,3,4,-1,4,5,2,-1,2,5,6,-1,2,6,7,-1,8,9,2,-1,2,9,10,-1,2,10,11,-1,11,12,2,-1,2,12,13,-1,2,13,14,-1,14,13,15,-1,7,16,2,-1,2,16,17,-1,2,17,8,-1,
        ]
    }
}
Shape{
    appearance Appearance {
        material  Material 	{
            diffuseColor 0.0 0.0 0.0
            specularColor 0.0 0.0 0.0
            ambientIntensity 0.0
            transparency 0.0
            shininess 0.5
        }
    }
    geometry IndexedFaceSet {
        ccw TRUE
        solid FALSE
        coord DEF co Coordinate {
            point [
                0.9052 -0.6882 3.5355, 0.9052 -0.6843 3.5355, 0.9044 -0.6843 3.5329, 0.9044 -0.6882 3.5329, 0.904 -0.6843 3.531, 0.904 -0.6882 3.531, 0.9037 -0.6882 3.531, 0.9037 -0.6843 3.531, 0.9025 -0.6882 3.5356, 0.9025 -0.6843 3.5356, 0.8879 -0.6882 3.5777, 0.8879 -0.6843 3.5777, 0.8769 -0.6882 3.5777, 0.8769 -0.6843 3.5777, 0.8989 -0.6882 3.5218, 0.8989 -0.6843 3.5218, 0.8946 -0.6843 3.5116, 0.8946 -0.6882 3.5116, 0.8985 -0.6843 3.521, 0.8926 -0.6843 3.5081, 0.8926 -0.6882 3.5081, 0.8908 -0.6843 3.506, 0.8908 -0.6882 3.506, 0.889 -0.6843 3.5048, 0.889 -0.6882 3.5048, 0.8868 -0.6843 3.504, 0.8868 -0.6882 3.504, 0.8845 -0.6843 3.5037, 0.8845 -0.6882 3.5037, 0.8809 -0.6843 3.5042, 0.8809 -0.6882 3.5042, 0.8789 -0.6843 3.5048, 0.8789 -0.6882 3.5048, 0.8789 -0.6882 3.4961, 0.8789 -0.6843 3.4961, 0.8831 -0.6843 3.4954, 0.8831 -0.6882 3.4954, 0.8852 -0.6843 3.4953, 0.8852 -0.6882 3.4953, 0.8892 -0.6843 3.4958, 0.8892 -0.6882 3.4958, 0.8931 -0.6843 3.4972, 0.8931 -0.6882 3.4972, 0.8965 -0.6843 3.4996, 0.8965 -0.6882 3.4996, 0.8972 -0.6843 3.5002, 0.8972 -0.6882 3.5002, 0.9008 -0.6843 3.5046, 0.9008 -0.6882 3.5046, 0.9052 -0.6843 3.5132, 0.9052 -0.6882 3.5132, 0.9307 -0.6843 3.5777, 0.9307 -0.6882 3.5777, 0.9083 -0.6843 3.521, 0.9205 -0.6882 3.5777, 0.9205 -0.6843 3.5777, 0.8491 -0.6843 3.5204, 0.8553 -0.6843 3.521, 0.8491 -0.6882 3.5204, 0.8573 -0.6882 3.5212, 0.8573 -0.6843 3.5212, 0.8626 -0.6843 3.5231, 0.8626 -0.6882 3.5231, 0.8655 -0.6843 3.5248, 0.8655 -0.6882 3.5248, 0.8683 -0.6843 3.5273, 0.8683 -0.6882 3.5273, 0.8701 -0.6843 3.5299, 0.8701 -0.6882 3.5299, 0.8713 -0.6843 3.533, 0.8713 -0.6882 3.533, 0.8718 -0.6843 3.5369, 0.8718 -0.6882 3.5369, 0.8714 -0.6843 3.5406, 0.8714 -0.6882 3.5406, 0.8703 -0.6843 3.5435, 0.8703 -0.6882 3.5435, 0.8685 -0.6843 3.5462, 0.8685 -0.6882 3.5462, 0.8661 -0.6843 3.5483, 0.8661 -0.6882 3.5483, 0.8596 -0.6843 3.5519, 0.8596 -0.6882 3.5519, 0.8558 -0.6843 3.5534, 0.8558 -0.6882 3.5534, 0.8497 -0.6843 3.5561, 0.8497 -0.6882 3.5561, 0.8463 -0.6843 3.5583, 0.8463 -0.6882 3.5583, 0.8453 -0.6843 3.5593, 0.8453 -0.6882 3.5593, 0.8446 -0.6843 3.5606, 0.8446 -0.6882 3.5606, 0.8442 -0.6843 3.5622, 0.8442 -0.6882 3.5622, 0.8441 -0.6843 3.5635, 0.8441 -0.6882 3.5635, 0.8443 -0.6843 3.565, 0.8443 -0.6882 3.565, 0.8448 -0.6843 3.5664, 0.8448 -0.6882 3.5664, 0.8456 -0.6843 3.5676, 0.8456 -0.6882 3.5676, 0.8471 -0.6843 3.5689, 0.8471 -0.6882 3.5689, 0.8493 -0.6843 3.5701, 0.8493 -0.6882 3.5701, 0.8519 -0.6843 3.5708, 0.8519 -0.6882 3.5708, 0.8548 -0.6843 3.571, 0.8548 -0.6882 3.571, 0.8618 -0.6843 3.5702, 0.8618 -0.6882 3.5702, 0.8673 -0.6843 3.568, 0.8673 -0.6882 3.568, 0.8691 -0.6843 3.567, 0.8691 -0.6882 3.567, 0.8691 -0.6882 3.5765, 0.8691 -0.6843 3.5765, 0.862 -0.6843 3.5785, 0.862 -0.6882 3.5785, 0.8558 -0.6843 3.579, 0.8558 -0.6882 3.579, 0.8483 -0.6843 3.5781, 0.8483 -0.6882 3.5781, 0.8429 -0.6843 3.5761, 0.8429 -0.6882 3.5761, 0.8403 -0.6843 3.5745, 0.8403 -0.6882 3.5745, 0.8385 -0.6843 3.5729, 0.8374 -0.6882 3.5719, 0.8374 -0.6843 3.5719, 0.8356 -0.6843 3.5693, 0.8356 -0.6882 3.5693, 0.8344 -0.6843 3.5661, 0.8344 -0.6882 3.5661, 0.834 -0.6843 3.5626, 0.834 -0.6882 3.5626, 0.8344 -0.6843 3.5588, 0.8344 -0.6882 3.5588, 0.8355 -0.6843 3.5558, 0.8355 -0.6882 3.5558, 0.8368 -0.6843 3.5537, 0.8368 -0.6882 3.5537, 0.8489 -0.6843 3.5463, 0.8489 -0.6882 3.5463, 0.843 -0.6882 3.549, 0.8384 -0.6843 3.552, 0.8384 -0.6882 3.552, 0.8385 -0.6843 3.552, 0.843 -0.6843 3.549, 0.8553 -0.6843 3.5436, 0.8553 -0.6882 3.5436, 0.8592 -0.6843 3.5413, 0.8592 -0.6882 3.5413, 0.8604 -0.6843 3.54, 0.8604 -0.6882 3.54, 0.8611 -0.6843 3.5387, 0.8611 -0.6882 3.5387, 0.8616 -0.6843 3.5372, 0.8616 -0.6882 3.5372, 0.8617 -0.6843 3.536, 0.8617 -0.6882 3.536, 0.8615 -0.6843 3.5341, 0.8615 -0.6882 3.5341, 0.861 -0.6843 3.5327, 0.861 -0.6882 3.5327, 0.8601 -0.6843 3.5314, 0.8601 -0.6882 3.5314, 0.859 -0.6843 3.5304, 0.859 -0.6882 3.5304, 0.8581 -0.6843 3.5299, 0.8581 -0.6882 3.5299, 0.8556 -0.6843 3.529, 0.8556 -0.6882 3.529, 0.8505 -0.6843 3.5284, 0.8505 -0.6882 3.5284, 0.8501 -0.6843 3.5284, 0.8501 -0.6882 3.5284, 0.8339 -0.6843 3.5338, 0.8339 -0.6882 3.5338, 0.8373 -0.6882 3.5317, 0.8434 -0.6843 3.5292, 0.8434 -0.6882 3.5292, 0.8385 -0.6843 3.5312, 0.8373 -0.6843 3.5317, 0.8339 -0.6882 3.5237, 0.8339 -0.6843 3.5237, 0.8385 -0.6843 3.522, 0.8406 -0.6882 3.5213, 0.843 -0.6843 3.521, 0.8406 -0.6843 3.5213, 0.8105 -0.6882 3.5303, 0.8108 -0.6882 3.5303, 0.8102 -0.6882 3.5394, 0.8108 -0.6882 3.5438, 0.8206 -0.6882 3.5577, 0.8108 -0.6882 3.5444, 0.8108 -0.6882 3.5498, 0.8108 -0.6882 3.5217, 0.8206 -0.6882 3.5217, 0.7895 -0.6882 3.5456, 0.7918 -0.6882 3.5467, 0.7864 -0.6882 3.553, 0.8087 -0.6882 3.5359, 0.8066 -0.6882 3.533, 0.809 -0.6882 3.528, 0.8054 -0.6882 3.5318, 0.8059 -0.6882 3.5247, 0.8026 -0.6882 3.5299, 0.8024 -0.6882 3.5224, 0.7996 -0.6882 3.5288, 0.7984 -0.6882 3.5209, 0.7959 -0.6882 3.5284, 0.7934 -0.6882 3.5204, 0.7926 -0.6882 3.5288, 0.7875 -0.6882 3.521, 0.7904 -0.6882 3.5296, 0.7837 -0.6882 3.5225, 0.7884 -0.6882 3.531, 0.7804 -0.6882 3.5248, 0.7876 -0.6882 3.5318, 0.7942 -0.6882 3.555, 0.7977 -0.6882 3.548, 0.8108 -0.6882 3.5573, 0.7882 -0.6882 3.5446, 0.7824 -0.6882 3.5508, 0.787 -0.6882 3.5431, 0.7794 -0.6882 3.5482, 0.7861 -0.6882 3.5413, 0.7773 -0.6882 3.545, 0.7857 -0.6882 3.539, 0.7761 -0.6882 3.5415, 0.7856 -0.6882 3.5375, 0.7756 -0.6882 3.5367, 0.7858 -0.6882 3.5352, 0.7761 -0.6882 3.5322, 0.7865 -0.6882 3.5334, 0.7773 -0.6882 3.5289, 0.7793 -0.6882 3.5259, 0.7811 -0.6882 3.5738, 0.7811 -0.6882 3.5642, 0.7843 -0.6882 3.5755, 0.7875 -0.6882 3.5683, 0.7918 -0.6882 3.5781, 0.7936 -0.6882 3.5704, 0.8004 -0.6882 3.579, 0.7994 -0.6882 3.571, 0.8063 -0.6882 3.5785, 0.8028 -0.6882 3.5707, 0.8104 -0.6882 3.5772, 0.8051 -0.6882 3.5699, 0.8137 -0.6882 3.5753, 0.8068 -0.6882 3.5687, 0.8161 -0.6882 3.5731, 0.8083 -0.6882 3.5672, 0.8182 -0.6882 3.57, 0.8094 -0.6882 3.5651, 0.8197 -0.6882 3.5657, 0.8105 -0.6882 3.5616, 0.7994 -0.6843 3.571, 0.8028 -0.6843 3.5707, 0.8051 -0.6843 3.5699, 0.8068 -0.6843 3.5687, 0.8083 -0.6843 3.5672, 0.8094 -0.6843 3.5651, 0.8105 -0.6843 3.5616, 0.8108 -0.6843 3.5573, 0.7942 -0.6843 3.555, 0.7864 -0.6843 3.553, 0.7824 -0.6843 3.5508, 0.7794 -0.6843 3.5482, 0.7773 -0.6843 3.545, 0.7761 -0.6843 3.5415, 0.7756 -0.6843 3.5367, 0.7761 -0.6843 3.5322, 0.7773 -0.6843 3.5289, 0.7793 -0.6843 3.5259, 0.7804 -0.6843 3.5248, 0.7934 -0.6843 3.5204, 0.7877 -0.6843 3.521, 0.7875 -0.6843 3.521, 0.7837 -0.6843 3.5225, 0.7984 -0.6843 3.5209, 0.7987 -0.6843 3.521, 0.8024 -0.6843 3.5224, 0.8059 -0.6843 3.5247, 0.809 -0.6843 3.528, 0.8105 -0.6843 3.5303, 0.8108 -0.6843 3.5303, 0.8108 -0.6843 3.5217, 0.8206 -0.6843 3.5217, 0.8206 -0.6843 3.5577, 0.8197 -0.6843 3.5657, 0.8182 -0.6843 3.57, 0.8161 -0.6843 3.5731, 0.8137 -0.6843 3.5753, 0.8104 -0.6843 3.5772, 0.8063 -0.6843 3.5785, 0.8004 -0.6843 3.579, 0.7918 -0.6843 3.5781, 0.7843 -0.6843 3.5755, 0.7811 -0.6843 3.5738, 0.7811 -0.6843 3.5642, 0.7875 -0.6843 3.5683, 0.7936 -0.6843 3.5704, 0.8066 -0.6843 3.533, 0.8054 -0.6843 3.5318, 0.8026 -0.6843 3.5299, 0.7996 -0.6843 3.5288, 0.7959 -0.6843 3.5284, 0.8108 -0.6843 3.5444, 0.8108 -0.6843 3.5438, 0.8102 -0.6843 3.5394, 0.8087 -0.6843 3.5359, 0.8108 -0.6843 3.5498, 0.7977 -0.6843 3.548, 0.7882 -0.6843 3.5446, 0.7895 -0.6843 3.5456, 0.7918 -0.6843 3.5467, 0.7856 -0.6843 3.5375, 0.7857 -0.6843 3.539, 0.7861 -0.6843 3.5413, 0.787 -0.6843 3.5431, 0.7884 -0.6843 3.531, 0.7876 -0.6843 3.5318, 0.7865 -0.6843 3.5334, 0.7858 -0.6843 3.5352, 0.7926 -0.6843 3.5288, 0.7904 -0.6843 3.5296
            ]
        }
        coordIndex [
            0,1,2,-1,0,2,3,-1,3,2,4,-1,3,4,5,-1,6,5,7,-1,7,5,4,-1,8,6,9,-1,9,6,7,-1,10,8,11,-1,11,8,9,-1,12,10,13,-1,13,10,11,-1,14,12,15,-1,15,12,13,-1,16,17,18,-1,18,17,14,-1,18,14,15,-1,17,16,19,-1,17,19,20,-1,20,19,21,-1,20,21,22,-1,22,21,23,-1,22,23,24,-1,24,23,25,-1,24,25,26,-1,26,25,27,-1,26,27,28,-1,28,27,29,-1,28,29,30,-1,30,29,31,-1,30,31,32,-1,33,32,34,-1,34,32,31,-1,33,34,35,-1,33,35,36,-1,36,35,37,-1,36,37,38,-1,38,37,39,-1,38,39,40,-1,40,39,41,-1,40,41,42,-1,42,41,43,-1,42,43,44,-1,44,43,45,-1,44,45,46,-1,46,45,47,-1,46,47,48,-1,48,47,49,-1,48,49,50,-1,51,52,53,-1,53,52,50,-1,53,50,49,-1,54,52,55,-1,55,52,51,-1,0,54,1,-1,1,54,55,-1,3,5,50,-1,52,54,50,-1,50,54,0,-1,50,0,3,-1,10,12,8,-1,8,12,14,-1,8,14,6,-1,48,20,46,-1,46,20,22,-1,32,33,30,-1,30,33,36,-1,30,36,28,-1,28,36,38,-1,28,38,26,-1,26,38,40,-1,26,40,24,-1,24,40,42,-1,24,42,22,-1,22,42,44,-1,22,44,46,-1,5,6,50,-1,50,6,14,-1,50,14,48,-1,48,14,17,-1,48,17,20,-1,56,57,58,-1,58,57,59,-1,57,60,59,-1,59,60,61,-1,59,61,62,-1,62,61,63,-1,62,63,64,-1,64,63,65,-1,64,65,66,-1,66,65,67,-1,66,67,68,-1,68,67,69,-1,68,69,70,-1,70,69,71,-1,70,71,72,-1,72,71,73,-1,72,73,74,-1,74,73,75,-1,74,75,76,-1,76,75,77,-1,76,77,78,-1,78,77,79,-1,78,79,80,-1,80,79,81,-1,80,81,82,-1,82,81,83,-1,82,83,84,-1,84,83,85,-1,84,85,86,-1,86,85,87,-1,86,87,88,-1,88,87,89,-1,88,89,90,-1,90,89,91,-1,90,91,92,-1,92,91,93,-1,92,93,94,-1,94,93,95,-1,94,95,96,-1,96,95,97,-1,96,97,98,-1,98,97,99,-1,98,99,100,-1,100,99,101,-1,100,101,102,-1,102,101,103,-1,102,103,104,-1,104,103,105,-1,104,105,106,-1,106,105,107,-1,106,107,108,-1,108,107,109,-1,108,109,110,-1,110,109,111,-1,110,111,112,-1,112,111,113,-1,112,113,114,-1,114,113,115,-1,114,115,116,-1,117,116,118,-1,118,116,115,-1,117,118,119,-1,117,119,120,-1,120,119,121,-1,120,121,122,-1,122,121,123,-1,122,123,124,-1,124,123,125,-1,124,125,126,-1,126,125,127,-1,126,127,128,-1,127,129,128,-1,128,129,130,-1,129,131,130,-1,130,131,132,-1,130,132,133,-1,133,132,134,-1,133,134,135,-1,135,134,136,-1,135,136,137,-1,137,136,138,-1,137,138,139,-1,139,138,140,-1,139,140,141,-1,141,140,142,-1,141,142,143,-1,144,145,146,-1,143,142,147,-1,143,147,148,-1,148,147,149,-1,148,149,146,-1,146,149,150,-1,146,150,144,-1,145,144,151,-1,145,151,152,-1,152,151,153,-1,152,153,154,-1,154,153,155,-1,154,155,156,-1,156,155,157,-1,156,157,158,-1,158,157,159,-1,158,159,160,-1,160,159,161,-1,160,161,162,-1,162,161,163,-1,162,163,164,-1,164,163,165,-1,164,165,166,-1,166,165,167,-1,166,167,168,-1,168,167,169,-1,168,169,170,-1,170,169,171,-1,170,171,172,-1,172,171,173,-1,172,173,174,-1,174,173,175,-1,174,175,176,-1,176,175,177,-1,176,177,178,-1,179,180,181,-1,178,177,182,-1,178,182,183,-1,183,182,184,-1,183,184,181,-1,181,184,185,-1,181,185,179,-1,186,180,187,-1,187,180,179,-1,187,188,186,-1,186,188,189,-1,56,58,190,-1,190,58,189,-1,190,189,191,-1,191,189,188,-1,102,104,126,-1,126,104,124,-1,152,84,145,-1,145,84,86,-1,58,178,189,-1,189,178,183,-1,189,183,186,-1,186,183,181,-1,186,181,180,-1,104,106,124,-1,124,106,108,-1,124,108,122,-1,122,108,110,-1,122,110,120,-1,120,110,112,-1,120,112,117,-1,117,112,114,-1,117,114,116,-1,62,64,168,-1,168,64,66,-1,168,66,166,-1,166,66,68,-1,166,68,164,-1,164,68,70,-1,164,70,162,-1,162,70,72,-1,162,72,160,-1,160,72,74,-1,160,74,158,-1,158,74,76,-1,158,76,156,-1,156,76,78,-1,156,78,154,-1,154,78,80,-1,154,80,152,-1,152,80,82,-1,152,82,84,-1,168,170,62,-1,62,170,172,-1,62,172,59,-1,59,172,174,-1,59,174,58,-1,58,174,176,-1,58,176,178,-1,126,128,102,-1,102,128,130,-1,102,130,100,-1,100,130,133,-1,100,133,98,-1,98,133,135,-1,98,135,96,-1,96,135,137,-1,96,137,94,-1,94,137,139,-1,94,139,92,-1,92,139,141,-1,92,141,90,-1,90,141,143,-1,90,143,88,-1,88,143,148,-1,88,148,86,-1,86,148,146,-1,86,146,145,-1,192,193,194,-1,195,196,197,-1,197,196,198,-1,199,200,193,-1,193,200,196,-1,193,196,194,-1,194,196,195,-1,201,202,203,-1,194,204,192,-1,192,204,205,-1,192,205,206,-1,206,205,207,-1,206,207,208,-1,208,207,209,-1,208,209,210,-1,210,209,211,-1,210,211,212,-1,212,211,213,-1,212,213,214,-1,214,213,215,-1,214,215,216,-1,216,215,217,-1,216,217,218,-1,218,217,219,-1,218,219,220,-1,220,219,221,-1,203,202,222,-1,222,202,223,-1,222,223,224,-1,201,203,225,-1,225,203,226,-1,225,226,227,-1,227,226,228,-1,227,228,229,-1,229,228,230,-1,229,230,231,-1,231,230,232,-1,231,232,233,-1,233,232,234,-1,233,234,235,-1,235,234,236,-1,235,236,237,-1,237,236,238,-1,237,238,221,-1,221,238,239,-1,221,239,220,-1,240,241,242,-1,242,241,243,-1,242,243,244,-1,244,243,245,-1,244,245,246,-1,246,245,247,-1,246,247,248,-1,248,247,249,-1,248,249,250,-1,250,249,251,-1,250,251,252,-1,252,251,253,-1,252,253,254,-1,254,253,255,-1,254,255,256,-1,256,255,257,-1,256,257,258,-1,258,257,259,-1,258,259,196,-1,196,259,224,-1,196,224,198,-1,198,224,223,-1,247,260,261,-1,247,261,249,-1,249,261,262,-1,249,262,251,-1,251,262,263,-1,251,263,253,-1,253,263,264,-1,253,264,255,-1,255,264,265,-1,255,265,257,-1,257,265,266,-1,257,266,259,-1,259,266,267,-1,259,267,224,-1,222,224,268,-1,268,224,267,-1,222,268,269,-1,222,269,203,-1,203,269,270,-1,203,270,226,-1,226,270,271,-1,226,271,228,-1,228,271,272,-1,228,272,230,-1,230,272,273,-1,230,273,232,-1,232,273,274,-1,232,274,234,-1,234,274,275,-1,234,275,236,-1,236,275,276,-1,236,276,238,-1,238,276,277,-1,238,277,239,-1,239,277,278,-1,239,278,220,-1,279,214,280,-1,280,214,216,-1,280,216,281,-1,281,216,218,-1,281,218,282,-1,282,218,220,-1,282,220,278,-1,214,279,283,-1,214,283,212,-1,212,283,284,-1,212,284,210,-1,284,285,210,-1,210,285,286,-1,210,286,208,-1,208,286,287,-1,208,287,206,-1,206,287,288,-1,206,288,192,-1,193,192,289,-1,289,192,288,-1,199,193,290,-1,290,193,289,-1,200,199,291,-1,291,199,290,-1,196,200,292,-1,292,200,291,-1,196,292,293,-1,196,293,258,-1,258,293,294,-1,258,294,256,-1,256,294,295,-1,256,295,254,-1,254,295,296,-1,254,296,252,-1,252,296,297,-1,252,297,250,-1,250,297,298,-1,250,298,248,-1,248,298,299,-1,248,299,246,-1,246,299,300,-1,246,300,244,-1,244,300,301,-1,244,301,242,-1,242,301,302,-1,242,302,240,-1,241,240,303,-1,303,240,302,-1,241,303,304,-1,241,304,243,-1,243,304,305,-1,243,305,245,-1,245,305,260,-1,245,260,247,-1,205,306,307,-1,205,307,207,-1,207,307,308,-1,207,308,209,-1,209,308,309,-1,209,309,211,-1,211,309,310,-1,211,310,213,-1,197,311,312,-1,197,312,195,-1,195,312,313,-1,195,313,194,-1,194,313,314,-1,194,314,204,-1,204,314,306,-1,204,306,205,-1,197,198,311,-1,311,198,315,-1,198,223,315,-1,315,223,316,-1,225,317,318,-1,225,318,201,-1,201,318,319,-1,201,319,202,-1,202,319,316,-1,202,316,223,-1,233,320,321,-1,233,321,231,-1,231,321,322,-1,231,322,229,-1,229,322,323,-1,229,323,227,-1,227,323,317,-1,227,317,225,-1,219,324,325,-1,219,325,221,-1,221,325,326,-1,221,326,237,-1,237,326,327,-1,237,327,235,-1,235,327,320,-1,235,320,233,-1,213,310,328,-1,213,328,215,-1,215,328,329,-1,215,329,217,-1,217,329,324,-1,217,324,219,-1,
        ]
    }
}
Shape{
    appearance Appearance {
        material  Material 	{
            diffuseColor 0.6666666666666666 0.6666666666666666 0.6666666666666666
            specularColor 0.4666666666666667 0.4666666666666667 0.4666666666666667
            ambientIntensity 0.6667
            transparency 0.0
            shininess 0.5
        }
    }
    geometry IndexedFaceSet {
        ccw TRUE
        solid FALSE
        coord DEF co Coordinate {
            point [
                0.8108 -0.6843 3.5438, 0.8108 -0.6843 3.5444, 0.7882 -0.6843 3.5446, 0.8108 -0.6843 3.5498, 0.7977 -0.6843 3.548, 0.7918 -0.6843 3.5467, 0.7895 -0.6843 3.5456, 0.8102 -0.6843 3.5394, 0.787 -0.6843 3.5431, 0.8087 -0.6843 3.5359, 0.7876 -0.6843 3.5318, 0.7884 -0.6843 3.531, 0.8054 -0.6843 3.5318, 0.7865 -0.6843 3.5334, 0.8026 -0.6843 3.5299, 0.7996 -0.6843 3.5288, 0.7959 -0.6843 3.5284, 0.7861 -0.6843 3.5413, 0.7857 -0.6843 3.539, 0.8066 -0.6843 3.533, 0.7856 -0.6843 3.5375, 0.7858 -0.6843 3.5352, 0.7904 -0.6843 3.5296, 0.7926 -0.6843 3.5288
            ]
        }
        coordIndex [
            0,1,2,-1,1,3,4,-1,4,5,1,-1,1,5,6,-1,1,6,2,-1,0,2,7,-1,7,2,8,-1,7,8,9,-1,10,11,12,-1,10,12,13,-1,14,12,15,-1,15,12,16,-1,8,17,9,-1,9,17,18,-1,9,18,19,-1,19,18,20,-1,19,20,12,-1,12,20,21,-1,12,21,13,-1,11,22,12,-1,12,22,23,-1,12,23,16,-1,
        ]
    }
}
Shape{
    appearance Appearance {
        material  Material 	{
            diffuseColor 0.0 0.0 0.0
            specularColor 0.0 0.0 0.0
            ambientIntensity 0.0
            transparency 0.0
            shininess 0.5
        }
    }
    geometry IndexedFaceSet {
        ccw TRUE
        solid FALSE
        coord DEF co Coordinate {
            point [
                0.3776 -0.6882 3.5105, 0.3859 -0.6882 3.5003, 0.3726 -0.6882 3.5599, 0.3628 -0.6882 3.6568, 0.3752 -0.6882 3.6634, 0.3723 -0.6882 3.6977, 0.4071 -0.6882 3.6993, 0.4244 -0.6882 3.6586, 0.433 -0.6882 3.6763, 0.3604 -0.6882 3.5674, 0.3649 -0.6882 3.5246, 0.372 -0.6882 3.5225, 0.3943 -0.6882 3.7004, 0.4291 -0.6882 3.5611, 0.4342 -0.6882 3.5592, 0.4808 -0.6882 3.546, 0.4387 -0.6882 3.5562, 0.4423 -0.6882 3.5522, 0.5588 -0.6882 3.5872, 0.5415 -0.6882 3.6168, 0.4668 -0.6882 3.5777, 0.4244 -0.6882 3.5616, 0.419 -0.6882 3.5609, 0.4116 -0.6882 3.5951, 0.4141 -0.6882 3.5589, 0.3993 -0.6882 3.5903, 0.4097 -0.6882 3.5558, 0.3879 -0.6882 3.5824, 0.4075 -0.6882 3.5535, 0.3787 -0.6882 3.5719, 0.4047 -0.6882 3.5489, 0.403 -0.6882 3.5437, 0.4027 -0.6882 3.5382, 0.4452 -0.6882 3.593, 0.4317 -0.6882 3.5963, 0.425 -0.6882 3.5967, 0.4447 -0.6882 3.5476, 0.446 -0.6882 3.5424, 0.4808 -0.6882 3.5404, 0.446 -0.6882 3.5373, 0.4804 -0.6882 3.5345, 0.5772 -0.6882 3.6424, 0.5817 -0.6882 3.6424, 0.6046 -0.6882 3.6726, 0.5923 -0.6882 3.6411, 0.6073 -0.6882 3.6716, 0.6021 -0.6882 3.6374, 0.6239 -0.6882 3.6634, 0.639 -0.6882 3.6506, 0.4186 -0.6882 3.7126, 0.4455 -0.6882 3.6912, 0.4317 -0.6882 3.7239, 0.4604 -0.6882 3.7021, 0.4453 -0.6882 3.7323, 0.389 -0.6882 3.6667, 0.3949 -0.6882 3.667, 0.4007 -0.6882 3.7001, 0.408 -0.6882 3.6653, 0.4205 -0.6882 3.6607, 0.457 -0.6882 3.5866, 0.6391 -0.6882 3.5465, 0.6132 -0.6882 3.5687, 0.624 -0.6882 3.5337, 0.6049 -0.6882 3.5619, 0.607 -0.6882 3.5253, 0.5951 -0.6882 3.5574, 0.5884 -0.6882 3.5214, 0.585 -0.6882 3.5554, 0.5555 -0.6882 3.5214, 0.5599 -0.6882 3.5554, 0.5523 -0.6882 3.5219, 0.4038 -0.6882 3.533, 0.406 -0.6882 3.5283, 0.6107 -0.6882 3.6313, 0.6171 -0.6882 3.6242, 0.6504 -0.6882 3.6348, 0.6223 -0.6882 3.6146, 0.6572 -0.6882 3.6177, 0.6249 -0.6882 3.6039, 0.6598 -0.6882 3.5995, 0.6252 -0.6882 3.5989, 0.6572 -0.6882 3.5796, 0.6239 -0.6882 3.5881, 0.6502 -0.6882 3.5619, 0.62 -0.6882 3.5781, 0.6139 -0.6882 3.5694, 0.5744 -0.6882 3.7166, 0.5526 -0.6882 3.691, 0.593 -0.6882 3.6952, 0.5652 -0.6882 3.676, 0.5738 -0.6882 3.658, 0.3408 -0.6882 3.6247, 0.3041 -0.6882 3.6154, 0.3391 -0.6882 3.6112, 0.304 -0.6882 3.6101, 0.3398 -0.6882 3.6025, 0.3067 -0.6882 3.5882, 0.3438 -0.6882 3.5889, 0.3147 -0.6882 3.5675, 0.3504 -0.6882 3.5777, 0.3274 -0.6882 3.5493, 0.3448 -0.6882 3.5345, 0.4772 -0.6882 3.5207, 0.4447 -0.6882 3.532, 0.4706 -0.6882 3.5083, 0.4421 -0.6882 3.5272, 0.462 -0.6882 3.4988, 0.4391 -0.6882 3.5238, 0.4509 -0.6882 3.4911, 0.4348 -0.6882 3.5207, 0.4385 -0.6882 3.4863, 0.43 -0.6882 3.5188, 0.425 -0.6882 3.4846, 0.4244 -0.6882 3.5181, 0.4229 -0.6882 3.4846, 0.4235 -0.6882 3.5181, 0.4097 -0.6882 3.4867, 0.4185 -0.6882 3.5189, 0.3968 -0.6882 3.4921, 0.4134 -0.6882 3.5211, 0.4092 -0.6882 3.5243, 0.471 -0.6882 3.7422, 0.4786 -0.6882 3.7095, 0.4986 -0.6882 3.7456, 0.4992 -0.6882 3.7122, 0.5221 -0.6882 3.7431, 0.5181 -0.6882 3.7098, 0.5501 -0.6882 3.7331, 0.5356 -0.6882 3.7031, 0.5512 -0.6882 3.6922, 0.3517 -0.6882 3.6897, 0.3339 -0.6882 3.6772, 0.3533 -0.6882 3.6483, 0.3302 -0.6882 3.6737, 0.3455 -0.6882 3.6372, 0.3168 -0.6882 3.6565, 0.3079 -0.6882 3.6364, 0.5571 -0.6882 3.556, 0.5437 -0.6882 3.5273, 0.545 -0.6882 3.5259, 0.5588 -0.6882 3.5556, 0.5487 -0.6882 3.5234, 0.5393 -0.6882 3.5387, 0.5398 -0.6882 3.5346, 0.5413 -0.6882 3.5308, 0.5523 -0.6882 3.5554, 0.5484 -0.6882 3.5539, 0.5395 -0.6882 3.5409, 0.545 -0.6882 3.5515, 0.5427 -0.6882 3.549, 0.5406 -0.6882 3.5452, 0.5566 -0.6882 3.556, 0.6427 -0.6843 3.6455, 0.6488 -0.6843 3.637, 0.6504 -0.6843 3.6348, 0.6572 -0.6843 3.6177, 0.6598 -0.6843 3.5995, 0.639 -0.6843 3.6506, 0.6239 -0.6843 3.6634, 0.6073 -0.6843 3.6716, 0.6046 -0.6843 3.6726, 0.593 -0.6843 3.6952, 0.5744 -0.6843 3.7166, 0.5617 -0.6843 3.7252, 0.5501 -0.6843 3.7331, 0.5221 -0.6843 3.7431, 0.4986 -0.6843 3.7456, 0.471 -0.6843 3.7422, 0.4453 -0.6843 3.7323, 0.4339 -0.6843 3.7252, 0.4317 -0.6843 3.7239, 0.4186 -0.6843 3.7126, 0.4071 -0.6843 3.6993, 0.4007 -0.6843 3.7001, 0.3943 -0.6843 3.7004, 0.3723 -0.6843 3.6977, 0.3517 -0.6843 3.6897, 0.3339 -0.6843 3.6772, 0.3302 -0.6843 3.6737, 0.3168 -0.6843 3.6565, 0.3119 -0.6843 3.6455, 0.3079 -0.6843 3.6364, 0.3041 -0.6843 3.6154, 0.304 -0.6843 3.6101, 0.3065 -0.6843 3.5896, 0.3067 -0.6843 3.5882, 0.3147 -0.6843 3.5675, 0.3274 -0.6843 3.5493, 0.3448 -0.6843 3.5345, 0.3649 -0.6843 3.5246, 0.372 -0.6843 3.5225, 0.3727 -0.6843 3.521, 0.3776 -0.6843 3.5105, 0.3859 -0.6843 3.5003, 0.3968 -0.6843 3.4921, 0.4019 -0.6843 3.49, 0.4097 -0.6843 3.4867, 0.4229 -0.6843 3.4846, 0.425 -0.6843 3.4846, 0.4808 -0.6843 3.5404, 0.4385 -0.6843 3.4863, 0.4481 -0.6843 3.49, 0.4509 -0.6843 3.4911, 0.462 -0.6843 3.4988, 0.4706 -0.6843 3.5083, 0.4772 -0.6843 3.5207, 0.4772 -0.6843 3.521, 0.4804 -0.6843 3.5345, 0.4808 -0.6843 3.546, 0.5588 -0.6843 3.5872, 0.5415 -0.6843 3.6168, 0.5575 -0.6843 3.5896, 0.4668 -0.6843 3.5777, 0.4894 -0.6843 3.5896, 0.457 -0.6843 3.5866, 0.4516 -0.6843 3.5896, 0.4452 -0.6843 3.593, 0.4317 -0.6843 3.5963, 0.425 -0.6843 3.5967, 0.4116 -0.6843 3.5951, 0.3993 -0.6843 3.5903, 0.3982 -0.6843 3.5896, 0.3879 -0.6843 3.5824, 0.3787 -0.6843 3.5719, 0.3726 -0.6843 3.5599, 0.3391 -0.6843 3.6112, 0.3604 -0.6843 3.5674, 0.3504 -0.6843 3.5777, 0.3438 -0.6843 3.5889, 0.3436 -0.6843 3.5896, 0.3398 -0.6843 3.6025, 0.3455 -0.6843 3.6372, 0.3408 -0.6843 3.6247, 0.3513 -0.6843 3.6455, 0.3533 -0.6843 3.6483, 0.3628 -0.6843 3.6568, 0.3752 -0.6843 3.6634, 0.389 -0.6843 3.6667, 0.3949 -0.6843 3.667, 0.408 -0.6843 3.6653, 0.4205 -0.6843 3.6607, 0.4244 -0.6843 3.6586, 0.433 -0.6843 3.6763, 0.4455 -0.6843 3.6912, 0.4604 -0.6843 3.7021, 0.4786 -0.6843 3.7095, 0.4992 -0.6843 3.7122, 0.5181 -0.6843 3.7098, 0.5356 -0.6843 3.7031, 0.5512 -0.6843 3.6922, 0.5526 -0.6843 3.691, 0.5652 -0.6843 3.676, 0.5738 -0.6843 3.658, 0.5766 -0.6843 3.6455, 0.5772 -0.6843 3.6424, 0.5817 -0.6843 3.6424, 0.5923 -0.6843 3.6411, 0.6021 -0.6843 3.6374, 0.6107 -0.6843 3.6313, 0.6171 -0.6843 3.6242, 0.6223 -0.6843 3.6146, 0.6249 -0.6843 3.6039, 0.6252 -0.6843 3.5989, 0.624 -0.6843 3.5896, 0.6239 -0.6843 3.5881, 0.62 -0.6843 3.5781, 0.6139 -0.6843 3.5694, 0.6132 -0.6843 3.5687, 0.6049 -0.6843 3.5619, 0.5951 -0.6843 3.5574, 0.585 -0.6843 3.5554, 0.5599 -0.6843 3.5554, 0.5588 -0.6843 3.5556, 0.5571 -0.6843 3.556, 0.5566 -0.6843 3.556, 0.5523 -0.6843 3.5554, 0.5484 -0.6843 3.5539, 0.545 -0.6843 3.5515, 0.5427 -0.6843 3.549, 0.5406 -0.6843 3.5452, 0.5395 -0.6843 3.5409, 0.5393 -0.6843 3.5387, 0.5398 -0.6843 3.5346, 0.5413 -0.6843 3.5308, 0.5437 -0.6843 3.5273, 0.545 -0.6843 3.5259, 0.5487 -0.6843 3.5234, 0.5523 -0.6843 3.5219, 0.5555 -0.6843 3.5214, 0.5884 -0.6843 3.5214, 0.607 -0.6843 3.5253, 0.624 -0.6843 3.5337, 0.6391 -0.6843 3.5465, 0.6488 -0.6843 3.5599, 0.6502 -0.6843 3.5619, 0.6572 -0.6843 3.5796, 0.6585 -0.6843 3.5896, 0.4244 -0.6843 3.5616, 0.4291 -0.6843 3.5611, 0.4342 -0.6843 3.5592, 0.4387 -0.6843 3.5562, 0.4423 -0.6843 3.5522, 0.4447 -0.6843 3.5476, 0.446 -0.6843 3.5424, 0.446 -0.6843 3.5373, 0.4447 -0.6843 3.532, 0.4421 -0.6843 3.5272, 0.4391 -0.6843 3.5238, 0.4348 -0.6843 3.5207, 0.43 -0.6843 3.5188, 0.4244 -0.6843 3.5181, 0.4235 -0.6843 3.5181, 0.4185 -0.6843 3.5189, 0.4134 -0.6843 3.5211, 0.4092 -0.6843 3.5243, 0.406 -0.6843 3.5283, 0.4038 -0.6843 3.533, 0.4027 -0.6843 3.5382, 0.403 -0.6843 3.5437, 0.4047 -0.6843 3.5489, 0.4075 -0.6843 3.5535, 0.4097 -0.6843 3.5558, 0.4141 -0.6843 3.5589, 0.419 -0.6843 3.5609
            ]
        }
        coordIndex [
            0,1,2,-1,3,4,5,-1,6,7,8,-1,9,10,2,-1,2,10,11,-1,2,11,0,-1,5,4,12,-1,13,14,15,-1,15,14,16,-1,15,16,17,-1,18,19,15,-1,15,19,20,-1,15,20,13,-1,13,20,21,-1,22,23,24,-1,24,23,25,-1,24,25,26,-1,26,25,27,-1,26,27,28,-1,28,27,29,-1,28,29,30,-1,30,29,2,-1,30,2,31,-1,31,2,32,-1,33,34,22,-1,22,34,35,-1,22,35,23,-1,17,36,15,-1,15,36,37,-1,15,37,38,-1,38,37,39,-1,38,39,40,-1,41,42,43,-1,43,42,44,-1,43,44,45,-1,45,44,46,-1,45,46,47,-1,47,46,48,-1,6,8,49,-1,49,8,50,-1,49,50,51,-1,51,50,52,-1,51,52,53,-1,4,54,12,-1,12,54,55,-1,12,55,56,-1,56,55,57,-1,56,57,6,-1,6,57,58,-1,6,58,7,-1,21,20,22,-1,22,20,59,-1,22,59,33,-1,60,61,62,-1,62,61,63,-1,62,63,64,-1,64,63,65,-1,64,65,66,-1,66,65,67,-1,66,67,68,-1,68,67,69,-1,68,69,70,-1,32,2,71,-1,71,2,1,-1,71,1,72,-1,46,73,48,-1,48,73,74,-1,48,74,75,-1,75,74,76,-1,75,76,77,-1,77,76,78,-1,77,78,79,-1,79,78,80,-1,79,80,81,-1,81,80,82,-1,81,82,83,-1,83,82,84,-1,83,84,60,-1,60,84,85,-1,60,85,61,-1,86,87,88,-1,88,87,89,-1,88,89,43,-1,43,89,90,-1,43,90,41,-1,91,92,93,-1,93,92,94,-1,93,94,95,-1,95,94,96,-1,95,96,97,-1,97,96,98,-1,97,98,99,-1,99,98,100,-1,99,100,9,-1,9,100,101,-1,9,101,10,-1,40,39,102,-1,102,39,103,-1,102,103,104,-1,104,103,105,-1,104,105,106,-1,106,105,107,-1,106,107,108,-1,108,107,109,-1,108,109,110,-1,110,109,111,-1,110,111,112,-1,112,111,113,-1,112,113,114,-1,114,113,115,-1,114,115,116,-1,116,115,117,-1,116,117,118,-1,118,117,119,-1,118,119,1,-1,1,119,120,-1,1,120,72,-1,53,52,121,-1,121,52,122,-1,121,122,123,-1,123,122,124,-1,123,124,125,-1,125,124,126,-1,125,126,127,-1,127,126,128,-1,127,128,86,-1,86,128,129,-1,86,129,87,-1,5,130,3,-1,3,130,131,-1,3,131,132,-1,132,131,133,-1,132,133,134,-1,134,133,135,-1,134,135,91,-1,91,135,136,-1,91,136,92,-1,137,138,139,-1,69,140,70,-1,70,140,137,-1,70,137,141,-1,141,137,139,-1,142,143,137,-1,137,143,144,-1,137,144,138,-1,145,146,147,-1,146,148,147,-1,147,148,149,-1,147,149,150,-1,142,137,147,-1,147,137,151,-1,147,151,145,-1,152,48,153,-1,153,48,75,-1,153,75,154,-1,154,75,77,-1,154,77,155,-1,155,77,79,-1,155,79,156,-1,152,157,48,-1,48,157,158,-1,48,158,47,-1,47,158,159,-1,47,159,45,-1,45,159,160,-1,45,160,43,-1,43,160,161,-1,43,161,88,-1,88,161,162,-1,88,162,86,-1,127,86,163,-1,163,86,162,-1,163,164,127,-1,127,164,165,-1,127,165,125,-1,125,165,166,-1,125,166,123,-1,123,166,167,-1,123,167,121,-1,121,167,168,-1,121,168,53,-1,53,168,51,-1,51,168,169,-1,51,169,170,-1,51,170,171,-1,51,171,49,-1,49,171,172,-1,49,172,6,-1,6,172,173,-1,6,173,56,-1,56,173,174,-1,56,174,12,-1,12,174,175,-1,12,175,5,-1,5,175,176,-1,5,176,130,-1,130,176,177,-1,130,177,131,-1,131,177,178,-1,131,178,133,-1,133,178,179,-1,180,136,179,-1,179,136,135,-1,179,135,133,-1,180,181,136,-1,136,181,182,-1,136,182,92,-1,92,182,183,-1,92,183,94,-1,183,184,94,-1,94,184,96,-1,184,185,96,-1,96,185,186,-1,96,186,98,-1,98,186,187,-1,98,187,100,-1,100,187,188,-1,100,188,101,-1,101,188,189,-1,101,189,10,-1,10,189,190,-1,10,190,11,-1,11,190,191,-1,11,191,0,-1,191,192,0,-1,0,192,193,-1,0,193,1,-1,1,193,194,-1,1,194,118,-1,118,194,195,-1,118,195,116,-1,195,196,116,-1,116,196,197,-1,116,197,114,-1,114,197,198,-1,114,198,112,-1,199,38,40,-1,112,198,200,-1,201,108,200,-1,200,108,110,-1,200,110,112,-1,201,202,108,-1,108,202,203,-1,108,203,106,-1,106,203,204,-1,106,204,104,-1,104,204,205,-1,104,205,102,-1,102,205,206,-1,102,206,40,-1,40,206,207,-1,40,207,199,-1,15,38,208,-1,208,38,199,-1,18,15,209,-1,209,15,208,-1,210,19,211,-1,211,19,18,-1,211,18,209,-1,212,20,213,-1,213,20,19,-1,213,19,210,-1,20,212,214,-1,20,214,59,-1,59,214,215,-1,59,215,33,-1,215,216,33,-1,33,216,217,-1,33,217,34,-1,34,217,218,-1,34,218,35,-1,35,218,219,-1,35,219,23,-1,23,219,220,-1,23,220,25,-1,25,220,221,-1,25,221,27,-1,221,222,27,-1,27,222,223,-1,27,223,29,-1,29,223,224,-1,29,224,2,-1,225,93,95,-1,2,224,226,-1,2,226,9,-1,9,226,227,-1,9,227,99,-1,99,227,228,-1,99,228,97,-1,97,228,229,-1,97,229,95,-1,95,229,230,-1,95,230,225,-1,231,91,232,-1,232,91,93,-1,232,93,225,-1,233,132,231,-1,231,132,134,-1,231,134,91,-1,233,234,132,-1,132,234,235,-1,132,235,3,-1,3,235,236,-1,3,236,4,-1,4,236,237,-1,4,237,54,-1,54,237,238,-1,54,238,55,-1,55,238,239,-1,55,239,57,-1,57,239,240,-1,57,240,58,-1,58,240,241,-1,58,241,7,-1,7,241,242,-1,7,242,8,-1,8,242,243,-1,8,243,50,-1,50,243,244,-1,50,244,52,-1,52,244,245,-1,52,245,122,-1,122,245,246,-1,122,246,124,-1,124,246,247,-1,124,247,126,-1,126,247,248,-1,126,248,128,-1,128,248,249,-1,128,249,129,-1,129,249,250,-1,129,250,87,-1,87,250,251,-1,87,251,89,-1,89,251,252,-1,89,252,90,-1,90,252,41,-1,41,252,253,-1,41,253,254,-1,42,41,255,-1,255,41,254,-1,42,255,256,-1,42,256,44,-1,44,256,257,-1,44,257,46,-1,46,257,258,-1,46,258,73,-1,73,258,259,-1,73,259,74,-1,74,259,260,-1,74,260,76,-1,76,260,261,-1,76,261,78,-1,78,261,262,-1,78,262,80,-1,262,263,80,-1,80,263,82,-1,263,264,82,-1,82,264,265,-1,82,265,84,-1,84,265,266,-1,84,266,85,-1,85,266,267,-1,85,267,61,-1,61,267,268,-1,61,268,63,-1,63,268,269,-1,63,269,65,-1,65,269,270,-1,65,270,67,-1,69,67,271,-1,271,67,270,-1,69,271,272,-1,69,272,140,-1,140,272,273,-1,140,273,137,-1,137,273,274,-1,137,274,151,-1,151,274,275,-1,151,275,145,-1,145,275,276,-1,145,276,146,-1,146,276,277,-1,146,277,148,-1,148,277,278,-1,148,278,149,-1,149,278,279,-1,149,279,150,-1,150,279,280,-1,150,280,147,-1,147,280,281,-1,147,281,142,-1,142,281,282,-1,142,282,143,-1,143,282,283,-1,143,283,144,-1,144,283,284,-1,144,284,138,-1,138,284,285,-1,138,285,139,-1,139,285,286,-1,139,286,141,-1,141,286,287,-1,141,287,70,-1,70,287,288,-1,70,288,68,-1,66,68,289,-1,289,68,288,-1,66,289,290,-1,66,290,64,-1,64,290,291,-1,64,291,62,-1,62,291,292,-1,62,292,60,-1,60,292,83,-1,83,292,293,-1,293,294,83,-1,83,294,295,-1,83,295,81,-1,81,295,79,-1,79,295,296,-1,79,296,156,-1,21,297,298,-1,21,298,13,-1,13,298,299,-1,13,299,14,-1,14,299,300,-1,14,300,16,-1,16,300,301,-1,16,301,17,-1,17,301,302,-1,17,302,36,-1,36,302,303,-1,36,303,37,-1,37,303,304,-1,37,304,39,-1,39,304,305,-1,39,305,103,-1,103,305,306,-1,103,306,105,-1,105,306,307,-1,105,307,107,-1,107,307,308,-1,107,308,109,-1,109,308,309,-1,109,309,111,-1,111,309,310,-1,111,310,113,-1,113,310,311,-1,113,311,115,-1,115,311,312,-1,115,312,117,-1,117,312,313,-1,117,313,119,-1,119,313,314,-1,119,314,120,-1,120,314,315,-1,120,315,72,-1,72,315,316,-1,72,316,71,-1,71,316,317,-1,71,317,32,-1,32,317,318,-1,32,318,31,-1,31,318,319,-1,31,319,30,-1,30,319,320,-1,30,320,28,-1,28,320,321,-1,28,321,26,-1,26,321,322,-1,26,322,24,-1,24,322,323,-1,24,323,22,-1,22,323,297,-1,22,297,21,-1,
        ]
    }
}
Shape{
    appearance Appearance {
        material  Material 	{
            diffuseColor 0.6666666666666666 0.6666666666666666 0.6666666666666666
            specularColor 0.4666666666666667 0.4666666666666667 0.4666666666666667
            ambientIntensity 0.6667
            transparency 0.0
            shininess 0.5
        }
    }
    geometry IndexedFaceSet {
        ccw TRUE
        solid FALSE
        coord DEF co Coordinate {
            point [
                0.4235 -0.6843 3.5181, 0.4097 -0.6843 3.5558, 0.4075 -0.6843 3.5535, 0.43 -0.6843 3.5188, 0.4348 -0.6843 3.5207, 0.4291 -0.6843 3.5611, 0.4244 -0.6843 3.5616, 0.419 -0.6843 3.5609, 0.4141 -0.6843 3.5589, 0.4038 -0.6843 3.533, 0.406 -0.6843 3.5283, 0.4092 -0.6843 3.5243, 0.4244 -0.6843 3.5181, 0.4047 -0.6843 3.5489, 0.403 -0.6843 3.5437, 0.4027 -0.6843 3.5382, 0.4134 -0.6843 3.5211, 0.4185 -0.6843 3.5189, 0.4391 -0.6843 3.5238, 0.4421 -0.6843 3.5272, 0.4447 -0.6843 3.532, 0.446 -0.6843 3.5373, 0.446 -0.6843 3.5424, 0.4447 -0.6843 3.5476, 0.4423 -0.6843 3.5522, 0.4387 -0.6843 3.5562, 0.4342 -0.6843 3.5592
            ]
        }
        coordIndex [
            0,1,2,-1,3,4,5,-1,6,7,0,-1,0,7,8,-1,0,8,1,-1,9,10,2,-1,2,10,11,-1,6,0,5,-1,5,0,12,-1,5,12,3,-1,13,14,2,-1,2,14,15,-1,2,15,9,-1,11,16,2,-1,2,16,17,-1,2,17,0,-1,4,18,5,-1,5,18,19,-1,5,19,20,-1,20,21,5,-1,5,21,22,-1,5,22,23,-1,23,24,5,-1,5,24,25,-1,5,25,26,-1,
        ]
    }
}
Shape{
    appearance Appearance {
        material  Material 	{
            diffuseColor 0.0 0.0 0.0
            specularColor 0.0 0.0 0.0
            ambientIntensity 0.0
            transparency 0.0
            shininess 0.5
        }
    }
    geometry IndexedFaceSet {
        ccw TRUE
        solid FALSE
        coord DEF co Coordinate {
            point [
                0.9321 -0.6882 3.7144, 0.9241 -0.6882 3.7245, 0.922 -0.6882 3.7155, 0.9224 -0.6882 3.7246, 0.9102 -0.6882 3.7155, 0.9 -0.6882 3.7246, 0.9102 -0.6882 3.6551, 0.9 -0.6882 3.6461, 0.9215 -0.6882 3.6551, 0.9216 -0.6882 3.6461, 0.9323 -0.6882 3.6563, 0.9348 -0.6882 3.6477, 0.9388 -0.6882 3.6588, 0.9438 -0.6882 3.6512, 0.9439 -0.6882 3.6623, 0.9521 -0.6882 3.6571, 0.9449 -0.6882 3.6632, 0.9489 -0.6882 3.6684, 0.9573 -0.6882 3.6632, 0.9516 -0.6882 3.6742, 0.9614 -0.6882 3.6712, 0.953 -0.6882 3.6815, 0.9635 -0.6882 3.6802, 0.9532 -0.6882 3.6861, 0.9639 -0.6882 3.6863, 0.9524 -0.6882 3.6947, 0.9626 -0.6882 3.6971, 0.9503 -0.6882 3.7008, 0.9597 -0.6882 3.7046, 0.9474 -0.6882 3.7053, 0.9549 -0.6882 3.7114, 0.9446 -0.6882 3.7082, 0.9521 -0.6882 3.7142, 0.9389 -0.6882 3.712, 0.9452 -0.6882 3.7191, 0.9359 -0.6882 3.7228, 0.9521 -0.6843 3.6571, 0.9573 -0.6843 3.6632, 0.9614 -0.6843 3.6712, 0.9635 -0.6843 3.6802, 0.9639 -0.6843 3.6863, 0.9626 -0.6843 3.6971, 0.9597 -0.6843 3.7046, 0.9549 -0.6843 3.7114, 0.9521 -0.6843 3.7142, 0.9452 -0.6843 3.7191, 0.936 -0.6843 3.7228, 0.9359 -0.6843 3.7228, 0.9241 -0.6843 3.7245, 0.9224 -0.6843 3.7246, 0.9 -0.6843 3.7246, 0.9 -0.6843 3.6461, 0.9216 -0.6843 3.6461, 0.9348 -0.6843 3.6477, 0.936 -0.6843 3.6482, 0.9438 -0.6843 3.6512, 0.9446 -0.6843 3.7082, 0.9474 -0.6843 3.7053, 0.9503 -0.6843 3.7008, 0.9524 -0.6843 3.6947, 0.9532 -0.6843 3.6861, 0.922 -0.6843 3.7155, 0.9321 -0.6843 3.7144, 0.9389 -0.6843 3.712, 0.9102 -0.6843 3.7155, 0.9102 -0.6843 3.6551, 0.9215 -0.6843 3.6551, 0.9449 -0.6843 3.6632, 0.9439 -0.6843 3.6623, 0.9388 -0.6843 3.6588, 0.9323 -0.6843 3.6563, 0.953 -0.6843 3.6815, 0.9516 -0.6843 3.6742, 0.9489 -0.6843 3.6684
            ]
        }
        coordIndex [
            0,1,2,-1,2,1,3,-1,2,3,4,-1,4,3,5,-1,4,5,6,-1,6,5,7,-1,6,7,8,-1,8,7,9,-1,8,9,10,-1,10,9,11,-1,10,11,12,-1,12,11,13,-1,12,13,14,-1,14,13,15,-1,14,15,16,-1,16,15,17,-1,17,15,18,-1,17,18,19,-1,19,18,20,-1,19,20,21,-1,21,20,22,-1,21,22,23,-1,23,22,24,-1,23,24,25,-1,25,24,26,-1,25,26,27,-1,27,26,28,-1,27,28,29,-1,29,28,30,-1,29,30,31,-1,31,30,32,-1,31,32,33,-1,33,32,34,-1,33,34,0,-1,0,34,35,-1,0,35,1,-1,15,36,37,-1,15,37,18,-1,18,37,38,-1,18,38,20,-1,20,38,39,-1,20,39,22,-1,22,39,40,-1,22,40,24,-1,24,40,41,-1,24,41,26,-1,26,41,42,-1,26,42,28,-1,28,42,43,-1,28,43,30,-1,30,43,44,-1,30,44,32,-1,32,44,45,-1,32,45,34,-1,34,45,46,-1,34,46,35,-1,46,47,35,-1,35,47,48,-1,35,48,1,-1,1,48,49,-1,1,49,3,-1,5,3,50,-1,50,3,49,-1,7,5,51,-1,51,5,50,-1,9,7,52,-1,52,7,51,-1,36,15,13,-1,9,52,53,-1,9,53,11,-1,11,53,54,-1,11,54,13,-1,13,54,55,-1,13,55,36,-1,31,56,57,-1,31,57,29,-1,29,57,58,-1,29,58,27,-1,27,58,59,-1,27,59,25,-1,25,59,60,-1,25,60,23,-1,2,61,62,-1,2,62,0,-1,0,62,63,-1,0,63,33,-1,33,63,56,-1,33,56,31,-1,2,4,61,-1,61,4,64,-1,4,6,64,-1,64,6,65,-1,6,8,65,-1,65,8,66,-1,16,67,68,-1,16,68,14,-1,14,68,69,-1,14,69,12,-1,12,69,70,-1,12,70,10,-1,10,70,66,-1,10,66,8,-1,23,60,71,-1,23,71,21,-1,21,71,72,-1,21,72,19,-1,19,72,73,-1,19,73,17,-1,17,73,67,-1,17,67,16,-1,
        ]
    }
}
Shape{
    appearance Appearance {
        material  Material 	{
            diffuseColor 0.6666666666666666 0.6666666666666666 0.6666666666666666
            specularColor 0.4666666666666667 0.4666666666666667 0.4666666666666667
            ambientIntensity 0.6667
            transparency 0.0
            shininess 0.5
        }
    }
    geometry IndexedFaceSet {
        ccw TRUE
        solid FALSE
        coord DEF co Coordinate {
            point [
                0.9102 -0.6843 3.7155, 0.9102 -0.6843 3.6551, 0.922 -0.6843 3.7155, 0.9215 -0.6843 3.6551, 0.9323 -0.6843 3.6563, 0.9388 -0.6843 3.6588, 0.9439 -0.6843 3.6623, 0.9449 -0.6843 3.6632, 0.953 -0.6843 3.6815, 0.9532 -0.6843 3.6861, 0.9524 -0.6843 3.6947, 0.9503 -0.6843 3.7008, 0.9474 -0.6843 3.7053, 0.9446 -0.6843 3.7082, 0.9321 -0.6843 3.7144, 0.9389 -0.6843 3.712, 0.9489 -0.6843 3.6684, 0.9516 -0.6843 3.6742
            ]
        }
        coordIndex [
            0,1,2,-1,2,1,3,-1,2,3,4,-1,4,5,2,-1,2,5,6,-1,2,6,7,-1,8,9,2,-1,2,9,10,-1,2,10,11,-1,11,12,2,-1,2,12,13,-1,2,13,14,-1,14,13,15,-1,7,16,2,-1,2,16,17,-1,2,17,8,-1,
        ]
    }
}
Shape{
    appearance Appearance {
        material  Material 	{
            diffuseColor 0.0 0.0 0.0
            specularColor 0.0 0.0 0.0
            ambientIntensity 0.0
            transparency 0.0
            shininess 0.5
        }
    }
    geometry IndexedFaceSet {
        ccw TRUE
        solid FALSE
        coord DEF co Coordinate {
            point [
                0.8071 -0.6882 3.6538, 0.8071 -0.6843 3.6538, 0.7995 -0.6843 3.6547, 0.7995 -0.6882 3.6547, 0.7939 -0.6843 3.6568, 0.7939 -0.6882 3.6568, 0.7887 -0.6843 3.6604, 0.7887 -0.6882 3.6604, 0.7869 -0.6843 3.6621, 0.7869 -0.6882 3.6621, 0.783 -0.6843 3.6675, 0.783 -0.6882 3.6675, 0.7805 -0.6843 3.6739, 0.7805 -0.6882 3.6739, 0.7792 -0.6843 3.6834, 0.7792 -0.6882 3.6834, 0.7792 -0.6843 3.6845, 0.7792 -0.6882 3.6845, 0.7805 -0.6843 3.6951, 0.7805 -0.6882 3.6951, 0.7831 -0.6843 3.7019, 0.7831 -0.6882 3.7019, 0.7869 -0.6843 3.7074, 0.7869 -0.6882 3.7074, 0.7875 -0.6843 3.708, 0.7875 -0.6882 3.708, 0.7928 -0.6843 3.7125, 0.7928 -0.6882 3.7125, 0.799 -0.6843 3.7153, 0.799 -0.6882 3.7153, 0.8059 -0.6843 3.7166, 0.8059 -0.6882 3.7166, 0.8088 -0.6843 3.7167, 0.8088 -0.6882 3.7167, 0.8273 -0.6843 3.7121, 0.8273 -0.6882 3.7121, 0.8254 -0.6882 3.7131, 0.8173 -0.6843 3.7159, 0.8173 -0.6882 3.7159, 0.824 -0.6843 3.7136, 0.8254 -0.6843 3.7131, 0.8273 -0.6882 3.7227, 0.8273 -0.6843 3.7227, 0.8087 -0.6843 3.7259, 0.8087 -0.6882 3.7259, 0.8101 -0.6882 3.7259, 0.824 -0.6843 3.7237, 0.8201 -0.6882 3.7249, 0.8201 -0.6843 3.7249, 0.8166 -0.6843 3.7252, 0.8101 -0.6843 3.7259, 0.8032 -0.6843 3.7252, 0.7975 -0.6882 3.7245, 0.7975 -0.6843 3.7245, 0.7893 -0.6843 3.7214, 0.7893 -0.6882 3.7214, 0.7817 -0.6843 3.716, 0.7817 -0.6882 3.716, 0.7799 -0.6843 3.7143, 0.7799 -0.6882 3.7143, 0.7749 -0.6843 3.7079, 0.7749 -0.6882 3.7079, 0.7709 -0.6843 3.6994, 0.7709 -0.6882 3.6994, 0.7688 -0.6843 3.6894, 0.7688 -0.6882 3.6894, 0.7686 -0.6843 3.6839, 0.7686 -0.6882 3.6839, 0.7701 -0.6843 3.6712, 0.7701 -0.6882 3.6712, 0.7733 -0.6843 3.663, 0.7733 -0.6882 3.663, 0.7779 -0.6843 3.6563, 0.7779 -0.6882 3.6563, 0.7787 -0.6843 3.6555, 0.7787 -0.6882 3.6555, 0.8056 -0.6843 3.6448, 0.8056 -0.6882 3.6448, 0.8002 -0.6882 3.6451, 0.7845 -0.6843 3.6506, 0.7845 -0.6882 3.6506, 0.7918 -0.6843 3.647, 0.7918 -0.6882 3.647, 0.7985 -0.6843 3.6455, 0.8002 -0.6843 3.6451, 0.8273 -0.6843 3.6494, 0.8273 -0.6882 3.6494, 0.826 -0.6882 3.6487, 0.8176 -0.6882 3.6459, 0.8125 -0.6843 3.6455, 0.8176 -0.6843 3.6459, 0.824 -0.6843 3.648, 0.826 -0.6843 3.6487, 0.8273 -0.6882 3.6591, 0.8273 -0.6843 3.6591, 0.824 -0.6843 3.6575, 0.8204 -0.6882 3.6559, 0.8204 -0.6843 3.6559, 0.8116 -0.6843 3.654, 0.8116 -0.6882 3.654, 1.0884 -0.6882 3.552, 1.0852 -0.6882 3.5431, 1.1147 -0.6882 3.552, 1.1179 -0.6882 3.5431, 1.1001 -0.6882 3.5846, 1.0963 -0.6882 3.6001, 1.0665 -0.6882 3.5217, 1.0777 -0.6882 3.5217, 1.1008 -0.6882 3.5869, 1.1014 -0.6882 3.5901, 1.1072 -0.6882 3.6001, 1.1017 -0.6882 3.5901, 1.1023 -0.6882 3.5868, 1.1029 -0.6882 3.5846, 1.137 -0.6882 3.5217, 1.1259 -0.6882 3.5217, 1.0963 -0.6843 3.6001, 1.1072 -0.6843 3.6001, 1.0665 -0.6843 3.5217, 1.0923 -0.6843 3.5896, 1.0777 -0.6843 3.5217, 1.0852 -0.6843 3.5431, 1.1179 -0.6843 3.5431, 1.1259 -0.6843 3.5217, 1.137 -0.6843 3.5217, 1.1112 -0.6843 3.5896, 1.1001 -0.6843 3.5846, 1.1008 -0.6843 3.5869, 1.1014 -0.6843 3.5901, 1.0884 -0.6843 3.552, 1.1147 -0.6843 3.552, 1.1029 -0.6843 3.5846, 1.1017 -0.6843 3.5901, 1.1023 -0.6843 3.5868
            ]
        }
        coordIndex [
            0,1,2,-1,0,2,3,-1,3,2,4,-1,3,4,5,-1,5,4,6,-1,5,6,7,-1,7,6,8,-1,7,8,9,-1,9,8,10,-1,9,10,11,-1,11,10,12,-1,11,12,13,-1,13,12,14,-1,13,14,15,-1,15,14,16,-1,15,16,17,-1,17,16,18,-1,17,18,19,-1,19,18,20,-1,19,20,21,-1,21,20,22,-1,21,22,23,-1,23,22,24,-1,23,24,25,-1,25,24,26,-1,25,26,27,-1,27,26,28,-1,27,28,29,-1,29,28,30,-1,29,30,31,-1,31,30,32,-1,31,32,33,-1,34,35,36,-1,33,32,37,-1,33,37,38,-1,38,37,39,-1,38,39,36,-1,36,39,40,-1,36,40,34,-1,41,35,42,-1,42,35,34,-1,43,44,45,-1,41,42,46,-1,41,46,47,-1,46,48,47,-1,47,48,49,-1,47,49,45,-1,45,49,50,-1,45,50,43,-1,44,43,51,-1,44,51,52,-1,51,53,52,-1,52,53,54,-1,52,54,55,-1,55,54,56,-1,55,56,57,-1,57,56,58,-1,57,58,59,-1,59,58,60,-1,59,60,61,-1,61,60,62,-1,61,62,63,-1,63,62,64,-1,63,64,65,-1,65,64,66,-1,65,66,67,-1,67,66,68,-1,67,68,69,-1,69,68,70,-1,69,70,71,-1,71,70,72,-1,71,72,73,-1,73,72,74,-1,73,74,75,-1,76,77,78,-1,75,74,79,-1,75,79,80,-1,80,79,81,-1,80,81,82,-1,82,81,83,-1,82,83,78,-1,78,83,84,-1,78,84,76,-1,85,86,87,-1,77,76,88,-1,88,76,89,-1,89,90,88,-1,88,90,91,-1,88,91,87,-1,87,91,92,-1,87,92,85,-1,93,86,94,-1,94,86,85,-1,93,94,95,-1,93,95,96,-1,95,97,96,-1,96,97,98,-1,96,98,99,-1,99,98,1,-1,99,1,0,-1,36,35,41,-1,27,29,52,-1,19,21,61,-1,52,29,44,-1,61,21,59,-1,36,41,38,-1,52,55,27,-1,27,55,57,-1,27,57,25,-1,25,57,59,-1,25,59,23,-1,23,59,21,-1,29,31,44,-1,44,31,33,-1,44,33,45,-1,45,33,38,-1,45,38,47,-1,47,38,41,-1,67,17,65,-1,65,17,19,-1,65,19,63,-1,63,19,61,-1,86,93,87,-1,87,93,96,-1,87,96,88,-1,88,96,99,-1,88,99,77,-1,77,99,0,-1,77,0,78,-1,78,0,3,-1,78,3,82,-1,82,3,5,-1,82,5,80,-1,80,5,7,-1,80,7,75,-1,75,7,9,-1,75,9,73,-1,73,9,11,-1,73,11,71,-1,71,11,69,-1,69,11,13,-1,69,13,67,-1,67,13,15,-1,67,15,17,-1,100,101,102,-1,102,101,103,-1,104,105,100,-1,100,105,106,-1,100,106,101,-1,101,106,107,-1,104,108,105,-1,105,108,109,-1,105,109,110,-1,110,109,111,-1,110,111,112,-1,112,113,110,-1,110,113,102,-1,110,102,114,-1,114,102,103,-1,114,103,115,-1,105,110,116,-1,116,110,117,-1,118,106,119,-1,119,106,105,-1,119,105,116,-1,107,106,120,-1,120,106,118,-1,101,107,121,-1,121,107,120,-1,103,101,122,-1,122,101,121,-1,115,103,123,-1,123,103,122,-1,114,115,124,-1,124,115,123,-1,114,124,110,-1,110,124,125,-1,110,125,117,-1,104,126,127,-1,104,127,108,-1,108,127,128,-1,108,128,109,-1,104,100,126,-1,126,100,129,-1,100,102,129,-1,129,102,130,-1,102,113,130,-1,130,113,131,-1,111,132,133,-1,111,133,112,-1,112,133,131,-1,112,131,113,-1,111,109,132,-1,132,109,128,-1,
        ]
    }
}
Shape{
    appearance Appearance {
        material  Material 	{
            diffuseColor 0.6666666666666666 0.6666666666666666 0.6666666666666666
            specularColor 0.4666666666666667 0.4666666666666667 0.4666666666666667
            ambientIntensity 0.6667
            transparency 0.0
            shininess 0.5
        }
    }
    geometry IndexedFaceSet {
        ccw TRUE
        solid FALSE
        coord DEF co Coordinate {
            point [
                1.1017 -0.6843 3.5901, 1.1014 -0.6843 3.5901, 1.1023 -0.6843 3.5868, 1.1008 -0.6843 3.5869, 1.1029 -0.6843 3.5846, 1.1001 -0.6843 3.5846, 1.1147 -0.6843 3.552, 1.0884 -0.6843 3.552
            ]
        }
        coordIndex [
            0,1,2,-1,2,1,3,-1,2,3,4,-1,4,3,5,-1,4,5,6,-1,6,5,7,-1,
        ]
    }
}
Shape{
    appearance Appearance {
        material  Material 	{
            diffuseColor 0.0 0.0 0.0
            specularColor 0.0 0.0 0.0
            ambientIntensity 0.0
            transparency 0.0
            shininess 0.5
        }
    }
    geometry IndexedFaceSet {
        ccw TRUE
        solid FALSE
        coord DEF co Coordinate {
            point [
                0.9514 -0.6843 3.5306, 0.9514 -0.6882 3.5306, 0.9661 -0.6843 3.5306, 0.9834 -0.6882 3.5306, 0.9834 -0.6843 3.5306, 0.9514 -0.6882 3.557, 0.9514 -0.6843 3.557, 0.9794 -0.6843 3.557, 0.9794 -0.6882 3.557, 0.9661 -0.6843 3.557, 0.9794 -0.6882 3.566, 0.9794 -0.6843 3.566, 0.9514 -0.6843 3.566, 0.9514 -0.6882 3.566, 0.9661 -0.6843 3.566, 0.9514 -0.6843 3.5911, 0.9514 -0.6882 3.5911, 0.9514 -0.6843 3.5896, 0.9817 -0.6843 3.5911, 0.9817 -0.6882 3.5911, 0.9661 -0.6843 3.5911, 0.9817 -0.6882 3.6001, 0.9817 -0.6843 3.6001, 0.9412 -0.6843 3.6001, 0.9412 -0.6882 3.6001, 0.9661 -0.6843 3.6001, 0.9412 -0.6843 3.5217, 0.9412 -0.6882 3.5217, 0.9412 -0.6843 3.5896, 0.9834 -0.6843 3.5217, 0.9834 -0.6882 3.5217, 0.9661 -0.6843 3.5217, 0.7341 -0.6843 3.5306, 0.7341 -0.6882 3.5306, 0.7658 -0.6843 3.5306, 0.7662 -0.6882 3.5306, 0.7662 -0.6843 3.5306, 0.7341 -0.6882 3.557, 0.7341 -0.6843 3.557, 0.7622 -0.6882 3.557, 0.7622 -0.6843 3.557, 0.7622 -0.6882 3.566, 0.7622 -0.6843 3.566, 0.7341 -0.6882 3.566, 0.7341 -0.6843 3.566, 0.7341 -0.6843 3.5911, 0.7341 -0.6882 3.5911, 0.7341 -0.6843 3.5896, 0.7644 -0.6882 3.5911, 0.7644 -0.6843 3.5911, 0.7644 -0.6882 3.6001, 0.7644 -0.6843 3.6001, 0.724 -0.6882 3.6001, 0.724 -0.6843 3.6001, 0.724 -0.6843 3.5217, 0.724 -0.6882 3.5217, 0.724 -0.6843 3.5896, 0.7662 -0.6843 3.5217, 0.7662 -0.6882 3.5217, 0.7658 -0.6843 3.5217, 0.9902 -0.6882 3.6764, 0.987 -0.6882 3.6676, 1.0165 -0.6882 3.6764, 1.0196 -0.6882 3.6676, 1.0019 -0.6882 3.709, 0.9981 -0.6882 3.7246, 0.9682 -0.6882 3.6461, 0.9794 -0.6882 3.6461, 1.0026 -0.6882 3.7114, 1.0032 -0.6882 3.7145, 1.0089 -0.6882 3.7246, 1.0034 -0.6882 3.7145, 1.0041 -0.6882 3.7112, 1.0047 -0.6882 3.709, 1.0388 -0.6882 3.6461, 1.0276 -0.6882 3.6461, 0.9981 -0.6843 3.7246, 1.0089 -0.6843 3.7246, 0.9682 -0.6843 3.6461, 0.9908 -0.6843 3.7055, 0.9794 -0.6843 3.6461, 0.987 -0.6843 3.6676, 1.0196 -0.6843 3.6676, 0.9908 -0.6843 3.6676, 1.0276 -0.6843 3.6461, 1.0388 -0.6843 3.6461, 1.0019 -0.6843 3.709, 1.0026 -0.6843 3.7114, 1.0032 -0.6843 3.7145, 0.9902 -0.6843 3.6764, 1.0165 -0.6843 3.6764, 1.0047 -0.6843 3.709, 1.0034 -0.6843 3.7145, 1.0041 -0.6843 3.7112
            ]
        }
        coordIndex [
            0,1,2,-1,2,1,3,-1,2,3,4,-1,5,1,6,-1,6,1,0,-1,7,8,9,-1,9,8,5,-1,9,5,6,-1,10,8,11,-1,11,8,7,-1,12,13,14,-1,14,13,10,-1,14,10,11,-1,15,16,17,-1,17,16,13,-1,17,13,12,-1,18,19,20,-1,20,19,16,-1,20,16,15,-1,21,19,22,-1,22,19,18,-1,23,24,25,-1,25,24,21,-1,25,21,22,-1,26,27,28,-1,28,27,24,-1,28,24,23,-1,29,30,31,-1,31,30,27,-1,31,27,26,-1,3,30,4,-1,4,30,29,-1,27,30,3,-1,3,1,27,-1,27,1,5,-1,27,5,24,-1,19,21,16,-1,16,21,24,-1,16,24,13,-1,13,24,5,-1,13,5,10,-1,10,5,8,-1,32,33,34,-1,34,33,35,-1,34,35,36,-1,37,33,38,-1,38,33,32,-1,39,37,40,-1,40,37,38,-1,41,39,42,-1,42,39,40,-1,43,41,44,-1,44,41,42,-1,45,46,47,-1,47,46,43,-1,47,43,44,-1,48,46,49,-1,49,46,45,-1,50,48,51,-1,51,48,49,-1,52,50,53,-1,53,50,51,-1,54,55,56,-1,56,55,52,-1,56,52,53,-1,57,58,59,-1,59,58,55,-1,59,55,54,-1,35,58,36,-1,36,58,57,-1,55,58,35,-1,35,33,55,-1,55,33,37,-1,55,37,52,-1,48,50,46,-1,46,50,52,-1,46,52,43,-1,43,52,37,-1,43,37,41,-1,41,37,39,-1,60,61,62,-1,62,61,63,-1,64,65,60,-1,60,65,66,-1,60,66,61,-1,61,66,67,-1,64,68,65,-1,65,68,69,-1,65,69,70,-1,70,69,71,-1,70,71,72,-1,72,73,70,-1,70,73,62,-1,70,62,74,-1,74,62,63,-1,74,63,75,-1,65,70,76,-1,76,70,77,-1,78,66,79,-1,79,66,65,-1,79,65,76,-1,67,66,80,-1,80,66,78,-1,61,67,81,-1,81,67,80,-1,82,63,83,-1,83,63,61,-1,83,61,81,-1,75,63,84,-1,84,63,82,-1,74,75,85,-1,85,75,84,-1,70,74,77,-1,77,74,85,-1,64,86,87,-1,64,87,68,-1,68,87,88,-1,68,88,69,-1,64,60,86,-1,86,60,89,-1,60,62,89,-1,89,62,90,-1,62,73,90,-1,90,73,91,-1,71,92,93,-1,71,93,72,-1,72,93,91,-1,72,91,73,-1,71,69,92,-1,92,69,88,-1,
        ]
    }
}
Shape{
    appearance Appearance {
        material  Material 	{
            diffuseColor 0.6666666666666666 0.6666666666666666 0.6666666666666666
            specularColor 0.4666666666666667 0.4666666666666667 0.4666666666666667
            ambientIntensity 0.6667
            transparency 0.0
            shininess 0.5
        }
    }
    geometry IndexedFaceSet {
        ccw TRUE
        solid FALSE
        coord DEF co Coordinate {
            point [
                1.0034 -0.6843 3.7145, 1.0032 -0.6843 3.7145, 1.0041 -0.6843 3.7112, 1.0026 -0.6843 3.7114, 1.0047 -0.6843 3.709, 1.0019 -0.6843 3.709, 1.0165 -0.6843 3.6764, 0.9902 -0.6843 3.6764
            ]
        }
        coordIndex [
            0,1,2,-1,2,1,3,-1,2,3,4,-1,4,3,5,-1,4,5,6,-1,6,5,7,-1,
        ]
    }
}
Shape{
    appearance Appearance {
        material  Material 	{
            diffuseColor 0.0 0.0 0.0
            specularColor 0.0 0.0 0.0
            ambientIntensity 0.0
            transparency 0.0
            shininess 0.5
        }
    }
    geometry IndexedFaceSet {
        ccw TRUE
        solid FALSE
        coord DEF co Coordinate {
            point [
                0.8531 -0.6843 3.6551, 0.8531 -0.6882 3.6551, 0.8743 -0.6843 3.6551, 0.8852 -0.6882 3.6551, 0.8852 -0.6843 3.6551, 0.8531 -0.6882 3.6815, 0.8531 -0.6843 3.6815, 0.8812 -0.6882 3.6815, 0.8743 -0.6843 3.6815, 0.8812 -0.6843 3.6815, 0.8812 -0.6882 3.6904, 0.8812 -0.6843 3.6904, 0.8531 -0.6843 3.6904, 0.8531 -0.6882 3.6904, 0.8743 -0.6843 3.6904, 0.8531 -0.6882 3.7155, 0.8531 -0.6843 3.7155, 0.8834 -0.6882 3.7155, 0.8743 -0.6843 3.7155, 0.8834 -0.6843 3.7155, 0.8834 -0.6882 3.7246, 0.8834 -0.6843 3.7246, 0.843 -0.6843 3.7246, 0.843 -0.6882 3.7246, 0.8743 -0.6843 3.7246, 0.843 -0.6882 3.6461, 0.843 -0.6843 3.6461, 0.8852 -0.6882 3.6461, 0.8743 -0.6843 3.6461, 0.8852 -0.6843 3.6461, 0.7341 -0.6882 3.6551, 0.7654 -0.6882 3.6551, 0.7341 -0.6843 3.6551, 0.7654 -0.6843 3.6551, 0.7341 -0.6882 3.7246, 0.7341 -0.6843 3.7246, 0.724 -0.6882 3.7246, 0.724 -0.6843 3.7246, 0.724 -0.6882 3.6461, 0.724 -0.6843 3.6461, 0.7654 -0.6882 3.6461, 0.7654 -0.6843 3.6461
            ]
        }
        coordIndex [
            0,1,2,-1,2,1,3,-1,2,3,4,-1,5,1,6,-1,6,1,0,-1,5,6,7,-1,7,6,8,-1,7,8,9,-1,10,7,11,-1,11,7,9,-1,12,13,14,-1,14,13,10,-1,14,10,11,-1,15,13,16,-1,16,13,12,-1,15,16,17,-1,17,16,18,-1,17,18,19,-1,20,17,21,-1,21,17,19,-1,22,23,24,-1,24,23,20,-1,24,20,21,-1,25,23,26,-1,26,23,22,-1,25,26,27,-1,27,26,28,-1,27,28,29,-1,3,27,4,-1,4,27,29,-1,25,27,3,-1,3,1,25,-1,25,1,5,-1,25,5,23,-1,17,20,15,-1,15,20,23,-1,15,23,13,-1,13,23,5,-1,13,5,10,-1,10,5,7,-1,30,31,32,-1,32,31,33,-1,34,30,35,-1,35,30,32,-1,36,34,37,-1,37,34,35,-1,38,36,39,-1,39,36,37,-1,40,38,41,-1,41,38,39,-1,31,40,33,-1,33,40,41,-1,34,36,30,-1,30,36,38,-1,30,38,31,-1,31,38,40,-1,
        ]
    }
}