#VRML V2.0 utf8
# 3D model generated by easyeda2kicad.py (https://github.com/uPesy/easyeda2kicad.py)

Shape{
    appearance Appearance {
        material  Material 	{
            diffuseColor 0.2235294117647059 0.2235294117647059 0.2235294117647059
            specularColor 0.11372549019607843 0.11372549019607843 0.11372549019607843
            ambientIntensity 0.2235
            transparency 0.0
            shininess 0.5
        }
    }
    geometry IndexedFaceSet {
        ccw TRUE
        solid FALSE
        coord DEF co Coordinate {
            point [
                -0.6496 -0.5492 0.7677, -0.9252 -0.5492 0.7677, -0.6496 -0.5492 0.7087, -0.9252 -0.5492 0.7087, 0.9252 -0.5492 0.7677, 0.6496 -0.5492 0.7677, 0.9252 -0.5492 0.7087, 0.6496 -0.5492 0.7087, 0.6496 0.5492 0.7677, 0.9252 0.5492 0.7677, 0.6496 0.5492 0.7087, 0.9252 0.5492 0.7087, -0.9252 0.5492 0.7677, -0.6496 0.5492 0.7677, -0.9252 0.5492 0.7087, -0.6496 0.5492 0.7087
            ]
        }
        coordIndex [
            0,1,2,-1,2,1,3,-1,4,5,6,-1,6,5,7,-1,8,9,10,-1,10,9,11,-1,12,13,14,-1,14,13,15,-1,
        ]
    }
}
Shape{
    appearance Appearance {
        material  Material 	{
            diffuseColor 0.8509803921568627 0.8509803921568627 0.8509803921568627
            specularColor 0.4235294117647059 0.4235294117647059 0.4235294117647059
            ambientIntensity 0.851
            transparency 0.0
            shininess 0.5
        }
    }
    geometry IndexedFaceSet {
        ccw TRUE
        solid FALSE
        coord DEF co Coordinate {
            point [
                1.2323 0.2461 -0.7874, 1.2244 0.2461 -0.3937, 1.2323 0.3051 -0.7874, 1.2244 0.3051 -0.3937, 1.3268 0.3051 -0.7874, 1.3268 0.2461 -0.7874, 1.3346 0.2461 -0.3937, 1.3346 0.3051 -0.3937, 0.9606 0.2461 -0.3937, 0.9528 0.2461 -0.7874, 0.9606 0.3051 -0.3937, 0.9528 0.3051 -0.7874, 0.8583 0.3051 -0.7874, 0.8583 0.2461 -0.7874, 0.8504 0.2461 -0.3937, 0.8504 0.3051 -0.3937, 0.2323 0.2461 -0.3937, 0.2244 0.2461 -0.7874, 0.2323 0.3051 -0.3937, 0.2244 0.3051 -0.7874, 0.1299 0.3051 -0.7874, 0.1299 0.2461 -0.7874, 0.122 0.2461 -0.3937, 0.122 0.3051 -0.3937, -0.122 0.2461 -0.3937, -0.1299 0.2461 -0.7874, -0.122 0.3051 -0.3937, -0.1299 0.3051 -0.7874, -0.2244 0.3051 -0.7874, -0.2244 0.2461 -0.7874, -0.2323 0.2461 -0.3937, -0.2323 0.3051 -0.3937, -0.5787 0.2461 -0.7874, -0.5866 0.2461 -0.3937, -0.5787 0.3051 -0.7874, -0.5866 0.3051 -0.3937, -0.4843 0.3051 -0.7874, -0.4843 0.2461 -0.7874, -0.4764 0.2461 -0.3937, -0.4764 0.3051 -0.3937, -0.9528 0.2461 -0.7874, -0.9606 0.2461 -0.3937, -0.9528 0.3051 -0.7874, -0.9606 0.3051 -0.3937, -0.8583 0.3051 -0.7874, -0.8583 0.2461 -0.7874, -0.8504 0.2461 -0.3937, -0.8504 0.3051 -0.3937, -1.2244 0.2461 -0.3937, -1.2323 0.2461 -0.7874, -1.2244 0.3051 -0.3937, -1.2323 0.3051 -0.7874, -1.3268 0.3051 -0.7874, -1.3268 0.2461 -0.7874, -1.3346 0.2461 -0.3937, -1.3346 0.3051 -0.3937, -1.2323 -0.2461 -0.7874, -1.2244 -0.2461 -0.3937, -1.2323 -0.3051 -0.7874, -1.2244 -0.3051 -0.3937, -1.3268 -0.3051 -0.7874, -1.3268 -0.2461 -0.7874, -1.3346 -0.2461 -0.3937, -1.3346 -0.3051 -0.3937, -0.9606 -0.2461 -0.3937, -0.9528 -0.2461 -0.7874, -0.9606 -0.3051 -0.3937, -0.9528 -0.3051 -0.7874, -0.8583 -0.3051 -0.7874, -0.8583 -0.2461 -0.7874, -0.8504 -0.2461 -0.3937, -0.8504 -0.3051 -0.3937, -0.2323 -0.2461 -0.3937, -0.2244 -0.2461 -0.7874, -0.2323 -0.3051 -0.3937, -0.2244 -0.3051 -0.7874, -0.1299 -0.3051 -0.7874, -0.1299 -0.2461 -0.7874, -0.122 -0.2461 -0.3937, -0.122 -0.3051 -0.3937, 0.122 -0.2461 -0.3937, 0.1299 -0.2461 -0.7874, 0.122 -0.3051 -0.3937, 0.1299 -0.3051 -0.7874, 0.2244 -0.3051 -0.7874, 0.2244 -0.2461 -0.7874, 0.2323 -0.2461 -0.3937, 0.2323 -0.3051 -0.3937, 0.5787 -0.2461 -0.7874, 0.5866 -0.2461 -0.3937, 0.5787 -0.3051 -0.7874, 0.5866 -0.3051 -0.3937, 0.4843 -0.3051 -0.7874, 0.4843 -0.2461 -0.7874, 0.4764 -0.2461 -0.3937, 0.4764 -0.3051 -0.3937, 0.9528 -0.2461 -0.7874, 0.9606 -0.2461 -0.3937, 0.9528 -0.3051 -0.7874, 0.9606 -0.3051 -0.3937, 0.8583 -0.3051 -0.7874, 0.8583 -0.2461 -0.7874, 0.8504 -0.2461 -0.3937, 0.8504 -0.3051 -0.3937, 1.2244 -0.2461 -0.3937, 1.2323 -0.2461 -0.7874, 1.2244 -0.3051 -0.3937, 1.2323 -0.3051 -0.7874, 1.3268 -0.3051 -0.7874, 1.3268 -0.2461 -0.7874, 1.3346 -0.2461 -0.3937, 1.3346 -0.3051 -0.3937, 1.3346 0.2461 0.0984, 1.2244 0.2461 0.0984, 1.2244 0.3051 0.0984, 1.3346 0.3051 0.0984, 0.8504 0.3051 0.0984, 0.9606 0.3051 0.0984, 0.9606 0.2461 0.0984, 0.8504 0.2461 0.0984, 0.122 0.3051 0.0984, 0.2323 0.3051 0.0984, 0.2323 0.2461 0.0984, 0.122 0.2461 0.0984, -0.122 0.3051 0.0984, -0.2323 0.3051 0.0984, -0.122 0.2461 0.0984, -0.2323 0.2461 0.0984, -0.5866 0.2461 0.0984, -0.4764 0.2461 0.0984, -0.5866 0.3051 0.0984, -0.4764 0.3051 0.0984, -0.8504 0.2461 0.0984, -0.9606 0.2461 0.0984, -0.9606 0.3051 0.0984, -0.8504 0.3051 0.0984, -1.3346 0.3051 0.0984, -1.3346 0.2461 0.0984, -1.2244 0.3051 0.0984, -1.2244 0.2461 0.0984, -1.3346 -0.2461 0.0984, -1.2244 -0.2461 0.0984, -1.2244 -0.3051 0.0984, -1.3346 -0.3051 0.0984, -0.8504 -0.3051 0.0984, -0.9606 -0.3051 0.0984, -0.9606 -0.2461 0.0984, -0.8504 -0.2461 0.0984, -0.122 -0.3051 0.0984, -0.2323 -0.3051 0.0984, -0.2323 -0.2461 0.0984, -0.122 -0.2461 0.0984, 0.122 -0.3051 0.0984, 0.2323 -0.3051 0.0984, 0.122 -0.2461 0.0984, 0.2323 -0.2461 0.0984, 0.5866 -0.2461 0.0984, 0.4764 -0.2461 0.0984, 0.5866 -0.3051 0.0984, 0.4764 -0.3051 0.0984, 0.8504 -0.2461 0.0984, 0.9606 -0.2461 0.0984, 0.9606 -0.3051 0.0984, 0.8504 -0.3051 0.0984, 1.3346 -0.3051 0.0984, 1.3346 -0.2461 0.0984, 1.2244 -0.3051 0.0984, 1.2244 -0.2461 0.0984
            ]
        }
        coordIndex [
            0,1,2,-1,2,1,3,-1,2,4,0,-1,0,4,5,-1,6,5,7,-1,7,5,4,-1,8,9,10,-1,10,9,11,-1,12,11,13,-1,13,11,9,-1,13,14,12,-1,12,14,15,-1,16,17,18,-1,18,17,19,-1,20,19,21,-1,21,19,17,-1,21,22,20,-1,20,22,23,-1,24,25,26,-1,26,25,27,-1,28,27,29,-1,29,27,25,-1,29,30,28,-1,28,30,31,-1,32,33,34,-1,34,33,35,-1,34,36,32,-1,32,36,37,-1,38,37,39,-1,39,37,36,-1,40,41,42,-1,42,41,43,-1,42,44,40,-1,40,44,45,-1,46,45,47,-1,47,45,44,-1,48,49,50,-1,50,49,51,-1,52,51,53,-1,53,51,49,-1,53,54,52,-1,52,54,55,-1,56,57,58,-1,58,57,59,-1,58,60,56,-1,56,60,61,-1,62,61,63,-1,63,61,60,-1,64,65,66,-1,66,65,67,-1,68,67,69,-1,69,67,65,-1,69,70,68,-1,68,70,71,-1,72,73,74,-1,74,73,75,-1,76,75,77,-1,77,75,73,-1,77,78,76,-1,76,78,79,-1,80,81,82,-1,82,81,83,-1,84,83,85,-1,85,83,81,-1,85,86,84,-1,84,86,87,-1,88,89,90,-1,90,89,91,-1,90,92,88,-1,88,92,93,-1,94,93,95,-1,95,93,92,-1,96,97,98,-1,98,97,99,-1,98,100,96,-1,96,100,101,-1,102,101,103,-1,103,101,100,-1,104,105,106,-1,106,105,107,-1,108,107,109,-1,109,107,105,-1,109,110,108,-1,108,110,111,-1,112,113,6,-1,6,113,1,-1,6,1,5,-1,5,1,0,-1,114,3,113,-1,113,3,1,-1,4,2,7,-1,7,2,3,-1,7,3,115,-1,115,3,114,-1,112,6,115,-1,115,6,7,-1,116,117,15,-1,15,117,10,-1,15,10,12,-1,12,10,11,-1,8,10,118,-1,118,10,117,-1,118,119,8,-1,8,119,14,-1,8,14,9,-1,9,14,13,-1,116,15,119,-1,119,15,14,-1,120,121,23,-1,23,121,18,-1,23,18,20,-1,20,18,19,-1,16,18,122,-1,122,18,121,-1,21,17,22,-1,22,17,16,-1,22,16,123,-1,123,16,122,-1,120,23,123,-1,123,23,22,-1,27,28,26,-1,26,28,31,-1,26,31,124,-1,124,31,125,-1,24,26,126,-1,126,26,124,-1,126,127,24,-1,24,127,30,-1,24,30,25,-1,25,30,29,-1,125,31,127,-1,127,31,30,-1,32,37,33,-1,33,37,38,-1,33,38,128,-1,128,38,129,-1,130,35,128,-1,128,35,33,-1,130,131,35,-1,35,131,39,-1,35,39,34,-1,34,39,36,-1,38,39,129,-1,129,39,131,-1,132,133,46,-1,46,133,41,-1,46,41,45,-1,45,41,40,-1,134,43,133,-1,133,43,41,-1,134,135,43,-1,43,135,47,-1,43,47,42,-1,42,47,44,-1,46,47,132,-1,132,47,135,-1,136,55,137,-1,137,55,54,-1,136,138,55,-1,55,138,50,-1,55,50,52,-1,52,50,51,-1,48,50,139,-1,139,50,138,-1,53,49,54,-1,54,49,48,-1,54,48,137,-1,137,48,139,-1,140,141,62,-1,62,141,57,-1,62,57,61,-1,61,57,56,-1,142,59,141,-1,141,59,57,-1,60,58,63,-1,63,58,59,-1,63,59,143,-1,143,59,142,-1,140,62,143,-1,143,62,63,-1,144,145,71,-1,71,145,66,-1,71,66,68,-1,68,66,67,-1,64,66,146,-1,146,66,145,-1,146,147,64,-1,64,147,70,-1,64,70,65,-1,65,70,69,-1,144,71,147,-1,147,71,70,-1,148,149,79,-1,79,149,74,-1,79,74,76,-1,76,74,75,-1,72,74,150,-1,150,74,149,-1,77,73,78,-1,78,73,72,-1,78,72,151,-1,151,72,150,-1,148,79,151,-1,151,79,78,-1,83,84,82,-1,82,84,87,-1,82,87,152,-1,152,87,153,-1,80,82,154,-1,154,82,152,-1,154,155,80,-1,80,155,86,-1,80,86,81,-1,81,86,85,-1,153,87,155,-1,155,87,86,-1,88,93,89,-1,89,93,94,-1,89,94,156,-1,156,94,157,-1,158,91,156,-1,156,91,89,-1,158,159,91,-1,91,159,95,-1,91,95,90,-1,90,95,92,-1,94,95,157,-1,157,95,159,-1,160,161,102,-1,102,161,97,-1,102,97,101,-1,101,97,96,-1,162,99,161,-1,161,99,97,-1,162,163,99,-1,99,163,103,-1,99,103,98,-1,98,103,100,-1,102,103,160,-1,160,103,163,-1,164,111,165,-1,165,111,110,-1,164,166,111,-1,111,166,106,-1,111,106,108,-1,108,106,107,-1,104,106,167,-1,167,106,166,-1,109,105,110,-1,110,105,104,-1,110,104,165,-1,165,104,167,-1,
        ]
    }
}
Shape{
    appearance Appearance {
        material  Material 	{
            diffuseColor 0.2235294117647059 0.2235294117647059 0.2235294117647059
            specularColor 0.11372549019607843 0.11372549019607843 0.11372549019607843
            ambientIntensity 0.2235
            transparency 0.0
            shininess 0.5
        }
    }
    geometry IndexedFaceSet {
        ccw TRUE
        solid FALSE
        coord DEF co Coordinate {
            point [
                -1.5945 -0.3622 0.0984, -1.4646 -0.3622 0.0984, -1.5945 -0.3622 0.1772, -1.0925 -0.3622 0.0984, -0.7185 -0.3622 0.0984, -0.3543 -0.3622 0.0984, 0.0 -0.3622 0.0984, 1.5945 -0.3622 0.1772, 0.3543 -0.3622 0.0984, 0.7185 -0.3622 0.0984, 1.0925 -0.3622 0.0984, 1.5945 -0.3622 0.0984, 0.5866 -0.2461 0.0984, 0.4764 -0.2461 0.0984, 0.3543 0.0 0.0984, 0.122 0.3051 0.0984, 0.0 0.3337 0.0984, 0.3543 0.3337 0.0984, -1.5945 0.3337 0.0984, -1.5945 0.3622 0.0984, -1.4646 0.3622 0.0984, -1.4646 0.3337 0.0984, -1.5945 0.0 0.0984, -1.4646 0.0 0.0984, -1.2244 -0.2461 0.0984, -1.0925 0.0 0.0984, -1.2244 -0.3051 0.0984, -1.3346 -0.3051 0.0984, -1.3346 -0.2461 0.0984, -1.2244 0.2461 0.0984, -1.3346 0.2461 0.0984, -1.3346 0.3051 0.0984, -1.2244 0.3051 0.0984, -1.0925 0.3337 0.0984, -0.8504 -0.3051 0.0984, -0.9606 -0.3051 0.0984, -0.9606 -0.2461 0.0984, -0.8504 -0.2461 0.0984, -0.7185 0.0 0.0984, -0.9606 0.2461 0.0984, -0.9606 0.3051 0.0984, -0.8504 0.3051 0.0984, -0.7185 0.3337 0.0984, -0.8504 0.2461 0.0984, -0.3543 0.0 0.0984, -0.3543 0.3337 0.0984, -0.4764 0.3051 0.0984, -0.5866 0.3051 0.0984, -0.4764 0.2461 0.0984, -0.5866 0.2461 0.0984, -0.2323 -0.3051 0.0984, -0.2323 -0.2461 0.0984, -0.122 -0.2461 0.0984, 0.0 0.0 0.0984, -0.122 -0.3051 0.0984, -0.122 0.3051 0.0984, -0.122 0.2461 0.0984, -0.2323 0.2461 0.0984, -0.2323 0.3051 0.0984, 0.122 -0.3051 0.0984, 0.122 -0.2461 0.0984, 0.2323 -0.2461 0.0984, 0.2323 -0.3051 0.0984, 0.122 0.2461 0.0984, 0.2323 0.2461 0.0984, 0.2323 0.3051 0.0984, 0.4764 -0.3051 0.0984, 0.5866 -0.3051 0.0984, 0.7185 0.0 0.0984, 0.7185 0.3337 0.0984, 0.9606 -0.2461 0.0984, 1.0925 0.0 0.0984, 0.9606 -0.3051 0.0984, 0.8504 -0.3051 0.0984, 0.8504 -0.2461 0.0984, 0.9606 0.3051 0.0984, 1.0925 0.3337 0.0984, 0.9606 0.2461 0.0984, 0.8504 0.2461 0.0984, 0.8504 0.3051 0.0984, 1.2244 -0.3051 0.0984, 1.3346 -0.3051 0.0984, 1.2244 -0.2461 0.0984, 1.3346 -0.2461 0.0984, 1.5945 0.0 0.0984, 1.2244 0.2461 0.0984, 1.2244 0.3051 0.0984, 1.3346 0.3051 0.0984, 1.5945 0.3337 0.0984, 1.3346 0.2461 0.0984, -1.0925 0.3622 0.0984, -0.7185 0.3622 0.0984, -0.3543 0.3622 0.0984, 0.0 0.3622 0.0984, 0.3543 0.3622 0.0984, 0.7185 0.3622 0.0984, 1.0925 0.3622 0.0984, 1.5945 0.3622 0.0984, 1.5945 0.3622 0.1772, -1.5945 0.3622 0.1772, -0.3839 -0.748 0.1772, -0.3839 -0.748 0.3465, -0.3839 -0.498 0.1772, -0.3839 -0.498 0.3465, -0.3366 -0.748 0.3937, -0.3366 -0.498 0.3937, 1.7913 0.748 0.3937, 1.8701 0.6693 0.3937, 1.7913 0.748 0.0, 1.8701 0.6693 0.0, 1.5945 -0.748 0.0, 1.5945 -0.748 0.1772, 1.5945 0.748 0.1772, 1.5945 0.748 0.0, -1.5945 0.748 0.1772, -1.1909 0.748 0.1772, -1.1909 0.498 0.1772, -0.3839 0.498 0.1772, 1.1909 0.748 0.1772, 1.1909 0.498 0.1772, 0.3839 0.498 0.1772, 0.3839 0.748 0.1772, -0.3839 0.748 0.1772, -1.5945 0.748 0.0, -1.7913 0.748 0.0, -1.7913 0.748 0.3937, -1.2382 0.748 0.3937, -1.1909 0.748 0.3465, -1.1909 0.498 0.3465, -0.3839 0.498 0.3465, -0.3839 0.748 0.3465, -0.3366 0.748 0.3937, 0.3366 0.748 0.3937, 0.3839 0.748 0.3465, -0.3366 0.498 0.3937, -1.2382 0.498 0.3937, 0.3839 0.498 0.3465, 1.1909 0.498 0.3465, 1.1909 0.748 0.3465, 1.2382 0.748 0.3937, 1.2382 0.498 0.3937, 0.3366 0.498 0.3937, -1.8701 0.6693 0.0, -1.8701 0.6693 0.3937, -1.8701 -0.6693 0.3937, -1.8701 -0.6693 0.0, 1.1909 -0.748 0.1772, 1.1909 -0.498 0.1772, -1.1909 -0.748 0.1772, -1.5945 -0.748 0.1772, -1.1909 -0.498 0.1772, 0.6398 -0.498 0.1772, 0.3839 -0.498 0.1772, 0.3839 -0.748 0.1772, -0.935 -0.498 0.1772, -1.5945 -0.748 0.0, -1.7913 -0.748 0.0, -1.7913 -0.748 0.3937, -1.1909 -0.498 0.3465, -1.1909 -0.748 0.3465, -1.2382 -0.748 0.3937, -1.2382 -0.498 0.3937, 1.1909 -0.748 0.3465, 1.1909 -0.498 0.3465, 1.2382 -0.748 0.3937, 1.2382 -0.498 0.3937, 1.8701 -0.6693 0.0, 1.8701 -0.6693 0.3937, 1.7913 -0.748 0.0, 1.7913 -0.748 0.3937, 0.3839 -0.498 0.3465, 0.3839 -0.748 0.3465, 0.3366 -0.748 0.3937, 0.3366 -0.498 0.3937, 1.2402 -0.498 0.3937, 1.2402 0.498 0.3937, 1.3278 0.4882 0.3937, 1.624 -0.1919 0.3937, 1.5949 -0.2752 0.3937, 1.548 -0.3498 0.3937, 1.411 0.459 0.3937, 1.4856 0.4121 0.3937, 1.548 0.3498 0.3937, 1.5949 0.2752 0.3937, 1.4856 -0.4121 0.3937, 1.411 -0.459 0.3937, 1.3278 -0.4882 0.3937, 1.624 0.1919 0.3937, 1.6339 0.1043 0.3937, 1.6339 -0.1043 0.3937, -1.2402 0.498 0.3937, -1.4856 -0.4121 0.3937, -1.548 -0.3498 0.3937, -1.5949 -0.2752 0.3937, -1.2402 -0.498 0.3937, -1.3278 -0.4882 0.3937, -1.411 -0.459 0.3937, -1.624 0.1919 0.3937, -1.5949 0.2752 0.3937, -1.548 0.3498 0.3937, -1.4856 0.4121 0.3937, -1.411 0.459 0.3937, -1.3278 0.4882 0.3937, -1.624 -0.1919 0.3937, -1.6339 -0.1043 0.3937, -1.6339 0.1043 0.3937, 0.128 -0.498 0.3937, -0.128 -0.498 0.3937, 1.6417 0.0295 1.7165, 1.6417 -0.0295 1.7165, 1.6417 0.0295 1.6299, 1.6417 -0.0295 1.6299, -1.6417 0.0295 1.6299, -1.6417 -0.0295 1.6299, -1.6417 0.0295 1.7165, -1.6417 -0.0295 1.7165, -0.9252 -0.498 0.7087, -0.9252 -0.5492 0.7087, -0.9252 -0.498 0.8661, -0.9252 -0.5492 0.7677, -0.9252 -0.498 1.0236, -0.9252 -0.3622 0.7087, -0.6496 -0.3622 0.7087, -0.6496 -0.498 0.7087, -0.6496 -0.5492 0.7087, -0.6496 -0.5492 0.7677, -0.6496 -0.498 1.0236, 0.6496 -0.498 0.7087, 0.6496 -0.5492 0.7087, 0.6496 -0.498 0.8661, 0.6496 -0.5492 0.7677, 0.6496 -0.498 1.0236, 0.6496 -0.3622 0.7087, 0.9252 -0.3622 0.7087, 0.9252 -0.498 0.7087, 0.9252 -0.5492 0.7087, 0.9252 -0.5492 0.7677, 0.9252 -0.498 1.0236, -0.9238 -0.498 1.4961, -0.935 -0.498 1.5232, -0.935 -0.498 1.2205, 0.6398 -0.498 0.8661, 1.2402 -0.498 0.8661, 0.9252 -0.498 0.5118, 0.6496 -0.498 0.5118, 0.3839 -0.498 0.8661, 0.1378 -0.498 0.5118, 0.128 -0.498 0.5118, -0.128 -0.498 0.5118, -0.1378 -0.498 0.5118, -0.935 -0.498 0.8661, -0.3839 -0.498 0.8661, -0.1378 -0.498 0.7087, -0.128 -0.498 0.8661, -0.128 -0.498 0.7087, 0.128 -0.498 0.8661, 0.128 -0.498 0.7087, 0.1378 -0.498 0.7087, 0.9252 -0.498 0.8661, 1.2402 -0.498 1.2205, 0.6398 -0.498 1.2205, -0.8988 -0.498 1.4634, -0.8988 -0.498 1.6862, -0.8661 -0.498 1.7112, -0.935 -0.498 1.7913, -0.6299 -0.498 1.5748, -0.6353 -0.498 1.534, -0.3839 -0.498 1.2205, -0.9238 -0.498 1.6535, -0.7466 -0.498 1.4227, -0.7874 -0.498 1.4173, -0.8282 -0.498 1.4227, -0.8661 -0.498 1.4384, -0.7087 -0.498 1.7112, -0.676 -0.498 1.6862, -0.3839 -0.498 1.7913, -0.651 -0.498 1.6535, -0.6353 -0.498 1.6156, -0.651 -0.498 1.4961, -0.676 -0.498 1.4634, -0.7087 -0.498 1.4384, -0.8282 -0.498 1.7269, -0.7874 -0.498 1.7323, -0.7466 -0.498 1.7269, -0.9395 -0.498 1.534, -1.2402 -0.498 1.2205, -1.2402 -0.498 1.7913, -0.9449 -0.498 1.5748, -0.9395 -0.498 1.6156, -0.935 -0.498 1.6264, 0.651 -0.498 1.6535, 0.676 -0.498 1.6862, 0.6398 -0.498 1.7913, 0.7087 -0.498 1.7112, 0.9238 -0.498 1.4961, 0.8988 -0.498 1.4634, 0.7466 -0.498 1.4227, 0.7087 -0.498 1.4384, 0.676 -0.498 1.4634, 0.8661 -0.498 1.4384, 0.8282 -0.498 1.4227, 0.7874 -0.498 1.4173, 0.8282 -0.498 1.7269, 1.2402 -0.498 1.7913, 0.7874 -0.498 1.7323, 0.7466 -0.498 1.7269, 0.8661 -0.498 1.7112, 0.8988 -0.498 1.6862, 0.9238 -0.498 1.6535, 0.9395 -0.498 1.6156, 0.9449 -0.498 1.5748, 0.9395 -0.498 1.534, 0.651 -0.498 1.4961, 0.6398 -0.498 1.5232, 0.3839 -0.498 1.2205, 0.6353 -0.498 1.534, 0.6299 -0.498 1.5748, 0.3839 -0.498 1.7913, 0.6353 -0.498 1.6156, 0.6398 -0.498 1.6264, -0.6496 -0.498 0.8661, -0.6496 -0.498 0.5118, -0.9252 -0.498 0.5118, -0.0591 -0.498 1.8662, -0.0835 -0.498 1.885, -0.128 -0.498 1.7913, -0.1023 -0.498 1.9095, -0.1141 -0.498 1.9379, -0.128 -0.498 2.0965, -0.1181 -0.498 1.9685, -0.1141 -0.498 1.9991, -0.1023 -0.498 2.0276, -0.0835 -0.498 2.052, -0.0591 -0.498 2.0708, 0.128 -0.498 1.7913, 0.0835 -0.498 1.885, 0.0591 -0.498 1.8662, -0.0306 -0.498 2.0826, 0.0 -0.498 2.0866, 0.128 -0.498 2.0965, 0.0306 -0.498 2.0826, 0.0591 -0.498 2.0708, 0.0306 -0.498 1.8544, 0.0 -0.498 1.8504, -0.0306 -0.498 1.8544, 0.0835 -0.498 2.052, 0.1023 -0.498 2.0276, 0.1141 -0.498 1.9991, 0.1181 -0.498 1.9685, 0.1141 -0.498 1.9379, 0.1023 -0.498 1.9095, 0.3839 -0.498 2.0965, 0.6398 -0.498 2.0965, 1.2402 -0.498 2.0965, 0.128 -0.498 1.2205, -0.128 -0.498 1.2205, -1.2402 -0.498 0.8661, -0.3839 -0.498 2.0965, -0.935 -0.498 2.0965, -1.2402 -0.498 2.0965, 1.2402 -0.498 2.1063, 0.6398 -0.498 2.1063, 0.3839 -0.498 2.1063, 0.128 -0.498 2.1063, -0.128 -0.498 2.1063, -0.3839 -0.498 2.1063, -0.935 -0.498 2.1063, -1.2402 -0.498 2.1063, 0.6496 -0.3622 0.5118, 0.9252 -0.3622 0.5118, -0.9252 -0.3622 0.5118, -0.6496 -0.3622 0.5118, -0.6496 0.498 1.0236, -0.6496 0.498 0.7087, -0.6496 0.5492 0.7677, -0.6496 0.5492 0.7087, -0.6496 0.3622 0.7087, -0.9252 0.3622 0.7087, -0.9252 0.498 0.7087, -0.9252 0.5492 0.7087, -0.9252 0.5492 0.7677, -0.9252 0.498 1.0236, 0.9252 0.498 1.0236, 0.9252 0.498 0.7087, 0.9252 0.5492 0.7677, 0.9252 0.5492 0.7087, 0.9252 0.3622 0.7087, 0.6496 0.3622 0.7087, 0.6496 0.498 0.7087, 0.6496 0.5492 0.7087, 0.6496 0.5492 0.7677, 0.6496 0.498 1.0236, 0.9252 0.498 0.5118, -0.9252 0.498 0.5118, -0.6496 0.498 0.5118, -1.2402 0.498 1.2205, 0.6496 0.498 0.5118, 1.2402 0.498 1.2205, -0.3839 0.498 1.2205, -0.1378 0.498 0.5118, 0.1378 0.498 0.5118, 0.1378 0.498 0.7087, -0.1378 0.498 0.7087, -0.676 0.498 1.6862, -0.3839 0.498 2.1063, -0.651 0.498 1.6535, -0.6353 0.498 1.6156, -1.2402 0.498 2.1063, -0.7874 0.498 1.7323, -0.7087 0.498 1.7112, -0.7466 0.498 1.7269, -0.8282 0.498 1.7269, -0.8661 0.498 1.7112, -0.8988 0.498 1.6862, -0.9395 0.498 1.534, -0.9238 0.498 1.4961, -0.8988 0.498 1.4634, -0.8661 0.498 1.4384, -0.8282 0.498 1.4227, -0.7874 0.498 1.4173, -0.7466 0.498 1.4227, -0.7087 0.498 1.4384, -0.6299 0.498 1.5748, -0.6353 0.498 1.534, -0.9238 0.498 1.6535, -0.9395 0.498 1.6156, -0.9449 0.498 1.5748, -0.676 0.498 1.4634, -0.651 0.498 1.4961, 0.9238 0.498 1.6535, 0.8988 0.498 1.6862, 1.2402 0.498 2.1063, 0.8661 0.498 1.7112, 0.8282 0.498 1.7269, 0.7874 0.498 1.7323, 0.9238 0.498 1.4961, 0.8988 0.498 1.4634, 0.8661 0.498 1.4384, 0.6353 0.498 1.534, 0.651 0.498 1.4961, 0.676 0.498 1.4634, 0.7087 0.498 1.4384, 0.7466 0.498 1.4227, 0.7874 0.498 1.4173, 0.8282 0.498 1.4227, 0.9395 0.498 1.534, 0.9449 0.498 1.5748, 0.9395 0.498 1.6156, 0.7466 0.498 1.7269, 0.7087 0.498 1.7112, 0.676 0.498 1.6862, 0.651 0.498 1.6535, 0.6353 0.498 1.6156, 0.6299 0.498 1.5748, 0.9252 0.3622 0.5118, 0.6496 0.3622 0.5118, -0.6496 0.3622 0.5118, -0.9252 0.3622 0.5118, 0.7874 0.3622 1.7323, 0.8282 0.3622 1.7269, 0.8661 0.3622 1.7112, 0.8988 0.3622 1.6862, 0.9238 0.3622 1.6535, 0.9395 0.3622 1.6156, 0.9449 0.3622 1.5748, 0.9395 0.3622 1.534, 0.9238 0.3622 1.4961, 0.8988 0.3622 1.4634, 0.8661 0.3622 1.4384, 0.8282 0.3622 1.4227, 0.7874 0.3622 1.4173, -0.7874 0.3622 1.7323, -0.7466 0.3622 1.7269, -0.7087 0.3622 1.7112, -0.676 0.3622 1.6862, -0.651 0.3622 1.6535, -0.6353 0.3622 1.6156, -0.6299 0.3622 1.5748, -0.6353 0.3622 1.534, -0.651 0.3622 1.4961, -0.676 0.3622 1.4634, -0.7087 0.3622 1.4384, -0.7466 0.3622 1.4227, -0.7874 0.3622 1.4173, 0.1378 0.3622 0.5118, 0.1378 0.3622 0.7087, -0.1378 0.3622 0.7087, -0.1378 0.3622 0.5118, -1.6355 -0.0295 1.7231, -1.6355 0.0295 1.7231, -1.6278 -0.0295 1.7281, -1.6278 0.0295 1.7281, -1.6193 -0.0295 1.7312, -1.6193 0.0295 1.7312, -1.6102 -0.0295 1.7323, -1.6102 0.0295 1.7323, -1.5701 0.0295 1.7323, -1.5551 0.0295 1.7342, -1.5701 0.0295 1.6142, -1.5551 0.0295 1.6122, -1.6102 0.0295 1.6142, -1.6193 0.0295 1.6152, -1.6355 0.0295 1.6233, -1.6278 0.0295 1.6183, -1.5551 -0.0295 1.6122, -1.5551 -0.0295 1.7342, -1.5701 -0.0295 1.7323, -1.6278 -0.0295 1.6183, -1.6193 -0.0295 1.6152, -1.6102 -0.0295 1.6142, -1.5701 -0.0295 1.6142, -1.6355 -0.0295 1.6233, -1.5551 -0.3406 1.811, -1.5551 0.3406 1.811, -1.5551 0.3406 1.5354, -1.5551 -0.3406 1.5354, -1.5949 0.2752 1.5354, -1.624 0.1919 1.5354, -1.6339 0.1043 1.5354, -1.624 -0.1919 1.5354, -1.5949 -0.2752 1.5354, -1.6339 -0.1043 1.5354, -1.3278 -0.4882 2.1063, -1.5949 -0.2752 1.811, -1.548 -0.3498 2.1063, -1.5949 -0.2752 2.1063, -1.624 -0.1919 2.1063, -1.624 -0.1919 1.811, -1.6339 -0.1043 2.1063, -1.6339 -0.1043 1.811, -1.4856 -0.4121 2.1063, -1.411 -0.459 2.1063, -1.624 0.1919 1.811, -1.5949 0.2752 1.811, -1.6339 0.1043 1.811, -1.5949 0.2752 2.1063, -1.624 0.1919 2.1063, -1.6339 0.1043 2.1063, -1.548 0.3498 2.1063, -1.3278 0.4882 2.1063, -1.411 0.459 2.1063, -1.4856 0.4121 2.1063, -1.2402 0.4587 2.1654, 1.2402 0.4587 2.1654, 1.6355 -0.0295 1.6233, 1.6355 0.0295 1.6233, 1.6278 -0.0295 1.6183, 1.6278 0.0295 1.6183, 1.6193 -0.0295 1.6152, 1.6193 0.0295 1.6152, 1.6102 -0.0295 1.6142, 1.6102 0.0295 1.6142, 1.5701 0.0295 1.6142, 1.5551 0.0295 1.6122, 1.5701 0.0295 1.7323, 1.5551 0.0295 1.7342, 1.6102 0.0295 1.7323, 1.6193 0.0295 1.7312, 1.6278 0.0295 1.7281, 1.6355 0.0295 1.7231, 1.5701 -0.0295 1.7323, 1.5551 -0.0295 1.7342, 1.5701 -0.0295 1.6142, 1.5551 -0.0295 1.6122, 1.6102 -0.0295 1.7323, 1.6193 -0.0295 1.7312, 1.6355 -0.0295 1.7231, 1.6278 -0.0295 1.7281, 1.5551 -0.3406 1.811, 1.5551 -0.3406 1.5354, 1.5551 0.3406 1.5354, 1.5551 0.3406 1.811, 1.5949 -0.2752 1.5354, 1.624 -0.1919 1.5354, 1.6339 -0.1043 1.5354, 1.624 0.1919 1.5354, 1.5949 0.2752 1.5354, 1.6339 0.1043 1.5354, 1.5949 0.2752 1.811, 1.548 0.3498 2.1063, 1.5949 0.2752 2.1063, 1.624 0.1919 2.1063, 1.624 0.1919 1.811, 1.6339 0.1043 2.1063, 1.6339 0.1043 1.811, 1.4856 0.4121 2.1063, 1.411 0.459 2.1063, 1.3278 0.4882 2.1063, 1.624 -0.1919 1.811, 1.5949 -0.2752 1.811, 1.6339 -0.1043 1.811, 1.6339 -0.1043 2.1063, 1.624 -0.1919 2.1063, 1.5949 -0.2752 2.1063, 1.548 -0.3498 2.1063, 1.4856 -0.4121 2.1063, 1.411 -0.459 2.1063, 1.3278 -0.4882 2.1063, -1.2402 -0.4587 2.1654, 1.2402 -0.4587 2.1654, 0.1378 -0.3622 0.7087, 0.1378 -0.3622 0.5118, -0.1378 -0.3622 0.5118, -0.1378 -0.3622 0.7087, 0.0 -0.4587 1.8504, 0.0306 -0.4587 1.8544, 0.0591 -0.4587 1.8662, 0.0835 -0.4587 1.885, 0.1023 -0.4587 1.9095, 0.1141 -0.4587 1.9379, 0.1181 -0.4587 1.9685, 0.1141 -0.4587 1.9991, 0.1023 -0.4587 2.0276, 0.0835 -0.4587 2.052, 0.0591 -0.4587 2.0708, 0.0306 -0.4587 2.0826, 0.0 -0.4587 2.0866, -0.7874 -0.3622 1.7323, -0.7466 -0.3622 1.7269, -0.7087 -0.3622 1.7112, -0.676 -0.3622 1.6862, -0.651 -0.3622 1.6535, -0.6353 -0.3622 1.6156, -0.6299 -0.3622 1.5748, -0.6353 -0.3622 1.534, -0.651 -0.3622 1.4961, -0.676 -0.3622 1.4634, -0.7087 -0.3622 1.4384, -0.7466 -0.3622 1.4227, -0.7874 -0.3622 1.4173, 0.7874 -0.3622 1.7323, 0.8282 -0.3622 1.7269, 0.8661 -0.3622 1.7112, 0.8988 -0.3622 1.6862, 0.9238 -0.3622 1.6535, 0.9395 -0.3622 1.6156, 0.9449 -0.3622 1.5748, 0.9395 -0.3622 1.534, 0.9238 -0.3622 1.4961, 0.8988 -0.3622 1.4634, 0.8661 -0.3622 1.4384, 0.8282 -0.3622 1.4227, 0.7874 -0.3622 1.4173, -1.5945 -0.1043 2.1654, -1.5856 -0.1832 2.1654, -1.5594 -0.2581 2.1654, -1.5172 -0.3253 2.1654, -1.4611 -0.3814 2.1654, -1.3939 -0.4236 2.1654, -1.319 -0.4498 2.1654, -1.319 0.4498 2.1654, -1.3939 0.4236 2.1654, -1.4611 0.3814 2.1654, -1.5172 0.3253 2.1654, -1.5594 0.2581 2.1654, -1.5856 0.1832 2.1654, -1.5945 0.1043 2.1654, 1.5945 0.1043 2.1654, 1.5856 0.1832 2.1654, 1.5594 0.2581 2.1654, 1.5172 0.3253 2.1654, 1.4611 0.3814 2.1654, 1.3939 0.4236 2.1654, 1.319 0.4498 2.1654, 1.319 -0.4498 2.1654, 1.3939 -0.4236 2.1654, 1.4611 -0.3814 2.1654, 1.5172 -0.3253 2.1654, 1.5594 -0.2581 2.1654, 1.5856 -0.1832 2.1654, 1.5945 -0.1043 2.1654, 0.651 0.3622 1.4961, 0.6353 0.3622 1.534, 0.6299 0.3622 1.5748, 0.6353 0.3622 1.6156, 0.676 0.3622 1.4634, 0.676 0.3622 1.6862, 0.7466 0.3622 1.4227, 0.7087 0.3622 1.4384, 0.7087 0.3622 1.7112, 0.7466 0.3622 1.7269, 0.651 0.3622 1.6535, -0.9395 0.3622 1.534, -0.9449 0.3622 1.5748, -0.8988 0.3622 1.4634, -0.9395 0.3622 1.6156, -0.9238 0.3622 1.6535, -0.8988 0.3622 1.6862, -0.9238 0.3622 1.4961, -0.8282 0.3622 1.7269, -0.8661 0.3622 1.7112, -0.8282 0.3622 1.4227, -0.8661 0.3622 1.4384, 1.2826 -0.2283 2.1654, 1.2416 -0.2541 2.1654, 1.1958 -0.2702 2.1654, 1.1476 -0.2756 2.1654, -1.3169 -0.1941 2.1654, -1.2826 -0.2283 2.1654, -1.2416 -0.2541 2.1654, -1.1958 -0.2702 2.1654, -1.1476 -0.2756 2.1654, -1.2826 0.2283 2.1654, -1.2416 0.2541 2.1654, 1.3169 0.1941 2.1654, 1.2826 0.2283 2.1654, 1.2416 0.2541 2.1654, 1.1958 0.2702 2.1654, 1.3169 -0.1941 2.1654, 1.3427 -0.153 2.1654, 1.3587 -0.1072 2.1654, 1.3642 -0.0591 2.1654, 1.3642 0.0591 2.1654, 1.3587 0.1072 2.1654, 1.3427 0.153 2.1654, -1.3169 0.1941 2.1654, -1.3427 0.153 2.1654, -1.3587 0.1072 2.1654, -1.3642 0.0591 2.1654, -1.3642 -0.0591 2.1654, -1.3587 -0.1072 2.1654, -1.3427 -0.153 2.1654, -1.1958 0.2702 2.1654, -1.1476 0.2756 2.1654, 1.1476 0.2756 2.1654, -0.0306 -0.4587 2.0826, -0.1023 -0.4587 2.0276, -0.1141 -0.4587 1.9991, -0.0306 -0.4587 1.8544, -0.0835 -0.4587 2.052, -0.0591 -0.4587 2.0708, -0.1023 -0.4587 1.9095, -0.1141 -0.4587 1.9379, -0.1181 -0.4587 1.9685, -0.0835 -0.4587 1.885, -0.0591 -0.4587 1.8662, -0.9238 -0.3622 1.6535, -0.9395 -0.3622 1.6156, -0.9449 -0.3622 1.5748, -0.9395 -0.3622 1.534, -0.8988 -0.3622 1.4634, -0.9238 -0.3622 1.4961, -0.8282 -0.3622 1.4227, -0.8988 -0.3622 1.6862, -0.8282 -0.3622 1.7269, -0.8661 -0.3622 1.7112, -0.8661 -0.3622 1.4384, 0.651 -0.3622 1.4961, 0.676 -0.3622 1.6862, 0.6299 -0.3622 1.5748, 0.6353 -0.3622 1.6156, 0.651 -0.3622 1.6535, 0.676 -0.3622 1.4634, 0.7087 -0.3622 1.4384, 0.7466 -0.3622 1.4227, 0.6353 -0.3622 1.534, 0.7466 -0.3622 1.7269, 0.7087 -0.3622 1.7112, 1.3248 0.0591 2.2047, 1.3204 0.0985 2.2047, 1.3073 0.1359 2.2047, 1.2862 0.1695 2.2047, 1.2581 0.1976 2.2047, 1.2245 0.2187 2.2047, 1.1871 0.2318 2.2047, 1.1476 0.2362 2.2047, 1.3248 -0.0591 2.2047, 1.1476 -0.2362 2.2047, 1.1871 -0.2318 2.2047, 1.2245 -0.2187 2.2047, 1.2581 -0.1976 2.2047, 1.2862 -0.1695 2.2047, 1.3073 -0.1359 2.2047, 1.3204 -0.0985 2.2047, -1.1476 -0.2362 2.2047, -1.3248 -0.0591 2.2047, -1.3204 -0.0985 2.2047, -1.3073 -0.1359 2.2047, -1.2862 -0.1695 2.2047, -1.2581 -0.1976 2.2047, -1.2245 -0.2187 2.2047, -1.1871 -0.2318 2.2047, -1.3248 0.0591 2.2047, -1.1476 0.2362 2.2047, -1.1871 0.2318 2.2047, -1.2245 0.2187 2.2047, -1.2581 0.1976 2.2047, -1.2862 0.1695 2.2047, -1.3073 0.1359 2.2047, -1.3204 0.0985 2.2047, 1.2242 0.218 2.7199, 1.236 0.2126 2.7244, 1.1476 0.2362 2.7047, 1.1729 0.2344 2.7062, 1.1869 0.231 2.709, 1.2052 0.2266 2.7127, 1.3093 0.1316 2.7244, 1.3201 0.0984 2.7244, 1.3209 0.0962 2.7244, 1.3248 0.0591 2.7244, 1.2905 0.1638 2.7244, 1.3069 0.1357 2.7244, 1.2577 0.197 2.7244, 1.2654 0.1914 2.7244, 1.2857 0.1691 2.7244, 1.3248 -0.0591 2.7244, 1.1476 -0.2362 2.7047, 1.18 -0.2332 2.7072, 1.2129 -0.2238 2.7151, 1.1869 -0.2312 2.7089, 1.2654 -0.1914 2.7244, 1.2577 -0.197 2.7244, 1.236 -0.2126 2.7244, 1.2243 -0.2183 2.7197, 1.273 -0.1842 2.7244, 1.2858 -0.1693 2.7244, 1.2905 -0.1638 2.7244, 1.3069 -0.1357 2.7244, 1.3093 -0.1316 2.7244, 1.3201 -0.0984 2.7244, 1.3209 -0.0962 2.7244, 0.5906 -0.2362 2.4803, 0.5872 -0.2362 2.4548, 0.5774 -0.2362 2.4311, 0.5413 -0.2362 2.5656, 0.5617 -0.2362 2.5499, 0.5617 -0.2362 2.4107, 0.5413 -0.2362 2.3951, 0.5176 -0.2362 2.3852, -0.4429 -0.2362 2.5656, -0.4225 -0.2362 2.5499, 0.4429 -0.2362 2.3951, -0.4069 -0.2362 2.5295, -0.3971 -0.2362 2.5058, -0.4667 -0.2362 2.5754, 0.4225 -0.2362 2.4107, 0.4069 -0.2362 2.4311, 0.5774 -0.2362 2.5295, 0.5872 -0.2362 2.5058, -0.4429 -0.2362 2.3951, -0.4667 -0.2362 2.3852, -0.4921 -0.2362 2.3819, -0.3971 -0.2362 2.4548, -0.4069 -0.2362 2.4311, -0.4225 -0.2362 2.4107, -0.5617 -0.2362 2.5499, -1.1476 -0.2362 2.7047, -0.5774 -0.2362 2.5295, -0.5872 -0.2362 2.5058, 0.4225 -0.2362 2.5499, 0.4429 -0.2362 2.5656, -0.5176 -0.2362 2.3852, -0.5413 -0.2362 2.3951, -0.5617 -0.2362 2.4107, 0.4921 -0.2362 2.3819, 0.4667 -0.2362 2.3852, -0.3937 -0.2362 2.4803, 0.4667 -0.2362 2.5754, 0.4921 -0.2362 2.5787, 0.5176 -0.2362 2.5754, -0.5774 -0.2362 2.4311, -0.5872 -0.2362 2.4548, -0.5906 -0.2362 2.4803, -0.5413 -0.2362 2.5656, -0.5176 -0.2362 2.5754, -0.4921 -0.2362 2.5787, 0.3971 -0.2362 2.4548, 0.3937 -0.2362 2.4803, 0.3971 -0.2362 2.5058, 0.4069 -0.2362 2.5295, -1.2242 -0.218 2.7199, -1.236 -0.2126 2.7244, -1.1729 -0.2344 2.7062, -1.1869 -0.231 2.709, -1.2052 -0.2266 2.7127, -1.3093 -0.1316 2.7244, -1.3201 -0.0984 2.7244, -1.3209 -0.0962 2.7244, -1.3248 -0.0591 2.7244, -1.2905 -0.1638 2.7244, -1.3069 -0.1357 2.7244, -1.2577 -0.197 2.7244, -1.2654 -0.1914 2.7244, -1.2857 -0.1691 2.7244, -1.3248 0.0591 2.7244, -1.1476 0.2362 2.7047, -1.18 0.2332 2.7072, -1.2129 0.2238 2.7151, -1.1869 0.2312 2.7089, -1.236 0.2126 2.7244, -1.2243 0.2183 2.7197, -1.2858 0.1693 2.7244, -1.273 0.1842 2.7244, -1.2654 0.1914 2.7244, -1.2577 0.197 2.7244, -1.2905 0.1638 2.7244, -1.3069 0.1357 2.7244, -1.3093 0.1316 2.7244, -1.3201 0.0984 2.7244, -1.3209 0.0962 2.7244, -0.4225 0.2362 2.5499, -0.4429 0.2362 2.5656, 0.4225 0.2362 2.5499, 0.4429 0.2362 2.5656, 0.4225 0.2362 2.4107, 0.4429 0.2362 2.3951, 0.5413 0.2362 2.3951, 0.5617 0.2362 2.4107, 0.5872 0.2362 2.5058, 0.5774 0.2362 2.5295, 0.5617 0.2362 2.5499, 0.5413 0.2362 2.5656, -0.5176 0.2362 2.3852, -0.4921 0.2362 2.3819, -0.4667 0.2362 2.3852, 0.5774 0.2362 2.4311, 0.5872 0.2362 2.4548, 0.5906 0.2362 2.4803, 0.5176 0.2362 2.5754, 0.4921 0.2362 2.5787, 0.4667 0.2362 2.5754, -0.4667 0.2362 2.5754, -0.4921 0.2362 2.5787, -0.5176 0.2362 2.5754, -0.5413 0.2362 2.5656, -0.5617 0.2362 2.5499, -0.5774 0.2362 2.5295, 0.3971 0.2362 2.5058, 0.3937 0.2362 2.4803, 0.3971 0.2362 2.4548, 0.4069 0.2362 2.4311, 0.4667 0.2362 2.3852, 0.4921 0.2362 2.3819, 0.5176 0.2362 2.3852, -0.4429 0.2362 2.3951, -0.4225 0.2362 2.4107, -0.4069 0.2362 2.4311, -0.5774 0.2362 2.4311, -0.5617 0.2362 2.4107, -0.5413 0.2362 2.3951, -0.5872 0.2362 2.5058, -0.5906 0.2362 2.4803, -0.5872 0.2362 2.4548, -0.3971 0.2362 2.4548, -0.3937 0.2362 2.4803, 0.4069 0.2362 2.5295, -0.3971 0.2362 2.5058, -0.4069 0.2362 2.5295, 1.3021 0.1284 2.7588, 1.3074 0.1308 2.742, 1.2889 0.1627 2.742, 1.258 0.1961 2.7382, 1.2623 0.1915 2.742, 1.2641 0.1899 2.742, 1.2461 0.0591 2.8032, 1.2629 0.0591 2.8009, 1.2604 0.0832 2.8013, 1.2369 0.0992 2.8032, 1.2431 0.0838 2.8032, 1.2436 0.0796 2.8032, 1.2341 0.1062 2.8032, 1.2403 0.1192 2.8022, 1.2269 0.1172 2.8032, 1.2285 0.1183 2.803, 1.2264 0.1181 2.8032, 1.2529 0.1063 2.8013, 1.2682 0.1132 2.7956, 1.2581 0.1255 2.797, 1.2545 0.1236 2.7986, 1.2453 0.1204 2.8013, 1.2448 0.1202 2.8014, 1.2713 0.1386 2.7861, 1.2683 0.1339 2.79, 1.2819 0.1193 2.7862, 1.2656 0.1311 2.7923, 1.2606 0.1274 2.7954, 1.2735 0.142 2.7832, 1.2934 0.1245 2.7738, 1.2745 0.1443 2.7814, 1.2727 0.1754 2.7554, 1.2742 0.1714 2.7588, 1.2841 0.1592 2.7588, 1.2746 0.1703 2.7597, 1.2768 0.157 2.7708, 1.2767 0.1549 2.7725, 1.2764 0.1536 2.7736, 1.263 0.1906 2.7427, 1.2637 0.1896 2.7436, 1.3225 0.0591 2.7419, 1.3189 0.0957 2.742, 1.2395 0.2105 2.7261, 1.3164 0.0591 2.7586, 1.3165 0.0591 2.7584, 1.3132 0.0945 2.7588, 1.3221 0.0591 2.7448, 1.3225 0.0591 2.742, 1.2764 0.1535 2.7737, 1.3143 0.0591 2.7638, 1.3039 0.0925 2.7738, 1.3071 0.0591 2.7731, 1.2944 0.0591 2.7857, 1.2948 0.0591 2.7854, 1.2916 0.0899 2.7862, 1.3017 0.0591 2.7801, 1.3069 0.0591 2.7734, 1.2854 0.0591 2.7926, 1.2768 0.0867 2.7956, 1.28 0.0591 2.7948, 1.2635 0.0591 2.8009, 1.2664 0.0591 2.8005, 1.2795 0.0591 2.795, -0.1476 0.1378 2.7867, -0.0492 0.1378 2.7867, -0.5472 0.1378 2.7867, -0.437 0.1378 2.7867, -0.2461 0.1378 2.7867, -0.2461 0.1181 2.8032, -0.1476 0.1181 2.8032, -1.0276 0.1181 2.8032, -0.5472 0.1181 2.8032, -1.0276 0.1378 2.7867, -0.3445 0.1378 2.7867, -0.3445 0.1181 2.8032, -0.437 0.1181 2.8032, 0.1476 0.1378 2.7867, 0.1476 0.1181 2.8032, 0.437 0.1181 2.8032, -1.1378 0.1378 2.7867, -1.255 0.199 2.7358, -1.2622 0.1915 2.742, -1.2634 0.1902 2.7431, -1.2638 0.1896 2.7436, 0.437 0.1378 2.7867, 0.0492 0.1378 2.7867, 0.0492 0.1181 2.8032, -0.0492 0.1181 2.8032, -1.2725 0.1759 2.755, -1.2742 0.1714 2.7588, -1.2746 0.1703 2.7596, 0.5472 0.1181 2.8032, 1.0276 0.1181 2.8032, 0.5472 0.1378 2.7867, 1.0276 0.1378 2.7867, -1.2766 0.1534 2.7737, -1.2766 0.153 2.7741, -1.274 0.1431 2.7824, 1.1378 0.1181 2.8032, 1.1378 0.1378 2.7867, -1.2768 0.1578 2.7701, -1.2766 0.1537 2.7735, -1.2451 0.1205 2.8011, -1.2487 0.1213 2.8005, -1.2534 0.1231 2.799, -1.2722 0.1394 2.7854, -1.2667 0.1321 2.7915, -1.2283 0.1182 2.8031, -1.2264 0.1181 2.8032, -1.1949 0.1181 2.8032, -1.1378 0.1181 2.8032, 1.1949 0.1181 2.8032, -1.2617 0.1278 2.795, -1.2607 0.1273 2.7955, -1.237 0.1187 2.8026, -1.2345 0.1185 2.8029, 1.3228 -0.0591 2.742, 1.3228 -0.0591 2.7419, 1.317 -0.0591 2.7586, 1.3076 -0.0591 2.7735, 1.2952 -0.0591 2.786, 1.2802 -0.0591 2.7954, 1.2636 -0.0591 2.8012, 1.2461 -0.0591 2.8032, 1.263 -0.0591 2.8012, 1.237 -0.1187 2.8026, 1.2451 -0.1205 2.8011, 1.2529 -0.1063 2.8013, 1.2766 -0.153 2.7741, 1.2766 -0.1534 2.7737, 1.2934 -0.1245 2.7738, 1.2634 -0.1902 2.7431, 1.2622 -0.1915 2.742, 1.2641 -0.1899 2.742, 1.2841 -0.1592 2.7588, 1.2766 -0.1537 2.7735, 1.2768 -0.1578 2.7701, 1.2746 -0.1703 2.7596, 1.2742 -0.1714 2.7588, 1.2889 -0.1627 2.742, 1.2725 -0.1759 2.755, 1.2638 -0.1896 2.7436, 1.3021 -0.1284 2.7588, 1.2819 -0.1193 2.7862, 1.2682 -0.1132 2.7956, 1.2617 -0.1278 2.795, 1.2667 -0.1321 2.7915, 1.2722 -0.1394 2.7854, 1.274 -0.1431 2.7824, 1.2487 -0.1213 2.8005, 1.2534 -0.1231 2.799, 1.2607 -0.1273 2.7955, 1.2345 -0.1185 2.8029, 1.2373 -0.0992 2.8032, 1.2283 -0.1182 2.8031, 1.2269 -0.1172 2.8032, 1.2264 -0.1181 2.8032, 1.2388 -0.0965 2.8032, 1.2434 -0.0795 2.8032, 1.2451 -0.0732 2.8032, 1.2604 -0.0832 2.8013, 1.255 -0.199 2.7358, 1.3074 -0.1308 2.742, 1.3189 -0.0957 2.742, 1.3132 -0.0945 2.7588, 1.3039 -0.0925 2.7738, 1.2916 -0.0899 2.7862, 1.2768 -0.0867 2.7956, 0.1476 -0.1378 2.7867, 0.0492 -0.1378 2.7867, 0.5472 -0.1378 2.7867, 0.437 -0.1378 2.7867, 0.2461 -0.1378 2.7867, 0.2461 -0.1181 2.8032, 0.1476 -0.1181 2.8032, 1.0276 -0.1181 2.8032, 0.5472 -0.1181 2.8032, 1.0276 -0.1378 2.7867, 0.3445 -0.1378 2.7867, 0.3445 -0.1181 2.8032, 0.437 -0.1181 2.8032, -0.1476 -0.1378 2.7867, -0.1476 -0.1181 2.8032, -0.437 -0.1181 2.8032, 1.1378 -0.1378 2.7867, -0.437 -0.1378 2.7867, -0.0492 -0.1378 2.7867, -0.0492 -0.1181 2.8032, 0.0492 -0.1181 2.8032, -0.5472 -0.1181 2.8032, -1.0276 -0.1181 2.8032, -0.5472 -0.1378 2.7867, -1.0276 -0.1378 2.7867, -1.2727 -0.1754 2.7554, -1.2637 -0.1896 2.7436, -1.1378 -0.1181 2.8032, -1.263 -0.1906 2.7427, -1.2623 -0.1915 2.742, -1.258 -0.1961 2.7382, -1.2395 -0.2105 2.7261, -1.1378 -0.1378 2.7867, -1.2264 -0.1181 2.8032, -1.2285 -0.1183 2.803, -1.2742 -0.1714 2.7588, 1.1949 -0.1181 2.8032, 1.1378 -0.1181 2.8032, -1.1949 -0.1181 2.8032, -1.2453 -0.1204 2.8013, -1.2545 -0.1236 2.7986, -1.2403 -0.1192 2.8022, -1.2448 -0.1202 2.8014, -1.2656 -0.1311 2.7923, -1.2764 -0.1536 2.7736, -1.2606 -0.1274 2.7954, -1.2767 -0.1549 2.7725, -1.2768 -0.157 2.7708, -1.2683 -0.1339 2.79, -1.2713 -0.1386 2.7861, -1.2764 -0.1535 2.7737, -1.2735 -0.142 2.7832, -1.2745 -0.1443 2.7814, -1.2581 -0.1255 2.797, -1.2746 -0.1703 2.7597, -0.4921 -0.187 2.3819, -0.4667 -0.187 2.3852, -0.4429 -0.187 2.3951, -0.4225 -0.187 2.4107, -0.4069 -0.187 2.4311, -0.3971 -0.187 2.4548, -0.3937 -0.187 2.4803, -0.3971 -0.187 2.5058, -0.4069 -0.187 2.5295, -0.4225 -0.187 2.5499, -0.4429 -0.187 2.5656, -0.4667 -0.187 2.5754, -0.4921 -0.187 2.5787, 0.4921 -0.187 2.3819, 0.5176 -0.187 2.3852, 0.5413 -0.187 2.3951, 0.5617 -0.187 2.4107, 0.5774 -0.187 2.4311, 0.5872 -0.187 2.4548, 0.5906 -0.187 2.4803, 0.5872 -0.187 2.5058, 0.5774 -0.187 2.5295, 0.5617 -0.187 2.5499, 0.5413 -0.187 2.5656, 0.5176 -0.187 2.5754, 0.4921 -0.187 2.5787, -1.3021 -0.1284 2.7588, -1.3074 -0.1308 2.742, -1.2889 -0.1627 2.742, -1.2641 -0.1899 2.742, -1.2461 -0.0591 2.8032, -1.2629 -0.0591 2.8009, -1.2604 -0.0832 2.8013, -1.2369 -0.0992 2.8032, -1.2431 -0.0838 2.8032, -1.2436 -0.0796 2.8032, -1.2341 -0.1062 2.8032, -1.2269 -0.1172 2.8032, -1.2529 -0.1063 2.8013, -1.2682 -0.1132 2.7956, -1.2819 -0.1193 2.7862, -1.2934 -0.1245 2.7738, -1.2841 -0.1592 2.7588, -1.3225 -0.0591 2.7419, -1.3189 -0.0957 2.742, -1.3164 -0.0591 2.7586, -1.3165 -0.0591 2.7584, -1.3132 -0.0945 2.7588, -1.3221 -0.0591 2.7448, -1.3225 -0.0591 2.742, -1.3143 -0.0591 2.7638, -1.3039 -0.0925 2.7738, -1.3071 -0.0591 2.7731, -1.2944 -0.0591 2.7857, -1.2948 -0.0591 2.7854, -1.2916 -0.0899 2.7862, -1.3017 -0.0591 2.7801, -1.3069 -0.0591 2.7734, -1.2854 -0.0591 2.7926, -1.2768 -0.0867 2.7956, -1.28 -0.0591 2.7948, -1.2635 -0.0591 2.8009, -1.2664 -0.0591 2.8005, -1.2795 -0.0591 2.795, -1.2461 0.0591 2.8032, -1.2629 0.0591 2.8009, -1.2635 0.0591 2.8009, -1.2664 0.0591 2.8005, -1.2795 0.0591 2.795, -1.28 0.0591 2.7948, -1.2854 0.0591 2.7926, -1.2944 0.0591 2.7857, -1.2948 0.0591 2.7854, -1.3017 0.0591 2.7801, -1.3069 0.0591 2.7734, -1.3071 0.0591 2.7731, -1.3143 0.0591 2.7638, -1.3164 0.0591 2.7586, -1.3165 0.0591 2.7584, -1.3221 0.0591 2.7448, -1.3225 0.0591 2.742, -1.3225 0.0591 2.7419, -1.2269 0.1172 2.8032, -1.2819 0.1193 2.7862, -1.2841 0.1592 2.7588, -1.3021 0.1284 2.7588, -1.2641 0.1899 2.742, -1.2889 0.1627 2.742, -1.2934 0.1245 2.7738, -1.2682 0.1132 2.7956, -1.2529 0.1063 2.8013, -1.2373 0.0992 2.8032, -1.2604 0.0832 2.8013, -1.2451 0.0732 2.8032, -1.2434 0.0795 2.8032, -1.2388 0.0965 2.8032, -1.3074 0.1308 2.742, -1.3189 0.0957 2.742, -1.3132 0.0945 2.7588, -1.3039 0.0925 2.7738, -1.2916 0.0899 2.7862, -1.2768 0.0867 2.7956, -0.4921 0.187 2.3819, -0.4667 0.187 2.3852, -0.4429 0.187 2.3951, -0.4225 0.187 2.4107, -0.4069 0.187 2.4311, -0.3971 0.187 2.4548, -0.3937 0.187 2.4803, -0.3971 0.187 2.5058, -0.4069 0.187 2.5295, -0.4225 0.187 2.5499, -0.4429 0.187 2.5656, -0.4667 0.187 2.5754, -0.4921 0.187 2.5787, 0.4921 0.187 2.3819, 0.5176 0.187 2.3852, 0.5413 0.187 2.3951, 0.5617 0.187 2.4107, 0.5774 0.187 2.4311, 0.5872 0.187 2.4548, 0.5906 0.187 2.4803, 0.5872 0.187 2.5058, 0.5774 0.187 2.5295, 0.5617 0.187 2.5499, 0.5413 0.187 2.5656, 0.5176 0.187 2.5754, 0.4921 0.187 2.5787, 1.1949 -0.0295 2.8032, 1.1949 0.0295 2.8032, 1.2185 -0.0295 2.8032, 1.2185 0.0295 2.8032
            ]
        }
        coordIndex [
            0,1,2,-1,2,1,3,-1,2,3,4,-1,4,5,2,-1,2,5,6,-1,2,6,7,-1,7,6,8,-1,8,9,7,-1,7,9,10,-1,7,10,11,-1,12,13,14,-1,15,16,17,-1,18,19,20,-1,18,21,22,-1,22,21,23,-1,22,23,0,-1,0,23,1,-1,24,25,26,-1,26,25,3,-1,26,3,27,-1,27,3,1,-1,27,1,28,-1,28,1,23,-1,28,23,24,-1,24,23,25,-1,29,25,30,-1,30,25,23,-1,30,23,31,-1,31,23,21,-1,31,21,32,-1,32,21,33,-1,32,33,29,-1,29,33,25,-1,34,4,35,-1,35,4,3,-1,35,3,36,-1,36,3,25,-1,36,25,37,-1,37,25,38,-1,37,38,34,-1,39,25,40,-1,40,25,33,-1,40,33,41,-1,41,33,42,-1,41,42,43,-1,43,42,38,-1,43,38,39,-1,39,38,25,-1,34,38,4,-1,4,38,44,-1,4,44,5,-1,45,46,47,-1,46,45,48,-1,48,45,44,-1,48,44,49,-1,49,44,38,-1,49,38,47,-1,47,38,42,-1,47,42,45,-1,50,5,51,-1,51,5,44,-1,51,44,52,-1,52,44,53,-1,52,53,54,-1,54,53,6,-1,54,6,50,-1,50,6,5,-1,55,16,56,-1,56,16,53,-1,56,53,57,-1,57,53,44,-1,57,44,58,-1,58,44,45,-1,58,45,55,-1,55,45,16,-1,59,6,60,-1,60,6,53,-1,60,53,61,-1,61,53,14,-1,61,14,62,-1,62,14,8,-1,62,8,59,-1,59,8,6,-1,16,15,53,-1,53,15,63,-1,53,63,14,-1,14,63,64,-1,14,64,17,-1,17,64,65,-1,17,65,15,-1,14,13,8,-1,8,13,66,-1,8,66,9,-1,9,66,67,-1,9,67,68,-1,17,69,14,-1,14,69,68,-1,14,68,12,-1,12,68,67,-1,70,71,72,-1,72,71,10,-1,72,10,73,-1,73,10,9,-1,73,9,74,-1,74,9,68,-1,74,68,70,-1,70,68,71,-1,75,76,77,-1,77,76,71,-1,77,71,78,-1,78,71,68,-1,78,68,79,-1,79,68,69,-1,79,69,75,-1,75,69,76,-1,10,80,81,-1,80,10,82,-1,82,10,71,-1,82,71,83,-1,83,71,84,-1,83,84,81,-1,81,84,11,-1,81,11,10,-1,85,71,86,-1,86,71,76,-1,86,76,87,-1,87,76,88,-1,87,88,89,-1,89,88,84,-1,89,84,85,-1,85,84,71,-1,18,20,21,-1,21,20,90,-1,21,90,33,-1,33,90,91,-1,33,91,42,-1,42,91,92,-1,42,92,45,-1,45,92,93,-1,45,93,16,-1,16,93,94,-1,16,94,17,-1,17,94,95,-1,17,95,69,-1,69,95,96,-1,69,96,76,-1,76,96,97,-1,76,97,88,-1,97,96,98,-1,98,96,95,-1,95,94,98,-1,98,94,93,-1,98,93,99,-1,99,93,92,-1,99,92,91,-1,91,90,99,-1,99,90,20,-1,99,20,19,-1,100,101,102,-1,102,101,103,-1,101,104,103,-1,103,104,105,-1,106,107,108,-1,108,107,109,-1,110,111,7,-1,98,112,97,-1,97,112,113,-1,7,11,110,-1,110,11,84,-1,110,84,113,-1,113,84,88,-1,113,88,97,-1,99,114,115,-1,115,116,99,-1,99,116,117,-1,99,117,98,-1,118,112,119,-1,119,112,98,-1,119,98,120,-1,120,98,117,-1,120,117,121,-1,121,117,122,-1,123,124,114,-1,114,124,125,-1,125,126,114,-1,114,126,127,-1,114,127,115,-1,115,127,116,-1,116,127,128,-1,117,129,122,-1,122,129,130,-1,121,122,130,-1,131,132,130,-1,130,132,133,-1,130,133,121,-1,129,134,130,-1,130,134,131,-1,127,126,128,-1,128,126,135,-1,121,133,120,-1,120,133,136,-1,119,137,118,-1,118,137,138,-1,108,113,106,-1,106,113,112,-1,106,112,139,-1,139,112,118,-1,139,118,138,-1,137,140,138,-1,138,140,139,-1,133,132,136,-1,136,132,141,-1,124,142,125,-1,125,142,143,-1,143,142,144,-1,144,142,145,-1,111,146,7,-1,7,146,147,-1,148,149,150,-1,150,149,2,-1,147,151,7,-1,7,151,152,-1,7,152,2,-1,153,100,152,-1,152,100,102,-1,152,102,2,-1,2,102,154,-1,2,154,150,-1,114,99,123,-1,123,99,19,-1,2,149,0,-1,0,149,155,-1,0,155,22,-1,22,155,123,-1,22,123,18,-1,18,123,19,-1,124,123,142,-1,142,123,155,-1,142,155,145,-1,145,155,156,-1,157,144,156,-1,156,144,145,-1,150,158,148,-1,148,158,159,-1,159,160,157,-1,148,159,149,-1,149,159,157,-1,149,157,155,-1,155,157,156,-1,158,161,159,-1,159,161,160,-1,146,162,147,-1,147,162,163,-1,162,164,163,-1,163,164,165,-1,109,107,166,-1,166,107,167,-1,166,168,110,-1,166,110,109,-1,109,110,113,-1,109,113,108,-1,110,168,111,-1,111,168,169,-1,169,164,111,-1,111,164,162,-1,111,162,146,-1,168,166,169,-1,169,166,167,-1,152,170,153,-1,153,170,171,-1,172,104,171,-1,171,104,101,-1,171,101,153,-1,153,101,100,-1,170,173,171,-1,171,173,172,-1,174,165,164,-1,140,175,139,-1,139,175,176,-1,139,176,106,-1,177,178,167,-1,167,178,179,-1,167,179,169,-1,176,180,106,-1,106,180,181,-1,106,181,107,-1,107,181,182,-1,107,182,183,-1,179,184,169,-1,169,184,185,-1,169,185,164,-1,164,185,186,-1,164,186,174,-1,183,187,107,-1,107,187,188,-1,107,188,167,-1,167,188,189,-1,167,189,177,-1,190,135,126,-1,157,191,144,-1,144,191,192,-1,144,192,193,-1,161,194,160,-1,160,194,195,-1,160,195,157,-1,157,195,196,-1,157,196,191,-1,197,198,143,-1,143,198,199,-1,143,199,125,-1,199,200,125,-1,125,200,201,-1,125,201,126,-1,126,201,202,-1,126,202,190,-1,193,203,144,-1,144,203,204,-1,144,204,143,-1,143,204,205,-1,143,205,197,-1,132,131,141,-1,141,131,134,-1,172,173,206,-1,172,206,104,-1,104,206,207,-1,104,207,105,-1,208,209,210,-1,210,209,211,-1,212,213,214,-1,214,213,215,-1,216,217,218,-1,218,217,219,-1,218,219,220,-1,221,222,216,-1,216,222,223,-1,216,223,217,-1,217,223,224,-1,225,226,219,-1,219,226,220,-1,227,228,229,-1,229,228,230,-1,229,230,231,-1,232,233,227,-1,227,233,234,-1,227,234,228,-1,228,234,235,-1,236,237,230,-1,230,237,231,-1,170,152,151,-1,238,239,240,-1,227,229,241,-1,165,174,242,-1,243,244,151,-1,206,173,245,-1,245,246,206,-1,206,246,247,-1,206,247,207,-1,207,247,248,-1,207,248,105,-1,105,248,249,-1,150,154,158,-1,158,154,250,-1,158,250,161,-1,251,252,253,-1,253,252,254,-1,253,254,255,-1,255,254,256,-1,255,256,245,-1,245,256,257,-1,245,257,246,-1,151,147,243,-1,243,147,163,-1,243,163,234,-1,234,163,165,-1,234,165,258,-1,258,165,242,-1,258,242,237,-1,237,242,259,-1,237,259,231,-1,231,259,260,-1,238,240,261,-1,262,263,264,-1,265,266,267,-1,262,264,268,-1,269,270,240,-1,270,271,240,-1,240,271,272,-1,240,272,261,-1,273,274,275,-1,275,274,276,-1,275,276,277,-1,266,278,267,-1,267,278,279,-1,267,279,280,-1,263,281,264,-1,264,281,282,-1,264,282,275,-1,275,282,283,-1,275,283,273,-1,239,284,285,-1,285,284,286,-1,284,287,286,-1,286,287,288,-1,286,288,264,-1,264,288,289,-1,264,289,268,-1,290,291,292,-1,292,291,293,-1,294,295,259,-1,296,297,260,-1,260,297,298,-1,295,299,259,-1,259,299,300,-1,259,300,260,-1,260,300,301,-1,260,301,296,-1,302,303,304,-1,304,303,292,-1,304,292,305,-1,305,292,293,-1,302,306,303,-1,303,306,307,-1,303,307,308,-1,308,309,303,-1,303,309,310,-1,303,310,259,-1,259,310,311,-1,259,311,294,-1,298,312,260,-1,260,312,313,-1,260,313,314,-1,315,316,317,-1,317,316,318,-1,317,318,292,-1,292,318,319,-1,292,319,290,-1,226,320,251,-1,251,320,223,-1,249,252,105,-1,105,252,251,-1,105,251,103,-1,103,251,223,-1,103,223,321,-1,216,250,322,-1,322,250,154,-1,322,154,321,-1,321,154,102,-1,321,102,103,-1,216,218,250,-1,250,218,220,-1,250,220,240,-1,240,220,267,-1,240,267,269,-1,269,267,280,-1,173,170,245,-1,245,170,151,-1,245,151,241,-1,241,151,244,-1,241,244,227,-1,323,324,325,-1,325,324,326,-1,325,326,327,-1,328,329,330,-1,330,331,328,-1,328,331,332,-1,328,332,333,-1,334,335,336,-1,333,337,328,-1,328,337,338,-1,328,338,339,-1,339,338,340,-1,339,340,341,-1,336,342,334,-1,334,342,343,-1,334,343,325,-1,325,343,344,-1,325,344,323,-1,341,345,339,-1,339,345,346,-1,339,346,347,-1,348,349,334,-1,334,349,350,-1,334,350,335,-1,347,348,339,-1,339,348,334,-1,339,334,351,-1,351,334,317,-1,351,317,352,-1,352,317,292,-1,352,292,353,-1,353,292,303,-1,229,231,241,-1,241,231,260,-1,241,260,245,-1,245,260,314,-1,245,314,255,-1,255,314,354,-1,255,354,253,-1,253,354,355,-1,253,355,251,-1,251,355,267,-1,251,267,226,-1,226,267,220,-1,313,315,314,-1,314,315,317,-1,314,317,354,-1,354,317,334,-1,354,334,355,-1,355,334,325,-1,355,325,267,-1,267,325,275,-1,267,275,265,-1,265,275,277,-1,239,285,240,-1,240,285,356,-1,240,356,250,-1,250,356,194,-1,250,194,161,-1,327,329,325,-1,325,329,328,-1,325,328,275,-1,275,328,357,-1,275,357,264,-1,264,357,358,-1,264,358,286,-1,286,358,359,-1,353,360,352,-1,352,360,361,-1,352,361,351,-1,351,361,362,-1,351,362,339,-1,339,362,363,-1,339,363,328,-1,328,363,364,-1,328,364,357,-1,357,364,365,-1,357,365,358,-1,358,365,366,-1,358,366,359,-1,359,366,367,-1,235,234,236,-1,236,234,258,-1,236,258,237,-1,224,223,225,-1,225,223,320,-1,225,320,226,-1,244,368,227,-1,227,368,232,-1,369,233,368,-1,368,233,232,-1,234,233,243,-1,243,233,369,-1,322,370,216,-1,216,370,221,-1,371,222,370,-1,370,222,221,-1,223,222,321,-1,321,222,371,-1,372,373,374,-1,374,373,375,-1,376,377,373,-1,373,377,378,-1,373,378,375,-1,375,378,379,-1,380,381,374,-1,374,381,372,-1,382,383,384,-1,384,383,385,-1,386,387,383,-1,383,387,388,-1,383,388,385,-1,385,388,389,-1,390,391,384,-1,384,391,382,-1,137,119,392,-1,393,394,117,-1,117,394,129,-1,135,190,395,-1,117,116,393,-1,393,116,128,-1,393,128,378,-1,378,128,135,-1,378,135,381,-1,381,135,395,-1,381,395,372,-1,392,119,396,-1,175,140,382,-1,175,382,397,-1,397,382,391,-1,397,391,398,-1,137,392,140,-1,140,392,383,-1,140,383,382,-1,119,120,396,-1,396,120,136,-1,396,136,388,-1,388,136,141,-1,394,373,129,-1,129,373,398,-1,129,398,134,-1,134,398,399,-1,134,399,141,-1,141,399,400,-1,141,400,388,-1,388,400,401,-1,388,401,391,-1,391,401,402,-1,391,402,398,-1,398,402,399,-1,403,404,405,-1,405,404,406,-1,407,404,408,-1,403,409,404,-1,404,409,410,-1,404,410,408,-1,408,411,407,-1,407,411,412,-1,407,412,413,-1,414,415,395,-1,395,415,416,-1,395,416,417,-1,417,418,395,-1,395,418,398,-1,395,398,372,-1,372,398,373,-1,418,419,398,-1,398,419,420,-1,398,420,421,-1,406,404,422,-1,422,404,398,-1,422,398,423,-1,413,424,407,-1,407,424,425,-1,407,425,395,-1,395,425,426,-1,395,426,414,-1,421,427,398,-1,398,427,428,-1,398,428,423,-1,429,430,431,-1,431,430,432,-1,432,433,431,-1,431,433,434,-1,431,434,404,-1,435,397,436,-1,436,397,437,-1,438,439,398,-1,398,439,440,-1,398,440,441,-1,441,442,398,-1,398,442,443,-1,398,443,397,-1,397,443,444,-1,397,444,437,-1,435,445,397,-1,397,445,446,-1,397,446,431,-1,431,446,447,-1,431,447,429,-1,434,448,404,-1,404,448,449,-1,404,449,450,-1,450,451,404,-1,404,451,452,-1,404,452,398,-1,398,452,453,-1,398,453,438,-1,389,388,390,-1,390,388,391,-1,379,378,380,-1,380,378,381,-1,392,454,383,-1,383,454,386,-1,387,386,455,-1,455,386,454,-1,388,387,396,-1,396,387,455,-1,394,456,373,-1,373,456,376,-1,457,377,456,-1,456,377,376,-1,378,377,393,-1,393,377,457,-1,396,455,392,-1,392,455,454,-1,458,434,459,-1,459,434,433,-1,459,433,460,-1,460,433,432,-1,460,432,461,-1,461,432,430,-1,461,430,462,-1,462,430,429,-1,462,429,463,-1,463,429,447,-1,463,447,464,-1,464,447,446,-1,464,446,465,-1,465,446,445,-1,465,445,466,-1,466,445,435,-1,466,435,467,-1,467,435,436,-1,467,436,468,-1,468,436,437,-1,468,437,469,-1,469,437,444,-1,469,444,470,-1,470,444,443,-1,471,408,472,-1,472,408,410,-1,472,410,473,-1,473,410,409,-1,473,409,474,-1,474,409,403,-1,474,403,475,-1,475,403,405,-1,475,405,476,-1,476,405,406,-1,476,406,477,-1,477,406,422,-1,477,422,478,-1,478,422,423,-1,478,423,479,-1,479,423,428,-1,479,428,480,-1,480,428,427,-1,480,427,481,-1,481,427,421,-1,481,421,482,-1,482,421,420,-1,482,420,483,-1,483,420,419,-1,393,457,394,-1,394,457,456,-1,400,484,401,-1,401,484,485,-1,401,485,402,-1,402,485,486,-1,402,486,399,-1,399,486,487,-1,399,487,400,-1,400,487,484,-1,214,215,488,-1,214,488,489,-1,489,488,490,-1,489,490,491,-1,491,490,492,-1,491,492,493,-1,493,492,494,-1,493,494,495,-1,496,497,498,-1,498,497,499,-1,496,498,495,-1,495,498,500,-1,495,500,501,-1,212,214,502,-1,502,214,489,-1,502,489,491,-1,501,503,495,-1,495,503,502,-1,495,502,493,-1,493,502,491,-1,504,505,506,-1,507,508,494,-1,494,508,509,-1,494,509,506,-1,506,509,510,-1,506,510,504,-1,215,213,488,-1,488,213,511,-1,488,511,490,-1,507,494,511,-1,511,494,492,-1,511,492,490,-1,496,495,506,-1,506,495,494,-1,505,512,497,-1,497,512,513,-1,497,513,499,-1,499,513,514,-1,499,514,504,-1,504,514,515,-1,504,515,505,-1,505,515,512,-1,496,506,497,-1,497,506,505,-1,500,509,508,-1,500,508,501,-1,501,508,507,-1,501,507,503,-1,503,507,511,-1,503,511,502,-1,502,511,213,-1,502,213,212,-1,500,498,509,-1,509,498,510,-1,499,504,498,-1,498,504,510,-1,516,517,518,-1,519,520,521,-1,521,520,515,-1,521,515,518,-1,518,515,514,-1,518,514,516,-1,359,367,522,-1,521,204,203,-1,521,203,519,-1,519,203,193,-1,519,193,520,-1,523,512,524,-1,524,512,515,-1,524,525,523,-1,523,525,526,-1,523,526,527,-1,527,526,528,-1,527,528,529,-1,359,522,286,-1,194,356,195,-1,195,356,285,-1,520,193,515,-1,515,193,192,-1,515,192,524,-1,524,192,191,-1,524,191,530,-1,530,191,196,-1,530,196,531,-1,531,196,195,-1,531,195,522,-1,522,195,285,-1,522,285,286,-1,523,527,529,-1,532,533,534,-1,534,533,513,-1,534,513,529,-1,529,513,512,-1,529,512,523,-1,395,190,202,-1,535,532,536,-1,536,532,534,-1,536,534,537,-1,516,514,199,-1,538,513,535,-1,535,513,533,-1,535,533,532,-1,199,198,516,-1,516,198,197,-1,516,197,517,-1,517,197,205,-1,517,205,518,-1,539,201,540,-1,540,201,200,-1,540,200,541,-1,541,200,199,-1,541,199,538,-1,538,199,514,-1,538,514,513,-1,407,395,539,-1,539,395,202,-1,539,202,201,-1,407,542,404,-1,404,542,543,-1,404,543,431,-1,210,211,544,-1,210,544,545,-1,545,544,546,-1,545,546,547,-1,547,546,548,-1,547,548,549,-1,549,548,550,-1,549,550,551,-1,552,553,554,-1,554,553,555,-1,552,554,551,-1,551,554,556,-1,551,556,557,-1,557,558,551,-1,551,558,559,-1,551,559,549,-1,549,559,547,-1,208,210,559,-1,559,210,545,-1,559,545,547,-1,560,561,562,-1,562,561,563,-1,560,562,564,-1,564,562,550,-1,564,550,565,-1,565,550,548,-1,565,548,546,-1,211,209,544,-1,544,209,566,-1,544,566,546,-1,546,566,567,-1,546,567,565,-1,552,551,562,-1,562,551,550,-1,568,561,555,-1,561,568,563,-1,563,568,569,-1,563,569,553,-1,553,569,570,-1,553,570,555,-1,555,570,571,-1,555,571,568,-1,552,562,553,-1,553,562,563,-1,556,564,565,-1,556,565,557,-1,557,565,567,-1,557,567,558,-1,558,567,566,-1,558,566,559,-1,559,566,209,-1,559,209,208,-1,556,554,564,-1,564,554,560,-1,555,561,554,-1,554,561,560,-1,572,573,574,-1,575,576,577,-1,577,576,570,-1,577,570,574,-1,574,570,569,-1,574,569,572,-1,577,188,187,-1,577,187,575,-1,575,187,183,-1,575,183,576,-1,578,571,579,-1,579,571,570,-1,579,580,578,-1,578,580,581,-1,578,581,582,-1,582,581,583,-1,582,583,584,-1,176,175,397,-1,576,183,570,-1,570,183,182,-1,570,182,579,-1,579,182,181,-1,579,181,585,-1,585,181,180,-1,585,180,586,-1,586,180,176,-1,586,176,587,-1,587,176,397,-1,587,397,431,-1,578,582,584,-1,588,589,590,-1,590,589,568,-1,590,568,584,-1,584,568,571,-1,584,571,578,-1,590,591,592,-1,590,592,588,-1,588,592,593,-1,588,593,589,-1,572,569,179,-1,589,593,568,-1,568,593,594,-1,568,594,569,-1,179,178,572,-1,572,178,177,-1,572,177,573,-1,573,177,189,-1,573,189,574,-1,569,594,179,-1,179,594,595,-1,179,595,184,-1,184,595,596,-1,184,596,185,-1,185,596,597,-1,185,597,186,-1,597,360,353,-1,353,303,597,-1,597,303,259,-1,597,259,186,-1,186,259,242,-1,186,242,174,-1,598,367,366,-1,363,599,364,-1,364,599,598,-1,364,598,365,-1,365,598,366,-1,363,362,599,-1,599,362,361,-1,599,361,360,-1,257,600,246,-1,246,600,601,-1,246,601,247,-1,247,601,602,-1,247,602,248,-1,248,602,249,-1,249,602,252,-1,252,602,603,-1,254,252,603,-1,254,603,256,-1,256,603,600,-1,256,600,257,-1,243,369,244,-1,244,369,368,-1,604,343,605,-1,605,343,342,-1,605,342,606,-1,606,342,336,-1,606,336,607,-1,607,336,335,-1,607,335,608,-1,608,335,350,-1,608,350,609,-1,609,350,349,-1,609,349,610,-1,610,349,348,-1,610,348,611,-1,611,348,347,-1,611,347,612,-1,612,347,346,-1,612,346,613,-1,613,346,345,-1,613,345,614,-1,614,345,341,-1,614,341,615,-1,615,341,340,-1,615,340,616,-1,616,340,338,-1,282,617,283,-1,283,617,618,-1,283,618,273,-1,273,618,619,-1,273,619,274,-1,274,619,620,-1,274,620,276,-1,276,620,621,-1,276,621,277,-1,277,621,622,-1,277,622,265,-1,265,622,623,-1,265,623,266,-1,266,623,624,-1,266,624,278,-1,278,624,625,-1,278,625,279,-1,279,625,626,-1,279,626,280,-1,280,626,627,-1,280,627,269,-1,269,627,628,-1,269,628,270,-1,270,628,629,-1,304,630,302,-1,302,630,631,-1,302,631,306,-1,306,631,632,-1,306,632,307,-1,307,632,633,-1,307,633,308,-1,308,633,634,-1,308,634,309,-1,309,634,635,-1,309,635,310,-1,310,635,636,-1,310,636,311,-1,311,636,637,-1,311,637,294,-1,294,637,638,-1,294,638,295,-1,295,638,639,-1,295,639,299,-1,299,639,640,-1,299,640,300,-1,300,640,641,-1,300,641,301,-1,301,641,642,-1,321,371,322,-1,322,371,370,-1,205,204,518,-1,518,204,521,-1,643,528,526,-1,643,526,644,-1,644,526,525,-1,644,525,645,-1,645,525,524,-1,645,524,646,-1,646,524,530,-1,646,530,647,-1,647,530,531,-1,647,531,648,-1,648,531,522,-1,648,522,649,-1,649,522,367,-1,649,367,598,-1,528,537,529,-1,529,537,534,-1,542,407,539,-1,542,539,650,-1,650,539,540,-1,650,540,651,-1,651,540,541,-1,651,541,652,-1,652,541,538,-1,652,538,653,-1,653,538,535,-1,653,535,654,-1,654,535,536,-1,654,536,655,-1,655,536,537,-1,655,537,656,-1,189,188,574,-1,574,188,577,-1,657,583,581,-1,657,581,658,-1,658,581,580,-1,658,580,659,-1,659,580,579,-1,659,579,660,-1,660,579,585,-1,660,585,661,-1,661,585,586,-1,661,586,662,-1,662,586,587,-1,662,587,663,-1,663,587,431,-1,663,431,543,-1,583,591,584,-1,584,591,590,-1,599,360,597,-1,599,597,664,-1,664,597,596,-1,664,596,665,-1,665,596,595,-1,665,595,666,-1,666,595,594,-1,666,594,667,-1,667,594,593,-1,667,593,668,-1,668,593,592,-1,668,592,669,-1,669,592,591,-1,669,591,670,-1,464,465,671,-1,672,673,462,-1,462,673,674,-1,465,466,671,-1,671,466,467,-1,671,467,675,-1,676,459,460,-1,672,462,671,-1,671,462,463,-1,671,463,464,-1,470,467,469,-1,469,467,468,-1,470,677,467,-1,467,677,678,-1,467,678,675,-1,679,680,676,-1,676,680,458,-1,676,458,459,-1,674,681,462,-1,462,681,676,-1,462,676,461,-1,461,676,460,-1,682,683,474,-1,477,684,476,-1,476,684,475,-1,683,685,474,-1,474,685,686,-1,474,686,687,-1,477,478,684,-1,684,478,479,-1,684,479,480,-1,475,684,474,-1,474,684,688,-1,474,688,682,-1,471,687,689,-1,689,687,690,-1,482,483,481,-1,481,483,691,-1,481,691,480,-1,480,691,692,-1,480,692,684,-1,471,472,687,-1,687,472,473,-1,687,473,474,-1,484,487,485,-1,485,487,486,-1,693,694,664,-1,664,694,599,-1,694,695,599,-1,599,695,696,-1,599,696,598,-1,697,647,698,-1,698,647,648,-1,698,648,699,-1,699,648,649,-1,699,649,700,-1,700,649,598,-1,700,598,701,-1,701,598,696,-1,702,703,650,-1,650,703,542,-1,704,661,705,-1,705,661,662,-1,705,662,706,-1,706,662,663,-1,706,663,707,-1,707,663,543,-1,664,665,693,-1,693,665,666,-1,693,666,708,-1,708,666,667,-1,708,667,709,-1,709,667,668,-1,709,668,710,-1,710,668,669,-1,710,669,711,-1,711,669,670,-1,711,670,712,-1,712,670,657,-1,712,657,713,-1,713,657,658,-1,713,658,714,-1,714,658,659,-1,714,659,704,-1,704,659,660,-1,704,660,661,-1,650,651,702,-1,702,651,652,-1,702,652,715,-1,715,652,653,-1,715,653,716,-1,716,653,654,-1,716,654,717,-1,717,654,655,-1,717,655,718,-1,718,655,656,-1,718,656,719,-1,719,656,643,-1,719,643,720,-1,720,643,644,-1,720,644,721,-1,721,644,645,-1,721,645,697,-1,697,645,646,-1,697,646,647,-1,703,722,542,-1,542,722,723,-1,542,723,543,-1,543,723,724,-1,543,724,707,-1,603,602,600,-1,600,602,601,-1,616,725,605,-1,605,725,604,-1,607,608,615,-1,726,727,728,-1,726,728,729,-1,616,605,615,-1,615,605,606,-1,615,606,607,-1,604,725,728,-1,728,725,730,-1,728,730,729,-1,609,610,608,-1,608,610,611,-1,608,611,612,-1,612,613,608,-1,608,613,614,-1,608,614,615,-1,731,727,732,-1,732,727,733,-1,731,734,727,-1,727,734,735,-1,727,735,728,-1,736,737,620,-1,620,737,738,-1,620,738,739,-1,740,623,622,-1,622,621,740,-1,740,621,620,-1,740,620,741,-1,741,620,739,-1,742,626,625,-1,736,620,743,-1,743,620,619,-1,743,619,618,-1,618,617,743,-1,743,617,744,-1,743,744,745,-1,626,742,627,-1,627,742,629,-1,627,629,628,-1,740,746,623,-1,623,746,742,-1,623,742,624,-1,624,742,625,-1,639,638,747,-1,747,638,637,-1,747,637,636,-1,632,631,748,-1,749,634,750,-1,750,634,751,-1,747,752,639,-1,639,752,753,-1,639,753,754,-1,754,642,639,-1,639,642,641,-1,639,641,640,-1,749,755,634,-1,634,755,747,-1,634,747,635,-1,635,747,636,-1,751,634,748,-1,748,634,633,-1,748,633,632,-1,631,630,748,-1,748,630,756,-1,748,756,757,-1,537,528,656,-1,656,528,643,-1,591,583,670,-1,670,583,657,-1,758,712,713,-1,758,713,759,-1,759,713,714,-1,759,714,760,-1,760,714,704,-1,760,704,761,-1,761,704,705,-1,761,705,762,-1,762,705,706,-1,762,706,763,-1,763,706,707,-1,763,707,764,-1,764,707,724,-1,764,724,765,-1,711,712,766,-1,766,712,758,-1,767,696,695,-1,767,695,768,-1,768,695,694,-1,768,694,769,-1,769,694,693,-1,769,693,770,-1,770,693,708,-1,770,708,771,-1,771,708,709,-1,771,709,772,-1,772,709,710,-1,772,710,773,-1,773,710,711,-1,773,711,766,-1,701,696,774,-1,774,696,767,-1,775,719,720,-1,775,720,776,-1,776,720,721,-1,776,721,777,-1,777,721,697,-1,777,697,778,-1,778,697,698,-1,778,698,779,-1,779,698,699,-1,779,699,780,-1,780,699,700,-1,780,700,781,-1,781,700,701,-1,781,701,774,-1,718,719,782,-1,782,719,775,-1,783,723,722,-1,783,722,784,-1,784,722,703,-1,784,703,785,-1,785,703,702,-1,785,702,786,-1,786,702,715,-1,786,715,787,-1,787,715,716,-1,787,716,788,-1,788,716,717,-1,788,717,789,-1,789,717,718,-1,789,718,782,-1,724,723,765,-1,765,723,783,-1,790,791,763,-1,763,791,762,-1,764,765,792,-1,792,793,764,-1,764,793,794,-1,764,794,763,-1,763,794,795,-1,763,795,790,-1,760,796,759,-1,759,796,797,-1,759,797,758,-1,758,797,798,-1,758,798,799,-1,761,800,760,-1,760,800,801,-1,760,801,796,-1,791,802,762,-1,762,802,803,-1,762,803,761,-1,761,803,804,-1,761,804,800,-1,799,805,758,-1,758,805,766,-1,806,767,807,-1,807,767,768,-1,769,808,768,-1,768,808,809,-1,768,809,807,-1,810,811,770,-1,770,811,812,-1,770,812,769,-1,769,812,813,-1,769,813,808,-1,810,770,814,-1,814,770,771,-1,814,771,815,-1,815,771,816,-1,816,771,772,-1,816,772,817,-1,817,772,818,-1,818,772,773,-1,818,773,819,-1,819,773,820,-1,820,773,766,-1,820,766,805,-1,806,821,767,-1,767,821,822,-1,767,822,823,-1,824,825,806,-1,823,826,767,-1,767,826,827,-1,767,827,828,-1,829,830,831,-1,831,830,832,-1,831,832,833,-1,829,831,834,-1,834,831,835,-1,834,835,836,-1,825,837,806,-1,806,837,838,-1,806,838,821,-1,839,840,767,-1,767,840,841,-1,767,841,774,-1,842,843,767,-1,767,843,844,-1,767,844,839,-1,845,846,847,-1,847,846,848,-1,846,849,850,-1,841,851,774,-1,774,851,852,-1,774,852,853,-1,828,854,767,-1,767,854,855,-1,767,855,842,-1,842,855,831,-1,842,831,856,-1,856,831,833,-1,850,857,846,-1,846,857,858,-1,846,858,806,-1,806,858,859,-1,806,859,824,-1,853,860,774,-1,774,860,861,-1,774,861,846,-1,846,861,862,-1,846,862,848,-1,845,863,846,-1,846,863,864,-1,846,864,865,-1,836,866,834,-1,834,866,867,-1,834,867,865,-1,865,867,868,-1,865,868,846,-1,846,868,869,-1,846,869,849,-1,870,871,780,-1,780,871,779,-1,781,774,846,-1,846,872,781,-1,781,872,873,-1,781,873,780,-1,780,873,874,-1,780,874,870,-1,777,875,776,-1,776,875,876,-1,776,876,775,-1,775,876,877,-1,775,877,878,-1,778,879,777,-1,777,879,880,-1,777,880,875,-1,871,881,779,-1,779,881,882,-1,779,882,778,-1,778,882,883,-1,778,883,879,-1,878,884,775,-1,775,884,782,-1,885,783,886,-1,886,783,784,-1,785,887,784,-1,784,887,888,-1,784,888,886,-1,786,889,785,-1,785,889,890,-1,785,890,887,-1,891,892,787,-1,787,892,893,-1,787,893,786,-1,786,893,894,-1,786,894,889,-1,891,787,895,-1,895,787,788,-1,895,788,896,-1,896,788,897,-1,897,788,789,-1,897,789,898,-1,898,789,899,-1,899,789,782,-1,899,782,884,-1,900,901,902,-1,902,901,903,-1,904,905,783,-1,906,907,765,-1,908,909,792,-1,792,909,910,-1,792,910,911,-1,912,913,783,-1,783,913,914,-1,907,915,765,-1,765,915,916,-1,765,916,792,-1,792,916,917,-1,792,917,908,-1,911,918,792,-1,792,918,919,-1,792,919,901,-1,901,919,920,-1,901,920,903,-1,901,921,792,-1,792,921,922,-1,792,922,885,-1,885,922,923,-1,923,924,885,-1,885,924,925,-1,885,925,926,-1,927,928,914,-1,914,928,929,-1,914,929,783,-1,783,929,930,-1,783,930,904,-1,905,931,783,-1,783,931,932,-1,783,932,765,-1,765,932,933,-1,765,933,906,-1,914,934,927,-1,927,934,935,-1,927,935,936,-1,937,938,783,-1,783,938,939,-1,783,939,912,-1,926,940,885,-1,885,940,941,-1,885,941,783,-1,783,941,942,-1,783,942,937,-1,936,943,927,-1,927,943,944,-1,927,944,945,-1,945,944,946,-1,945,946,902,-1,902,946,947,-1,902,947,900,-1,948,949,950,-1,951,952,953,-1,954,955,956,-1,957,958,956,-1,956,958,959,-1,956,959,954,-1,960,961,962,-1,962,961,963,-1,962,963,964,-1,965,966,967,-1,967,968,965,-1,965,968,969,-1,965,969,960,-1,960,969,970,-1,960,970,961,-1,971,972,973,-1,973,972,974,-1,973,974,966,-1,966,974,975,-1,966,975,967,-1,971,973,976,-1,976,973,977,-1,976,977,978,-1,979,980,981,-1,981,980,982,-1,982,983,981,-1,981,983,984,-1,981,984,985,-1,952,986,953,-1,953,986,987,-1,953,987,950,-1,799,798,988,-1,988,798,989,-1,797,796,949,-1,949,796,801,-1,949,801,950,-1,791,990,802,-1,802,990,951,-1,802,951,803,-1,803,951,953,-1,803,953,804,-1,804,953,950,-1,804,950,800,-1,800,950,801,-1,991,992,993,-1,993,992,994,-1,993,994,989,-1,989,994,995,-1,989,995,988,-1,987,979,950,-1,950,979,981,-1,950,981,948,-1,948,981,985,-1,948,985,977,-1,977,985,996,-1,977,996,978,-1,991,993,997,-1,997,993,998,-1,997,998,999,-1,1000,1001,1002,-1,1002,1001,1003,-1,1002,1003,998,-1,998,1003,1004,-1,998,1004,999,-1,1000,1002,1005,-1,1005,1002,1006,-1,1005,1006,1007,-1,955,1008,956,-1,956,1008,1009,-1,956,1009,1006,-1,1006,1009,1010,-1,1006,1010,1007,-1,798,797,989,-1,989,797,949,-1,989,949,993,-1,993,949,948,-1,993,948,998,-1,998,948,977,-1,998,977,1002,-1,1002,977,973,-1,1002,973,1006,-1,1006,973,966,-1,1006,966,956,-1,956,966,965,-1,956,965,957,-1,957,965,960,-1,1011,1012,792,-1,1013,1014,792,-1,1015,1016,1017,-1,1018,1019,1020,-1,1020,1019,1013,-1,1017,1011,1015,-1,1015,1011,792,-1,1015,792,1021,-1,1021,792,1014,-1,1021,1014,1022,-1,1022,1014,1023,-1,1024,1025,1026,-1,1027,889,1028,-1,1028,1029,1027,-1,1027,1029,1030,-1,1027,1030,1031,-1,888,887,1027,-1,1027,887,890,-1,1027,890,889,-1,1026,1032,1024,-1,1024,1032,792,-1,1024,792,1033,-1,1033,792,1012,-1,1033,1012,1034,-1,1034,1012,1035,-1,1031,1036,1027,-1,1027,1036,1037,-1,1027,1037,1038,-1,1013,792,1020,-1,1020,792,885,-1,1020,885,1027,-1,1027,885,886,-1,1027,886,888,-1,1039,1040,1041,-1,1041,1040,1042,-1,1043,1044,1045,-1,979,987,1046,-1,1046,987,986,-1,1046,986,952,-1,952,951,1046,-1,1046,951,990,-1,1046,990,1047,-1,1038,1048,1027,-1,1027,1048,1049,-1,1027,1049,1043,-1,990,791,1047,-1,1047,791,790,-1,1047,790,795,-1,964,963,980,-1,1050,1027,1051,-1,1051,1027,1052,-1,1032,1041,792,-1,792,1041,1042,-1,792,1042,793,-1,793,1042,1047,-1,793,1047,794,-1,794,1047,795,-1,1043,1045,1027,-1,1027,1045,1053,-1,1027,1053,1054,-1,1055,1056,1027,-1,1027,1056,1057,-1,1027,1057,1058,-1,979,1046,980,-1,980,1046,1059,-1,980,1059,964,-1,1054,1060,1027,-1,1027,1060,1061,-1,1027,1061,1052,-1,1050,1062,1027,-1,1027,1062,1063,-1,1027,1063,1055,-1,980,969,968,-1,963,961,980,-1,980,961,970,-1,980,970,969,-1,968,967,980,-1,980,967,975,-1,980,975,974,-1,974,972,980,-1,980,972,971,-1,980,971,976,-1,985,984,980,-1,980,984,983,-1,980,983,982,-1,976,978,980,-1,980,978,996,-1,980,996,985,-1,1064,1065,988,-1,988,1065,805,-1,988,805,799,-1,988,995,1064,-1,1064,995,994,-1,1064,994,1066,-1,1066,994,992,-1,1066,992,1067,-1,1067,992,991,-1,991,997,1067,-1,1067,997,999,-1,1067,999,1068,-1,1068,999,1004,-1,1004,1003,1068,-1,1068,1003,1001,-1,1068,1001,1069,-1,1069,1001,1000,-1,1000,1005,1069,-1,1069,1005,1007,-1,1069,1007,1070,-1,1070,1007,1010,-1,954,1071,955,-1,955,1071,1072,-1,955,1072,1008,-1,1008,1072,1070,-1,1008,1070,1009,-1,1009,1070,1010,-1,1073,1074,1075,-1,1076,1077,1078,-1,1079,1080,1081,-1,1082,1083,1084,-1,1084,1085,1082,-1,1082,1085,1086,-1,1082,1086,1087,-1,1087,1086,1088,-1,1087,1088,1081,-1,1081,1088,1089,-1,1081,1089,1079,-1,1078,1077,1090,-1,1091,1092,1093,-1,1093,1094,1091,-1,1091,1094,1095,-1,1091,1095,1078,-1,1078,1095,1096,-1,1078,1096,1076,-1,1074,1097,1075,-1,1075,1097,1098,-1,1075,1098,1092,-1,1092,1098,1099,-1,1092,1099,1093,-1,1100,1101,1102,-1,1102,1101,1103,-1,1102,1103,1104,-1,1100,1073,1101,-1,1101,1073,1075,-1,1101,1075,1105,-1,1105,1075,1106,-1,1071,1107,1108,-1,815,1087,814,-1,814,1087,1081,-1,814,1081,810,-1,810,1081,1080,-1,810,1080,811,-1,811,1080,1109,-1,811,1109,812,-1,816,817,1110,-1,805,1065,820,-1,820,1065,1111,-1,820,1111,819,-1,819,1111,818,-1,815,816,1087,-1,1087,816,1110,-1,1087,1110,1082,-1,1082,1110,1090,-1,1082,1090,1083,-1,1083,1090,1077,-1,817,818,1110,-1,1110,818,1111,-1,1110,1111,1090,-1,1090,1111,1112,-1,1090,1112,1078,-1,1078,1112,1113,-1,1078,1113,1091,-1,1091,1113,1114,-1,1091,1114,1092,-1,1092,1114,1115,-1,1092,1115,1075,-1,1075,1115,1108,-1,1075,1108,1106,-1,1106,1108,1107,-1,1065,1064,1111,-1,1111,1064,1066,-1,1111,1066,1112,-1,1112,1066,1067,-1,1112,1067,1113,-1,1113,1067,1068,-1,1113,1068,1114,-1,1114,1068,1069,-1,1114,1069,1115,-1,1115,1069,1070,-1,1115,1070,1108,-1,1108,1070,1072,-1,1108,1072,1071,-1,1116,1117,846,-1,1118,1119,846,-1,1120,1121,1122,-1,1123,1124,1125,-1,1125,1124,1118,-1,1122,1116,1120,-1,1120,1116,846,-1,1120,846,1126,-1,1126,846,1119,-1,1126,1119,1127,-1,1127,1119,1128,-1,1129,1130,1131,-1,1132,812,1109,-1,1109,1080,1132,-1,1132,1080,1079,-1,1132,1079,1089,-1,809,808,1132,-1,1132,808,813,-1,1132,813,812,-1,1131,1133,1129,-1,1129,1133,846,-1,1129,846,1134,-1,1134,846,1117,-1,1134,1117,1135,-1,1135,1117,1136,-1,1089,1088,1132,-1,1132,1088,1086,-1,1132,1086,1085,-1,1118,846,1125,-1,1125,846,806,-1,1125,806,1132,-1,1132,806,807,-1,1132,807,809,-1,1137,1138,1139,-1,1139,1138,1140,-1,1077,1076,1096,-1,1141,1142,1143,-1,1143,1142,1144,-1,1143,1144,1145,-1,1145,1146,1143,-1,1143,1146,1147,-1,1143,1147,1148,-1,1085,1084,1132,-1,1132,1084,1083,-1,1132,1083,1077,-1,1147,871,1148,-1,1148,871,870,-1,1148,870,874,-1,1149,1150,1151,-1,1074,1132,1097,-1,1097,1132,1098,-1,1133,1139,846,-1,846,1139,1140,-1,846,1140,872,-1,872,1140,1148,-1,872,1148,873,-1,873,1148,874,-1,1077,1096,1132,-1,1132,1096,1095,-1,1132,1095,1094,-1,1102,1104,1132,-1,1132,1104,1152,-1,1132,1152,1153,-1,1141,1143,1151,-1,1151,1143,1154,-1,1151,1154,1149,-1,1094,1093,1132,-1,1132,1093,1099,-1,1132,1099,1098,-1,1074,1073,1132,-1,1132,1073,1100,-1,1132,1100,1102,-1,1151,1155,1156,-1,1150,1157,1151,-1,1151,1157,1158,-1,1151,1158,1155,-1,1159,1160,1161,-1,1161,1160,1162,-1,1161,1162,1163,-1,1159,1164,1160,-1,1160,1164,1165,-1,1160,1165,1166,-1,1166,1165,1167,-1,1166,1167,1168,-1,1156,1169,1151,-1,1151,1169,1161,-1,1151,1161,1170,-1,1170,1161,1163,-1,1171,841,1172,-1,1172,841,840,-1,1172,840,1173,-1,1173,840,839,-1,1173,839,1174,-1,1174,839,844,-1,1174,844,1175,-1,1175,844,843,-1,1175,843,1176,-1,1176,843,842,-1,1176,842,1177,-1,1177,842,856,-1,1177,856,1178,-1,1178,856,833,-1,1178,833,1179,-1,1179,833,832,-1,1179,832,1180,-1,1180,832,830,-1,1180,830,1181,-1,1181,830,829,-1,1181,829,1182,-1,1182,829,834,-1,1182,834,1183,-1,1183,834,865,-1,1184,854,1185,-1,1185,854,828,-1,1185,828,1186,-1,1186,828,827,-1,1186,827,1187,-1,1187,827,826,-1,1187,826,1188,-1,1188,826,823,-1,1188,823,1189,-1,1189,823,822,-1,1189,822,1190,-1,1190,822,821,-1,1190,821,1191,-1,1191,821,838,-1,1191,838,1192,-1,1192,838,837,-1,1192,837,1193,-1,1193,837,825,-1,1193,825,1194,-1,1194,825,824,-1,1194,824,1195,-1,1195,824,859,-1,1195,859,1196,-1,1196,859,858,-1,1197,1198,1199,-1,1146,1145,1200,-1,1201,1202,1203,-1,1204,1205,1203,-1,1203,1205,1206,-1,1203,1206,1201,-1,1207,1157,1208,-1,1208,1157,1150,-1,1208,1150,1149,-1,1209,1210,1169,-1,1169,1156,1209,-1,1209,1156,1155,-1,1209,1155,1207,-1,1207,1155,1158,-1,1207,1158,1157,-1,1165,1164,1211,-1,1211,1164,1159,-1,1211,1159,1210,-1,1210,1159,1161,-1,1210,1161,1169,-1,1165,1211,1167,-1,1167,1211,1212,-1,1167,1212,1168,-1,1141,1151,1213,-1,1213,1151,1170,-1,1170,1163,1213,-1,1213,1163,1162,-1,1213,1162,1160,-1,1145,1144,1200,-1,1200,1144,1142,-1,1200,1142,1199,-1,878,877,1214,-1,1214,877,1215,-1,876,875,1198,-1,1198,875,880,-1,1198,880,1199,-1,871,1147,881,-1,881,1147,1146,-1,881,1146,882,-1,882,1146,1200,-1,882,1200,883,-1,883,1200,1199,-1,883,1199,879,-1,879,1199,880,-1,1216,1217,1218,-1,1218,1217,1219,-1,1218,1219,1215,-1,1215,1219,1220,-1,1215,1220,1214,-1,1142,1141,1199,-1,1199,1141,1213,-1,1199,1213,1197,-1,1197,1213,1160,-1,1197,1160,1212,-1,1212,1160,1166,-1,1212,1166,1168,-1,1216,1218,1221,-1,1221,1218,1222,-1,1221,1222,1223,-1,1224,1225,1226,-1,1226,1225,1227,-1,1226,1227,1222,-1,1222,1227,1228,-1,1222,1228,1223,-1,1224,1226,1229,-1,1229,1226,1230,-1,1229,1230,1231,-1,1202,1232,1203,-1,1203,1232,1233,-1,1203,1233,1230,-1,1230,1233,1234,-1,1230,1234,1231,-1,877,876,1215,-1,1215,876,1198,-1,1215,1198,1218,-1,1218,1198,1197,-1,1218,1197,1222,-1,1222,1197,1212,-1,1222,1212,1226,-1,1226,1212,1211,-1,1226,1211,1230,-1,1230,1211,1210,-1,1230,1210,1203,-1,1203,1210,1209,-1,1203,1209,1204,-1,1204,1209,1207,-1,884,878,1214,-1,1201,1235,1202,-1,1202,1235,1236,-1,1202,1236,1232,-1,1232,1236,1237,-1,1232,1237,1233,-1,1233,1237,1238,-1,1233,1238,1234,-1,1234,1238,1239,-1,1234,1239,1231,-1,1231,1239,1240,-1,1231,1240,1229,-1,1229,1240,1241,-1,1229,1241,1224,-1,1224,1241,1242,-1,1224,1242,1225,-1,1225,1242,1243,-1,1225,1243,1227,-1,1227,1243,1244,-1,1227,1244,1228,-1,1228,1244,1245,-1,1228,1245,1223,-1,1223,1245,1246,-1,1223,1246,1221,-1,1221,1246,1247,-1,1221,1247,1216,-1,1216,1247,1248,-1,1216,1248,1217,-1,1217,1248,1249,-1,1217,1249,1219,-1,1219,1249,1250,-1,1219,1250,1220,-1,1220,1250,1251,-1,1220,1251,1214,-1,1214,1251,1252,-1,1214,1252,884,-1,1055,1253,1056,-1,1054,1053,1254,-1,1049,1255,1256,-1,1030,1029,1257,-1,1258,1036,1257,-1,1257,1036,1031,-1,1257,1031,1030,-1,1049,1048,1255,-1,1255,1048,1038,-1,1255,1038,1037,-1,1043,1259,1044,-1,1044,1259,1045,-1,1052,1061,1260,-1,1260,1061,1060,-1,1261,1051,1052,-1,1253,1055,1262,-1,1055,1063,1262,-1,1262,1063,1062,-1,1262,1062,1261,-1,1261,1062,1050,-1,1261,1050,1051,-1,1237,1236,1263,-1,1263,1236,1235,-1,1235,1264,1263,-1,1263,1264,1265,-1,1263,1265,1261,-1,1261,1265,1266,-1,1261,1266,1262,-1,891,1258,892,-1,892,1258,1257,-1,892,1257,893,-1,893,1257,1029,-1,893,1029,894,-1,894,1029,1028,-1,894,1028,889,-1,891,895,1258,-1,1258,895,896,-1,1258,896,1267,-1,1267,896,897,-1,1267,897,1268,-1,897,898,1268,-1,1268,898,899,-1,1268,899,884,-1,884,1252,1268,-1,1268,1252,1251,-1,1268,1251,1250,-1,1250,1269,1268,-1,1268,1269,1256,-1,1268,1256,1267,-1,1267,1256,1255,-1,1267,1255,1258,-1,1258,1255,1037,-1,1258,1037,1036,-1,1250,1249,1269,-1,1269,1249,1248,-1,1269,1248,1247,-1,1247,1270,1269,-1,1269,1270,1259,-1,1269,1259,1256,-1,1256,1259,1043,-1,1256,1043,1049,-1,1247,1246,1270,-1,1270,1246,1245,-1,1270,1245,1244,-1,1244,1271,1270,-1,1270,1271,1254,-1,1270,1254,1259,-1,1259,1254,1053,-1,1259,1053,1045,-1,1244,1243,1271,-1,1271,1243,1242,-1,1271,1242,1241,-1,1241,1272,1271,-1,1271,1272,1260,-1,1271,1260,1254,-1,1254,1260,1060,-1,1254,1060,1054,-1,1241,1240,1272,-1,1272,1240,1239,-1,1272,1239,1238,-1,1052,1260,1261,-1,1261,1260,1272,-1,1261,1272,1263,-1,1263,1272,1238,-1,1263,1238,1237,-1,913,1273,914,-1,914,1273,1274,-1,914,1274,934,-1,934,1274,1275,-1,934,1275,935,-1,935,1275,1276,-1,935,1276,936,-1,936,1276,1277,-1,936,1277,943,-1,943,1277,1278,-1,943,1278,944,-1,944,1278,1279,-1,944,1279,946,-1,946,1279,1280,-1,946,1280,947,-1,947,1280,1281,-1,947,1281,900,-1,900,1281,1282,-1,900,1282,901,-1,901,1282,1283,-1,901,1283,921,-1,921,1283,1284,-1,921,1284,922,-1,922,1284,1285,-1,932,1286,933,-1,933,1286,1287,-1,933,1287,906,-1,906,1287,1288,-1,906,1288,907,-1,907,1288,1289,-1,907,1289,915,-1,915,1289,1290,-1,915,1290,916,-1,916,1290,1291,-1,916,1291,917,-1,917,1291,1292,-1,917,1292,908,-1,908,1292,1293,-1,908,1293,909,-1,909,1293,1294,-1,909,1294,910,-1,910,1294,1295,-1,910,1295,911,-1,911,1295,1296,-1,911,1296,918,-1,918,1296,1297,-1,918,1297,919,-1,919,1297,1298,-1,1152,1104,1103,-1,1152,1103,1299,-1,1299,1103,1101,-1,1299,1101,1105,-1,958,957,1300,-1,1300,957,960,-1,1300,960,1059,-1,1059,960,962,-1,1059,962,964,-1,1105,1106,1299,-1,1299,1106,1107,-1,1299,1107,1301,-1,1301,1107,1071,-1,1301,1071,1302,-1,1302,1071,954,-1,1302,954,1300,-1,1300,954,959,-1,1300,959,958,-1,
        ]
    }
}
Shape{
    appearance Appearance {
        material  Material 	{
            diffuseColor 0.9686274509803922 0.8784313725490196 0.6
            specularColor 0.6784313725490196 0.615686274509804 0.4196078431372549
            ambientIntensity 0.8737
            transparency 0.0
            shininess 0.5
        }
    }
    geometry IndexedFaceSet {
        ccw TRUE
        solid FALSE
        coord DEF co Coordinate {
            point [
                0.437 0.1378 3.8141, 0.5472 0.1378 3.8141, 0.437 0.1378 2.7867, 0.5472 0.1378 2.7867, 0.5472 0.1333 3.8367, 0.5472 0.1278 3.8469, 0.5472 0.1205 3.8559, 0.5472 0.1181 2.8032, 0.5472 0.1181 3.8583, 0.5472 0.1367 3.8256
            ]
        }
        coordIndex [
            0,1,2,-1,2,1,3,-1,4,5,6,-1,7,3,8,-1,8,3,1,-1,8,1,6,-1,6,1,9,-1,6,9,4,-1,
        ]
    }
}
Shape{
    appearance Appearance {
        material  Material 	{
            diffuseColor 0.2235294117647059 0.2235294117647059 0.2235294117647059
            specularColor 0.11372549019607843 0.11372549019607843 0.11372549019607843
            ambientIntensity 0.2235
            transparency 0.0
            shininess 0.5
        }
    }
    geometry IndexedFaceSet {
        ccw TRUE
        solid FALSE
        coord DEF co Coordinate {
            point [
                1.0276 0.1181 2.8032, 0.5472 0.1181 2.8032, 1.0276 0.1181 3.8583, 0.5472 0.1181 3.8583
            ]
        }
        coordIndex [
            0,1,2,-1,2,1,3,-1,
        ]
    }
}
Shape{
    appearance Appearance {
        material  Material 	{
            diffuseColor 0.9686274509803922 0.8784313725490196 0.6
            specularColor 0.6784313725490196 0.615686274509804 0.4196078431372549
            ambientIntensity 0.8737
            transparency 0.0
            shininess 0.5
        }
    }
    geometry IndexedFaceSet {
        ccw TRUE
        solid FALSE
        coord DEF co Coordinate {
            point [
                1.0276 0.1378 2.7867, 1.0276 0.1181 2.8032, 1.0276 0.1378 3.8141, 1.0276 0.1181 3.8583, 1.0276 0.1205 3.8559, 1.0276 0.1278 3.8469, 1.0276 0.1367 3.8256, 1.0276 0.1333 3.8367, 1.1378 0.1378 3.8141, 1.1378 0.1378 2.7867, 1.1378 0.1181 3.8583, 1.1378 0.1181 2.8032, 1.1378 0.1205 3.8559, 1.1378 0.1367 3.8256, 1.1378 0.1278 3.8469, 1.1378 0.1333 3.8367
            ]
        }
        coordIndex [
            0,1,2,-1,2,1,3,-1,3,4,2,-1,2,4,5,-1,2,5,6,-1,6,5,7,-1,2,8,0,-1,0,8,9,-1,10,11,12,-1,12,11,9,-1,9,8,12,-1,12,8,13,-1,12,13,14,-1,14,13,15,-1,
        ]
    }
}
Shape{
    appearance Appearance {
        material  Material 	{
            diffuseColor 0.2235294117647059 0.2235294117647059 0.2235294117647059
            specularColor 0.11372549019607843 0.11372549019607843 0.11372549019607843
            ambientIntensity 0.2235
            transparency 0.0
            shininess 0.5
        }
    }
    geometry IndexedFaceSet {
        ccw TRUE
        solid FALSE
        coord DEF co Coordinate {
            point [
                1.2214 0.1181 3.4548, 1.2104 0.1181 3.4454, 1.1378 0.1181 3.8583, 1.2017 0.1181 3.433, 1.1949 0.1181 2.8032, 1.1378 0.1181 2.8032, 1.1949 0.1181 3.4055, 1.1967 0.1181 3.4201, 1.3169 0.1181 3.622, 1.2559 0.1181 3.4646, 1.2224 0.1181 3.8583, 1.2477 0.1181 3.4642, 1.2342 0.1181 3.4612, 1.3169 0.1181 3.5236, 1.3161 0.1181 3.514, 1.3123 0.1181 3.5006, 1.3051 0.1181 3.4882, 1.2965 0.1181 3.4789, 1.2707 0.1181 3.466, 1.2837 0.1181 3.4705, -1.1949 0.1181 2.8032, -1.2264 0.1181 2.8032, -1.2269 0.1172 2.8032, -1.1949 0.0295 2.8032, -1.2373 0.0992 2.8032, -1.2388 0.0965 2.8032, -1.2431 -0.0838 2.8032, -1.2369 -0.0992 2.8032, -1.1949 -0.0295 2.8032, -1.2341 -0.1062 2.8032, -1.1949 -0.1181 2.8032, -1.2269 -0.1172 2.8032, -1.2264 -0.1181 2.8032, -1.2434 0.0795 2.8032, -1.2451 0.0732 2.8032, -1.2185 0.0295 2.8032, -1.2461 0.0591 2.8032, -1.2185 -0.0295 2.8032, -1.2461 -0.0591 2.8032, -1.2436 -0.0796 2.8032, -1.3169 0.1181 3.5236, -1.3169 0.1181 3.622, -1.2224 0.1181 3.8583, -1.1957 0.1181 3.4151, -1.1995 0.1181 3.4285, -1.1378 0.1181 3.8583, -1.2067 0.1181 3.4409, -1.2154 0.1181 3.4502, -1.1949 0.1181 3.4055, -1.1378 0.1181 2.8032, -1.2281 0.1181 3.4586, -1.2411 0.1181 3.4632, -1.2559 0.1181 3.4646, -1.2641 0.1181 3.4649, -1.2776 0.1181 3.468, -1.3151 0.1181 3.509, -1.2904 0.1181 3.4743, -1.3101 0.1181 3.4961, -1.3014 0.1181 3.4837
            ]
        }
        coordIndex [
            0,1,2,-1,2,1,3,-1,4,5,6,-1,6,5,2,-1,6,2,7,-1,7,2,3,-1,8,9,10,-1,10,9,11,-1,10,11,2,-1,2,11,12,-1,2,12,0,-1,8,13,9,-1,9,13,14,-1,9,14,15,-1,15,16,9,-1,9,16,17,-1,9,17,18,-1,18,17,19,-1,20,21,22,-1,20,22,23,-1,23,22,24,-1,23,24,25,-1,26,27,28,-1,28,27,29,-1,28,29,30,-1,30,29,31,-1,30,31,32,-1,25,33,23,-1,23,33,34,-1,23,34,35,-1,35,34,36,-1,35,36,37,-1,37,36,38,-1,37,38,28,-1,28,38,39,-1,28,39,26,-1,40,41,42,-1,43,44,45,-1,45,44,46,-1,45,46,47,-1,43,45,48,-1,48,45,49,-1,48,49,20,-1,47,50,45,-1,45,50,51,-1,45,51,42,-1,42,51,52,-1,42,52,40,-1,52,53,40,-1,40,53,54,-1,40,54,55,-1,55,54,56,-1,55,56,57,-1,57,56,58,-1,
        ]
    }
}
Shape{
    appearance Appearance {
        material  Material 	{
            diffuseColor 0.9686274509803922 0.8784313725490196 0.6
            specularColor 0.6784313725490196 0.615686274509804 0.4196078431372549
            ambientIntensity 0.8737
            transparency 0.0
            shininess 0.5
        }
    }
    geometry IndexedFaceSet {
        ccw TRUE
        solid FALSE
        coord DEF co Coordinate {
            point [
                -1.1378 0.1378 2.7867, -1.1378 0.1181 2.8032, -1.1378 0.1378 3.8141, -1.1378 0.1181 3.8583, -1.1378 0.1205 3.8559, -1.1378 0.1278 3.8469, -1.1378 0.1367 3.8256, -1.1378 0.1333 3.8367, -1.0276 0.1378 3.8141, -1.0276 0.1378 2.7867, -1.0276 0.1333 3.8367, -1.0276 0.1278 3.8469, -1.0276 0.1205 3.8559, -1.0276 0.1181 2.8032, -1.0276 0.1181 3.8583, -1.0276 0.1367 3.8256
            ]
        }
        coordIndex [
            0,1,2,-1,2,1,3,-1,3,4,2,-1,2,4,5,-1,2,5,6,-1,6,5,7,-1,2,8,0,-1,0,8,9,-1,10,11,12,-1,13,9,14,-1,14,9,8,-1,14,8,12,-1,12,8,15,-1,12,15,10,-1,
        ]
    }
}
Shape{
    appearance Appearance {
        material  Material 	{
            diffuseColor 0.2235294117647059 0.2235294117647059 0.2235294117647059
            specularColor 0.11372549019607843 0.11372549019607843 0.11372549019607843
            ambientIntensity 0.2235
            transparency 0.0
            shininess 0.5
        }
    }
    geometry IndexedFaceSet {
        ccw TRUE
        solid FALSE
        coord DEF co Coordinate {
            point [
                -0.5472 0.1181 2.8032, -1.0276 0.1181 2.8032, -0.5472 0.1181 3.8583, -1.0276 0.1181 3.8583
            ]
        }
        coordIndex [
            0,1,2,-1,2,1,3,-1,
        ]
    }
}
Shape{
    appearance Appearance {
        material  Material 	{
            diffuseColor 0.9686274509803922 0.8784313725490196 0.6
            specularColor 0.6784313725490196 0.615686274509804 0.4196078431372549
            ambientIntensity 0.8737
            transparency 0.0
            shininess 0.5
        }
    }
    geometry IndexedFaceSet {
        ccw TRUE
        solid FALSE
        coord DEF co Coordinate {
            point [
                -0.5472 0.1378 3.8141, -0.5472 0.1378 2.7867, -0.5472 0.1181 2.8032, -0.5472 0.1181 3.8583, -0.5472 0.1205 3.8559, -0.5472 0.1367 3.8256, -0.5472 0.1278 3.8469, -0.5472 0.1333 3.8367, -0.437 0.1378 3.8141, -0.437 0.1378 2.7867, -0.437 0.1181 2.8032, -0.437 0.1181 3.8583, -0.437 0.1205 3.8559, -0.437 0.1367 3.8256, -0.437 0.1278 3.8469, -0.437 0.1333 3.8367
            ]
        }
        coordIndex [
            0,1,2,-1,2,3,0,-1,0,3,4,-1,0,4,5,-1,5,4,6,-1,5,6,7,-1,0,8,1,-1,1,8,9,-1,10,9,11,-1,11,9,8,-1,11,8,12,-1,12,8,13,-1,12,13,14,-1,14,13,15,-1,
        ]
    }
}
Shape{
    appearance Appearance {
        material  Material 	{
            diffuseColor 0.2235294117647059 0.2235294117647059 0.2235294117647059
            specularColor 0.11372549019607843 0.11372549019607843 0.11372549019607843
            ambientIntensity 0.2235
            transparency 0.0
            shininess 0.5
        }
    }
    geometry IndexedFaceSet {
        ccw TRUE
        solid FALSE
        coord DEF co Coordinate {
            point [
                -0.3445 0.1181 2.8032, -0.437 0.1181 2.8032, -0.3445 0.1181 3.8583, -0.437 0.1181 3.8583
            ]
        }
        coordIndex [
            0,1,2,-1,2,1,3,-1,
        ]
    }
}
Shape{
    appearance Appearance {
        material  Material 	{
            diffuseColor 0.9686274509803922 0.8784313725490196 0.6
            specularColor 0.6784313725490196 0.615686274509804 0.4196078431372549
            ambientIntensity 0.8737
            transparency 0.0
            shininess 0.5
        }
    }
    geometry IndexedFaceSet {
        ccw TRUE
        solid FALSE
        coord DEF co Coordinate {
            point [
                -0.3445 0.1378 2.7867, -0.3445 0.1181 2.8032, -0.3445 0.1378 3.8141, -0.3445 0.1181 3.8583, -0.3445 0.1205 3.8559, -0.3445 0.1278 3.8469, -0.3445 0.1367 3.8256, -0.3445 0.1333 3.8367, -0.2461 0.1378 3.8141, -0.2461 0.1378 2.7867, -0.2461 0.1181 3.8583, -0.2461 0.1181 2.8032, -0.2461 0.1205 3.8559, -0.2461 0.1367 3.8256, -0.2461 0.1278 3.8469, -0.2461 0.1333 3.8367
            ]
        }
        coordIndex [
            0,1,2,-1,2,1,3,-1,3,4,2,-1,2,4,5,-1,2,5,6,-1,6,5,7,-1,2,8,0,-1,0,8,9,-1,10,11,12,-1,12,11,9,-1,9,8,12,-1,12,8,13,-1,12,13,14,-1,14,13,15,-1,
        ]
    }
}
Shape{
    appearance Appearance {
        material  Material 	{
            diffuseColor 0.2235294117647059 0.2235294117647059 0.2235294117647059
            specularColor 0.11372549019607843 0.11372549019607843 0.11372549019607843
            ambientIntensity 0.2235
            transparency 0.0
            shininess 0.5
        }
    }
    geometry IndexedFaceSet {
        ccw TRUE
        solid FALSE
        coord DEF co Coordinate {
            point [
                -0.1476 0.1181 2.8032, -0.2461 0.1181 2.8032, -0.1476 0.1181 3.8583, -0.2461 0.1181 3.8583
            ]
        }
        coordIndex [
            0,1,2,-1,2,1,3,-1,
        ]
    }
}
Shape{
    appearance Appearance {
        material  Material 	{
            diffuseColor 0.9686274509803922 0.8784313725490196 0.6
            specularColor 0.6784313725490196 0.615686274509804 0.4196078431372549
            ambientIntensity 0.8737
            transparency 0.0
            shininess 0.5
        }
    }
    geometry IndexedFaceSet {
        ccw TRUE
        solid FALSE
        coord DEF co Coordinate {
            point [
                -0.1476 0.1378 2.7867, -0.1476 0.1181 2.8032, -0.1476 0.1378 3.8141, -0.1476 0.1181 3.8583, -0.1476 0.1205 3.8559, -0.1476 0.1278 3.8469, -0.1476 0.1367 3.8256, -0.1476 0.1333 3.8367, -0.0492 0.1378 3.8141, -0.0492 0.1378 2.7867, -0.0492 0.1333 3.8367, -0.0492 0.1278 3.8469, -0.0492 0.1205 3.8559, -0.0492 0.1181 2.8032, -0.0492 0.1181 3.8583, -0.0492 0.1367 3.8256
            ]
        }
        coordIndex [
            0,1,2,-1,2,1,3,-1,3,4,2,-1,2,4,5,-1,2,5,6,-1,6,5,7,-1,2,8,0,-1,0,8,9,-1,10,11,12,-1,13,9,14,-1,14,9,8,-1,14,8,12,-1,12,8,15,-1,12,15,10,-1,
        ]
    }
}
Shape{
    appearance Appearance {
        material  Material 	{
            diffuseColor 0.2235294117647059 0.2235294117647059 0.2235294117647059
            specularColor 0.11372549019607843 0.11372549019607843 0.11372549019607843
            ambientIntensity 0.2235
            transparency 0.0
            shininess 0.5
        }
    }
    geometry IndexedFaceSet {
        ccw TRUE
        solid FALSE
        coord DEF co Coordinate {
            point [
                0.0492 0.1181 2.8032, -0.0492 0.1181 2.8032, 0.0492 0.1181 3.8583, -0.0492 0.1181 3.8583
            ]
        }
        coordIndex [
            0,1,2,-1,2,1,3,-1,
        ]
    }
}
Shape{
    appearance Appearance {
        material  Material 	{
            diffuseColor 0.9686274509803922 0.8784313725490196 0.6
            specularColor 0.6784313725490196 0.615686274509804 0.4196078431372549
            ambientIntensity 0.8737
            transparency 0.0
            shininess 0.5
        }
    }
    geometry IndexedFaceSet {
        ccw TRUE
        solid FALSE
        coord DEF co Coordinate {
            point [
                0.0492 0.1378 3.8141, 0.0492 0.1378 2.7867, 0.0492 0.1181 2.8032, 0.0492 0.1181 3.8583, 0.0492 0.1205 3.8559, 0.0492 0.1367 3.8256, 0.0492 0.1278 3.8469, 0.0492 0.1333 3.8367, 0.1476 0.1378 3.8141, 0.1476 0.1378 2.7867, 0.1476 0.1333 3.8367, 0.1476 0.1278 3.8469, 0.1476 0.1205 3.8559, 0.1476 0.1181 2.8032, 0.1476 0.1181 3.8583, 0.1476 0.1367 3.8256
            ]
        }
        coordIndex [
            0,1,2,-1,2,3,0,-1,0,3,4,-1,0,4,5,-1,5,4,6,-1,5,6,7,-1,0,8,1,-1,1,8,9,-1,10,11,12,-1,13,9,14,-1,14,9,8,-1,14,8,12,-1,12,8,15,-1,12,15,10,-1,
        ]
    }
}
Shape{
    appearance Appearance {
        material  Material 	{
            diffuseColor 0.2235294117647059 0.2235294117647059 0.2235294117647059
            specularColor 0.11372549019607843 0.11372549019607843 0.11372549019607843
            ambientIntensity 0.2235
            transparency 0.0
            shininess 0.5
        }
    }
    geometry IndexedFaceSet {
        ccw TRUE
        solid FALSE
        coord DEF co Coordinate {
            point [
                0.437 0.1181 2.8032, 0.1476 0.1181 2.8032, 0.437 0.1181 3.8583, 0.1476 0.1181 3.8583
            ]
        }
        coordIndex [
            0,1,2,-1,2,1,3,-1,
        ]
    }
}
Shape{
    appearance Appearance {
        material  Material 	{
            diffuseColor 0.9686274509803922 0.8784313725490196 0.6
            specularColor 0.6784313725490196 0.615686274509804 0.4196078431372549
            ambientIntensity 0.8737
            transparency 0.0
            shininess 0.5
        }
    }
    geometry IndexedFaceSet {
        ccw TRUE
        solid FALSE
        coord DEF co Coordinate {
            point [
                0.437 0.1378 2.7867, 0.437 0.1181 2.8032, 0.437 0.1378 3.8141, 0.437 0.1181 3.8583, 0.437 0.1205 3.8559, 0.437 0.1278 3.8469, 0.437 0.1367 3.8256, 0.437 0.1333 3.8367, -0.5472 -0.1378 3.8141, -0.5472 -0.1378 2.7867, -0.437 -0.1378 3.8141, -0.437 -0.1378 2.7867, -0.5472 -0.1333 3.8367, -0.5472 -0.1278 3.8469, -0.5472 -0.1205 3.8559, -0.5472 -0.1181 2.8032, -0.5472 -0.1181 3.8583, -0.5472 -0.1367 3.8256
            ]
        }
        coordIndex [
            0,1,2,-1,2,1,3,-1,3,4,2,-1,2,4,5,-1,2,5,6,-1,6,5,7,-1,8,9,10,-1,10,9,11,-1,12,13,14,-1,15,9,16,-1,16,9,8,-1,16,8,14,-1,14,8,17,-1,14,17,12,-1,
        ]
    }
}
Shape{
    appearance Appearance {
        material  Material 	{
            diffuseColor 0.2235294117647059 0.2235294117647059 0.2235294117647059
            specularColor 0.11372549019607843 0.11372549019607843 0.11372549019607843
            ambientIntensity 0.2235
            transparency 0.0
            shininess 0.5
        }
    }
    geometry IndexedFaceSet {
        ccw TRUE
        solid FALSE
        coord DEF co Coordinate {
            point [
                -1.0276 -0.1181 2.8032, -0.5472 -0.1181 2.8032, -1.0276 -0.1181 3.8583, -0.5472 -0.1181 3.8583
            ]
        }
        coordIndex [
            0,1,2,-1,2,1,3,-1,
        ]
    }
}
Shape{
    appearance Appearance {
        material  Material 	{
            diffuseColor 0.9686274509803922 0.8784313725490196 0.6
            specularColor 0.6784313725490196 0.615686274509804 0.4196078431372549
            ambientIntensity 0.8737
            transparency 0.0
            shininess 0.5
        }
    }
    geometry IndexedFaceSet {
        ccw TRUE
        solid FALSE
        coord DEF co Coordinate {
            point [
                -1.0276 -0.1378 2.7867, -1.0276 -0.1181 2.8032, -1.0276 -0.1378 3.8141, -1.0276 -0.1181 3.8583, -1.0276 -0.1205 3.8559, -1.0276 -0.1278 3.8469, -1.0276 -0.1333 3.8367, -1.0276 -0.1367 3.8256, -1.1378 -0.1378 3.8141, -1.1378 -0.1378 2.7867, -1.1378 -0.1181 3.8583, -1.1378 -0.1181 2.8032, -1.1378 -0.1205 3.8559, -1.1378 -0.1367 3.8256, -1.1378 -0.1278 3.8469, -1.1378 -0.1333 3.8367
            ]
        }
        coordIndex [
            0,1,2,-1,2,1,3,-1,2,3,4,-1,4,5,2,-1,2,5,6,-1,2,6,7,-1,8,9,2,-1,2,9,0,-1,10,11,12,-1,12,11,9,-1,9,8,12,-1,12,8,13,-1,12,13,14,-1,14,13,15,-1,
        ]
    }
}
Shape{
    appearance Appearance {
        material  Material 	{
            diffuseColor 0.2235294117647059 0.2235294117647059 0.2235294117647059
            specularColor 0.11372549019607843 0.11372549019607843 0.11372549019607843
            ambientIntensity 0.2235
            transparency 0.0
            shininess 0.5
        }
    }
    geometry IndexedFaceSet {
        ccw TRUE
        solid FALSE
        coord DEF co Coordinate {
            point [
                -1.2224 -0.1181 3.8583, -1.2559 -0.1181 3.4646, -1.1378 -0.1181 3.8583, -1.2411 -0.1181 3.4632, -1.2281 -0.1181 3.4586, -1.2154 -0.1181 3.4502, -1.2067 -0.1181 3.4409, -1.1995 -0.1181 3.4285, -1.3169 -0.1181 3.622, -1.3169 -0.1181 3.5236, -1.2641 -0.1181 3.4649, -1.1957 -0.1181 3.4151, -1.1949 -0.1181 3.4055, -1.1378 -0.1181 2.8032, -1.1949 -0.1181 2.8032, -1.2776 -0.1181 3.468, -1.3151 -0.1181 3.509, -1.2904 -0.1181 3.4743, -1.3101 -0.1181 3.4961, -1.3014 -0.1181 3.4837, 1.2017 -0.1181 3.433, 1.2104 -0.1181 3.4454, 1.1378 -0.1181 3.8583, 1.1967 -0.1181 3.4201, 1.1949 -0.1181 3.4055, 1.1378 -0.1181 2.8032, 1.1949 -0.1181 2.8032, 1.2214 -0.1181 3.4548, 1.2342 -0.1181 3.4612, 1.2224 -0.1181 3.8583, 1.2477 -0.1181 3.4642, 1.2559 -0.1181 3.4646, 1.3169 -0.1181 3.5236, 1.3169 -0.1181 3.622, 1.3051 -0.1181 3.4882, 1.3123 -0.1181 3.5006, 1.3161 -0.1181 3.514, 1.2965 -0.1181 3.4789, 1.2707 -0.1181 3.466, 1.2837 -0.1181 3.4705
            ]
        }
        coordIndex [
            0,1,2,-1,2,1,3,-1,2,3,4,-1,4,5,2,-1,2,5,6,-1,2,6,7,-1,0,8,1,-1,1,8,9,-1,1,9,10,-1,7,11,2,-1,2,11,12,-1,2,12,13,-1,13,12,14,-1,10,9,15,-1,15,9,16,-1,15,16,17,-1,17,16,18,-1,17,18,19,-1,20,21,22,-1,20,22,23,-1,23,22,24,-1,24,22,25,-1,24,25,26,-1,21,27,22,-1,22,27,28,-1,22,28,29,-1,29,28,30,-1,30,31,29,-1,29,31,32,-1,29,32,33,-1,34,35,31,-1,31,35,36,-1,31,36,32,-1,34,31,37,-1,37,31,38,-1,37,38,39,-1,
        ]
    }
}
Shape{
    appearance Appearance {
        material  Material 	{
            diffuseColor 0.9686274509803922 0.8784313725490196 0.6
            specularColor 0.6784313725490196 0.615686274509804 0.4196078431372549
            ambientIntensity 0.8737
            transparency 0.0
            shininess 0.5
        }
    }
    geometry IndexedFaceSet {
        ccw TRUE
        solid FALSE
        coord DEF co Coordinate {
            point [
                1.1378 -0.1378 3.8141, 1.1378 -0.1378 2.7867, 1.1378 -0.1181 2.8032, 1.1378 -0.1181 3.8583, 1.1378 -0.1205 3.8559, 1.1378 -0.1367 3.8256, 1.1378 -0.1278 3.8469, 1.1378 -0.1333 3.8367, 1.0276 -0.1378 3.8141, 1.0276 -0.1378 2.7867, 1.0276 -0.1333 3.8367, 1.0276 -0.1278 3.8469, 1.0276 -0.1205 3.8559, 1.0276 -0.1181 2.8032, 1.0276 -0.1181 3.8583, 1.0276 -0.1367 3.8256
            ]
        }
        coordIndex [
            0,1,2,-1,2,3,0,-1,0,3,4,-1,0,4,5,-1,5,4,6,-1,5,6,7,-1,8,9,0,-1,0,9,1,-1,10,11,12,-1,13,9,14,-1,14,9,8,-1,14,8,12,-1,12,8,15,-1,12,15,10,-1,
        ]
    }
}
Shape{
    appearance Appearance {
        material  Material 	{
            diffuseColor 0.2235294117647059 0.2235294117647059 0.2235294117647059
            specularColor 0.11372549019607843 0.11372549019607843 0.11372549019607843
            ambientIntensity 0.2235
            transparency 0.0
            shininess 0.5
        }
    }
    geometry IndexedFaceSet {
        ccw TRUE
        solid FALSE
        coord DEF co Coordinate {
            point [
                0.5472 -0.1181 2.8032, 1.0276 -0.1181 2.8032, 0.5472 -0.1181 3.8583, 1.0276 -0.1181 3.8583
            ]
        }
        coordIndex [
            0,1,2,-1,2,1,3,-1,
        ]
    }
}
Shape{
    appearance Appearance {
        material  Material 	{
            diffuseColor 0.9686274509803922 0.8784313725490196 0.6
            specularColor 0.6784313725490196 0.615686274509804 0.4196078431372549
            ambientIntensity 0.8737
            transparency 0.0
            shininess 0.5
        }
    }
    geometry IndexedFaceSet {
        ccw TRUE
        solid FALSE
        coord DEF co Coordinate {
            point [
                0.5472 -0.1378 3.8141, 0.5472 -0.1378 2.7867, 0.5472 -0.1181 2.8032, 0.5472 -0.1181 3.8583, 0.5472 -0.1205 3.8559, 0.5472 -0.1367 3.8256, 0.5472 -0.1278 3.8469, 0.5472 -0.1333 3.8367, 0.437 -0.1378 3.8141, 0.437 -0.1378 2.7867, 0.437 -0.1181 2.8032, 0.437 -0.1181 3.8583, 0.437 -0.1205 3.8559, 0.437 -0.1367 3.8256, 0.437 -0.1278 3.8469, 0.437 -0.1333 3.8367
            ]
        }
        coordIndex [
            0,1,2,-1,2,3,0,-1,0,3,4,-1,0,4,5,-1,5,4,6,-1,5,6,7,-1,8,9,0,-1,0,9,1,-1,10,9,11,-1,11,9,8,-1,11,8,12,-1,12,8,13,-1,12,13,14,-1,14,13,15,-1,
        ]
    }
}
Shape{
    appearance Appearance {
        material  Material 	{
            diffuseColor 0.2235294117647059 0.2235294117647059 0.2235294117647059
            specularColor 0.11372549019607843 0.11372549019607843 0.11372549019607843
            ambientIntensity 0.2235
            transparency 0.0
            shininess 0.5
        }
    }
    geometry IndexedFaceSet {
        ccw TRUE
        solid FALSE
        coord DEF co Coordinate {
            point [
                0.3445 -0.1181 2.8032, 0.437 -0.1181 2.8032, 0.3445 -0.1181 3.8583, 0.437 -0.1181 3.8583
            ]
        }
        coordIndex [
            0,1,2,-1,2,1,3,-1,
        ]
    }
}
Shape{
    appearance Appearance {
        material  Material 	{
            diffuseColor 0.9686274509803922 0.8784313725490196 0.6
            specularColor 0.6784313725490196 0.615686274509804 0.4196078431372549
            ambientIntensity 0.8737
            transparency 0.0
            shininess 0.5
        }
    }
    geometry IndexedFaceSet {
        ccw TRUE
        solid FALSE
        coord DEF co Coordinate {
            point [
                0.3445 -0.1378 3.8141, 0.3445 -0.1378 2.7867, 0.3445 -0.1181 2.8032, 0.3445 -0.1181 3.8583, 0.3445 -0.1205 3.8559, 0.3445 -0.1367 3.8256, 0.3445 -0.1278 3.8469, 0.3445 -0.1333 3.8367, 0.2461 -0.1378 3.8141, 0.2461 -0.1378 2.7867, 0.2461 -0.1181 2.8032, 0.2461 -0.1181 3.8583, 0.2461 -0.1205 3.8559, 0.2461 -0.1367 3.8256, 0.2461 -0.1278 3.8469, 0.2461 -0.1333 3.8367
            ]
        }
        coordIndex [
            0,1,2,-1,2,3,0,-1,0,3,4,-1,0,4,5,-1,5,4,6,-1,5,6,7,-1,8,9,0,-1,0,9,1,-1,10,9,11,-1,11,9,8,-1,11,8,12,-1,12,8,13,-1,12,13,14,-1,14,13,15,-1,
        ]
    }
}
Shape{
    appearance Appearance {
        material  Material 	{
            diffuseColor 0.2235294117647059 0.2235294117647059 0.2235294117647059
            specularColor 0.11372549019607843 0.11372549019607843 0.11372549019607843
            ambientIntensity 0.2235
            transparency 0.0
            shininess 0.5
        }
    }
    geometry IndexedFaceSet {
        ccw TRUE
        solid FALSE
        coord DEF co Coordinate {
            point [
                0.1476 -0.1181 2.8032, 0.2461 -0.1181 2.8032, 0.1476 -0.1181 3.8583, 0.2461 -0.1181 3.8583
            ]
        }
        coordIndex [
            0,1,2,-1,2,1,3,-1,
        ]
    }
}
Shape{
    appearance Appearance {
        material  Material 	{
            diffuseColor 0.9686274509803922 0.8784313725490196 0.6
            specularColor 0.6784313725490196 0.615686274509804 0.4196078431372549
            ambientIntensity 0.8737
            transparency 0.0
            shininess 0.5
        }
    }
    geometry IndexedFaceSet {
        ccw TRUE
        solid FALSE
        coord DEF co Coordinate {
            point [
                0.1476 -0.1378 3.8141, 0.1476 -0.1378 2.7867, 0.1476 -0.1181 2.8032, 0.1476 -0.1181 3.8583, 0.1476 -0.1205 3.8559, 0.1476 -0.1367 3.8256, 0.1476 -0.1278 3.8469, 0.1476 -0.1333 3.8367, 0.0492 -0.1378 3.8141, 0.0492 -0.1378 2.7867, 0.0492 -0.1333 3.8367, 0.0492 -0.1278 3.8469, 0.0492 -0.1205 3.8559, 0.0492 -0.1181 2.8032, 0.0492 -0.1181 3.8583, 0.0492 -0.1367 3.8256
            ]
        }
        coordIndex [
            0,1,2,-1,2,3,0,-1,0,3,4,-1,0,4,5,-1,5,4,6,-1,5,6,7,-1,8,9,0,-1,0,9,1,-1,10,11,12,-1,13,9,14,-1,14,9,8,-1,14,8,12,-1,12,8,15,-1,12,15,10,-1,
        ]
    }
}
Shape{
    appearance Appearance {
        material  Material 	{
            diffuseColor 0.2235294117647059 0.2235294117647059 0.2235294117647059
            specularColor 0.11372549019607843 0.11372549019607843 0.11372549019607843
            ambientIntensity 0.2235
            transparency 0.0
            shininess 0.5
        }
    }
    geometry IndexedFaceSet {
        ccw TRUE
        solid FALSE
        coord DEF co Coordinate {
            point [
                -0.0492 -0.1181 2.8032, 0.0492 -0.1181 2.8032, -0.0492 -0.1181 3.8583, 0.0492 -0.1181 3.8583
            ]
        }
        coordIndex [
            0,1,2,-1,2,1,3,-1,
        ]
    }
}
Shape{
    appearance Appearance {
        material  Material 	{
            diffuseColor 0.9686274509803922 0.8784313725490196 0.6
            specularColor 0.6784313725490196 0.615686274509804 0.4196078431372549
            ambientIntensity 0.8737
            transparency 0.0
            shininess 0.5
        }
    }
    geometry IndexedFaceSet {
        ccw TRUE
        solid FALSE
        coord DEF co Coordinate {
            point [
                -0.0492 -0.1378 3.8141, -0.0492 -0.1378 2.7867, -0.0492 -0.1181 2.8032, -0.0492 -0.1181 3.8583, -0.0492 -0.1205 3.8559, -0.0492 -0.1367 3.8256, -0.0492 -0.1278 3.8469, -0.0492 -0.1333 3.8367, -0.1476 -0.1378 3.8141, -0.1476 -0.1378 2.7867, -0.1476 -0.1333 3.8367, -0.1476 -0.1278 3.8469, -0.1476 -0.1205 3.8559, -0.1476 -0.1181 2.8032, -0.1476 -0.1181 3.8583, -0.1476 -0.1367 3.8256
            ]
        }
        coordIndex [
            0,1,2,-1,2,3,0,-1,0,3,4,-1,0,4,5,-1,5,4,6,-1,5,6,7,-1,8,9,0,-1,0,9,1,-1,10,11,12,-1,13,9,14,-1,14,9,8,-1,14,8,12,-1,12,8,15,-1,12,15,10,-1,
        ]
    }
}
Shape{
    appearance Appearance {
        material  Material 	{
            diffuseColor 0.2235294117647059 0.2235294117647059 0.2235294117647059
            specularColor 0.11372549019607843 0.11372549019607843 0.11372549019607843
            ambientIntensity 0.2235
            transparency 0.0
            shininess 0.5
        }
    }
    geometry IndexedFaceSet {
        ccw TRUE
        solid FALSE
        coord DEF co Coordinate {
            point [
                -0.437 -0.1181 2.8032, -0.1476 -0.1181 2.8032, -0.437 -0.1181 3.8583, -0.1476 -0.1181 3.8583
            ]
        }
        coordIndex [
            0,1,2,-1,2,1,3,-1,
        ]
    }
}
Shape{
    appearance Appearance {
        material  Material 	{
            diffuseColor 0.9686274509803922 0.8784313725490196 0.6
            specularColor 0.6784313725490196 0.615686274509804 0.4196078431372549
            ambientIntensity 0.8737
            transparency 0.0
            shininess 0.5
        }
    }
    geometry IndexedFaceSet {
        ccw TRUE
        solid FALSE
        coord DEF co Coordinate {
            point [
                -0.437 -0.1378 3.8141, -0.437 -0.1378 2.7867, -0.437 -0.1181 2.8032, -0.437 -0.1181 3.8583, -0.437 -0.1205 3.8559, -0.437 -0.1367 3.8256, -0.437 -0.1278 3.8469, -0.437 -0.1333 3.8367
            ]
        }
        coordIndex [
            0,1,2,-1,2,3,0,-1,0,3,4,-1,0,4,5,-1,5,4,6,-1,5,6,7,-1,
        ]
    }
}
Shape{
    appearance Appearance {
        material  Material 	{
            diffuseColor 0.2235294117647059 0.2235294117647059 0.2235294117647059
            specularColor 0.11372549019607843 0.11372549019607843 0.11372549019607843
            ambientIntensity 0.2235
            transparency 0.0
            shininess 0.5
        }
    }
    geometry IndexedFaceSet {
        ccw TRUE
        solid FALSE
        coord DEF co Coordinate {
            point [
                -0.4921 -0.187 2.3819, -0.4667 -0.187 2.3852, -0.5176 -0.187 2.5754, -0.4921 -0.187 2.5787, -0.4225 -0.187 2.4107, -0.4069 -0.187 2.4311, -0.4667 -0.187 2.5754, -0.5617 -0.187 2.5499, -0.5774 -0.187 2.5295, -0.5176 -0.187 2.3852, -0.4429 -0.187 2.3951, -0.5413 -0.187 2.5656, -0.4069 -0.187 2.5295, -0.4225 -0.187 2.5499, -0.3971 -0.187 2.5058, -0.3937 -0.187 2.4803, -0.3971 -0.187 2.4548, -0.4429 -0.187 2.5656, -0.5872 -0.187 2.5058, -0.5617 -0.187 2.4107, -0.5413 -0.187 2.3951, -0.5906 -0.187 2.4803, -0.5872 -0.187 2.4548, -0.5774 -0.187 2.4311, 0.4921 -0.187 2.3819, 0.5176 -0.187 2.3852, 0.4667 -0.187 2.5754, 0.4921 -0.187 2.5787, 0.5617 -0.187 2.4107, 0.5774 -0.187 2.4311, 0.5176 -0.187 2.5754, 0.4225 -0.187 2.5499, 0.4069 -0.187 2.5295, 0.4667 -0.187 2.3852, 0.5413 -0.187 2.3951, 0.4429 -0.187 2.5656, 0.5774 -0.187 2.5295, 0.5617 -0.187 2.5499, 0.5872 -0.187 2.5058, 0.5906 -0.187 2.4803, 0.5872 -0.187 2.4548, 0.5413 -0.187 2.5656, 0.3971 -0.187 2.5058, 0.4225 -0.187 2.4107, 0.4429 -0.187 2.3951, 0.3937 -0.187 2.4803, 0.3971 -0.187 2.4548, 0.4069 -0.187 2.4311, -0.4921 0.187 2.3819, -0.5176 0.187 2.3852, -0.5176 0.187 2.5754, -0.4667 0.187 2.3852, -0.4921 0.187 2.5787, -0.4667 0.187 2.5754, -0.5774 0.187 2.5295, -0.5617 0.187 2.5499, -0.5413 0.187 2.5656, -0.4069 0.187 2.5295, -0.3971 0.187 2.5058, -0.4225 0.187 2.5499, -0.3937 0.187 2.4803, -0.4429 0.187 2.5656, -0.3971 0.187 2.4548, -0.4069 0.187 2.4311, -0.5906 0.187 2.4803, -0.5617 0.187 2.4107, -0.5872 0.187 2.4548, -0.5774 0.187 2.4311, -0.5413 0.187 2.3951, -0.5872 0.187 2.5058, -0.4225 0.187 2.4107, -0.4429 0.187 2.3951, 0.4921 0.187 2.3819, 0.4667 0.187 2.3852, 0.4667 0.187 2.5754, 0.5176 0.187 2.3852, 0.4921 0.187 2.5787, 0.5176 0.187 2.5754, 0.4069 0.187 2.5295, 0.4225 0.187 2.5499, 0.4429 0.187 2.5656, 0.5774 0.187 2.5295, 0.5872 0.187 2.5058, 0.5617 0.187 2.5499, 0.5906 0.187 2.4803, 0.5413 0.187 2.5656, 0.5872 0.187 2.4548, 0.5774 0.187 2.4311, 0.3937 0.187 2.4803, 0.4225 0.187 2.4107, 0.3971 0.187 2.4548, 0.4069 0.187 2.4311, 0.4429 0.187 2.3951, 0.3971 0.187 2.5058, 0.5617 0.187 2.4107, 0.5413 0.187 2.3951, 1.1949 -0.0295 3.4055, 1.1949 -0.1181 3.4055, 1.1949 -0.0295 2.8032, 1.1949 -0.1181 2.8032, 1.1949 0.0295 2.8032, 1.1949 0.1181 2.8032, 1.1949 0.0295 3.4055, 1.1949 0.1181 3.4055, 1.3169 0.0295 3.5236, 1.3169 0.0295 3.4693, 1.3161 0.0295 3.514, 1.3123 0.0295 3.5006, 1.2342 0.0295 3.4612, 1.251 0.0295 3.4246, 1.2423 0.0295 3.422, 1.2837 0.0295 3.4705, 1.3127 0.0295 3.4516, 1.3077 0.0295 3.4439, 1.3159 0.0295 3.4602, 1.2965 0.0295 3.4789, 1.3051 0.0295 3.4882, 1.3011 0.0295 3.4377, 1.2932 0.0295 3.4331, 1.2707 0.0295 3.466, 1.2844 0.0295 3.4305, 1.2559 0.0295 3.4646, 1.2477 0.0295 3.4642, 1.1967 0.0295 3.4201, 1.2227 0.0295 3.4035, 1.2277 0.0295 3.4111, 1.2017 0.0295 3.433, 1.2344 0.0295 3.4174, 1.2104 0.0295 3.4454, 1.2214 0.0295 3.4548, 1.2185 0.0295 2.8032, 1.2185 0.0295 3.3858, 1.2196 0.0295 3.3949, 1.2185 -0.0295 2.8032, 1.2185 -0.0295 3.3858, 1.3169 -0.0295 3.4693, 1.3169 -0.0295 3.5236, 1.3161 -0.0295 3.514, 1.3011 -0.0295 3.4377, 1.2837 -0.0295 3.4705, 1.2932 -0.0295 3.4331, 1.2707 -0.0295 3.466, 1.3123 -0.0295 3.5006, 1.3051 -0.0295 3.4882, 1.3159 -0.0295 3.4602, 1.2965 -0.0295 3.4789, 1.3127 -0.0295 3.4516, 1.3077 -0.0295 3.4439, 1.2559 -0.0295 3.4646, 1.251 -0.0295 3.4246, 1.2844 -0.0295 3.4305, 1.2477 -0.0295 3.4642, 1.2342 -0.0295 3.4612, 1.2423 -0.0295 3.422, 1.2214 -0.0295 3.4548, 1.2344 -0.0295 3.4174, 1.2104 -0.0295 3.4454, 1.2277 -0.0295 3.4111, 1.2017 -0.0295 3.433, 1.2227 -0.0295 3.4035, 1.1967 -0.0295 3.4201, 1.2196 -0.0295 3.3949
            ]
        }
        coordIndex [
            0,1,2,-1,2,1,3,-1,4,5,6,-1,7,8,9,-1,3,1,6,-1,6,1,10,-1,6,10,4,-1,0,2,9,-1,9,2,11,-1,9,11,7,-1,12,13,14,-1,14,13,15,-1,5,16,6,-1,6,16,15,-1,6,15,17,-1,17,15,13,-1,18,19,8,-1,8,19,20,-1,8,20,9,-1,18,21,19,-1,19,21,22,-1,19,22,23,-1,24,25,26,-1,26,25,27,-1,28,29,30,-1,31,32,33,-1,27,25,30,-1,30,25,34,-1,30,34,28,-1,24,26,33,-1,33,26,35,-1,33,35,31,-1,36,37,38,-1,38,37,39,-1,29,40,30,-1,30,40,39,-1,30,39,41,-1,41,39,37,-1,42,43,32,-1,32,43,44,-1,32,44,33,-1,42,45,43,-1,43,45,46,-1,43,46,47,-1,48,49,50,-1,48,50,51,-1,51,50,52,-1,51,52,53,-1,54,55,49,-1,49,55,56,-1,49,56,50,-1,57,58,59,-1,59,58,60,-1,59,60,61,-1,61,60,53,-1,53,60,62,-1,53,62,63,-1,64,65,66,-1,66,65,67,-1,49,68,54,-1,54,68,65,-1,54,65,69,-1,69,65,64,-1,63,70,53,-1,53,70,71,-1,53,71,51,-1,72,73,74,-1,72,74,75,-1,75,74,76,-1,75,76,77,-1,78,79,73,-1,73,79,80,-1,73,80,74,-1,81,82,83,-1,83,82,84,-1,83,84,85,-1,85,84,77,-1,77,84,86,-1,77,86,87,-1,88,89,90,-1,90,89,91,-1,73,92,78,-1,78,92,89,-1,78,89,93,-1,93,89,88,-1,87,94,77,-1,77,94,95,-1,77,95,75,-1,96,97,98,-1,98,97,99,-1,100,101,102,-1,102,101,103,-1,104,105,106,-1,106,105,107,-1,108,109,110,-1,111,112,113,-1,112,111,114,-1,114,111,115,-1,114,115,105,-1,105,115,116,-1,105,116,107,-1,113,117,111,-1,111,117,118,-1,111,118,119,-1,119,118,120,-1,119,120,121,-1,121,120,109,-1,121,109,122,-1,122,109,108,-1,102,123,124,-1,124,123,125,-1,125,123,126,-1,125,126,127,-1,127,126,128,-1,127,128,110,-1,110,128,129,-1,110,129,108,-1,130,100,131,-1,131,100,102,-1,131,102,132,-1,132,102,124,-1,130,131,133,-1,133,131,134,-1,135,136,137,-1,138,139,140,-1,140,139,141,-1,137,142,135,-1,135,142,143,-1,135,143,144,-1,144,143,145,-1,144,145,146,-1,146,145,139,-1,146,139,147,-1,147,139,138,-1,148,149,141,-1,141,149,150,-1,141,150,140,-1,96,98,133,-1,148,151,149,-1,149,151,152,-1,149,152,153,-1,153,152,154,-1,153,154,155,-1,155,154,156,-1,155,156,157,-1,157,156,158,-1,157,158,159,-1,159,158,160,-1,159,160,161,-1,161,160,96,-1,161,96,134,-1,134,96,133,-1,
        ]
    }
}
Shape{
    appearance Appearance {
        material  Material 	{
            diffuseColor 0.9686274509803922 0.8784313725490196 0.6
            specularColor 0.6784313725490196 0.615686274509804 0.4196078431372549
            ambientIntensity 0.8737
            transparency 0.0
            shininess 0.5
        }
    }
    geometry IndexedFaceSet {
        ccw TRUE
        solid FALSE
        coord DEF co Coordinate {
            point [
                0.437 0.1205 3.8559, 0.5472 0.1205 3.8559, 0.5472 0.1278 3.8469, 0.437 0.1278 3.8469, 0.5472 0.1333 3.8367, 0.437 0.1333 3.8367, 0.5472 0.1367 3.8256, 0.437 0.1367 3.8256, 0.5472 0.1378 3.8141, 0.437 0.1378 3.8141
            ]
        }
        coordIndex [
            0,1,2,-1,0,2,3,-1,3,2,4,-1,3,4,5,-1,5,4,6,-1,5,6,7,-1,7,6,8,-1,7,8,9,-1,
        ]
    }
}
Shape{
    appearance Appearance {
        material  Material 	{
            diffuseColor 0.2235294117647059 0.2235294117647059 0.2235294117647059
            specularColor 0.11372549019607843 0.11372549019607843 0.11372549019607843
            ambientIntensity 0.2235
            transparency 0.0
            shininess 0.5
        }
    }
    geometry IndexedFaceSet {
        ccw TRUE
        solid FALSE
        coord DEF co Coordinate {
            point [
                -0.2461 0.1181 3.8583, -0.2461 0.1205 3.8559, -0.3445 0.1205 3.8559, -1.0276 0.1205 3.8559, -1.1378 0.1205 3.8559, -1.0276 0.1181 3.8583, -1.1378 0.1181 3.8583, -0.437 0.1205 3.8559, -0.5472 0.1205 3.8559, -0.437 0.1181 3.8583, -0.5472 0.1181 3.8583, 0.1476 0.1181 3.8583, 0.1476 0.1205 3.8559, 0.0492 0.1205 3.8559, -1.1859 0.0657 3.9107, -1.176 0.0616 3.9148, 1.1588 0.0591 3.9173, 1.0276 0.1181 3.8583, 0.5472 0.1181 3.8583, 0.0492 0.1181 3.8583, -0.0492 0.1181 3.8583, -1.2224 0.1181 3.8583, -1.2137 0.0962 3.8802, -1.2065 0.0842 3.8922, -1.2041 0.0802 3.8962, -1.1973 0.0738 3.9026, -1.1937 0.0705 3.9059, -1.1863 0.0658 3.9105, -0.3445 0.1181 3.8583, -1.1588 0.0591 3.9173, -1.1659 0.0595 3.9169, -1.1727 0.0609 3.9155, 1.1378 0.1205 3.8559, 1.0276 0.1205 3.8559, 1.1378 0.1181 3.8583, 0.5472 0.1205 3.8559, 0.437 0.1205 3.8559, 0.437 0.1181 3.8583, -0.0492 0.1205 3.8559, -0.1476 0.1205 3.8559, -0.1476 0.1181 3.8583, 1.1885 0.067 3.9094, 1.1974 0.0737 3.9027, 1.1993 0.0751 3.9013, 1.2068 0.084 3.8924, 1.1727 0.061 3.9154, 1.1783 0.0623 3.914, 1.1858 0.0658 3.9106, 1.2081 0.0856 3.8908, 1.2137 0.0962 3.8802, 1.2224 0.1181 3.8583, 1.1678 0.0597 3.9166
            ]
        }
        coordIndex [
            0,1,2,-1,3,4,5,-1,5,4,6,-1,7,8,9,-1,9,8,10,-1,11,12,13,-1,6,14,15,-1,16,17,18,-1,16,19,20,-1,6,21,22,-1,22,23,6,-1,6,23,24,-1,6,24,25,-1,25,26,6,-1,6,26,27,-1,6,27,14,-1,28,9,16,-1,16,9,10,-1,16,10,29,-1,29,10,5,-1,29,5,30,-1,30,5,6,-1,30,6,31,-1,31,6,15,-1,32,33,34,-1,34,33,17,-1,35,36,18,-1,18,36,37,-1,18,37,16,-1,16,37,11,-1,16,11,19,-1,19,11,13,-1,38,39,20,-1,20,39,40,-1,20,40,16,-1,16,40,0,-1,16,0,28,-1,28,0,2,-1,41,42,34,-1,34,42,43,-1,34,43,44,-1,45,46,34,-1,34,46,47,-1,34,47,41,-1,44,48,34,-1,34,48,49,-1,34,49,50,-1,17,16,34,-1,34,16,51,-1,34,51,45,-1,
        ]
    }
}
Shape{
    appearance Appearance {
        material  Material 	{
            diffuseColor 0.9686274509803922 0.8784313725490196 0.6
            specularColor 0.6784313725490196 0.615686274509804 0.4196078431372549
            ambientIntensity 0.8737
            transparency 0.0
            shininess 0.5
        }
    }
    geometry IndexedFaceSet {
        ccw TRUE
        solid FALSE
        coord DEF co Coordinate {
            point [
                1.0276 0.1205 3.8559, 1.1378 0.1205 3.8559, 1.1378 0.1278 3.8469, 1.0276 0.1278 3.8469, 1.1378 0.1333 3.8367, 1.0276 0.1333 3.8367, 1.1378 0.1367 3.8256, 1.0276 0.1367 3.8256, 1.1378 0.1378 3.8141, 1.0276 0.1378 3.8141
            ]
        }
        coordIndex [
            0,1,2,-1,0,2,3,-1,3,2,4,-1,3,4,5,-1,5,4,6,-1,5,6,7,-1,7,6,8,-1,7,8,9,-1,
        ]
    }
}
Shape{
    appearance Appearance {
        material  Material 	{
            diffuseColor 0.2235294117647059 0.2235294117647059 0.2235294117647059
            specularColor 0.11372549019607843 0.11372549019607843 0.11372549019607843
            ambientIntensity 0.2235
            transparency 0.0
            shininess 0.5
        }
    }
    geometry IndexedFaceSet {
        ccw TRUE
        solid FALSE
        coord DEF co Coordinate {
            point [
                1.3169 0.0295 3.5236, 1.3169 0.1181 3.5236, 1.3169 0.1181 3.622, 1.3169 -0.1181 3.622, 1.3169 -0.1181 3.5236, 1.3169 -0.0295 3.5236, 1.3169 -0.0295 3.4693, 1.3169 0.0295 3.4693, 1.2559 0.0295 3.4646, 1.2559 0.1181 3.4646, 1.2707 0.1181 3.466, 1.2707 0.0295 3.466, 1.2837 0.1181 3.4705, 1.2837 0.0295 3.4705, 1.2965 0.1181 3.4789, 1.2965 0.0295 3.4789, 1.3051 0.1181 3.4882, 1.3051 0.0295 3.4882, 1.3123 0.1181 3.5006, 1.3123 0.0295 3.5006, 1.3161 0.1181 3.514, 1.3161 0.0295 3.514, 1.2477 0.0295 3.4642, 1.2477 0.1181 3.4642, 1.2342 0.0295 3.4612, 1.2342 0.1181 3.4612, 1.2214 0.0295 3.4548, 1.2214 0.1181 3.4548, 1.2104 0.0295 3.4454, 1.2104 0.1181 3.4454, 1.2017 0.0295 3.433, 1.2017 0.1181 3.433, 1.1967 0.0295 3.4201, 1.1967 0.1181 3.4201, 1.1949 0.0295 3.4055, 1.1949 0.1181 3.4055, 1.2137 0.0962 3.8802, 1.2137 -0.0962 3.8802, 1.2224 0.1181 3.8583, 1.2224 -0.1181 3.8583, -1.1949 -0.0295 2.8032, -1.1949 -0.1181 2.8032, -1.1949 -0.0295 3.4055, -1.1949 -0.1181 3.4055, -1.3014 -0.0295 3.4837, -1.3101 -0.0295 3.4961, -1.3169 -0.0295 3.4693, -1.3151 -0.0295 3.509, -1.3169 -0.0295 3.5236, -1.2904 -0.0295 3.4743, -1.3159 -0.0295 3.4602, -1.3127 -0.0295 3.4516, -1.251 -0.0295 3.4246, -1.2423 -0.0295 3.422, -1.2281 -0.0295 3.4586, -1.2154 -0.0295 3.4502, -1.2344 -0.0295 3.4174, -1.2067 -0.0295 3.4409, -1.2277 -0.0295 3.4111, -1.1995 -0.0295 3.4285, -1.1957 -0.0295 3.4151, -1.2227 -0.0295 3.4035, -1.3077 -0.0295 3.4439, -1.3011 -0.0295 3.4377, -1.2776 -0.0295 3.468, -1.2932 -0.0295 3.4331, -1.2641 -0.0295 3.4649, -1.2844 -0.0295 3.4305, -1.2559 -0.0295 3.4646, -1.2411 -0.0295 3.4632, -1.2185 -0.0295 2.8032, -1.2185 -0.0295 3.3858, -1.2196 -0.0295 3.3949, -1.2185 0.0295 2.8032, -1.2185 0.0295 3.3858, -1.3169 0.0295 3.4693, -1.3169 0.0295 3.5236, -1.3151 0.0295 3.509, -1.3101 0.0295 3.4961, -1.3014 0.0295 3.4837, -1.3159 0.0295 3.4602, -1.2904 0.0295 3.4743, -1.3127 0.0295 3.4516, -1.1949 0.0295 3.4055, -1.1949 0.0295 2.8032, -1.2196 0.0295 3.3949, -1.1957 0.0295 3.4151, -1.2227 0.0295 3.4035, -1.1995 0.0295 3.4285, -1.2277 0.0295 3.4111, -1.2067 0.0295 3.4409, -1.2344 0.0295 3.4174, -1.2844 0.0295 3.4305, -1.2932 0.0295 3.4331, -1.2776 0.0295 3.468, -1.3011 0.0295 3.4377, -1.3077 0.0295 3.4439, -1.2641 0.0295 3.4649, -1.2559 0.0295 3.4646, -1.251 0.0295 3.4246, -1.2411 0.0295 3.4632, -1.2423 0.0295 3.422, -1.2281 0.0295 3.4586, -1.2154 0.0295 3.4502, -1.1949 0.1181 3.4055, -1.1949 0.1181 2.8032, -1.1957 0.1181 3.4151, -1.1995 0.1181 3.4285, -1.2067 0.1181 3.4409, -1.2154 0.1181 3.4502, -1.2281 0.1181 3.4586, -1.2411 0.1181 3.4632, -1.2559 0.1181 3.4646, -1.3169 0.1181 3.5236, -1.3151 0.1181 3.509, -1.3101 0.1181 3.4961, -1.3014 0.1181 3.4837, -1.2904 0.1181 3.4743, -1.2776 0.1181 3.468, -1.2641 0.1181 3.4649, -1.3169 0.1181 3.622, -1.3169 -0.1181 3.622, -1.3169 -0.1181 3.5236, -1.2137 -0.0962 3.8802, -1.2137 0.0962 3.8802, -1.2224 -0.1181 3.8583, -1.2224 0.1181 3.8583
            ]
        }
        coordIndex [
            0,1,2,-1,3,4,5,-1,6,7,5,-1,5,7,0,-1,5,0,3,-1,3,0,2,-1,8,9,10,-1,8,10,11,-1,11,10,12,-1,11,12,13,-1,13,12,14,-1,13,14,15,-1,15,14,16,-1,15,16,17,-1,17,16,18,-1,17,18,19,-1,19,18,20,-1,19,20,21,-1,21,20,1,-1,21,1,0,-1,9,8,22,-1,9,22,23,-1,23,22,24,-1,23,24,25,-1,25,24,26,-1,25,26,27,-1,27,26,28,-1,27,28,29,-1,29,28,30,-1,29,30,31,-1,31,30,32,-1,31,32,33,-1,33,32,34,-1,33,34,35,-1,36,37,38,-1,38,37,39,-1,38,39,2,-1,2,39,3,-1,40,41,42,-1,42,41,43,-1,44,45,46,-1,46,45,47,-1,46,47,48,-1,44,46,49,-1,49,46,50,-1,49,50,51,-1,52,53,54,-1,54,53,55,-1,55,53,56,-1,55,56,57,-1,57,56,58,-1,57,58,59,-1,59,58,60,-1,60,58,61,-1,60,61,42,-1,51,62,49,-1,49,62,63,-1,49,63,64,-1,64,63,65,-1,64,65,66,-1,66,65,67,-1,66,67,68,-1,68,67,52,-1,68,52,69,-1,69,52,54,-1,70,40,71,-1,71,40,42,-1,71,42,72,-1,72,42,61,-1,70,71,73,-1,73,71,74,-1,75,76,77,-1,77,78,75,-1,75,78,79,-1,75,79,80,-1,80,79,81,-1,80,81,82,-1,83,84,73,-1,73,74,83,-1,83,74,85,-1,83,85,86,-1,86,85,87,-1,86,87,88,-1,88,87,89,-1,88,89,90,-1,90,89,91,-1,92,93,94,-1,94,93,95,-1,94,95,81,-1,81,95,96,-1,81,96,82,-1,94,97,92,-1,92,97,98,-1,92,98,99,-1,99,98,100,-1,99,100,101,-1,101,100,102,-1,101,102,91,-1,91,102,103,-1,91,103,90,-1,83,104,84,-1,84,104,105,-1,104,83,86,-1,104,86,106,-1,106,86,88,-1,106,88,107,-1,107,88,90,-1,107,90,108,-1,108,90,103,-1,108,103,109,-1,109,103,102,-1,109,102,110,-1,110,102,100,-1,110,100,111,-1,111,100,98,-1,111,98,112,-1,76,113,114,-1,76,114,77,-1,77,114,115,-1,77,115,78,-1,78,115,116,-1,78,116,79,-1,79,116,117,-1,79,117,81,-1,81,117,118,-1,81,118,94,-1,94,118,119,-1,94,119,97,-1,97,119,112,-1,97,112,98,-1,120,113,121,-1,121,113,76,-1,122,121,48,-1,48,121,76,-1,48,76,46,-1,46,76,75,-1,123,124,125,-1,125,124,126,-1,125,126,121,-1,121,126,120,-1,
        ]
    }
}
Shape{
    appearance Appearance {
        material  Material 	{
            diffuseColor 0.9686274509803922 0.8784313725490196 0.6
            specularColor 0.6784313725490196 0.615686274509804 0.4196078431372549
            ambientIntensity 0.8737
            transparency 0.0
            shininess 0.5
        }
    }
    geometry IndexedFaceSet {
        ccw TRUE
        solid FALSE
        coord DEF co Coordinate {
            point [
                -1.1378 0.1205 3.8559, -1.0276 0.1205 3.8559, -1.0276 0.1278 3.8469, -1.1378 0.1278 3.8469, -1.0276 0.1333 3.8367, -1.1378 0.1333 3.8367, -1.0276 0.1367 3.8256, -1.1378 0.1367 3.8256, -1.0276 0.1378 3.8141, -1.1378 0.1378 3.8141, -0.5472 0.1205 3.8559, -0.437 0.1205 3.8559, -0.437 0.1278 3.8469, -0.5472 0.1278 3.8469, -0.437 0.1333 3.8367, -0.5472 0.1333 3.8367, -0.437 0.1367 3.8256, -0.5472 0.1367 3.8256, -0.437 0.1378 3.8141, -0.5472 0.1378 3.8141, -0.3445 0.1205 3.8559, -0.2461 0.1205 3.8559, -0.2461 0.1278 3.8469, -0.3445 0.1278 3.8469, -0.2461 0.1333 3.8367, -0.3445 0.1333 3.8367, -0.2461 0.1367 3.8256, -0.3445 0.1367 3.8256, -0.2461 0.1378 3.8141, -0.3445 0.1378 3.8141, -0.1476 0.1205 3.8559, -0.0492 0.1205 3.8559, -0.0492 0.1278 3.8469, -0.1476 0.1278 3.8469, -0.0492 0.1333 3.8367, -0.1476 0.1333 3.8367, -0.0492 0.1367 3.8256, -0.1476 0.1367 3.8256, -0.0492 0.1378 3.8141, -0.1476 0.1378 3.8141, 0.0492 0.1205 3.8559, 0.1476 0.1205 3.8559, 0.1476 0.1278 3.8469, 0.0492 0.1278 3.8469, 0.1476 0.1333 3.8367, 0.0492 0.1333 3.8367, 0.1476 0.1367 3.8256, 0.0492 0.1367 3.8256, 0.1476 0.1378 3.8141, 0.0492 0.1378 3.8141, -0.437 -0.1205 3.8559, -0.5472 -0.1205 3.8559, -0.5472 -0.1278 3.8469, -0.437 -0.1278 3.8469, -0.5472 -0.1333 3.8367, -0.437 -0.1333 3.8367, -0.5472 -0.1367 3.8256, -0.437 -0.1367 3.8256, -0.5472 -0.1378 3.8141, -0.437 -0.1378 3.8141
            ]
        }
        coordIndex [
            0,1,2,-1,0,2,3,-1,3,2,4,-1,3,4,5,-1,5,4,6,-1,5,6,7,-1,7,6,8,-1,7,8,9,-1,10,11,12,-1,10,12,13,-1,13,12,14,-1,13,14,15,-1,15,14,16,-1,15,16,17,-1,17,16,18,-1,17,18,19,-1,20,21,22,-1,20,22,23,-1,23,22,24,-1,23,24,25,-1,25,24,26,-1,25,26,27,-1,27,26,28,-1,27,28,29,-1,30,31,32,-1,30,32,33,-1,33,32,34,-1,33,34,35,-1,35,34,36,-1,35,36,37,-1,37,36,38,-1,37,38,39,-1,40,41,42,-1,40,42,43,-1,43,42,44,-1,43,44,45,-1,45,44,46,-1,45,46,47,-1,47,46,48,-1,47,48,49,-1,50,51,52,-1,50,52,53,-1,53,52,54,-1,53,54,55,-1,55,54,56,-1,55,56,57,-1,57,56,58,-1,57,58,59,-1,
        ]
    }
}
Shape{
    appearance Appearance {
        material  Material 	{
            diffuseColor 0.2235294117647059 0.2235294117647059 0.2235294117647059
            specularColor 0.11372549019607843 0.11372549019607843 0.11372549019607843
            ambientIntensity 0.2235
            transparency 0.0
            shininess 0.5
        }
    }
    geometry IndexedFaceSet {
        ccw TRUE
        solid FALSE
        coord DEF co Coordinate {
            point [
                0.3445 -0.1181 3.8583, 0.437 -0.1181 3.8583, 1.1588 -0.0591 3.9173, -0.0492 -0.1181 3.8583, 0.0492 -0.1181 3.8583, -0.1476 -0.1181 3.8583, -0.1476 -0.1205 3.8559, -0.0492 -0.1205 3.8559, 0.2461 -0.1181 3.8583, 0.2461 -0.1205 3.8559, 0.3445 -0.1205 3.8559, 1.0276 -0.1205 3.8559, 1.1378 -0.1205 3.8559, 1.0276 -0.1181 3.8583, 1.1378 -0.1181 3.8583, 0.1476 -0.1181 3.8583, 0.1476 -0.1205 3.8559, 0.0492 -0.1205 3.8559, -1.1588 -0.0591 3.9173, -0.5472 -0.1181 3.8583, -1.0276 -0.1181 3.8583, -0.437 -0.1181 3.8583, -0.437 -0.1205 3.8559, -0.5472 -0.1205 3.8559, 1.1859 -0.0657 3.9107, 1.176 -0.0616 3.9148, -1.1378 -0.1205 3.8559, -1.0276 -0.1205 3.8559, -1.1378 -0.1181 3.8583, 1.2224 -0.1181 3.8583, 1.2137 -0.0962 3.8802, 1.2065 -0.0842 3.8922, 1.2041 -0.0802 3.8962, 1.1973 -0.0738 3.9026, 1.1937 -0.0705 3.9059, 1.1863 -0.0658 3.9105, 0.437 -0.1205 3.8559, 0.5472 -0.1205 3.8559, 0.5472 -0.1181 3.8583, 1.1659 -0.0595 3.9169, 1.1727 -0.0609 3.9155, -1.1885 -0.067 3.9094, -1.1974 -0.0737 3.9027, -1.1993 -0.0751 3.9013, -1.2068 -0.084 3.8924, -1.1727 -0.061 3.9154, -1.1783 -0.0623 3.914, -1.1858 -0.0658 3.9106, -1.2081 -0.0856 3.8908, -1.2137 -0.0962 3.8802, -1.2224 -0.1181 3.8583, -1.1678 -0.0597 3.9166
            ]
        }
        coordIndex [
            0,1,2,-1,3,4,2,-1,5,6,7,-1,8,9,10,-1,11,12,13,-1,13,12,14,-1,10,0,8,-1,8,0,2,-1,8,2,15,-1,15,2,4,-1,15,4,16,-1,16,4,17,-1,2,18,19,-1,19,18,20,-1,7,3,5,-1,5,3,2,-1,5,2,21,-1,21,2,19,-1,21,19,22,-1,22,19,23,-1,14,24,25,-1,26,27,28,-1,28,27,20,-1,14,29,30,-1,30,31,14,-1,14,31,32,-1,14,32,33,-1,33,34,14,-1,14,34,35,-1,14,35,24,-1,36,37,1,-1,1,37,38,-1,1,38,2,-1,2,38,13,-1,2,13,39,-1,39,13,14,-1,39,14,40,-1,40,14,25,-1,41,42,28,-1,28,42,43,-1,28,43,44,-1,45,46,28,-1,28,46,47,-1,28,47,41,-1,44,48,28,-1,28,48,49,-1,28,49,50,-1,20,18,28,-1,28,18,51,-1,28,51,45,-1,
        ]
    }
}
Shape{
    appearance Appearance {
        material  Material 	{
            diffuseColor 0.9686274509803922 0.8784313725490196 0.6
            specularColor 0.6784313725490196 0.615686274509804 0.4196078431372549
            ambientIntensity 0.8737
            transparency 0.0
            shininess 0.5
        }
    }
    geometry IndexedFaceSet {
        ccw TRUE
        solid FALSE
        coord DEF co Coordinate {
            point [
                -1.0276 -0.1205 3.8559, -1.1378 -0.1205 3.8559, -1.1378 -0.1278 3.8469, -1.0276 -0.1278 3.8469, -1.1378 -0.1333 3.8367, -1.0276 -0.1333 3.8367, -1.1378 -0.1367 3.8256, -1.0276 -0.1367 3.8256, -1.1378 -0.1378 3.8141, -1.0276 -0.1378 3.8141
            ]
        }
        coordIndex [
            0,1,2,-1,0,2,3,-1,3,2,4,-1,3,4,5,-1,5,4,6,-1,5,6,7,-1,7,6,8,-1,7,8,9,-1,
        ]
    }
}
Shape{
    appearance Appearance {
        material  Material 	{
            diffuseColor 0.2235294117647059 0.2235294117647059 0.2235294117647059
            specularColor 0.11372549019607843 0.11372549019607843 0.11372549019607843
            ambientIntensity 0.2235
            transparency 0.0
            shininess 0.5
        }
    }
    geometry IndexedFaceSet {
        ccw TRUE
        solid FALSE
        coord DEF co Coordinate {
            point [
                -1.3169 -0.1181 3.5236, -1.3169 -0.0295 3.5236, -1.3151 -0.0295 3.509, -1.3151 -0.1181 3.509, -1.3101 -0.0295 3.4961, -1.3101 -0.1181 3.4961, -1.3014 -0.0295 3.4837, -1.3014 -0.1181 3.4837, -1.2904 -0.0295 3.4743, -1.2904 -0.1181 3.4743, -1.2776 -0.0295 3.468, -1.2776 -0.1181 3.468, -1.2641 -0.0295 3.4649, -1.2641 -0.1181 3.4649, -1.2559 -0.0295 3.4646, -1.2559 -0.1181 3.4646, -1.1949 -0.0295 3.4055, -1.1949 -0.1181 3.4055, -1.1957 -0.1181 3.4151, -1.1957 -0.0295 3.4151, -1.1995 -0.1181 3.4285, -1.1995 -0.0295 3.4285, -1.2067 -0.1181 3.4409, -1.2067 -0.0295 3.4409, -1.2154 -0.1181 3.4502, -1.2154 -0.0295 3.4502, -1.2281 -0.1181 3.4586, -1.2281 -0.0295 3.4586, -1.2411 -0.1181 3.4632, -1.2411 -0.0295 3.4632, 1.2559 -0.0295 3.4646, 1.2559 -0.1181 3.4646, 1.2477 -0.1181 3.4642, 1.2477 -0.0295 3.4642, 1.2342 -0.1181 3.4612, 1.2342 -0.0295 3.4612, 1.2214 -0.1181 3.4548, 1.2214 -0.0295 3.4548, 1.2104 -0.1181 3.4454, 1.2104 -0.0295 3.4454, 1.2017 -0.1181 3.433, 1.2017 -0.0295 3.433, 1.1967 -0.1181 3.4201, 1.1967 -0.0295 3.4201, 1.1949 -0.1181 3.4055, 1.1949 -0.0295 3.4055, 1.2707 -0.0295 3.466, 1.2707 -0.1181 3.466, 1.2837 -0.0295 3.4705, 1.2837 -0.1181 3.4705, 1.2965 -0.0295 3.4789, 1.2965 -0.1181 3.4789, 1.3051 -0.0295 3.4882, 1.3051 -0.1181 3.4882, 1.3123 -0.0295 3.5006, 1.3123 -0.1181 3.5006, 1.3161 -0.0295 3.514, 1.3161 -0.1181 3.514, 1.3169 -0.0295 3.5236, 1.3169 -0.1181 3.5236
            ]
        }
        coordIndex [
            0,1,2,-1,0,2,3,-1,3,2,4,-1,3,4,5,-1,5,4,6,-1,5,6,7,-1,7,6,8,-1,7,8,9,-1,9,8,10,-1,9,10,11,-1,11,10,12,-1,11,12,13,-1,13,12,14,-1,13,14,15,-1,16,17,18,-1,16,18,19,-1,19,18,20,-1,19,20,21,-1,21,20,22,-1,21,22,23,-1,23,22,24,-1,23,24,25,-1,25,24,26,-1,25,26,27,-1,27,26,28,-1,27,28,29,-1,29,28,15,-1,29,15,14,-1,30,31,32,-1,30,32,33,-1,33,32,34,-1,33,34,35,-1,35,34,36,-1,35,36,37,-1,37,36,38,-1,37,38,39,-1,39,38,40,-1,39,40,41,-1,41,40,42,-1,41,42,43,-1,43,42,44,-1,43,44,45,-1,31,30,46,-1,31,46,47,-1,47,46,48,-1,47,48,49,-1,49,48,50,-1,49,50,51,-1,51,50,52,-1,51,52,53,-1,53,52,54,-1,53,54,55,-1,55,54,56,-1,55,56,57,-1,57,56,58,-1,57,58,59,-1,
        ]
    }
}
Shape{
    appearance Appearance {
        material  Material 	{
            diffuseColor 0.9686274509803922 0.8784313725490196 0.6
            specularColor 0.6784313725490196 0.615686274509804 0.4196078431372549
            ambientIntensity 0.8737
            transparency 0.0
            shininess 0.5
        }
    }
    geometry IndexedFaceSet {
        ccw TRUE
        solid FALSE
        coord DEF co Coordinate {
            point [
                1.1378 -0.1205 3.8559, 1.0276 -0.1205 3.8559, 1.0276 -0.1278 3.8469, 1.1378 -0.1278 3.8469, 1.0276 -0.1333 3.8367, 1.1378 -0.1333 3.8367, 1.0276 -0.1367 3.8256, 1.1378 -0.1367 3.8256, 1.0276 -0.1378 3.8141, 1.1378 -0.1378 3.8141, 0.5472 -0.1205 3.8559, 0.437 -0.1205 3.8559, 0.437 -0.1278 3.8469, 0.5472 -0.1278 3.8469, 0.437 -0.1333 3.8367, 0.5472 -0.1333 3.8367, 0.437 -0.1367 3.8256, 0.5472 -0.1367 3.8256, 0.437 -0.1378 3.8141, 0.5472 -0.1378 3.8141, 0.3445 -0.1205 3.8559, 0.2461 -0.1205 3.8559, 0.2461 -0.1278 3.8469, 0.3445 -0.1278 3.8469, 0.2461 -0.1333 3.8367, 0.3445 -0.1333 3.8367, 0.2461 -0.1367 3.8256, 0.3445 -0.1367 3.8256, 0.2461 -0.1378 3.8141, 0.3445 -0.1378 3.8141, 0.1476 -0.1205 3.8559, 0.0492 -0.1205 3.8559, 0.0492 -0.1278 3.8469, 0.1476 -0.1278 3.8469, 0.0492 -0.1333 3.8367, 0.1476 -0.1333 3.8367, 0.0492 -0.1367 3.8256, 0.1476 -0.1367 3.8256, 0.0492 -0.1378 3.8141, 0.1476 -0.1378 3.8141, -0.0492 -0.1205 3.8559, -0.1476 -0.1205 3.8559, -0.1476 -0.1278 3.8469, -0.0492 -0.1278 3.8469, -0.1476 -0.1333 3.8367, -0.0492 -0.1333 3.8367, -0.1476 -0.1367 3.8256, -0.0492 -0.1367 3.8256, -0.1476 -0.1378 3.8141, -0.0492 -0.1378 3.8141
            ]
        }
        coordIndex [
            0,1,2,-1,0,2,3,-1,3,2,4,-1,3,4,5,-1,5,4,6,-1,5,6,7,-1,7,6,8,-1,7,8,9,-1,10,11,12,-1,10,12,13,-1,13,12,14,-1,13,14,15,-1,15,14,16,-1,15,16,17,-1,17,16,18,-1,17,18,19,-1,20,21,22,-1,20,22,23,-1,23,22,24,-1,23,24,25,-1,25,24,26,-1,25,26,27,-1,27,26,28,-1,27,28,29,-1,30,31,32,-1,30,32,33,-1,33,32,34,-1,33,34,35,-1,35,34,36,-1,35,36,37,-1,37,36,38,-1,37,38,39,-1,40,41,42,-1,40,42,43,-1,43,42,44,-1,43,44,45,-1,45,44,46,-1,45,46,47,-1,47,46,48,-1,47,48,49,-1,
        ]
    }
}
Shape{
    appearance Appearance {
        material  Material 	{
            diffuseColor 0.2235294117647059 0.2235294117647059 0.2235294117647059
            specularColor 0.11372549019607843 0.11372549019607843 0.11372549019607843
            ambientIntensity 0.2235
            transparency 0.0
            shininess 0.5
        }
    }
    geometry IndexedFaceSet {
        ccw TRUE
        solid FALSE
        coord DEF co Coordinate {
            point [
                1.2844 -0.0295 3.4305, 1.2844 0.0295 3.4305, 1.2932 0.0295 3.4331, 1.2932 -0.0295 3.4331, 1.3011 0.0295 3.4377, 1.3011 -0.0295 3.4377, 1.3077 0.0295 3.4439, 1.3077 -0.0295 3.4439, 1.3127 0.0295 3.4516, 1.3127 -0.0295 3.4516, 1.3159 0.0295 3.4602, 1.3159 -0.0295 3.4602, 1.3169 0.0295 3.4693, 1.3169 -0.0295 3.4693, 1.251 -0.0295 3.4246, 1.251 0.0295 3.4246, 1.2423 0.0295 3.422, 1.2423 -0.0295 3.422, 1.2344 0.0295 3.4174, 1.2344 -0.0295 3.4174, 1.2277 0.0295 3.4111, 1.2277 -0.0295 3.4111, 1.2227 0.0295 3.4035, 1.2227 -0.0295 3.4035, 1.2196 0.0295 3.3949, 1.2196 -0.0295 3.3949, 1.2185 0.0295 3.3858, 1.2185 -0.0295 3.3858, 1.2137 -0.0962 3.8802, 1.2137 0.0962 3.8802, 1.2081 0.0856 3.8908, 1.2065 -0.0842 3.8922, 1.2068 0.084 3.8924, 1.2041 -0.0802 3.8962, 1.1993 0.0751 3.9013, 1.1973 -0.0738 3.9026, 1.1974 0.0737 3.9027, 1.1885 0.067 3.9094, 1.1859 -0.0657 3.9107, 1.1863 -0.0658 3.9105, 1.1937 -0.0705 3.9059, 1.1858 0.0658 3.9106, 1.1783 0.0623 3.914, 1.176 -0.0616 3.9148, 1.1727 -0.0609 3.9155, 1.1678 0.0597 3.9166, 1.1588 0.0591 3.9173, 1.1588 -0.0591 3.9173, 1.1727 0.061 3.9154, 1.1659 -0.0595 3.9169, -1.2137 0.0962 3.8802, -1.2137 -0.0962 3.8802, -1.2081 -0.0856 3.8908, -1.2065 0.0842 3.8922, -1.2068 -0.084 3.8924, -1.2041 0.0802 3.8962, -1.1993 -0.0751 3.9013, -1.1973 0.0738 3.9026, -1.1974 -0.0737 3.9027, -1.1885 -0.067 3.9094, -1.1859 0.0657 3.9107, -1.1863 0.0658 3.9105, -1.1937 0.0705 3.9059, -1.1858 -0.0658 3.9106, -1.1783 -0.0623 3.914, -1.176 0.0616 3.9148, -1.1727 0.0609 3.9155, -1.1678 -0.0597 3.9166, -1.1588 -0.0591 3.9173, -1.1588 0.0591 3.9173, -1.1727 -0.061 3.9154, -1.1659 0.0595 3.9169, -1.2844 0.0295 3.4305, -1.2844 -0.0295 3.4305, -1.2932 -0.0295 3.4331, -1.2932 0.0295 3.4331, -1.3011 -0.0295 3.4377, -1.3011 0.0295 3.4377, -1.3077 -0.0295 3.4439, -1.3077 0.0295 3.4439, -1.3127 -0.0295 3.4516, -1.3127 0.0295 3.4516, -1.3159 -0.0295 3.4602, -1.3159 0.0295 3.4602, -1.3169 -0.0295 3.4693, -1.3169 0.0295 3.4693, -1.251 0.0295 3.4246, -1.251 -0.0295 3.4246, -1.2185 0.0295 3.3858, -1.2185 -0.0295 3.3858, -1.2196 0.0295 3.3949, -1.2196 -0.0295 3.3949, -1.2227 0.0295 3.4035, -1.2227 -0.0295 3.4035, -1.2277 0.0295 3.4111, -1.2277 -0.0295 3.4111, -1.2344 0.0295 3.4174, -1.2344 -0.0295 3.4174, -1.2423 0.0295 3.422, -1.2423 -0.0295 3.422, 0.4921 0.2362 2.5787, 0.4921 0.187 2.5787, 0.4667 0.2362 2.5754, 0.4667 0.187 2.5754, 0.4429 0.2362 2.5656, 0.4429 0.187 2.5656, 0.4225 0.2362 2.5499, 0.4225 0.187 2.5499, 0.4069 0.2362 2.5295, 0.4069 0.187 2.5295, 0.3971 0.2362 2.5058, 0.3971 0.187 2.5058, 0.3937 0.2362 2.4803, 0.3937 0.187 2.4803, 0.3971 0.2362 2.4548, 0.3971 0.187 2.4548, 0.4069 0.2362 2.4311, 0.4069 0.187 2.4311, 0.4225 0.2362 2.4107, 0.4225 0.187 2.4107, 0.4429 0.2362 2.3951, 0.4429 0.187 2.3951, 0.4667 0.2362 2.3852, 0.4667 0.187 2.3852, 0.4921 0.2362 2.3819, 0.4921 0.187 2.3819, -0.4921 0.2362 2.5787, -0.4921 0.187 2.5787, -0.5176 0.2362 2.5754, -0.5176 0.187 2.5754, -0.5413 0.2362 2.5656, -0.5413 0.187 2.5656, -0.5617 0.2362 2.5499, -0.5617 0.187 2.5499, -0.5774 0.2362 2.5295, -0.5774 0.187 2.5295, -0.5872 0.2362 2.5058, -0.5872 0.187 2.5058, -0.5906 0.2362 2.4803, -0.5906 0.187 2.4803, -0.5872 0.2362 2.4548, -0.5872 0.187 2.4548, -0.5774 0.2362 2.4311, -0.5774 0.187 2.4311, -0.5617 0.2362 2.4107, -0.5617 0.187 2.4107, -0.5413 0.2362 2.3951, -0.5413 0.187 2.3951, -0.5176 0.2362 2.3852, -0.5176 0.187 2.3852, -0.4921 0.2362 2.3819, -0.4921 0.187 2.3819, 0.4921 -0.187 2.5787, 0.4921 -0.2362 2.5787, 0.4667 -0.187 2.5754, 0.4667 -0.2362 2.5754, 0.4429 -0.187 2.5656, 0.4429 -0.2362 2.5656, 0.4225 -0.187 2.5499, 0.4225 -0.2362 2.5499, 0.4069 -0.187 2.5295, 0.4069 -0.2362 2.5295, 0.3971 -0.187 2.5058, 0.3971 -0.2362 2.5058, 0.3937 -0.187 2.4803, 0.3937 -0.2362 2.4803, 0.3971 -0.187 2.4548, 0.3971 -0.2362 2.4548, 0.4069 -0.187 2.4311, 0.4069 -0.2362 2.4311, 0.4225 -0.187 2.4107, 0.4225 -0.2362 2.4107, 0.4429 -0.187 2.3951, 0.4429 -0.2362 2.3951, 0.4667 -0.187 2.3852, 0.4667 -0.2362 2.3852, 0.4921 -0.187 2.3819, 0.4921 -0.2362 2.3819, -0.4921 -0.187 2.5787, -0.4921 -0.2362 2.5787, -0.5176 -0.187 2.5754, -0.5176 -0.2362 2.5754, -0.5413 -0.187 2.5656, -0.5413 -0.2362 2.5656, -0.5617 -0.187 2.5499, -0.5617 -0.2362 2.5499, -0.5774 -0.187 2.5295, -0.5774 -0.2362 2.5295, -0.5872 -0.187 2.5058, -0.5872 -0.2362 2.5058, -0.5906 -0.187 2.4803, -0.5906 -0.2362 2.4803, -0.5872 -0.187 2.4548, -0.5872 -0.2362 2.4548, -0.5774 -0.187 2.4311, -0.5774 -0.2362 2.4311, -0.5617 -0.187 2.4107, -0.5617 -0.2362 2.4107, -0.5413 -0.187 2.3951, -0.5413 -0.2362 2.3951, -0.5176 -0.187 2.3852, -0.5176 -0.2362 2.3852, -0.4921 -0.187 2.3819, -0.4921 -0.2362 2.3819, 0.7874 -0.498 1.4173, 0.7874 -0.3622 1.4173, 0.7466 -0.498 1.4227, 0.7466 -0.3622 1.4227, 0.7087 -0.498 1.4384, 0.7087 -0.3622 1.4384, 0.676 -0.498 1.4634, 0.676 -0.3622 1.4634, 0.651 -0.498 1.4961, 0.651 -0.3622 1.4961, 0.6398 -0.498 1.5232, 0.6353 -0.3622 1.534, 0.651 -0.3622 1.6535, 0.6398 -0.498 1.6264, 0.6353 -0.3622 1.6156, 0.6353 -0.498 1.6156, 0.6299 -0.3622 1.5748, 0.6299 -0.498 1.5748, 0.6353 -0.498 1.534, 0.7874 -0.3622 1.7323, 0.7874 -0.498 1.7323, 0.7466 -0.3622 1.7269, 0.7466 -0.498 1.7269, 0.7087 -0.3622 1.7112, 0.7087 -0.498 1.7112, 0.676 -0.3622 1.6862, 0.676 -0.498 1.6862, 0.651 -0.498 1.6535, -0.7874 -0.498 1.4173, -0.7874 -0.3622 1.4173, -0.8282 -0.498 1.4227, -0.8282 -0.3622 1.4227, -0.8661 -0.498 1.4384, -0.8661 -0.3622 1.4384, -0.8988 -0.498 1.4634, -0.8988 -0.3622 1.4634, -0.9238 -0.498 1.4961, -0.9238 -0.3622 1.4961, -0.935 -0.498 1.5232, -0.9395 -0.3622 1.534, -0.9238 -0.3622 1.6535, -0.935 -0.498 1.6264, -0.9395 -0.3622 1.6156, -0.9395 -0.498 1.6156, -0.9449 -0.3622 1.5748, -0.9449 -0.498 1.5748, -0.9395 -0.498 1.534, -0.7874 -0.3622 1.7323, -0.7874 -0.498 1.7323, -0.8282 -0.3622 1.7269, -0.8282 -0.498 1.7269, -0.8661 -0.3622 1.7112, -0.8661 -0.498 1.7112, -0.8988 -0.3622 1.6862, -0.8988 -0.498 1.6862, -0.9238 -0.498 1.6535, 0.0 -0.4587 2.0866, 0.0 -0.498 2.0866, -0.0306 -0.4587 2.0826, -0.0306 -0.498 2.0826, -0.0591 -0.4587 2.0708, -0.0591 -0.498 2.0708, -0.0835 -0.4587 2.052, -0.0835 -0.498 2.052, -0.1023 -0.4587 2.0276, -0.1023 -0.498 2.0276, -0.1141 -0.4587 1.9991, -0.1141 -0.498 1.9991, -0.1181 -0.4587 1.9685, -0.1181 -0.498 1.9685, -0.1141 -0.4587 1.9379, -0.1141 -0.498 1.9379, -0.1023 -0.4587 1.9095, -0.1023 -0.498 1.9095, -0.0835 -0.4587 1.885, -0.0835 -0.498 1.885, -0.0591 -0.4587 1.8662, -0.0591 -0.498 1.8662, -0.0306 -0.4587 1.8544, -0.0306 -0.498 1.8544, 0.0 -0.4587 1.8504, 0.0 -0.498 1.8504, -0.7874 0.3622 1.4173, -0.7874 0.498 1.4173, -0.8282 0.3622 1.4227, -0.8282 0.498 1.4227, -0.8661 0.3622 1.4384, -0.8661 0.498 1.4384, -0.8988 0.3622 1.4634, -0.8988 0.498 1.4634, -0.9238 0.3622 1.4961, -0.9238 0.498 1.4961, -0.9395 0.3622 1.534, -0.9395 0.498 1.534, -0.9449 0.3622 1.5748, -0.9449 0.498 1.5748, -0.9395 0.3622 1.6156, -0.9395 0.498 1.6156, -0.9238 0.3622 1.6535, -0.9238 0.498 1.6535, -0.8988 0.3622 1.6862, -0.8988 0.498 1.6862, -0.8661 0.3622 1.7112, -0.8661 0.498 1.7112, -0.8282 0.3622 1.7269, -0.8282 0.498 1.7269, -0.7874 0.3622 1.7323, -0.7874 0.498 1.7323, 0.7874 0.3622 1.4173, 0.7874 0.498 1.4173, 0.7466 0.3622 1.4227, 0.7466 0.498 1.4227, 0.7087 0.3622 1.4384, 0.7087 0.498 1.4384, 0.676 0.3622 1.4634, 0.676 0.498 1.4634, 0.651 0.3622 1.4961, 0.651 0.498 1.4961, 0.6353 0.3622 1.534, 0.6353 0.498 1.534, 0.6299 0.3622 1.5748, 0.6299 0.498 1.5748, 0.6353 0.3622 1.6156, 0.6353 0.498 1.6156, 0.651 0.3622 1.6535, 0.651 0.498 1.6535, 0.676 0.3622 1.6862, 0.676 0.498 1.6862, 0.7087 0.3622 1.7112, 0.7087 0.498 1.7112, 0.7466 0.3622 1.7269, 0.7466 0.498 1.7269, 0.7874 0.3622 1.7323, 0.7874 0.498 1.7323
            ]
        }
        coordIndex [
            0,1,2,-1,0,2,3,-1,3,2,4,-1,3,4,5,-1,5,4,6,-1,5,6,7,-1,7,6,8,-1,7,8,9,-1,9,8,10,-1,9,10,11,-1,11,10,12,-1,11,12,13,-1,0,14,1,-1,1,14,15,-1,15,14,16,-1,16,14,17,-1,16,17,18,-1,18,17,19,-1,18,19,20,-1,20,19,21,-1,20,21,22,-1,22,21,23,-1,22,23,24,-1,24,23,25,-1,24,25,26,-1,26,25,27,-1,28,29,30,-1,28,30,31,-1,31,30,32,-1,31,32,33,-1,33,32,34,-1,33,34,35,-1,35,34,36,-1,35,36,37,-1,38,39,37,-1,37,39,40,-1,37,40,35,-1,37,41,38,-1,38,41,42,-1,38,42,43,-1,43,42,44,-1,45,46,47,-1,42,48,44,-1,44,48,45,-1,44,45,49,-1,49,45,47,-1,50,51,52,-1,50,52,53,-1,53,52,54,-1,53,54,55,-1,55,54,56,-1,55,56,57,-1,57,56,58,-1,57,58,59,-1,60,61,59,-1,59,61,62,-1,59,62,57,-1,59,63,60,-1,60,63,64,-1,60,64,65,-1,65,64,66,-1,67,68,69,-1,64,70,66,-1,66,70,67,-1,66,67,71,-1,71,67,69,-1,47,46,68,-1,68,46,69,-1,72,73,74,-1,72,74,75,-1,75,74,76,-1,75,76,77,-1,77,76,78,-1,77,78,79,-1,79,78,80,-1,79,80,81,-1,81,80,82,-1,81,82,83,-1,83,82,84,-1,83,84,85,-1,72,86,73,-1,73,86,87,-1,88,89,90,-1,90,89,91,-1,90,91,92,-1,92,91,93,-1,92,93,94,-1,94,93,95,-1,94,95,96,-1,96,95,97,-1,96,97,98,-1,98,97,99,-1,98,99,86,-1,86,99,87,-1,100,101,102,-1,102,101,103,-1,102,103,104,-1,104,103,105,-1,104,105,106,-1,106,105,107,-1,106,107,108,-1,108,107,109,-1,108,109,110,-1,110,109,111,-1,110,111,112,-1,112,111,113,-1,112,113,114,-1,114,113,115,-1,114,115,116,-1,116,115,117,-1,116,117,118,-1,118,117,119,-1,118,119,120,-1,120,119,121,-1,120,121,122,-1,122,121,123,-1,122,123,124,-1,124,123,125,-1,126,127,128,-1,128,127,129,-1,128,129,130,-1,130,129,131,-1,130,131,132,-1,132,131,133,-1,132,133,134,-1,134,133,135,-1,134,135,136,-1,136,135,137,-1,136,137,138,-1,138,137,139,-1,138,139,140,-1,140,139,141,-1,140,141,142,-1,142,141,143,-1,142,143,144,-1,144,143,145,-1,144,145,146,-1,146,145,147,-1,146,147,148,-1,148,147,149,-1,148,149,150,-1,150,149,151,-1,152,153,154,-1,154,153,155,-1,154,155,156,-1,156,155,157,-1,156,157,158,-1,158,157,159,-1,158,159,160,-1,160,159,161,-1,160,161,162,-1,162,161,163,-1,162,163,164,-1,164,163,165,-1,164,165,166,-1,166,165,167,-1,166,167,168,-1,168,167,169,-1,168,169,170,-1,170,169,171,-1,170,171,172,-1,172,171,173,-1,172,173,174,-1,174,173,175,-1,174,175,176,-1,176,175,177,-1,178,179,180,-1,180,179,181,-1,180,181,182,-1,182,181,183,-1,182,183,184,-1,184,183,185,-1,184,185,186,-1,186,185,187,-1,186,187,188,-1,188,187,189,-1,188,189,190,-1,190,189,191,-1,190,191,192,-1,192,191,193,-1,192,193,194,-1,194,193,195,-1,194,195,196,-1,196,195,197,-1,196,197,198,-1,198,197,199,-1,198,199,200,-1,200,199,201,-1,200,201,202,-1,202,201,203,-1,204,205,206,-1,206,205,207,-1,206,207,208,-1,208,207,209,-1,208,209,210,-1,210,209,211,-1,210,211,212,-1,212,211,213,-1,212,213,214,-1,214,213,215,-1,216,217,218,-1,218,217,219,-1,218,219,220,-1,220,219,221,-1,220,221,215,-1,215,221,222,-1,215,222,214,-1,223,224,225,-1,225,224,226,-1,225,226,227,-1,227,226,228,-1,227,228,229,-1,229,228,230,-1,229,230,216,-1,216,230,231,-1,216,231,217,-1,232,233,234,-1,234,233,235,-1,234,235,236,-1,236,235,237,-1,236,237,238,-1,238,237,239,-1,238,239,240,-1,240,239,241,-1,240,241,242,-1,242,241,243,-1,244,245,246,-1,246,245,247,-1,246,247,248,-1,248,247,249,-1,248,249,243,-1,243,249,250,-1,243,250,242,-1,251,252,253,-1,253,252,254,-1,253,254,255,-1,255,254,256,-1,255,256,257,-1,257,256,258,-1,257,258,244,-1,244,258,259,-1,244,259,245,-1,260,261,262,-1,262,261,263,-1,262,263,264,-1,264,263,265,-1,264,265,266,-1,266,265,267,-1,266,267,268,-1,268,267,269,-1,268,269,270,-1,270,269,271,-1,270,271,272,-1,272,271,273,-1,272,273,274,-1,274,273,275,-1,274,275,276,-1,276,275,277,-1,276,277,278,-1,278,277,279,-1,278,279,280,-1,280,279,281,-1,280,281,282,-1,282,281,283,-1,282,283,284,-1,284,283,285,-1,286,287,288,-1,288,287,289,-1,288,289,290,-1,290,289,291,-1,290,291,292,-1,292,291,293,-1,292,293,294,-1,294,293,295,-1,294,295,296,-1,296,295,297,-1,296,297,298,-1,298,297,299,-1,298,299,300,-1,300,299,301,-1,300,301,302,-1,302,301,303,-1,302,303,304,-1,304,303,305,-1,304,305,306,-1,306,305,307,-1,306,307,308,-1,308,307,309,-1,308,309,310,-1,310,309,311,-1,312,313,314,-1,314,313,315,-1,314,315,316,-1,316,315,317,-1,316,317,318,-1,318,317,319,-1,318,319,320,-1,320,319,321,-1,320,321,322,-1,322,321,323,-1,322,323,324,-1,324,323,325,-1,324,325,326,-1,326,325,327,-1,326,327,328,-1,328,327,329,-1,328,329,330,-1,330,329,331,-1,330,331,332,-1,332,331,333,-1,332,333,334,-1,334,333,335,-1,334,335,336,-1,336,335,337,-1,
        ]
    }
}
Shape{
    appearance Appearance {
        material  Material 	{
            diffuseColor 0.8509803921568627 0.8509803921568627 0.8509803921568627
            specularColor 0.4235294117647059 0.4235294117647059 0.4235294117647059
            ambientIntensity 0.851
            transparency 0.0
            shininess 0.5
        }
    }
    geometry IndexedFaceSet {
        ccw TRUE
        solid FALSE
        coord DEF co Coordinate {
            point [
                -1.126 0.622 1.7137, -1.126 0.622 1.7593, -0.4601 0.622 1.7593, -0.0997 0.622 1.6194, -0.1007 0.622 1.6212, -0.1007 0.622 1.6318, -0.0042 0.622 1.841, -0.0053 0.622 1.8411, 0.0274 0.622 1.8411, -0.0306 0.622 1.8401, -0.0306 0.622 1.8411, -0.0274 0.622 1.8411, -0.22 0.622 1.8395, -0.2499 0.622 1.7593, -0.2615 0.622 1.7593, 0.3443 0.622 1.7027, 0.3344 0.622 1.6935, 0.2951 0.622 1.7137, 0.3243 0.622 1.6353, 0.3262 0.622 1.6318, 0.1048 0.622 1.6318, 0.4963 0.622 1.7545, 0.4941 0.622 1.7593, 0.5357 0.622 1.7593, 0.3553 0.622 1.8515, 0.3498 0.622 1.8535, 0.5357 0.622 1.8535, 0.153 0.622 1.7593, 0.1048 0.622 1.7593, 0.1581 0.622 1.7667, 0.1048 0.622 1.8411, 0.1735 0.622 1.7798, 0.2236 0.622 1.8345, 0.2048 0.622 1.8125, 0.1931 0.622 1.7893, 0.1904 0.622 1.7884, 0.2772 0.622 1.862, 0.2538 0.622 1.8535, 0.1048 0.622 1.8535, 0.2487 0.622 1.8517, 0.2332 0.622 1.8411, 0.5357 0.622 3.937, 0.329 0.622 1.8614, 0.1048 0.622 3.937, 0.3008 0.622 1.8647, 0.5357 0.622 1.8411, 0.3714 0.622 1.8411, 0.3692 0.622 1.8429, 0.487 0.622 1.775, 0.4732 0.622 1.7924, 0.43 0.622 1.8167, 0.4076 0.622 1.8193, 0.3827 0.622 1.8316, 0.401 0.622 1.8189, 0.3945 0.622 1.8181, 0.4694 0.622 1.796, 0.4512 0.622 1.8086, 0.5357 0.622 1.7137, 0.4988 0.622 1.7137, 0.5004 0.622 1.7277, 0.5002 0.622 1.7332, 0.4388 0.622 1.6401, 0.4593 0.622 1.6502, 0.5357 0.622 1.6318, 0.4316 0.622 1.6379, 0.477 0.622 1.6655, 0.4898 0.622 1.6841, 0.4978 0.622 1.7054, 0.4065 0.622 1.6066, 0.4176 0.622 1.6151, 0.5357 0.622 1.6025, 0.426 0.622 1.6256, 0.4288 0.622 1.6318, 0.3778 0.622 1.5988, 0.5357 0.622 1.3309, 0.364 0.622 1.6004, 0.1048 0.622 1.3309, 0.3583 0.622 1.6025, 0.38 0.622 1.5988, 0.3934 0.622 1.601, 0.397 0.622 1.6025, 0.3311 0.622 1.6226, 0.3399 0.622 1.613, 0.1048 0.622 1.6025, 0.3513 0.622 1.6052, 0.2513 0.622 1.6686, 0.2474 0.622 1.6701, 0.2404 0.622 1.7025, 0.1048 0.622 1.7137, 0.1374 0.622 1.7137, 0.1401 0.622 1.6941, 0.2548 0.622 1.6662, 0.1588 0.622 1.6604, 0.1743 0.622 1.6474, 0.1918 0.622 1.639, 0.2429 0.622 1.6707, 0.2424 0.622 1.6706, 0.2407 0.622 1.6702, 0.1473 0.622 1.6761, 0.1844 0.622 1.684, 0.1781 0.622 1.6928, 0.1741 0.622 1.7029, 0.2469 0.622 1.7137, 0.2607 0.622 1.6532, 0.2606 0.622 1.6554, 0.3204 0.622 1.661, 0.2594 0.622 1.6597, 0.2572 0.622 1.6636, 0.2513 0.622 1.6374, 0.255 0.622 1.6401, 0.2563 0.622 1.6414, 0.2587 0.622 1.645, 0.2602 0.622 1.6489, 0.3208 0.622 1.6493, 0.3205 0.622 1.6553, 0.2395 0.622 1.6701, 0.2139 0.622 1.6699, 0.2036 0.622 1.6718, 0.2107 0.622 1.6352, 0.2443 0.622 1.6354, 0.2475 0.622 1.6359, 0.1936 0.622 1.6764, 0.1851 0.622 1.6832, 0.2214 0.622 1.7593, 0.2579 0.622 1.7328, 0.2213 0.622 1.7588, 0.4578 0.622 1.7551, 0.4628 0.622 1.7424, 0.1727 0.622 1.7137, 0.1726 0.622 1.714, 0.1729 0.622 1.7191, 0.1872 0.622 1.7472, 0.196 0.622 1.7534, 0.1755 0.622 1.73, 0.1807 0.622 1.7399, 0.2059 0.622 1.7573, 0.2167 0.622 1.7587, 0.4032 0.622 1.7069, 0.3906 0.622 1.7116, 0.4622 0.622 1.7137, 0.377 0.622 1.7132, 0.3701 0.622 1.7127, 0.3564 0.622 1.7092, 0.4599 0.622 1.7058, 0.4244 0.622 1.6882, 0.4149 0.622 1.6989, 0.4533 0.622 1.6943, 0.4431 0.622 1.6837, 0.4308 0.622 1.676, 0.4639 0.622 1.7198, 0.4646 0.622 1.7286, 0.2333 0.622 1.7931, 0.2461 0.622 1.8085, 0.3771 0.622 1.7764, 0.2474 0.622 1.8098, 0.2633 0.622 1.821, 0.3683 0.622 1.7943, 0.4548 0.622 1.7593, 0.3811 0.622 1.7786, 0.2247 0.622 1.7747, 0.3938 0.622 1.7834, 0.4072 0.622 1.7851, 0.4132 0.622 1.7849, 0.3554 0.622 1.8095, 0.2811 0.622 1.828, 0.3401 0.622 1.8205, 0.3004 0.622 1.8305, 0.3214 0.622 1.8279, 0.4273 0.622 1.7816, 0.44 0.622 1.7749, 0.4498 0.622 1.7663, 0.1466 0.622 1.7504, 0.1398 0.622 1.733, 0.1373 0.622 1.7143, -0.2773 0.622 1.632, -0.2615 0.622 1.6318, -0.2887 0.622 1.6319, -0.3378 0.622 1.6318, -0.2965 0.622 1.6537, -0.3299 0.622 1.6535, -0.269 0.622 1.6917, -0.2719 0.622 1.684, -0.3083 0.622 1.7118, -0.2615 0.622 1.7137, -0.3194 0.622 1.7117, -0.2731 0.622 1.6731, -0.2727 0.622 1.6669, -0.2608 0.622 1.6433, -0.2523 0.622 1.6373, -0.2705 0.622 1.6577, -0.2663 0.622 1.6496, -0.2615 0.622 1.6441, -0.231 0.622 1.7124, -0.2327 0.622 1.7123, -0.2447 0.622 1.7105, -0.2542 0.622 1.7066, -0.2612 0.622 1.7016, -0.2615 0.622 1.7012, -0.2641 0.622 1.6987, -0.2431 0.622 1.6338, -0.2296 0.622 1.6323, -0.2001 0.622 1.6318, -0.2076 0.622 1.6325, -0.2001 0.622 1.7137, -0.2082 0.622 1.7125, -0.1758 0.622 1.6418, -0.1926 0.622 1.6417, -0.1887 0.622 1.6687, -0.1758 0.622 1.6779, -0.1887 0.622 1.6778, -0.1912 0.622 1.7034, -0.1758 0.622 1.7137, -0.1912 0.622 1.7127, -0.1925 0.622 1.6326, -0.1758 0.622 1.6318, -0.1758 0.622 1.6688, -0.16 0.622 1.6689, -0.1598 0.622 1.6419, -0.1758 0.622 1.7035, -0.1603 0.622 1.7037, -0.1601 0.622 1.678, -0.1758 0.622 1.6327, -0.1494 0.622 1.6329, -0.1156 0.622 1.6318, -0.139 0.622 1.6901, -0.11 0.622 1.6474, -0.1112 0.622 1.6426, -0.1115 0.622 1.6426, -0.1007 0.622 1.7137, -0.15 0.622 1.7129, -0.1758 0.622 1.7128, -0.1119 0.622 1.6446, -0.1127 0.622 1.6473, -0.1007 0.622 1.6746, -0.1286 0.622 1.6902, -0.1972 0.622 1.7815, -0.1893 0.622 1.7596, -0.2001 0.622 1.7593, -0.1758 0.622 1.7593, -0.1779 0.622 1.7597, -0.1758 0.622 1.8411, -0.2001 0.622 1.8168, -0.2001 0.622 1.8411, -0.2001 0.622 1.7814, -0.2385 0.622 1.7593, -0.2305 0.622 1.7812, -0.2499 0.622 1.7592, -0.2385 0.622 1.7593, -0.1007 0.622 1.8411, -0.0814 0.622 1.8411, -0.0919 0.622 1.8404, -0.0814 0.622 1.8405, -0.0814 0.622 1.7695, -0.0932 0.622 1.7694, -0.0893 0.622 1.7964, -0.0894 0.622 1.8056, -0.0918 0.622 1.8312, -0.0814 0.622 1.8056, -0.0814 0.622 1.7964, -0.0607 0.622 1.7966, -0.0605 0.622 1.7697, -0.0814 0.622 1.8312, -0.0609 0.622 1.8314, -0.0607 0.622 1.8058, -0.0501 0.622 1.7606, -0.0373 0.622 1.7593, -0.0814 0.622 1.7593, -0.1007 0.622 1.7593, -0.0931 0.622 1.7603, -0.0814 0.622 1.7604, -0.0506 0.622 1.8407, -0.0373 0.622 1.8411, 0.0605 0.622 1.8411, 0.061 0.622 1.7705, 0.0291 0.622 1.7703, 0.0605 0.622 1.8415, 0.0291 0.622 1.8411, 0.0291 0.622 1.7703, 0.0274 0.622 1.7593, 0.0291 0.622 1.7659, 0.0291 0.622 1.7593, 0.0292 0.622 1.7612, 0.0714 0.622 1.7615, 0.4585 0.622 0.4596, 0.4459 0.622 0.4521, 0.4356 0.622 0.4417, 0.4282 0.622 0.4291, 0.1048 0.622 0.3937, 0.4004 0.622 0.3999, 0.3876 0.622 0.3953, 0.374 0.622 0.3937, 0.5357 0.622 0.4298, 0.5342 0.622 0.4336, 0.5257 0.622 0.4455, 0.5146 0.622 0.455, 0.5014 0.622 0.4614, 0.4871 0.622 0.4644, 0.4725 0.622 0.4638, 0.4119 0.622 0.4074, 0.4213 0.622 0.4173, 1.0406 0.622 0.4336, 1.0353 0.622 0.42, 0.9602 0.622 0.691, 0.5395 0.622 0.42, 1.0335 0.622 0.4055, 1.0491 0.622 0.4455, 1.0019 0.622 1.0192, 0.996 0.622 1.0335, 1.248 0.622 1.3309, 0.9866 0.622 0.7063, 0.996 0.622 0.7185, 1.248 0.622 0.3937, 1.0335 0.622 0.3937, 0.5413 0.622 0.3937, 0.5413 0.622 0.4055, 0.9744 0.622 0.6969, 1.1163 0.622 0.4596, 1.1023 0.622 0.4638, 1.1289 0.622 0.4521, 0.9449 0.622 1.063, 0.6299 0.622 1.063, 0.6168 0.622 1.0615, 0.6043 0.622 1.0571, 0.5723 0.622 0.7349, 0.5767 0.622 0.7224, 0.5837 0.622 0.7112, 1.0877 0.622 0.4644, 1.0734 0.622 0.4614, 1.0603 0.622 0.455, 0.9866 0.622 1.0457, 0.9744 0.622 1.0551, 0.9602 0.622 1.061, 0.5931 0.622 1.0501, 0.5837 0.622 1.0408, 0.5767 0.622 1.0296, 0.5931 0.622 0.7019, 0.6043 0.622 0.6948, 0.6168 0.622 0.6905, 0.6299 0.622 0.689, 0.9449 0.622 0.689, 1.1466 0.622 0.4291, 1.1392 0.622 0.4417, 1.0019 0.622 0.7327, 1.0039 0.622 0.748, 1.0039 0.622 1.0039, 0.5723 0.622 1.0171, 0.5709 0.622 1.0039, 0.5709 0.622 0.748, 1.2382 0.622 0.3937, 1.2008 0.622 0.3937, 1.1875 0.622 0.3952, 1.1746 0.622 0.3998, 1.1631 0.622 0.4073, 1.1536 0.622 0.4173, -1.248 0.622 1.3309, -1.126 0.622 1.3309, -1.126 0.622 0.4538, -1.1289 0.622 0.4521, -1.1392 0.622 0.4417, -1.248 0.622 0.3937, -1.1466 0.622 0.4291, -1.1872 0.622 0.3953, -1.2008 0.622 0.3937, -1.2382 0.622 0.3937, -1.1744 0.622 0.3999, -1.1535 0.622 0.4173, -1.1629 0.622 0.4074, -0.5788 0.622 1.0335, -0.5882 0.622 1.0457, -0.4601 0.622 1.3309, -0.6004 0.622 1.0551, -0.9602 0.622 1.061, -0.9744 0.622 1.0551, -0.9866 0.622 1.0457, -0.996 0.622 1.0335, -0.6146 0.622 1.061, -0.6299 0.622 1.063, -0.9449 0.622 1.063, -1.0019 0.622 0.7327, -0.996 0.622 0.7185, -0.9866 0.622 0.7063, -1.1163 0.622 0.4596, -0.9744 0.622 0.6969, -1.1023 0.622 0.4638, -1.0877 0.622 0.4644, -0.9449 0.622 0.689, -0.6299 0.622 0.689, -0.5413 0.622 0.3937, -0.4601 0.622 0.46, -0.5788 0.622 0.7185, -0.5729 0.622 0.7327, -1.0019 0.622 1.0192, -1.0039 0.622 1.0039, -1.0039 0.622 0.748, -0.4725 0.622 0.4638, -0.6004 0.622 0.6969, -0.5882 0.622 0.7063, -0.5257 0.622 0.4455, -0.5342 0.622 0.4336, -0.6146 0.622 0.691, -0.5395 0.622 0.42, -0.5413 0.622 0.4055, -0.4871 0.622 0.4644, -0.5014 0.622 0.4614, -0.5146 0.622 0.455, -1.0406 0.622 0.4336, -1.0491 0.622 0.4455, -0.9602 0.622 0.691, -1.0603 0.622 0.455, -1.0734 0.622 0.4614, -1.0335 0.622 0.3937, -1.0335 0.622 0.4055, -1.0353 0.622 0.42, -0.5709 0.622 0.748, -0.5709 0.622 1.0039, -0.5729 0.622 1.0192, -0.4585 0.622 0.4596, -0.2615 0.622 1.3309, -0.4459 0.622 0.4521, -0.4356 0.622 0.4417, -0.4282 0.622 0.4291, -0.2615 0.622 0.3937, -0.374 0.622 0.3937, -0.4004 0.622 0.3999, -0.4119 0.622 0.4074, -0.4213 0.622 0.4173, -0.3876 0.622 0.3953, -0.0346 0.622 1.8389, -0.0345 0.622 1.8281, -0.0306 0.622 1.7627, -0.0306 0.622 1.7593, -0.0327 0.622 1.7634, -0.0341 0.622 1.764, -0.0341 0.622 1.7739, -0.0327 0.622 1.829, -0.0306 0.622 1.7723, -0.0306 0.622 1.8298, -0.0245 0.622 1.832, -0.018 0.622 1.7689, -0.0269 0.622 1.7707, 0.0148 0.622 1.7993, 0.0148 0.622 1.8002, -0.0157 0.622 1.8329, -0.0127 0.622 1.8328, -0.0057 0.622 1.8316, 0.0076 0.622 1.8226, 0.0113 0.622 1.8168, 0.0138 0.622 1.8095, 0.0136 0.622 1.7895, 0.0111 0.622 1.783, 0.0071 0.622 1.7773, 0.0001 0.622 1.7719, -0.0056 0.622 1.7697, -0.0134 0.622 1.7687, 0.0006 0.622 1.8288, 0.0062 0.622 1.8242, 0.0054 0.622 1.7756, -0.0169 0.622 1.8423, -0.0272 0.622 1.8412, -0.0306 0.622 1.8535, 0.0021 0.622 1.7618, 0.0096 0.622 1.7655, 0.0042 0.622 1.8378, 0.0232 0.622 1.8154, 0.0191 0.622 1.8241, 0.0156 0.622 1.7707, 0.0163 0.622 1.7715, 0.021 0.622 1.7784, 0.0138 0.622 1.8307, 0.012 0.622 1.8324, -0.0241 0.622 1.7606, -0.0119 0.622 1.7595, -0.0065 0.622 1.7599, 0.0242 0.622 1.7868, 0.0256 0.622 1.7997, 0.0253 0.622 1.8052, 0.0292 0.622 1.6433, 0.0292 0.622 1.6341, 0.0291 0.622 1.6318, 0.0723 0.622 1.6344, 0.0305 0.622 1.7142, 0.0305 0.622 1.7137, 0.0291 0.622 1.7137, 0.0306 0.622 1.705, 0.0617 0.622 1.6704, 0.0619 0.622 1.6435, 0.0331 0.622 1.6702, 0.033 0.622 1.6794, 0.0616 0.622 1.6796, 0.0615 0.622 1.7052, 0.0717 0.622 1.7145, 0.0717 0.622 1.7137, 0.0291 0.622 1.8535, 0.0708 0.622 1.8415, 0.0708 0.622 1.8411, -0.1007 0.622 1.6474, -0.0814 0.622 1.6318, -0.0841 0.622 1.6905, -0.1062 0.622 1.6333, -0.1055 0.622 1.6318, -0.1017 0.622 1.6229, -0.0814 0.622 1.6025, -0.0856 0.622 1.6072, -0.0857 0.622 1.6161, -0.1001 0.622 1.6083, -0.0961 0.622 1.6068, -0.1007 0.622 1.6025, -0.0921 0.622 1.6063, -0.0899 0.622 1.6064, -0.0877 0.622 1.6154, -0.0914 0.622 1.6149, -0.0978 0.622 1.6173, -0.0938 0.622 1.6152, -0.096 0.622 1.616, -0.1126 0.622 1.6245, -0.108 0.622 1.6157, -0.1758 0.622 1.6025, -0.1043 0.622 1.6113, -0.1036 0.622 1.6107, -0.1007 0.622 1.6087, -1.126 0.622 1.6318, -1.126 0.622 1.6025, -1.248 0.622 1.6025, -1.248 0.622 1.7593, -1.248 0.622 1.7137, -1.248 0.622 1.6318, -0.4601 0.622 1.6025, -0.4601 0.622 1.6318, -0.4601 0.622 1.7137, -0.2615 0.622 1.8411, -0.4601 0.622 1.8411, -1.126 0.622 1.8411, -1.248 0.622 1.8411, -0.3379 0.622 1.6315, -0.2615 0.622 1.6025, -0.3493 0.622 1.6315, -0.3492 0.622 1.6318, -0.2089 0.622 1.8396, -0.2001 0.622 1.6025, -0.1454 0.622 1.8383, -0.1548 0.622 1.8344, -0.1711 0.622 1.7854, -0.1669 0.622 1.7773, -0.1614 0.622 1.771, -0.1529 0.622 1.765, -0.1317 0.622 1.8401, -0.1333 0.622 1.8401, -0.1696 0.622 1.8194, -0.1725 0.622 1.8117, -0.1737 0.622 1.8008, -0.1733 0.622 1.7946, -0.1438 0.622 1.7616, -0.1303 0.622 1.76, -0.1083 0.622 1.7602, -0.1088 0.622 1.8403, -0.1619 0.622 1.8293, -0.1647 0.622 1.8264, -0.0689 0.622 1.6915, -0.0762 0.622 1.6894, -0.0814 0.622 1.7137, -0.0761 0.622 1.6796, -0.0373 0.622 1.6318, -0.0399 0.622 1.6357, -0.04 0.622 1.646, -0.0417 0.622 1.6684, -0.0407 0.622 1.6715, -0.0403 0.622 1.6754, -0.0407 0.622 1.679, -0.0373 0.622 1.7137, -0.0419 0.622 1.6822, -0.0438 0.622 1.6849, -0.0548 0.622 1.6911, -0.0626 0.622 1.692, -0.0753 0.622 1.6584, -0.0772 0.622 1.6556, -0.043 0.622 1.6663, -0.0468 0.622 1.6876, -0.0494 0.622 1.6891, -0.0782 0.622 1.6527, -0.0786 0.622 1.6489, -0.0781 0.622 1.6449, -0.0769 0.622 1.6417, -0.0954 0.622 1.6904, -0.075 0.622 1.6391, -0.0721 0.622 1.6366, -0.0693 0.622 1.635, -0.0495 0.622 1.6413, -0.0553 0.622 1.6587, -0.0433 0.622 1.6439, -0.0494 0.622 1.6615, -0.0447 0.622 1.6646, -0.0638 0.622 1.633, -0.0554 0.622 1.6322, -0.0468 0.622 1.6332, -0.0564 0.622 1.6404, -0.0569 0.622 1.6404, -0.0619 0.622 1.6559, -0.062 0.622 1.6409, -0.0683 0.622 1.648, -0.0682 0.622 1.6493, -0.0646 0.622 1.6418, -0.0655 0.622 1.6424, -0.0667 0.622 1.6434, -0.0616 0.622 1.6839, -0.0586 0.622 1.6836, -0.0506 0.622 1.6762, -0.0559 0.622 1.683, -0.0537 0.622 1.6818, -0.0507 0.622 1.6749, -0.0511 0.622 1.6733, -0.0518 0.622 1.672, -0.0676 0.622 1.6447, -0.0681 0.622 1.6461, -0.0678 0.622 1.6508, -0.067 0.622 1.6522, -0.0658 0.622 1.6535, -0.0527 0.622 1.6709, -0.0563 0.622 1.6687, -0.0688 0.622 1.6829, -0.0625 0.622 1.6659, -0.0744 0.622 1.6806, -0.0663 0.622 1.6643, -0.073 0.622 1.6606, -0.0522 0.622 1.6805, -0.0513 0.622 1.6792, -0.0508 0.622 1.6778, -0.0373 0.622 1.8535, -0.0814 0.622 1.8535, -0.1007 0.622 1.8535, -0.1758 0.622 1.8535, -0.2001 0.622 1.8535, -0.2615 0.622 1.8535, -0.4601 0.622 1.8535, -1.126 0.622 1.8535, -1.248 0.622 1.8535, -0.0113 0.622 1.6369, -0.0077 0.622 1.6346, -0.0163 0.622 1.6338, -0.0037 0.622 1.6331, 0.0015 0.622 1.6326, -0.0306 0.622 1.7137, -0.0257 0.622 1.6787, -0.0266 0.622 1.6705, -0.0165 0.622 1.6904, -0.0198 0.622 1.6885, -0.0306 0.622 1.6318, -0.0263 0.622 1.6337, -0.0163 0.622 1.6427, -0.0161 0.622 1.6427, -0.0145 0.622 1.6403, -0.0123 0.622 1.6918, -0.022 0.622 1.6863, -0.0241 0.622 1.6831, 0.0274 0.622 1.6318, 0.0179 0.622 1.6414, 0.0191 0.622 1.6448, 0.0137 0.622 1.6872, 0.0105 0.622 1.6889, 0.0274 0.622 1.7137, 0.0028 0.622 1.6915, -0.006 0.622 1.6924, 0.0113 0.622 1.6348, 0.0147 0.622 1.6372, 0.0158 0.622 1.6383, 0.0156 0.622 1.6611, 0.0126 0.622 1.6638, 0.0137 0.622 1.6775, 0.0085 0.622 1.6659, 0.0071 0.622 1.6816, 0.0004 0.622 1.6679, -0.0084 0.622 1.6839, -0.005 0.622 1.6843, 0.0008 0.622 1.6837, 0.0195 0.622 1.6494, 0.019 0.622 1.6542, 0.0177 0.622 1.6578, 0.0075 0.622 1.6333, -0.0165 0.622 1.6702, -0.0162 0.622 1.6746, -0.0152 0.622 1.6782, -0.014 0.622 1.6803, -0.0125 0.622 1.6819, -0.0108 0.622 1.683, 0.0274 0.622 1.8535, -0.0156 0.622 1.8423, 0.0291 0.622 0.3937, 0.0291 0.622 1.3309, 0.0274 0.622 0.3937, 0.0274 0.622 1.3309, -0.0306 0.622 0.3937, -0.0306 0.622 1.3309, -0.0373 0.622 0.3937, -0.0373 0.622 1.3309, -0.0814 0.622 0.3937, -0.0814 0.622 1.3309, -0.1007 0.622 0.3937, -0.1007 0.622 1.3309, -0.1758 0.622 0.3937, -0.1758 0.622 1.3309, -0.2001 0.622 0.3937, -0.2001 0.622 1.3309, 0.0291 0.622 1.6025, 0.0274 0.622 1.6025, -0.0306 0.622 1.6025, -0.0373 0.622 1.6025, 0.0291 0.622 3.937, 0.0274 0.622 3.937, -0.0306 0.622 3.937, -0.0373 0.622 3.937, -0.0814 0.622 3.937, -0.1007 0.622 3.937, -0.1758 0.622 3.937, -0.2001 0.622 3.937, -0.2615 0.622 3.937, -0.4601 0.622 3.937, -1.126 0.622 3.937, -1.248 0.622 3.937, 1.248 0.622 3.937, 1.248 0.622 1.8535, 1.248 0.622 1.8411, 1.248 0.622 1.7593, 1.248 0.622 1.7137, 1.248 0.622 1.6318, 1.248 0.622 1.6025, -1.0335 -0.5039 0.3937, -0.5413 -0.5039 0.3937, -0.5413 -0.5083 0.3544, -1.0335 -0.5083 0.3544, -0.5413 -0.5213 0.3171, -1.0335 -0.5213 0.3171, -0.5413 -0.5423 0.2836, -1.0335 -0.5423 0.2836, -0.5413 -0.5701 0.2556, -1.0335 -0.5701 0.2556, -0.5413 -0.6035 0.2345, -1.0335 -0.6035 0.2345, -1.0335 -0.6566 0.2086, -0.5413 -0.6566 0.2086, -1.0335 -0.6552 0.3406, -0.5413 -0.6552 0.3406, -1.0335 -0.6441 0.3477, -0.5413 -0.6441 0.3477, -1.0335 -0.6348 0.357, -0.5413 -0.6348 0.357, -1.0335 -0.6278 0.3682, -0.5413 -0.6278 0.3682, -1.0335 -0.6235 0.3806, -0.5413 -0.6235 0.3806, -1.0335 -0.622 0.3937, -0.5413 -0.622 0.3937, -0.5413 -0.7083 0.3147, -1.0335 -0.7083 0.3147, -1.0335 -0.6714 0.1992, -0.5413 -0.6714 0.1992, -1.0335 -0.6837 0.1867, -0.5413 -0.6837 0.1867, -1.0335 -0.6931 0.1718, -0.5413 -0.6931 0.1718, -1.0335 -0.6988 0.1552, -0.5413 -0.6988 0.1552, -1.0335 -0.7008 0.1378, -0.5413 -0.7008 0.1378, -0.7317 -0.7008 -0.1412, -0.748 -0.7008 -0.1287, -0.8078 -0.7008 -0.1208, -0.7874 -0.7008 -0.1181, -0.767 -0.7008 -0.1208, -0.8268 -0.7008 -0.1287, -0.8431 -0.7008 -0.1412, -1.0335 -0.7008 -0.1181, -0.8556 -0.7008 -0.1575, -1.0361 -0.7008 -0.1381, -0.8635 -0.7008 -0.1765, -0.8661 -0.7008 -0.1968, -0.6013 -0.7008 -0.777, -0.6202 -0.7008 -0.7848, -0.6404 -0.7008 -0.7874, -0.7192 -0.7008 -0.1575, -0.5413 -0.7008 -0.1181, -0.7113 -0.7008 -0.1765, -0.5388 -0.7008 -0.1381, -0.7087 -0.7008 -0.1968, -0.4926 -0.7008 -0.3136, -0.4823 -0.7008 -0.3937, -0.5851 -0.7008 -0.7647, -1.0102 -0.7008 -0.73, -1.0808 -0.7008 -0.4789, -1.091 -0.7008 -0.4242, -0.4852 -0.7008 -0.4367, -0.494 -0.7008 -0.4789, -0.7087 -0.7008 -0.7874, -0.5646 -0.7008 -0.73, -0.5726 -0.7008 -0.7487, -1.0915 -0.7008 -0.3685, -1.0822 -0.7008 -0.3136, -0.8661 -0.7008 -0.7874, -0.9344 -0.7008 -0.7874, -0.9546 -0.7008 -0.7848, -0.9735 -0.7008 -0.777, -0.9897 -0.7008 -0.7647, -1.0022 -0.7008 -0.7487, -1.0361 -0.8189 -0.1381, -1.0335 -0.8189 -0.1181, -0.8661 -0.8189 -0.1968, -1.0822 -0.8189 -0.3136, -1.0915 -0.8189 -0.3685, -1.091 -0.8189 -0.4242, -1.0808 -0.8189 -0.4789, -0.8661 -0.8189 -0.7874, -1.0102 -0.8189 -0.73, -0.8635 -0.8189 -0.1765, -0.8556 -0.8189 -0.1575, -1.0335 -0.8189 0.1378, -0.8431 -0.8189 -0.1412, -0.8268 -0.8189 -0.1287, -0.8078 -0.8189 -0.1208, -0.7874 -0.8189 -0.1181, -0.5413 -0.8189 0.1378, -0.767 -0.8189 -0.1208, -0.748 -0.8189 -0.1287, -0.7317 -0.8189 -0.1412, -0.5413 -0.8189 -0.1181, -0.7192 -0.8189 -0.1575, -0.5388 -0.8189 -0.1381, -0.7113 -0.8189 -0.1765, -0.7087 -0.8189 -0.1968, -0.5726 -0.8189 -0.7487, -0.5646 -0.8189 -0.73, -0.494 -0.8189 -0.4789, -0.4852 -0.8189 -0.4367, -0.9897 -0.8189 -0.7647, -0.9735 -0.8189 -0.777, -1.0022 -0.8189 -0.7487, -0.9546 -0.8189 -0.7848, -0.9344 -0.8189 -0.7874, -0.4823 -0.8189 -0.3937, -0.4926 -0.8189 -0.3136, -0.7087 -0.8189 -0.7874, -0.6404 -0.8189 -0.7874, -0.6202 -0.8189 -0.7848, -0.6013 -0.8189 -0.777, -0.5851 -0.8189 -0.7647, -0.5413 -0.814 0.1814, -1.0335 -0.814 0.1814, -0.5413 -0.7996 0.2229, -1.0335 -0.7996 0.2229, -0.5413 -0.7763 0.2601, -1.0335 -0.7763 0.2601, -0.5413 -0.7454 0.2912, -1.0335 -0.7454 0.2912, 0.8661 -0.8189 -0.7874, 0.8661 -0.7008 -0.7874, 0.9344 -0.8189 -0.7874, 0.9344 -0.7008 -0.7874, 1.0102 -0.7008 -0.73, 1.0102 -0.8189 -0.73, 1.0022 -0.8189 -0.7487, 1.0022 -0.7008 -0.7487, 0.9897 -0.8189 -0.7647, 0.9897 -0.7008 -0.7647, 0.9735 -0.8189 -0.777, 0.9735 -0.7008 -0.777, 0.9546 -0.8189 -0.7848, 0.9546 -0.7008 -0.7848, 1.0808 -0.7008 -0.4789, 1.0808 -0.8189 -0.4789, 1.0822 -0.7008 -0.3136, 1.0822 -0.8189 -0.3136, 1.0915 -0.8189 -0.3685, 1.0915 -0.7008 -0.3685, 1.091 -0.8189 -0.4242, 1.091 -0.7008 -0.4242, 1.0361 -0.7008 -0.1381, 1.0361 -0.8189 -0.1381, 0.5388 -0.7008 -0.1381, 0.4926 -0.7008 -0.3136, 0.5388 -0.8189 -0.1381, 0.4926 -0.8189 -0.3136, 0.494 -0.7008 -0.4789, 0.494 -0.8189 -0.4789, 0.4852 -0.8189 -0.4367, 0.4852 -0.7008 -0.4367, 0.4823 -0.8189 -0.3937, 0.4823 -0.7008 -0.3937, 0.5646 -0.8189 -0.73, 0.5646 -0.7008 -0.73, 0.6404 -0.7008 -0.7874, 0.6404 -0.8189 -0.7874, 0.6202 -0.8189 -0.7848, 0.6202 -0.7008 -0.7848, 0.6013 -0.8189 -0.777, 0.6013 -0.7008 -0.777, 0.5851 -0.8189 -0.7647, 0.5851 -0.7008 -0.7647, 0.5726 -0.8189 -0.7487, 0.5726 -0.7008 -0.7487, 0.7087 -0.7008 -0.7874, 0.7087 -0.8189 -0.7874, 0.7087 -0.8189 -0.1968, 0.7087 -0.7008 -0.1968, 0.7113 -0.8189 -0.1765, 0.7113 -0.7008 -0.1765, 0.7192 -0.8189 -0.1575, 0.7192 -0.7008 -0.1575, 0.7317 -0.8189 -0.1412, 0.7317 -0.7008 -0.1412, 0.748 -0.8189 -0.1287, 0.748 -0.7008 -0.1287, 0.767 -0.8189 -0.1208, 0.767 -0.7008 -0.1208, 0.7874 -0.8189 -0.1181, 0.7874 -0.7008 -0.1181, 0.8661 -0.7008 -0.1968, 0.8661 -0.8189 -0.1968, 1.0335 -0.8189 -0.1181, 1.0335 -0.7008 -0.1181, 1.0335 -0.7083 0.3147, 0.5413 -0.7083 0.3147, 0.5413 -0.7454 0.2912, 1.0335 -0.7454 0.2912, 0.5413 -0.7763 0.2601, 1.0335 -0.7763 0.2601, 0.5413 -0.7996 0.2229, 1.0335 -0.7996 0.2229, 0.5413 -0.814 0.1814, 1.0335 -0.814 0.1814, 0.5413 -0.8189 0.1378, 1.0335 -0.8189 0.1378, 0.8268 -0.8189 -0.1287, 0.8431 -0.8189 -0.1412, 0.8556 -0.8189 -0.1575, 0.8635 -0.8189 -0.1765, 0.8078 -0.8189 -0.1208, 0.5413 -0.8189 -0.1181, 0.5413 -0.7008 -0.1181, 1.0335 -0.7008 0.1378, 0.8431 -0.7008 -0.1412, 0.8268 -0.7008 -0.1287, 0.5413 -0.7008 0.1378, 0.8078 -0.7008 -0.1208, 0.8556 -0.7008 -0.1575, 0.8635 -0.7008 -0.1765, 1.0335 -0.6988 0.1552, 0.5413 -0.6988 0.1552, 1.0335 -0.6931 0.1718, 0.5413 -0.6931 0.1718, 1.0335 -0.6837 0.1867, 0.5413 -0.6837 0.1867, 1.0335 -0.6714 0.1992, 0.5413 -0.6714 0.1992, 1.0335 -0.6566 0.2086, 0.5413 -0.6566 0.2086, 0.5413 -0.6035 0.2345, 1.0335 -0.6035 0.2345, 1.0335 -0.6552 0.3406, 0.5413 -0.6552 0.3406, 1.0335 -0.622 0.3937, 0.5413 -0.622 0.3937, 1.0335 -0.6235 0.3806, 0.5413 -0.6235 0.3806, 1.0335 -0.6278 0.3682, 0.5413 -0.6278 0.3682, 1.0335 -0.6348 0.357, 0.5413 -0.6348 0.357, 1.0335 -0.6441 0.3477, 0.5413 -0.6441 0.3477, 0.5413 -0.5701 0.2556, 1.0335 -0.5701 0.2556, 0.5413 -0.5423 0.2836, 1.0335 -0.5423 0.2836, 0.5413 -0.5213 0.3171, 1.0335 -0.5213 0.3171, 0.5413 -0.5083 0.3544, 1.0335 -0.5083 0.3544, 0.5413 -0.5039 0.3937, 1.0335 -0.5039 0.3937, 0.7087 0.7008 -0.7874, 0.7087 0.8189 -0.7874, 0.7087 0.7008 -0.1968, 0.7087 0.8189 -0.1968, 0.6404 0.8189 -0.7874, 0.6404 0.7008 -0.7874, 0.5646 0.7008 -0.73, 0.5646 0.8189 -0.73, 0.5726 0.8189 -0.7487, 0.5726 0.7008 -0.7487, 0.5851 0.8189 -0.7647, 0.5851 0.7008 -0.7647, 0.6013 0.8189 -0.777, 0.6013 0.7008 -0.777, 0.6202 0.8189 -0.7848, 0.6202 0.7008 -0.7848, 0.494 0.7008 -0.4789, 0.494 0.8189 -0.4789, 0.4852 0.7008 -0.4367, 0.4852 0.8189 -0.4367, 0.4823 0.7008 -0.3937, 0.4823 0.8189 -0.3937, 0.4926 0.8189 -0.3136, 0.4926 0.7008 -0.3136, 0.5388 0.8189 -0.1381, 0.5388 0.7008 -0.1381, 1.0361 0.8189 -0.1381, 1.0361 0.7008 -0.1381, 1.0822 0.8189 -0.3136, 1.0822 0.7008 -0.3136, 1.0915 0.7008 -0.3685, 1.0915 0.8189 -0.3685, 1.091 0.7008 -0.4242, 1.091 0.8189 -0.4242, 1.0808 0.7008 -0.4789, 1.0808 0.8189 -0.4789, 1.0102 0.8189 -0.73, 1.0102 0.7008 -0.73, 0.9344 0.7008 -0.7874, 0.9344 0.8189 -0.7874, 0.9546 0.8189 -0.7848, 0.9546 0.7008 -0.7848, 0.9735 0.8189 -0.777, 0.9735 0.7008 -0.777, 0.9897 0.8189 -0.7647, 0.9897 0.7008 -0.7647, 1.0022 0.8189 -0.7487, 1.0022 0.7008 -0.7487, 0.8661 0.7008 -0.7874, 0.8661 0.8189 -0.7874, 0.8661 0.8189 -0.1968, 0.8661 0.7008 -0.1968, 0.8635 0.8189 -0.1765, 0.8635 0.7008 -0.1765, 0.8556 0.8189 -0.1575, 0.8556 0.7008 -0.1575, 0.8431 0.8189 -0.1412, 0.8431 0.7008 -0.1412, 0.8268 0.8189 -0.1287, 0.8268 0.7008 -0.1287, 0.8078 0.8189 -0.1208, 0.8078 0.7008 -0.1208, 0.7874 0.8189 -0.1181, 0.7874 0.7008 -0.1181, 0.767 0.8189 -0.1208, 0.767 0.7008 -0.1208, 0.748 0.8189 -0.1287, 0.748 0.7008 -0.1287, 0.7317 0.8189 -0.1412, 0.7317 0.7008 -0.1412, 0.7192 0.8189 -0.1575, 0.7192 0.7008 -0.1575, 0.7113 0.8189 -0.1765, 0.7113 0.7008 -0.1765, 0.5413 0.7008 -0.1181, 0.5413 0.8189 -0.1181, 1.0335 0.8189 0.1378, 0.5413 0.8189 0.1378, 0.5413 0.814 0.1814, 1.0335 0.814 0.1814, 0.5413 0.7996 0.2229, 1.0335 0.7996 0.2229, 0.5413 0.7763 0.2601, 1.0335 0.7763 0.2601, 0.5413 0.7454 0.2912, 1.0335 0.7454 0.2912, 0.5413 0.7083 0.3147, 1.0335 0.7083 0.3147, 1.0335 0.8189 -0.1181, 1.0335 0.7008 -0.1181, 0.5413 0.7008 0.1378, 1.0335 0.7008 0.1378, 1.0335 0.6566 0.2086, 0.5413 0.6566 0.2086, 1.0335 0.6714 0.1992, 0.5413 0.6714 0.1992, 1.0335 0.6837 0.1867, 0.5413 0.6837 0.1867, 1.0335 0.6931 0.1718, 0.5413 0.6931 0.1718, 1.0335 0.6988 0.1552, 0.5413 0.6988 0.1552, 0.5413 0.6552 0.3406, 1.0335 0.6552 0.3406, 1.0335 0.6441 0.3477, 0.5413 0.6441 0.3477, 1.0335 0.6348 0.357, 0.5413 0.6348 0.357, 1.0335 0.6278 0.3682, 0.5413 0.6278 0.3682, 1.0335 0.6235 0.3806, 0.5413 0.6235 0.3806, 1.0335 0.6035 0.2345, 0.5413 0.6035 0.2345, 1.0335 0.5039 0.3937, 0.5413 0.5039 0.3937, 0.5413 0.5083 0.3544, 1.0335 0.5083 0.3544, 0.5413 0.5213 0.3171, 1.0335 0.5213 0.3171, 0.5413 0.5423 0.2836, 1.0335 0.5423 0.2836, 0.5413 0.5701 0.2556, 1.0335 0.5701 0.2556, -0.5388 0.7008 -0.1381, -0.4926 0.7008 -0.3136, -0.5388 0.8189 -0.1381, -0.4926 0.8189 -0.3136, -0.494 0.7008 -0.4789, -0.494 0.8189 -0.4789, -0.4852 0.8189 -0.4367, -0.4852 0.7008 -0.4367, -0.4823 0.8189 -0.3937, -0.4823 0.7008 -0.3937, -0.5646 0.8189 -0.73, -0.5646 0.7008 -0.73, -0.6404 0.7008 -0.7874, -0.6404 0.8189 -0.7874, -0.6202 0.8189 -0.7848, -0.6202 0.7008 -0.7848, -0.6013 0.8189 -0.777, -0.6013 0.7008 -0.777, -0.5851 0.8189 -0.7647, -0.5851 0.7008 -0.7647, -0.5726 0.8189 -0.7487, -0.5726 0.7008 -0.7487, -0.7087 0.7008 -0.7874, -0.7087 0.8189 -0.7874, -0.7087 0.8189 -0.1968, -0.7087 0.7008 -0.1968, -0.7113 0.8189 -0.1765, -0.7113 0.7008 -0.1765, -0.7192 0.8189 -0.1575, -0.7192 0.7008 -0.1575, -0.7317 0.8189 -0.1412, -0.7317 0.7008 -0.1412, -0.748 0.8189 -0.1287, -0.748 0.7008 -0.1287, -0.767 0.8189 -0.1208, -0.767 0.7008 -0.1208, -0.7874 0.8189 -0.1181, -0.7874 0.7008 -0.1181, -0.8078 0.8189 -0.1208, -0.8078 0.7008 -0.1208, -0.8268 0.8189 -0.1287, -0.8268 0.7008 -0.1287, -0.8431 0.8189 -0.1412, -0.8431 0.7008 -0.1412, -0.8556 0.8189 -0.1575, -0.8556 0.7008 -0.1575, -0.8635 0.8189 -0.1765, -0.8635 0.7008 -0.1765, -0.8661 0.8189 -0.1968, -0.8661 0.7008 -0.1968, -0.8661 0.7008 -0.7874, -0.8661 0.8189 -0.7874, -0.9344 0.8189 -0.7874, -0.9344 0.7008 -0.7874, -1.0102 0.7008 -0.73, -1.0102 0.8189 -0.73, -1.0022 0.8189 -0.7487, -1.0022 0.7008 -0.7487, -0.9897 0.8189 -0.7647, -0.9897 0.7008 -0.7647, -0.9735 0.8189 -0.777, -0.9735 0.7008 -0.777, -0.9546 0.8189 -0.7848, -0.9546 0.7008 -0.7848, -1.0808 0.7008 -0.4789, -1.0808 0.8189 -0.4789, -1.0822 0.7008 -0.3136, -1.0822 0.8189 -0.3136, -1.0915 0.8189 -0.3685, -1.0915 0.7008 -0.3685, -1.091 0.8189 -0.4242, -1.091 0.7008 -0.4242, -1.0361 0.7008 -0.1381, -1.0361 0.8189 -0.1381, -1.0335 0.8189 -0.1181, -1.0335 0.7008 -0.1181, -1.0335 0.7083 0.3147, -0.5413 0.7083 0.3147, -0.5413 0.7454 0.2912, -1.0335 0.7454 0.2912, -0.5413 0.7763 0.2601, -1.0335 0.7763 0.2601, -0.5413 0.7996 0.2229, -1.0335 0.7996 0.2229, -0.5413 0.814 0.1814, -1.0335 0.814 0.1814, -0.5413 0.8189 0.1378, -1.0335 0.8189 0.1378, -0.5413 0.8189 -0.1181, -0.5413 0.7008 -0.1181, -0.5413 0.7008 0.1378, -1.0335 0.7008 0.1378, -1.0335 0.6988 0.1552, -0.5413 0.6988 0.1552, -1.0335 0.6931 0.1718, -0.5413 0.6931 0.1718, -1.0335 0.6837 0.1867, -0.5413 0.6837 0.1867, -1.0335 0.6714 0.1992, -0.5413 0.6714 0.1992, -1.0335 0.6566 0.2086, -0.5413 0.6566 0.2086, -0.5413 0.6035 0.2345, -1.0335 0.6035 0.2345, -1.0335 0.6552 0.3406, -0.5413 0.6552 0.3406, -1.0335 0.6235 0.3806, -0.5413 0.6235 0.3806, -1.0335 0.6278 0.3682, -0.5413 0.6278 0.3682, -1.0335 0.6348 0.357, -0.5413 0.6348 0.357, -1.0335 0.6441 0.3477, -0.5413 0.6441 0.3477, -0.5413 0.5701 0.2556, -1.0335 0.5701 0.2556, -0.5413 0.5423 0.2836, -1.0335 0.5423 0.2836, -0.5413 0.5213 0.3171, -1.0335 0.5213 0.3171, -0.5413 0.5083 0.3544, -1.0335 0.5083 0.3544, -0.5413 0.5039 0.3937, -1.0335 0.5039 0.3937, -0.6299 0.5039 0.689, -0.9449 0.5039 0.689, -0.6004 0.5039 1.0551, -0.5882 0.5039 1.0457, 1.248 0.5039 3.878, -1.248 0.5039 0.4528, -1.0019 0.5039 0.7327, -1.0039 0.5039 0.748, -0.9866 0.5039 1.0457, -0.9744 0.5039 1.0551, -1.248 0.5039 3.878, -0.9602 0.5039 1.061, -0.4871 0.5039 0.4644, -0.4725 0.5039 0.4638, -0.6004 0.5039 0.6969, -0.4585 0.5039 0.4596, -0.5882 0.5039 0.7063, -1.128 0.5039 0.4528, -1.1163 0.5039 0.4596, 0.4725 0.5039 0.4638, 0.4871 0.5039 0.4644, -0.5788 0.5039 0.7185, 0.5146 0.5039 0.455, 0.5257 0.5039 0.4455, 0.5342 0.5039 0.4336, -1.0491 0.5039 0.4455, -1.0406 0.5039 0.4336, -0.9602 0.5039 0.691, -1.0353 0.5039 0.42, -1.0335 0.5039 0.4055, -1.1023 0.5039 0.4638, -0.9744 0.5039 0.6969, -0.9866 0.5039 0.7063, -0.996 0.5039 0.7185, -1.0039 0.5039 1.0039, -1.0019 0.5039 1.0192, -0.996 0.5039 1.0335, -0.5788 0.5039 1.0335, -0.5729 0.5039 1.0192, -0.5709 0.5039 1.0039, -0.5413 0.5039 0.4055, -0.6146 0.5039 0.691, -0.5395 0.5039 0.42, -0.5342 0.5039 0.4336, -0.9449 0.5039 1.063, -0.6299 0.5039 1.063, -0.6146 0.5039 1.061, 0.9744 0.5039 1.0551, 0.9866 0.5039 1.0457, 1.0039 0.5039 0.748, 1.0019 0.5039 0.7327, 1.248 0.5039 0.4528, -0.5709 0.5039 0.748, -0.5729 0.5039 0.7327, 0.5014 0.5039 0.4614, 0.5395 0.5039 0.42, 0.5413 0.5039 0.4055, -1.0877 0.5039 0.4644, -1.0734 0.5039 0.4614, -1.0603 0.5039 0.455, 0.9602 0.5039 1.061, 0.996 0.5039 0.7185, 0.9866 0.5039 0.7063, 0.9744 0.5039 0.6969, -0.4469 0.5039 0.4528, 0.4469 0.5039 0.4528, 0.4585 0.5039 0.4596, 0.996 0.5039 1.0335, 1.0019 0.5039 1.0192, 1.0039 0.5039 1.0039, -0.5257 0.5039 0.4455, -0.5146 0.5039 0.455, -0.5014 0.5039 0.4614, 0.6043 0.5039 1.0571, 0.6168 0.5039 1.0615, 1.128 0.5039 0.4528, 1.1163 0.5039 0.4596, 1.1023 0.5039 0.4638, 1.0877 0.5039 0.4644, 0.6299 0.5039 0.689, 0.9449 0.5039 0.689, 1.0335 0.5039 0.4055, 0.9602 0.5039 0.691, 1.0353 0.5039 0.42, 1.0406 0.5039 0.4336, 1.0491 0.5039 0.4455, 1.0603 0.5039 0.455, 1.0734 0.5039 0.4614, 0.5837 0.5039 0.7112, 0.5767 0.5039 0.7224, 0.6299 0.5039 1.063, 0.9449 0.5039 1.063, 0.6168 0.5039 0.6905, 0.6043 0.5039 0.6948, 0.5931 0.5039 0.7019, 0.5723 0.5039 0.7349, 0.5709 0.5039 0.748, 0.5709 0.5039 1.0039, 0.5723 0.5039 1.0171, 0.5767 0.5039 1.0296, 0.5837 0.5039 1.0408, 0.5931 0.5039 1.0501, -1.6417 0.1102 3.878, -1.6417 0.1102 0.4528, -1.6324 0.1953 3.878, -1.6324 0.1953 0.4528, -1.6034 0.2796 3.878, -1.6034 0.2796 0.4528, -1.5562 0.3553 3.878, -1.5562 0.3553 0.4528, -1.4931 0.4184 3.878, -1.4931 0.4184 0.4528, -1.4174 0.4656 3.878, -1.4174 0.4656 0.4528, -1.3331 0.4946 3.878, -1.3331 0.4946 0.4528, 1.3331 0.4946 3.878, 1.3331 0.4946 0.4528, 1.4174 0.4656 3.878, 1.4174 0.4656 0.4528, 1.4931 0.4184 3.878, 1.4931 0.4184 0.4528, 1.5562 0.3553 3.878, 1.5562 0.3553 0.4528, 1.6034 0.2796 3.878, 1.6034 0.2796 0.4528, 1.6324 0.1953 3.878, 1.6324 0.1953 0.4528, 1.6417 0.1102 3.878, 1.6417 0.1102 0.4528, -1.248 -0.5039 3.878, -1.248 -0.5039 0.4528, -1.3331 -0.4946 3.878, -1.3331 -0.4946 0.4528, -1.4174 -0.4656 3.878, -1.4174 -0.4656 0.4528, -1.4931 -0.4184 3.878, -1.4931 -0.4184 0.4528, -1.5562 -0.3553 3.878, -1.5562 -0.3553 0.4528, -1.6034 -0.2796 3.878, -1.6034 -0.2796 0.4528, -1.6324 -0.1953 3.878, -1.6324 -0.1953 0.4528, -1.6417 -0.1102 3.878, -1.6417 -0.1102 0.4528, -1.7598 -0.1102 0.3937, -1.7598 -0.1102 3.937, -1.7598 0.1102 0.3937, -1.7598 0.1102 3.937, -1.3619 0.6092 0.3937, -1.3619 0.6092 3.937, -1.4701 0.5714 0.3937, -1.4701 0.5714 3.937, -1.5671 0.5104 0.3937, -1.5671 0.5104 3.937, -1.6482 0.4293 0.3937, -1.6482 0.4293 3.937, -1.7092 0.3323 0.3937, -1.7092 0.3323 3.937, -1.747 0.2241 0.3937, -1.747 0.2241 3.937, 1.7598 0.1102 3.937, 1.7598 0.1102 0.3937, 1.747 0.2241 0.3937, 1.747 0.2241 3.937, 1.7092 0.3323 0.3937, 1.7092 0.3323 3.937, 1.6482 0.4293 0.3937, 1.6482 0.4293 3.937, 1.5671 0.5104 0.3937, 1.5671 0.5104 3.937, 1.4701 0.5714 0.3937, 1.4701 0.5714 3.937, 1.3619 0.6092 0.3937, 1.3619 0.6092 3.937, 1.7598 -0.1102 0.3937, 1.7598 -0.1102 3.937, 1.248 -0.622 3.937, 1.248 -0.622 0.3937, 1.3619 -0.6092 0.3937, 1.3619 -0.6092 3.937, 1.4701 -0.5714 0.3937, 1.4701 -0.5714 3.937, 1.5671 -0.5104 0.3937, 1.5671 -0.5104 3.937, 1.6482 -0.4293 0.3937, 1.6482 -0.4293 3.937, 1.7092 -0.3323 0.3937, 1.7092 -0.3323 3.937, 1.747 -0.2241 0.3937, 1.747 -0.2241 3.937, -1.747 -0.2241 0.3937, -1.747 -0.2241 3.937, -1.7092 -0.3323 0.3937, -1.7092 -0.3323 3.937, -1.6482 -0.4293 0.3937, -1.6482 -0.4293 3.937, -1.5671 -0.5104 0.3937, -1.5671 -0.5104 3.937, -1.4701 -0.5714 0.3937, -1.4701 -0.5714 3.937, -1.3619 -0.6092 0.3937, -1.3619 -0.6092 3.937, -1.248 -0.622 0.3937, -1.248 -0.622 3.937, 1.248 -0.5039 3.878, 1.248 -0.563 3.937, 1.3325 -0.4947 3.878, 1.3458 -0.5523 3.937, 1.6901 -0.208 3.937, 1.7008 -0.1102 3.937, 1.6417 -0.1102 3.878, 1.6324 -0.1953 3.878, 1.6314 -0.1982 3.878, 1.6567 -0.305 3.937, 1.6034 -0.2796 3.878, 1.602 -0.2819 3.878, 1.6024 -0.392 3.937, 1.5562 -0.3553 3.878, 1.5547 -0.3568 3.878, 1.5298 -0.4646 3.937, 1.4931 -0.4184 3.878, 1.4917 -0.4192 3.878, 1.4428 -0.5189 3.937, 1.4174 -0.4656 3.878, 1.4164 -0.466 3.878, 1.3331 -0.4946 3.878, -1.7008 -0.1102 3.937, -1.7008 0.1102 3.937, 1.7008 0.1102 3.937, 1.6324 0.1953 3.878, 1.6901 0.208 3.937, 1.6034 0.2796 3.878, 1.6567 0.305 3.937, 1.5562 0.3553 3.878, 1.6024 0.392 3.937, 1.4931 0.4184 3.878, 1.5298 0.4646 3.937, 1.4428 0.5189 3.937, 1.3331 0.4946 3.878, 1.3458 0.5523 3.937, 1.248 0.563 3.937, -1.248 0.563 3.937, -1.3331 0.4946 3.878, -1.3458 0.5523 3.937, -1.4428 0.5189 3.937, -1.4931 0.4184 3.878, -1.5298 0.4646 3.937, -1.5562 0.3553 3.878, -1.6024 0.392 3.937, -1.6034 0.2796 3.878, -1.6567 0.305 3.937, -1.6324 0.1953 3.878, -1.6901 0.208 3.937, -1.6324 -0.1953 3.878, -1.6901 -0.208 3.937, -1.6034 -0.2796 3.878, -1.6567 -0.305 3.937, -1.5562 -0.3553 3.878, -1.6024 -0.392 3.937, -1.4931 -0.4184 3.878, -1.5298 -0.4646 3.937, -1.4174 -0.4656 3.878, -1.4428 -0.5189 3.937, -1.3331 -0.4946 3.878, -1.3458 -0.5523 3.937, -1.248 -0.563 3.937, -0.0394 -0.5039 3.878, -0.0394 -0.563 3.937, -0.0394 -0.622 3.937, 1.3488 -0.5516 0.3937, 1.248 -0.563 0.3937, 1.248 -0.5039 0.4528, 1.3325 -0.4944 0.4528, 1.3356 -0.4941 0.4528, 1.4445 -0.5182 0.3937, 1.4164 -0.4658 0.4528, 1.4189 -0.4649 0.4528, 1.5303 -0.4642 0.3937, 1.4917 -0.4192 0.4528, 1.4935 -0.418 0.4528, 1.602 -0.3925 0.3937, 1.5547 -0.3568 0.4528, 1.5558 -0.3557 0.4528, 1.656 -0.3067 0.3937, 1.6022 -0.2819 0.4528, 1.6027 -0.2811 0.4528, 1.6894 -0.211 0.3937, 1.6417 -0.1102 0.4528, 1.7008 -0.1102 0.3937, 1.6319 -0.1978 0.4528, 1.6317 -0.1983 0.4528, 1.2008 -0.563 0.3937, 1.2008 -0.622 0.3937, 1.1919 -0.5623 0.3944, 1.1875 -0.622 0.3952, 1.1876 -0.5613 0.3954, 1.1814 -0.5597 0.397, 1.1746 -0.622 0.3998, 1.1747 -0.5566 0.4, 1.1712 -0.5551 0.4016, 1.1631 -0.622 0.4073, 1.1632 -0.5492 0.4075, 1.1607 -0.5473 0.4094, 1.1536 -0.622 0.4173, 1.1538 -0.5393 0.4174, 1.1518 -0.5369 0.4198, 1.1466 -0.622 0.4291, 1.1466 -0.5276 0.4291, 1.1396 -0.5159 0.4408, 1.1386 -0.5143 0.4424, 1.1302 -0.5061 0.4506, 1.128 -0.5039 0.4528, 1.2382 -0.563 0.3937, 1.1919 -0.5623 0.3944, 1.0335 -0.622 0.4055, 1.0335 -0.5039 0.4055, 1.0349 -0.622 0.4187, 1.0349 -0.5039 0.4187, 1.0393 -0.622 0.4311, 1.0393 -0.5039 0.4311, 1.0463 -0.622 0.4423, 1.0463 -0.5039 0.4423, 1.0557 -0.622 0.4517, 1.0557 -0.5039 0.4517, 1.0669 -0.622 0.4587, 1.0669 -0.5039 0.4587, 1.0794 -0.622 0.4631, 1.0794 -0.5039 0.4631, 1.0925 -0.622 0.4646, 1.0925 -0.5039 0.4646, 0.5709 -0.5039 0.748, 0.5709 -0.622 0.748, 0.5729 -0.5039 0.7327, 0.5729 -0.622 0.7327, 0.5788 -0.5039 0.7185, 0.5788 -0.622 0.7185, 0.5882 -0.5039 0.7063, 0.5882 -0.622 0.7063, 0.6004 -0.5039 0.6969, 0.6004 -0.622 0.6969, 0.6146 -0.5039 0.691, 0.6146 -0.622 0.691, 0.6299 -0.5039 0.689, 0.6299 -0.622 0.689, 0.9449 -0.622 0.689, 0.9449 -0.5039 0.689, 0.9602 -0.5039 0.691, 0.9602 -0.622 0.691, 0.9744 -0.5039 0.6969, 0.9744 -0.622 0.6969, 0.9866 -0.5039 0.7063, 0.9866 -0.622 0.7063, 0.996 -0.5039 0.7185, 0.996 -0.622 0.7185, 1.0019 -0.5039 0.7327, 1.0019 -0.622 0.7327, 1.0039 -0.5039 0.748, 1.0039 -0.622 0.748, 1.0039 -0.622 1.0039, 1.0039 -0.5039 1.0039, 1.0025 -0.5039 1.0171, 1.0025 -0.622 1.0171, 0.9981 -0.5039 1.0296, 0.9981 -0.622 1.0296, 0.9911 -0.5039 1.0408, 0.9911 -0.622 1.0408, 0.9817 -0.5039 1.0501, 0.9817 -0.622 1.0501, 0.9705 -0.5039 1.0571, 0.9705 -0.622 1.0571, 0.958 -0.5039 1.0615, 0.958 -0.622 1.0615, 0.9449 -0.5039 1.063, 0.9449 -0.622 1.063, 0.5709 -0.5039 1.0039, 0.5709 -0.622 1.0039, 1.1061 -0.622 0.463, 0.4687 -0.622 0.463, 0.4559 -0.622 0.4583, 0.4444 -0.622 0.4508, 0.435 -0.622 0.4409, 0.4282 -0.622 0.4291, 0.374 -0.622 0.3937, -0.0394 -0.622 0.3937, 0.5191 -0.622 0.4517, 0.5285 -0.622 0.4423, 0.4004 -0.622 0.3999, 0.4119 -0.622 0.4074, 0.4213 -0.622 0.4173, 1.1189 -0.622 0.4583, 1.1304 -0.622 0.4508, 1.1398 -0.622 0.4409, 1.2382 -0.622 0.3937, 0.4823 -0.622 0.4646, 0.4954 -0.622 0.4631, 0.5079 -0.622 0.4587, 0.5355 -0.622 0.4311, 0.5399 -0.622 0.4187, 0.5413 -0.622 0.4055, 0.3876 -0.622 0.3953, 0.2452 -0.622 1.773, 0.2264 -0.622 1.7796, 0.0492 -0.622 1.3465, 0.3053 -0.622 2.2957, 0.3112 -0.622 2.2833, -0.0357 -0.622 1.3783, -0.0298 -0.622 1.3658, -0.0394 -0.622 1.3976, -0.0217 -0.622 1.3558, -0.0097 -0.622 1.3468, 0.0028 -0.622 1.3413, 0.0168 -0.622 1.3389, 0.0304 -0.622 1.34, 0.3053 -0.622 3.1618, 0.3112 -0.622 3.1495, 0.315 -0.622 3.1299, 0.2264 -0.622 1.4488, 0.245 -0.622 1.4553, 0.2588 -0.622 1.7719, 0.2452 -0.622 2.6392, 0.2264 -0.622 2.6457, 0.0492 -0.622 2.2126, 0.5767 -0.622 1.0296, 0.315 -0.622 1.3976, 0.5723 -0.622 1.0171, 0.315 -0.622 0.9646, 0.2973 -0.622 0.9227, 0.3054 -0.622 0.9327, 0.3113 -0.622 0.9452, 0.2853 -0.622 0.9137, 0.2728 -0.622 0.9082, 0.2588 -0.622 0.9058, 0.2452 -0.622 0.9069, 0.0306 -0.622 1.8883, -0.0394 -0.622 1.8307, 0.0492 -0.622 1.8819, 0.0168 -0.622 1.8895, 0.0041 -0.622 1.8875, -0.0097 -0.622 1.8816, -0.0207 -0.622 1.8735, -0.0297 -0.622 1.8626, -0.0356 -0.622 1.8503, 0.2714 -0.622 3.1867, 0.2588 -0.622 3.1887, 0.2853 -0.622 3.1808, 0.2963 -0.622 3.1727, 0.315 -0.622 2.2638, 0.315 -0.622 1.8307, 0.3113 -0.622 1.8113, 0.5837 -0.622 1.0408, 0.5931 -0.622 1.0501, 0.3112 -0.622 1.4172, 0.6043 -0.622 1.0571, 0.6168 -0.622 1.0615, 0.6299 -0.622 1.063, 0.2264 -0.622 0.9134, 0.0492 -0.622 1.0157, -0.0394 -0.622 0.9646, 0.0306 -0.622 1.0222, 0.0168 -0.622 1.0233, 0.0041 -0.622 1.0213, -0.0097 -0.622 1.0154, -0.0207 -0.622 1.0074, -0.0297 -0.622 0.9965, -0.0356 -0.622 0.9841, 0.2264 -0.622 2.3149, 0.245 -0.622 2.3214, 0.2588 -0.622 2.6381, -0.0357 -0.622 2.2444, -0.0298 -0.622 2.2319, -0.0394 -0.622 2.2638, -0.0217 -0.622 2.2219, -0.0097 -0.622 2.2129, 0.0028 -0.622 2.2074, 0.0168 -0.622 2.205, 0.0304 -0.622 2.2061, 0.3053 -0.622 1.4296, -0.0357 -0.622 3.1106, 0.0492 -0.622 3.0788, -0.0394 -0.622 3.1299, 0.2264 -0.622 3.1811, 0.245 -0.622 3.1875, -0.0298 -0.622 3.0981, -0.0217 -0.622 3.0881, -0.0097 -0.622 3.0791, 0.0028 -0.622 3.0735, 0.0168 -0.622 3.0712, 0.0304 -0.622 3.0723, 0.3054 -0.622 1.7988, 0.2973 -0.622 1.7889, 0.2963 -0.622 1.4404, 0.2853 -0.622 1.7798, 0.2728 -0.622 1.7743, 0.315 -0.622 2.6969, 0.3113 -0.622 2.6775, 0.3054 -0.622 2.665, 0.2973 -0.622 2.655, 0.2853 -0.622 2.646, 0.2728 -0.622 2.6405, 0.2963 -0.622 2.3066, 0.0306 -0.622 2.7545, -0.0394 -0.622 2.6969, 0.0492 -0.622 2.748, 0.0168 -0.622 2.7556, 0.0041 -0.622 2.7536, -0.0097 -0.622 2.7477, -0.0207 -0.622 2.7396, -0.0297 -0.622 2.7288, -0.0356 -0.622 2.7164, 0.2588 -0.622 1.4564, 0.2714 -0.622 1.4544, 0.2853 -0.622 1.4485, 0.2588 -0.622 2.3225, 0.2714 -0.622 2.3205, 0.2853 -0.622 2.3147, 0.6299 -0.5039 1.063, 0.6168 -0.5039 1.0615, 0.6043 -0.5039 1.0571, 0.5931 -0.5039 1.0501, 0.5837 -0.5039 1.0408, 0.5767 -0.5039 1.0296, 0.5723 -0.5039 1.0171, 0.5413 -0.5039 0.4055, -1.7008 0.1102 0.3937, -1.7008 -0.1102 0.3937, 1.6417 -0.1102 0.4528, 1.7008 -0.1102 0.3937, 1.7008 0.1102 0.3937, -1.0039 -0.5039 0.748, -1.0039 -0.622 0.748, -1.0025 -0.5039 0.7349, -1.0025 -0.622 0.7349, -0.9981 -0.5039 0.7224, -0.9981 -0.622 0.7224, -0.9911 -0.5039 0.7112, -0.9911 -0.622 0.7112, -0.9817 -0.5039 0.7019, -0.9817 -0.622 0.7019, -0.9705 -0.5039 0.6948, -0.9705 -0.622 0.6948, -0.958 -0.5039 0.6905, -0.958 -0.622 0.6905, -0.9449 -0.5039 0.689, -0.9449 -0.622 0.689, -0.6299 -0.622 0.689, -0.6299 -0.5039 0.689, -0.6146 -0.5039 0.691, -0.6146 -0.622 0.691, -0.6004 -0.5039 0.6969, -0.6004 -0.622 0.6969, -0.5882 -0.5039 0.7063, -0.5882 -0.622 0.7063, -0.5788 -0.5039 0.7185, -0.5788 -0.622 0.7185, -0.5729 -0.5039 0.7327, -0.5729 -0.622 0.7327, -0.5709 -0.5039 0.748, -0.5709 -0.622 0.748, -0.5709 -0.622 1.0039, -0.5709 -0.5039 1.0039, -0.5729 -0.5039 1.0192, -0.5729 -0.622 1.0192, -0.5788 -0.5039 1.0335, -0.5788 -0.622 1.0335, -0.5882 -0.5039 1.0457, -0.5882 -0.622 1.0457, -0.6004 -0.5039 1.0551, -0.6004 -0.622 1.0551, -0.6146 -0.5039 1.061, -0.6146 -0.622 1.061, -0.6299 -0.5039 1.063, -0.6299 -0.622 1.063, -1.0039 -0.5039 1.0039, -1.0039 -0.622 1.0039, -0.374 -0.622 0.3937, -0.374 -0.563 0.3937, -0.3366 -0.563 0.3937, -0.0394 -0.563 0.3937, 0.3366 -0.563 0.3937, 0.374 -0.563 0.3937, -0.0394 -0.5039 0.4528, 0.4469 -0.5039 0.4528, 0.4447 -0.5061 0.4506, 0.436 -0.5145 0.4422, 0.3876 -0.5612 0.3955, 0.3815 -0.5625 0.3942, 0.4352 -0.5158 0.4408, 0.4004 -0.5566 0.4001, 0.3915 -0.5604 0.3963, 0.4208 -0.5391 0.4176, 0.4183 -0.5431 0.4136, 0.4116 -0.549 0.4077, 0.4078 -0.5524 0.4043, 0.4018 -0.556 0.4007, 0.4282 -0.5276 0.4291, -0.3829 -0.5623 0.3944, -0.3876 -0.622 0.3953, -0.3875 -0.5612 0.3955, -0.3934 -0.5597 0.397, -0.4004 -0.622 0.3999, -0.4004 -0.5565 0.4001, -0.4036 -0.5551 0.4016, -0.4119 -0.622 0.4074, -0.4117 -0.5491 0.4076, -0.4141 -0.5473 0.4094, -0.4213 -0.622 0.4173, -0.4211 -0.5392 0.4175, -0.423 -0.5369 0.4198, -0.4282 -0.622 0.4291, -0.4282 -0.5276 0.4291, -0.4352 -0.5159 0.4408, -0.4362 -0.5143 0.4424, -0.4447 -0.5061 0.4506, -0.4469 -0.5039 0.4528, -0.5413 -0.622 0.4055, -0.5413 -0.5039 0.4055, -0.5399 -0.622 0.4187, -0.5399 -0.5039 0.4187, -0.5355 -0.622 0.4311, -0.5355 -0.5039 0.4311, -0.5285 -0.622 0.4423, -0.5285 -0.5039 0.4423, -0.5191 -0.622 0.4517, -0.5191 -0.5039 0.4517, -0.5079 -0.622 0.4587, -0.5079 -0.5039 0.4587, -0.4954 -0.622 0.4631, -0.4954 -0.5039 0.4631, -0.4823 -0.622 0.4646, -0.4823 -0.5039 0.4646, -1.0335 -0.622 0.4055, -1.0335 -0.5039 0.4055, -1.1189 -0.622 0.4583, -1.1061 -0.622 0.463, -1.1466 -0.622 0.4291, -1.1398 -0.622 0.4409, -1.1304 -0.622 0.4508, -0.9981 -0.622 1.0296, -0.9911 -0.622 1.0408, -1.0669 -0.622 0.4587, -1.0557 -0.622 0.4517, -0.9817 -0.622 1.0501, -0.9705 -0.622 1.0571, -0.958 -0.622 1.0615, -0.9449 -0.622 1.063, -1.0463 -0.622 0.4423, -1.0393 -0.622 0.4311, -1.0349 -0.622 0.4187, -0.4559 -0.622 0.4583, -0.4687 -0.622 0.463, -1.2008 -0.622 0.3937, -1.1875 -0.622 0.3952, -1.2382 -0.622 0.3937, -1.1746 -0.622 0.3998, -1.1631 -0.622 0.4073, -1.1536 -0.622 0.4173, -1.0925 -0.622 0.4646, -1.0794 -0.622 0.4631, -0.4444 -0.622 0.4508, -0.435 -0.622 0.4409, -1.0025 -0.622 1.0171, -1.248 -0.563 0.3937, -1.3458 -0.5523 0.3937, -1.4428 -0.5189 0.3937, -1.5298 -0.4646 0.3937, -1.6024 -0.392 0.3937, -1.6567 -0.305 0.3937, -1.6324 -0.1953 0.4528, -1.6901 -0.208 0.3937, -1.2008 -0.563 0.3937, -1.2382 -0.563 0.3937, -1.6901 0.208 0.3937, -1.6567 0.305 0.3937, -1.6024 0.392 0.3937, -1.5298 0.4646 0.3937, -1.4428 0.5189 0.3937, -1.3458 0.5523 0.3937, -1.248 0.563 0.3937, -1.2382 0.563 0.3937, -1.2008 0.563 0.3937, -1.167 -0.5524 0.4043, -1.1633 -0.5491 0.4076, -1.1466 -0.5276 0.4291, -1.154 -0.5391 0.4176, -1.1565 -0.5431 0.4136, -1.1746 -0.5567 0.4, -1.173 -0.556 0.4007, -1.1934 -0.5625 0.3942, -1.1876 -0.5613 0.3954, -1.1833 -0.5604 0.3963, -1.1396 -0.5158 0.4408, -1.1388 -0.5145 0.4422, -1.1301 -0.5061 0.4506, -1.128 -0.5039 0.4528, -1.1189 -0.5039 0.4583, -1.1061 -0.5039 0.463, -1.0925 -0.5039 0.4646, -1.167 -0.5524 0.4043, -0.9449 -0.5039 1.063, -0.958 -0.5039 1.0615, -0.9705 -0.5039 1.0571, -0.9817 -0.5039 1.0501, -0.9911 -0.5039 1.0408, -0.9981 -0.5039 1.0296, -1.0025 -0.5039 1.0171, -1.4931 0.4184 0.4528, -1.2008 0.622 0.3937, -1.1919 0.5623 0.3944, -1.1873 0.5612 0.3955, -1.1814 0.5597 0.397, -1.1745 0.5565 0.4001, -1.1712 0.5551 0.4016, -1.1631 0.5491 0.4076, -1.1607 0.5473 0.4094, -1.1537 0.5392 0.4175, -1.1518 0.5369 0.4198, -1.1466 0.5276 0.4291, -1.1391 0.515 0.4416, -1.1386 0.5143 0.4424, -1.1288 0.5047 0.452, -1.1919 0.5623 0.3944, -0.374 0.563 0.3937, -0.3366 0.563 0.3937, 0.3366 0.563 0.3937, 0.374 0.563 0.3937, -0.4078 0.5524 0.4043, -0.4116 0.549 0.4077, -0.4282 0.5276 0.4291, -0.4208 0.5391 0.4176, -0.4183 0.5431 0.4136, -0.4004 0.5566 0.4001, -0.4018 0.556 0.4007, -0.3815 0.5625 0.3942, -0.3876 0.5612 0.3955, -0.3915 0.5604 0.3963, -0.4357 0.515 0.4417, -0.436 0.5145 0.4422, -0.446 0.5047 0.452, 0.3829 0.5623 0.3944, 0.3875 0.5612 0.3955, 0.3934 0.5597 0.397, 0.4004 0.5565 0.4001, 0.4036 0.5551 0.4016, 0.4117 0.5491 0.4076, 0.4141 0.5473 0.4094, 0.4211 0.5392 0.4175, 0.423 0.5369 0.4198, 0.4282 0.5276 0.4291, 0.446 0.5047 0.452, 0.4362 0.5143 0.4424, 0.4357 0.515 0.4416, 1.248 0.563 0.3937, 1.3458 0.5523 0.3937, 1.4428 0.5189 0.3937, 1.4931 0.4184 0.4528, 1.5298 0.4646 0.3937, 1.6024 0.392 0.3937, 1.6567 0.305 0.3937, 1.6901 0.208 0.3937, 1.2008 0.563 0.3937, 1.2382 0.563 0.3937, 1.167 0.5524 0.4043, 1.1633 0.5491 0.4076, 1.1466 0.5276 0.4291, 1.154 0.5391 0.4176, 1.1565 0.5431 0.4136, 1.1746 0.5567 0.4, 1.173 0.556 0.4007, 1.1934 0.5625 0.3942, 1.1876 0.5613 0.3954, 1.1833 0.5604 0.3963, 1.1391 0.515 0.4417, 1.1388 0.5145 0.4422, 1.1288 0.5047 0.452, 1.167 0.5524 0.4043, 0.4559 -0.5039 0.4583, 0.4687 -0.5039 0.463, 0.4823 -0.5039 0.4646, -0.4687 -0.5039 0.463, -0.4559 -0.5039 0.4583, 1.1061 -0.5039 0.463, 1.1189 -0.5039 0.4583, -1.0349 -0.5039 0.4187, 0.5355 -0.5039 0.4311, 0.5285 -0.5039 0.4423, -1.0794 -0.5039 0.4631, 0.5399 -0.5039 0.4187, -1.0669 -0.5039 0.4587, -1.0557 -0.5039 0.4517, -1.0463 -0.5039 0.4423, -1.0393 -0.5039 0.4311, 0.5191 -0.5039 0.4517, 0.5079 -0.5039 0.4587, 0.4954 -0.5039 0.4631, 1.6417 -0.1102 3.878
            ]
        }
        coordIndex [
            0,1,2,-1,3,4,5,-1,6,7,8,-1,9,10,11,-1,12,13,14,-1,15,16,17,-1,18,19,20,-1,21,22,23,-1,24,25,26,-1,27,28,29,-1,29,28,30,-1,29,30,31,-1,30,32,33,-1,33,34,30,-1,30,34,35,-1,30,35,31,-1,36,37,38,-1,38,37,39,-1,38,39,30,-1,30,39,40,-1,30,40,32,-1,26,25,41,-1,41,25,42,-1,41,42,43,-1,43,42,44,-1,43,44,36,-1,45,46,26,-1,26,46,47,-1,26,47,24,-1,23,22,45,-1,45,22,48,-1,45,48,49,-1,45,50,46,-1,46,50,51,-1,46,51,52,-1,52,51,53,-1,52,53,54,-1,49,55,45,-1,45,55,56,-1,45,56,50,-1,57,58,59,-1,57,59,23,-1,23,59,60,-1,23,60,21,-1,61,62,63,-1,61,63,64,-1,62,65,63,-1,63,65,66,-1,63,66,57,-1,57,66,67,-1,57,67,58,-1,68,69,70,-1,70,69,71,-1,70,71,63,-1,63,71,72,-1,63,72,64,-1,73,74,75,-1,75,74,76,-1,75,76,77,-1,73,78,74,-1,74,78,79,-1,74,79,70,-1,70,79,80,-1,70,80,68,-1,81,82,83,-1,83,82,84,-1,83,84,77,-1,85,86,87,-1,88,89,90,-1,85,87,91,-1,92,93,20,-1,20,93,94,-1,86,95,87,-1,87,95,96,-1,87,96,97,-1,88,90,20,-1,20,90,98,-1,20,98,92,-1,99,100,87,-1,87,100,101,-1,87,101,102,-1,103,104,105,-1,105,104,106,-1,105,106,87,-1,87,106,107,-1,87,107,91,-1,108,109,18,-1,18,109,110,-1,110,111,18,-1,18,111,112,-1,18,112,113,-1,113,112,103,-1,113,103,114,-1,114,103,105,-1,97,115,87,-1,87,115,116,-1,87,116,117,-1,94,118,20,-1,20,118,119,-1,20,119,18,-1,18,119,120,-1,18,120,108,-1,117,121,87,-1,87,121,122,-1,87,122,99,-1,123,124,125,-1,125,124,102,-1,124,126,127,-1,101,128,102,-1,102,128,129,-1,102,129,130,-1,102,131,132,-1,130,133,102,-1,102,133,134,-1,102,134,131,-1,132,135,102,-1,102,135,136,-1,102,136,125,-1,137,138,139,-1,140,141,17,-1,17,141,142,-1,17,142,15,-1,143,144,139,-1,139,144,145,-1,139,145,137,-1,143,146,144,-1,144,146,147,-1,144,147,148,-1,138,140,139,-1,139,140,17,-1,139,17,149,-1,149,17,124,-1,149,124,150,-1,150,124,127,-1,151,152,153,-1,152,154,153,-1,153,154,155,-1,153,155,156,-1,157,153,158,-1,126,124,157,-1,157,124,123,-1,157,123,153,-1,153,123,159,-1,153,159,151,-1,158,160,157,-1,157,160,161,-1,157,161,162,-1,156,155,163,-1,163,155,164,-1,163,164,165,-1,165,164,166,-1,165,166,167,-1,168,169,162,-1,162,169,170,-1,162,170,157,-1,27,171,28,-1,28,171,172,-1,28,172,88,-1,88,172,173,-1,88,173,89,-1,174,175,176,-1,176,175,177,-1,176,177,178,-1,178,177,179,-1,180,181,182,-1,183,182,184,-1,181,185,182,-1,182,185,186,-1,182,186,174,-1,187,188,175,-1,186,189,174,-1,174,189,190,-1,174,190,175,-1,175,190,191,-1,175,191,187,-1,192,193,183,-1,183,193,194,-1,183,194,195,-1,195,196,183,-1,183,196,197,-1,183,197,182,-1,182,197,198,-1,182,198,180,-1,188,199,175,-1,175,199,200,-1,175,200,201,-1,201,200,202,-1,201,202,203,-1,203,202,204,-1,203,204,192,-1,205,206,207,-1,208,209,210,-1,211,212,203,-1,203,212,210,-1,203,210,201,-1,201,210,209,-1,201,209,207,-1,207,206,201,-1,201,206,213,-1,201,213,214,-1,207,215,205,-1,205,215,216,-1,205,216,217,-1,210,218,208,-1,208,218,219,-1,208,219,220,-1,213,221,214,-1,214,221,222,-1,214,222,223,-1,223,222,224,-1,225,226,227,-1,228,229,211,-1,211,229,230,-1,211,230,212,-1,227,231,225,-1,225,231,232,-1,225,232,233,-1,233,232,234,-1,233,234,228,-1,228,234,224,-1,228,224,229,-1,229,224,222,-1,235,236,237,-1,237,236,238,-1,238,236,239,-1,238,239,240,-1,240,239,241,-1,240,241,242,-1,235,237,243,-1,243,237,244,-1,243,244,245,-1,192,183,203,-1,203,183,246,-1,203,246,247,-1,248,249,250,-1,250,249,251,-1,252,253,254,-1,254,253,255,-1,255,253,256,-1,255,256,257,-1,254,258,252,-1,252,258,259,-1,252,259,260,-1,256,261,257,-1,257,261,262,-1,257,262,263,-1,264,265,266,-1,250,256,248,-1,248,256,253,-1,248,253,267,-1,267,253,268,-1,267,268,266,-1,266,268,269,-1,266,269,264,-1,251,249,270,-1,270,249,271,-1,270,271,264,-1,272,273,274,-1,275,272,276,-1,276,272,274,-1,276,274,8,-1,8,274,277,-1,8,277,278,-1,278,277,279,-1,278,279,280,-1,280,279,281,-1,280,281,282,-1,283,284,76,-1,76,284,285,-1,285,286,287,-1,288,289,290,-1,291,292,74,-1,74,292,293,-1,74,293,294,-1,294,295,74,-1,74,295,296,-1,74,296,76,-1,76,296,297,-1,76,297,283,-1,288,290,298,-1,287,286,290,-1,290,286,299,-1,290,299,298,-1,300,301,302,-1,303,301,304,-1,300,302,305,-1,306,307,308,-1,309,310,311,-1,312,313,304,-1,304,313,314,-1,304,314,303,-1,315,316,317,-1,316,315,318,-1,319,320,74,-1,74,320,321,-1,74,321,322,-1,323,324,291,-1,291,324,325,-1,317,326,315,-1,315,326,327,-1,315,327,302,-1,302,327,328,-1,302,328,305,-1,307,329,308,-1,308,329,330,-1,308,330,331,-1,322,332,74,-1,74,332,333,-1,74,333,334,-1,325,335,291,-1,291,335,336,-1,291,336,303,-1,336,337,303,-1,303,337,338,-1,303,338,301,-1,301,338,339,-1,301,339,302,-1,340,341,311,-1,311,341,318,-1,311,318,309,-1,309,318,315,-1,310,342,311,-1,311,342,343,-1,311,343,308,-1,308,343,344,-1,308,344,306,-1,334,345,74,-1,74,345,346,-1,74,346,291,-1,291,346,347,-1,291,347,323,-1,311,348,340,-1,340,348,349,-1,340,349,350,-1,350,351,340,-1,340,351,352,-1,340,352,353,-1,354,355,356,-1,356,357,354,-1,354,357,358,-1,354,358,359,-1,359,358,360,-1,361,362,360,-1,360,362,363,-1,360,363,359,-1,361,360,364,-1,364,360,365,-1,364,365,366,-1,367,368,369,-1,369,368,370,-1,371,372,355,-1,355,372,373,-1,355,373,374,-1,370,375,369,-1,369,375,376,-1,369,376,355,-1,355,376,377,-1,355,377,371,-1,378,379,356,-1,356,379,380,-1,356,380,381,-1,381,380,382,-1,381,382,383,-1,383,382,384,-1,385,386,387,-1,388,389,390,-1,374,391,355,-1,355,391,392,-1,355,392,356,-1,356,392,393,-1,356,393,378,-1,394,395,388,-1,388,395,396,-1,388,396,389,-1,397,398,399,-1,399,398,400,-1,399,400,386,-1,386,400,401,-1,386,401,387,-1,394,402,395,-1,395,402,403,-1,395,403,399,-1,399,403,404,-1,399,404,397,-1,405,406,407,-1,407,406,408,-1,407,408,382,-1,382,408,409,-1,382,409,384,-1,387,410,385,-1,385,410,411,-1,385,411,407,-1,407,411,412,-1,407,412,405,-1,413,414,369,-1,369,414,415,-1,369,415,367,-1,390,413,388,-1,388,413,369,-1,388,369,416,-1,416,369,417,-1,416,417,418,-1,418,417,419,-1,420,421,422,-1,423,424,425,-1,420,422,425,-1,425,422,426,-1,425,426,423,-1,10,9,271,-1,271,9,427,-1,271,427,428,-1,429,430,431,-1,431,430,265,-1,431,265,432,-1,432,265,433,-1,264,271,265,-1,265,271,428,-1,265,428,433,-1,433,428,434,-1,433,434,435,-1,435,434,436,-1,435,436,437,-1,438,439,440,-1,440,439,435,-1,440,435,441,-1,437,442,435,-1,435,442,443,-1,435,443,444,-1,445,446,435,-1,435,446,447,-1,435,447,441,-1,448,449,450,-1,451,452,440,-1,440,452,453,-1,440,453,438,-1,444,454,435,-1,435,454,455,-1,435,455,445,-1,448,450,440,-1,440,450,456,-1,440,456,451,-1,457,458,459,-1,459,458,11,-1,460,461,278,-1,6,8,462,-1,463,464,8,-1,461,465,278,-1,278,465,466,-1,278,466,467,-1,464,468,8,-1,8,468,469,-1,8,469,462,-1,429,470,430,-1,430,470,471,-1,430,471,278,-1,278,471,472,-1,278,472,460,-1,467,473,278,-1,278,473,474,-1,278,474,8,-1,8,474,475,-1,8,475,463,-1,476,477,478,-1,478,477,479,-1,480,481,482,-1,482,481,483,-1,482,483,476,-1,484,485,486,-1,486,485,476,-1,486,476,487,-1,487,476,483,-1,487,483,488,-1,488,483,489,-1,490,28,491,-1,491,28,88,-1,491,88,479,-1,479,88,20,-1,479,20,478,-1,275,492,493,-1,493,492,38,-1,493,38,494,-1,494,38,30,-1,494,30,282,-1,282,30,28,-1,282,28,280,-1,280,28,490,-1,280,490,480,-1,5,495,496,-1,496,495,497,-1,498,495,499,-1,499,495,5,-1,499,5,500,-1,500,5,4,-1,501,502,503,-1,504,505,506,-1,506,505,507,-1,506,507,501,-1,501,507,508,-1,501,508,502,-1,509,510,511,-1,511,510,512,-1,511,512,513,-1,514,515,516,-1,514,516,223,-1,515,517,516,-1,516,517,518,-1,516,518,506,-1,506,518,519,-1,506,519,504,-1,520,521,522,-1,523,1,524,-1,524,1,0,-1,524,0,525,-1,526,521,527,-1,527,521,520,-1,527,520,528,-1,529,2,530,-1,530,2,1,-1,530,1,531,-1,531,1,523,-1,531,523,532,-1,533,534,535,-1,535,534,526,-1,535,526,536,-1,536,526,527,-1,536,527,184,-1,184,527,528,-1,184,528,183,-1,183,528,14,-1,183,14,246,-1,246,14,13,-1,522,525,520,-1,520,525,0,-1,520,0,528,-1,528,0,2,-1,528,2,14,-1,14,2,529,-1,14,529,12,-1,12,529,242,-1,12,242,537,-1,537,242,241,-1,223,516,214,-1,214,516,538,-1,214,538,201,-1,201,538,534,-1,201,534,175,-1,175,534,533,-1,175,533,177,-1,240,539,540,-1,541,542,238,-1,238,542,543,-1,238,543,544,-1,248,545,240,-1,240,545,546,-1,240,546,539,-1,547,548,240,-1,240,548,549,-1,240,549,238,-1,238,549,550,-1,238,550,541,-1,544,551,238,-1,238,551,552,-1,238,552,267,-1,267,552,553,-1,267,553,248,-1,248,553,554,-1,248,554,545,-1,540,555,240,-1,240,555,556,-1,240,556,547,-1,557,558,559,-1,559,558,560,-1,561,562,563,-1,564,565,563,-1,566,567,568,-1,568,567,569,-1,568,569,570,-1,568,571,559,-1,559,571,572,-1,559,572,557,-1,573,574,560,-1,564,563,575,-1,570,576,568,-1,568,576,577,-1,568,577,571,-1,578,579,496,-1,496,579,580,-1,496,580,581,-1,574,578,560,-1,560,578,496,-1,560,496,559,-1,559,496,497,-1,559,497,228,-1,228,497,582,-1,228,582,233,-1,581,583,496,-1,496,583,584,-1,496,584,585,-1,586,587,588,-1,588,587,589,-1,588,589,563,-1,563,589,590,-1,563,590,575,-1,585,591,496,-1,496,591,592,-1,496,592,561,-1,561,592,593,-1,561,593,562,-1,586,594,587,-1,587,594,595,-1,587,595,596,-1,596,595,597,-1,596,598,599,-1,597,600,596,-1,596,600,601,-1,596,601,602,-1,603,604,605,-1,605,604,606,-1,605,606,607,-1,605,608,603,-1,603,608,609,-1,603,609,610,-1,602,611,596,-1,596,611,612,-1,596,612,598,-1,599,613,596,-1,596,613,614,-1,596,614,615,-1,610,616,603,-1,603,616,617,-1,603,617,618,-1,618,617,619,-1,618,619,620,-1,620,619,621,-1,620,621,560,-1,560,621,622,-1,560,622,573,-1,623,624,607,-1,607,624,625,-1,607,625,605,-1,11,10,459,-1,459,10,271,-1,459,271,626,-1,626,271,249,-1,626,249,627,-1,627,249,248,-1,627,248,628,-1,628,248,240,-1,628,240,629,-1,629,240,242,-1,629,242,630,-1,630,242,529,-1,630,529,631,-1,631,529,530,-1,631,530,632,-1,632,530,531,-1,632,531,633,-1,633,531,532,-1,633,532,634,-1,635,636,637,-1,637,636,638,-1,637,638,639,-1,640,641,642,-1,643,644,640,-1,565,566,563,-1,563,566,568,-1,563,568,561,-1,561,568,640,-1,561,640,645,-1,645,640,642,-1,645,642,646,-1,647,648,637,-1,637,648,649,-1,637,649,635,-1,643,640,650,-1,644,651,640,-1,640,651,652,-1,640,652,641,-1,653,654,655,-1,656,657,658,-1,658,657,659,-1,658,659,640,-1,640,659,660,-1,640,660,650,-1,661,662,653,-1,653,662,663,-1,653,663,654,-1,664,665,666,-1,666,665,667,-1,666,667,668,-1,668,667,669,-1,670,671,669,-1,669,671,672,-1,669,672,668,-1,655,673,653,-1,653,673,674,-1,653,674,666,-1,666,674,675,-1,666,675,664,-1,646,637,645,-1,645,637,639,-1,645,639,653,-1,653,639,676,-1,653,676,661,-1,677,678,669,-1,669,678,679,-1,669,679,680,-1,680,681,669,-1,669,681,682,-1,669,682,670,-1,476,478,482,-1,482,478,653,-1,482,653,658,-1,658,653,666,-1,658,666,656,-1,480,482,280,-1,280,482,658,-1,280,658,278,-1,278,658,640,-1,278,640,430,-1,430,640,568,-1,430,568,265,-1,265,568,559,-1,265,559,266,-1,266,559,228,-1,266,228,267,-1,267,228,211,-1,267,211,238,-1,238,211,203,-1,238,203,237,-1,237,203,247,-1,237,247,244,-1,275,276,492,-1,492,276,8,-1,492,8,683,-1,683,8,7,-1,683,7,459,-1,459,7,684,-1,459,684,457,-1,285,287,76,-1,76,287,685,-1,76,685,686,-1,686,685,687,-1,686,687,688,-1,688,687,689,-1,688,689,690,-1,690,689,691,-1,690,691,692,-1,692,691,693,-1,692,693,694,-1,694,693,695,-1,694,695,696,-1,696,695,697,-1,696,697,698,-1,698,697,699,-1,698,699,700,-1,700,699,421,-1,700,421,417,-1,417,421,420,-1,417,420,419,-1,77,76,83,-1,83,76,686,-1,83,686,701,-1,701,686,688,-1,701,688,702,-1,702,688,690,-1,702,690,703,-1,703,690,692,-1,703,692,704,-1,704,692,694,-1,704,694,501,-1,501,694,696,-1,501,696,506,-1,506,696,698,-1,506,698,516,-1,516,698,700,-1,516,700,538,-1,538,700,417,-1,538,417,534,-1,534,417,369,-1,534,369,526,-1,526,369,355,-1,526,355,521,-1,521,355,354,-1,521,354,522,-1,511,3,509,-1,509,3,5,-1,509,5,503,-1,503,5,496,-1,503,496,501,-1,501,496,561,-1,501,561,704,-1,704,561,645,-1,704,645,703,-1,703,645,653,-1,703,653,702,-1,702,653,478,-1,702,478,701,-1,701,478,20,-1,701,20,83,-1,83,20,19,-1,83,19,81,-1,36,38,43,-1,43,38,492,-1,43,492,705,-1,705,492,683,-1,705,683,706,-1,706,683,459,-1,706,459,707,-1,707,459,626,-1,707,626,708,-1,708,626,627,-1,708,627,709,-1,709,627,628,-1,709,628,710,-1,710,628,629,-1,710,629,711,-1,711,629,630,-1,711,630,712,-1,712,630,631,-1,712,631,713,-1,713,631,632,-1,713,632,714,-1,714,632,633,-1,714,633,715,-1,715,633,634,-1,715,634,716,-1,41,717,26,-1,26,717,718,-1,26,718,45,-1,45,718,719,-1,45,719,23,-1,23,719,720,-1,23,720,57,-1,57,720,721,-1,57,721,63,-1,63,721,722,-1,63,722,70,-1,70,722,723,-1,70,723,74,-1,74,723,308,-1,74,308,319,-1,319,308,331,-1,724,725,726,-1,724,726,727,-1,727,726,728,-1,727,728,729,-1,729,728,730,-1,729,730,731,-1,731,730,732,-1,731,732,733,-1,733,732,734,-1,733,734,735,-1,735,734,736,-1,736,734,737,-1,738,739,740,-1,740,739,741,-1,740,741,742,-1,742,741,743,-1,742,743,744,-1,744,743,745,-1,744,745,746,-1,746,745,747,-1,746,747,748,-1,748,747,749,-1,750,739,751,-1,751,739,738,-1,736,737,752,-1,752,737,753,-1,752,753,754,-1,754,753,755,-1,754,755,756,-1,756,755,757,-1,756,757,758,-1,758,757,759,-1,758,759,760,-1,760,759,761,-1,761,762,763,-1,764,760,765,-1,765,760,761,-1,765,761,766,-1,766,761,763,-1,764,767,760,-1,760,767,768,-1,760,768,769,-1,769,768,770,-1,769,770,771,-1,771,770,772,-1,771,772,773,-1,774,775,776,-1,762,761,777,-1,777,761,778,-1,777,778,779,-1,779,778,780,-1,779,780,781,-1,781,780,782,-1,781,782,783,-1,774,776,784,-1,785,786,773,-1,773,786,787,-1,783,788,781,-1,781,788,789,-1,781,789,790,-1,790,789,791,-1,790,791,776,-1,776,791,792,-1,776,792,784,-1,787,793,773,-1,773,793,794,-1,773,794,771,-1,773,795,785,-1,785,795,796,-1,785,796,797,-1,797,798,785,-1,785,798,799,-1,785,799,800,-1,771,801,769,-1,769,801,802,-1,803,804,805,-1,805,806,803,-1,803,806,807,-1,803,807,808,-1,808,807,809,-1,804,803,801,-1,801,803,810,-1,801,810,802,-1,802,810,811,-1,802,811,812,-1,812,811,813,-1,812,813,814,-1,814,815,812,-1,812,815,816,-1,812,816,817,-1,817,816,818,-1,818,819,817,-1,817,819,820,-1,817,820,821,-1,821,820,822,-1,821,822,823,-1,823,822,824,-1,823,824,825,-1,826,827,825,-1,825,827,828,-1,825,828,829,-1,830,831,832,-1,832,831,833,-1,832,833,809,-1,809,833,834,-1,809,834,808,-1,829,835,825,-1,825,835,836,-1,825,836,823,-1,837,838,825,-1,825,838,839,-1,839,840,825,-1,825,840,841,-1,825,841,826,-1,812,817,842,-1,812,842,843,-1,843,842,844,-1,843,844,845,-1,845,844,846,-1,845,846,847,-1,847,846,848,-1,847,848,849,-1,849,848,750,-1,849,750,751,-1,778,821,780,-1,780,821,823,-1,801,771,804,-1,804,771,794,-1,836,782,823,-1,823,782,780,-1,828,789,788,-1,828,788,829,-1,829,788,783,-1,829,783,835,-1,791,789,827,-1,827,789,828,-1,791,827,826,-1,791,826,792,-1,792,826,841,-1,792,841,784,-1,784,841,840,-1,784,840,774,-1,774,840,839,-1,774,839,775,-1,775,839,838,-1,775,838,776,-1,838,837,776,-1,776,837,790,-1,790,837,781,-1,781,837,825,-1,803,773,810,-1,810,773,772,-1,810,772,811,-1,811,772,770,-1,811,770,813,-1,813,770,768,-1,813,768,814,-1,814,768,767,-1,814,767,815,-1,815,767,764,-1,815,764,816,-1,816,764,765,-1,803,808,773,-1,773,808,795,-1,796,795,834,-1,834,795,808,-1,796,834,833,-1,796,833,797,-1,797,833,831,-1,797,831,798,-1,798,831,830,-1,798,830,799,-1,799,830,832,-1,799,832,800,-1,800,832,809,-1,800,809,785,-1,809,807,785,-1,785,807,786,-1,804,794,793,-1,804,793,805,-1,805,793,787,-1,805,787,806,-1,806,787,786,-1,806,786,807,-1,850,851,852,-1,852,851,853,-1,854,855,856,-1,854,856,857,-1,857,856,858,-1,857,858,859,-1,859,858,860,-1,859,860,861,-1,861,860,862,-1,861,862,863,-1,863,862,852,-1,863,852,853,-1,864,865,854,-1,854,865,855,-1,866,867,868,-1,866,868,869,-1,869,868,870,-1,869,870,871,-1,871,870,865,-1,871,865,864,-1,866,872,867,-1,867,872,873,-1,874,875,876,-1,876,875,877,-1,878,879,880,-1,878,880,881,-1,881,880,882,-1,881,882,883,-1,879,878,884,-1,884,878,885,-1,886,887,888,-1,886,888,889,-1,889,888,890,-1,889,890,891,-1,891,890,892,-1,891,892,893,-1,893,892,894,-1,893,894,895,-1,895,894,884,-1,895,884,885,-1,896,897,886,-1,886,897,887,-1,898,897,899,-1,899,897,896,-1,898,899,900,-1,900,899,901,-1,900,901,902,-1,902,901,903,-1,902,903,904,-1,904,903,905,-1,904,905,906,-1,906,905,907,-1,906,907,908,-1,908,907,909,-1,908,909,910,-1,910,909,911,-1,851,850,912,-1,912,850,913,-1,873,872,914,-1,914,872,915,-1,916,917,918,-1,916,918,919,-1,919,918,920,-1,919,920,921,-1,921,920,922,-1,921,922,923,-1,923,922,924,-1,923,924,925,-1,925,924,926,-1,925,926,927,-1,867,873,913,-1,928,929,927,-1,927,929,914,-1,914,929,930,-1,914,930,873,-1,873,930,931,-1,873,931,913,-1,882,880,898,-1,898,880,879,-1,898,879,897,-1,897,879,884,-1,897,884,887,-1,926,904,906,-1,906,908,926,-1,926,908,910,-1,926,910,927,-1,927,910,932,-1,927,932,928,-1,904,926,902,-1,902,926,933,-1,902,933,900,-1,900,933,876,-1,900,876,898,-1,898,876,877,-1,898,877,882,-1,892,890,888,-1,913,850,852,-1,887,884,888,-1,888,884,894,-1,888,894,892,-1,865,870,913,-1,913,870,868,-1,913,868,867,-1,852,862,913,-1,913,862,860,-1,913,860,858,-1,858,856,913,-1,913,856,855,-1,913,855,865,-1,933,934,876,-1,876,934,874,-1,935,936,937,-1,909,938,911,-1,911,938,935,-1,911,935,939,-1,939,935,937,-1,909,907,938,-1,938,907,905,-1,938,905,934,-1,934,905,903,-1,934,903,874,-1,874,903,901,-1,874,901,899,-1,899,896,886,-1,899,878,881,-1,936,935,940,-1,940,935,915,-1,940,915,941,-1,941,915,872,-1,941,872,912,-1,912,872,866,-1,912,866,869,-1,893,895,899,-1,899,895,885,-1,899,885,878,-1,881,883,899,-1,899,883,875,-1,899,875,874,-1,869,871,912,-1,912,871,864,-1,912,864,854,-1,886,889,899,-1,899,889,891,-1,899,891,893,-1,854,857,912,-1,912,857,859,-1,912,859,861,-1,861,863,912,-1,912,863,853,-1,912,853,851,-1,935,938,942,-1,942,938,943,-1,942,943,944,-1,944,943,945,-1,944,945,946,-1,946,945,947,-1,946,947,948,-1,948,947,949,-1,948,949,950,-1,950,949,951,-1,951,952,950,-1,950,952,953,-1,954,955,916,-1,916,955,917,-1,956,957,958,-1,958,957,959,-1,958,959,960,-1,960,959,961,-1,960,961,962,-1,962,961,963,-1,962,963,964,-1,964,963,965,-1,964,965,954,-1,954,965,955,-1,953,952,966,-1,953,966,967,-1,967,966,968,-1,967,968,969,-1,969,968,970,-1,969,970,971,-1,971,970,972,-1,971,972,973,-1,973,972,974,-1,973,974,975,-1,976,977,978,-1,978,977,979,-1,980,977,981,-1,981,977,976,-1,982,983,984,-1,982,984,985,-1,985,984,986,-1,985,986,987,-1,987,986,988,-1,987,988,989,-1,989,988,990,-1,989,990,991,-1,991,990,980,-1,991,980,981,-1,982,992,983,-1,983,992,993,-1,993,992,994,-1,993,994,995,-1,995,994,996,-1,995,996,997,-1,998,999,1000,-1,1000,999,1001,-1,1002,1003,1004,-1,1004,1003,1005,-1,1004,1005,1006,-1,1004,1006,1007,-1,1007,1006,1008,-1,1007,1008,1009,-1,1009,1008,1010,-1,1009,1010,1011,-1,1012,1011,1013,-1,1013,1011,1010,-1,1014,1015,1016,-1,1014,1016,1017,-1,1017,1016,1018,-1,1017,1018,1019,-1,1019,1018,1020,-1,1019,1020,1021,-1,1021,1020,1022,-1,1021,1022,1023,-1,1023,1022,1012,-1,1023,1012,1013,-1,1014,1024,1015,-1,1015,1024,1025,-1,1026,1025,1027,-1,1027,1025,1024,-1,1026,1027,1028,-1,1028,1027,1029,-1,1028,1029,1030,-1,1030,1029,1031,-1,1030,1031,1032,-1,1032,1031,1033,-1,1032,1033,1034,-1,1034,1033,1035,-1,1034,1035,1036,-1,1036,1035,1037,-1,1036,1037,1038,-1,1038,1037,1039,-1,1038,1039,1040,-1,1040,1039,1041,-1,1040,1041,1042,-1,1042,1041,1043,-1,1042,1043,1044,-1,1044,1043,1045,-1,1044,1045,1046,-1,1046,1045,1047,-1,1046,1047,1048,-1,1048,1047,1049,-1,1048,1049,979,-1,979,1049,978,-1,1050,1051,1001,-1,1001,1051,1000,-1,1052,1053,1054,-1,1052,1054,1055,-1,1055,1054,1056,-1,1055,1056,1057,-1,1057,1056,1058,-1,1057,1058,1059,-1,1059,1058,1060,-1,1059,1060,1061,-1,1061,1060,1062,-1,1061,1062,1063,-1,1052,1032,1034,-1,1007,1009,1026,-1,1026,1009,1011,-1,1026,1011,1025,-1,1025,1011,1012,-1,1025,1012,1015,-1,1032,1052,1030,-1,1030,1052,1064,-1,1030,1064,1028,-1,1028,1064,1002,-1,1028,1002,1026,-1,1026,1002,1004,-1,1026,1004,1007,-1,984,983,979,-1,979,983,993,-1,979,993,995,-1,1020,1018,1016,-1,1040,1053,1038,-1,1038,1053,1052,-1,1038,1052,1036,-1,1036,1052,1034,-1,1040,1042,1053,-1,1053,1042,1044,-1,1053,1044,1051,-1,1051,1044,1046,-1,1051,1046,1000,-1,1000,1046,1048,-1,1000,1048,979,-1,995,997,979,-1,979,997,998,-1,979,998,1000,-1,977,980,979,-1,979,980,990,-1,1015,1012,1016,-1,1016,1012,1022,-1,1016,1022,1020,-1,990,988,979,-1,979,988,986,-1,979,986,984,-1,1003,1002,1065,-1,1065,1002,1064,-1,1005,1003,1027,-1,1045,1043,1066,-1,1043,1041,1066,-1,1066,1041,1039,-1,1066,1039,1067,-1,1067,1039,1037,-1,989,991,981,-1,1037,1035,1067,-1,1067,1035,1033,-1,1067,1033,1065,-1,1065,1033,1031,-1,1065,1031,1003,-1,1003,1031,1029,-1,1003,1029,1027,-1,1045,1066,1047,-1,1047,1066,1050,-1,1047,1050,1049,-1,1049,1050,1001,-1,1049,1001,978,-1,978,1001,999,-1,978,999,996,-1,989,981,987,-1,1013,1010,1027,-1,996,994,978,-1,978,994,992,-1,978,992,976,-1,976,992,982,-1,976,982,981,-1,981,982,985,-1,981,985,987,-1,1010,1008,1027,-1,1027,1008,1006,-1,1027,1006,1005,-1,1027,1024,1013,-1,1013,1024,1014,-1,1013,1014,1017,-1,1017,1019,1013,-1,1013,1019,1021,-1,1013,1021,1023,-1,1068,1069,1070,-1,1070,1069,1071,-1,1070,1071,1072,-1,1072,1071,1073,-1,1072,1073,1074,-1,1074,1073,1075,-1,1074,1075,1076,-1,1076,1075,1077,-1,1076,1077,1067,-1,1067,1077,1066,-1,1062,1078,1063,-1,1063,1078,1079,-1,1079,1078,1080,-1,1080,1078,1081,-1,1080,1081,1082,-1,1082,1081,1083,-1,1082,1083,1084,-1,1084,1083,1085,-1,1084,1085,1086,-1,1086,1085,1087,-1,1086,1087,312,-1,312,1087,313,-1,1088,1089,1068,-1,1068,1089,1069,-1,1090,1091,1092,-1,1090,1092,1093,-1,1093,1092,1094,-1,1093,1094,1095,-1,1095,1094,1096,-1,1095,1096,1097,-1,1097,1096,1098,-1,1097,1098,1099,-1,1099,1098,1089,-1,1099,1089,1088,-1,1100,1101,1102,-1,1102,1101,1103,-1,1104,1105,1106,-1,1104,1106,1107,-1,1107,1106,1108,-1,1107,1108,1109,-1,1105,1104,1110,-1,1110,1104,1111,-1,1112,1113,1114,-1,1112,1114,1115,-1,1115,1114,1116,-1,1115,1116,1117,-1,1117,1116,1118,-1,1117,1118,1119,-1,1119,1118,1120,-1,1119,1120,1121,-1,1121,1120,1110,-1,1121,1110,1111,-1,1122,1123,1112,-1,1112,1123,1113,-1,1124,1123,1125,-1,1125,1123,1122,-1,1124,1125,1126,-1,1126,1125,1127,-1,1126,1127,1128,-1,1128,1127,1129,-1,1128,1129,1130,-1,1130,1129,1131,-1,1130,1131,1132,-1,1132,1131,1133,-1,1132,1133,1134,-1,1134,1133,1135,-1,1134,1135,1136,-1,1136,1135,1137,-1,1136,1137,1138,-1,1138,1137,1139,-1,1138,1139,1140,-1,1140,1139,1141,-1,1140,1141,1142,-1,1142,1141,1143,-1,1142,1143,1144,-1,1144,1143,1145,-1,1144,1145,1146,-1,1146,1145,1147,-1,1146,1147,1148,-1,1148,1147,1149,-1,1150,1151,1149,-1,1149,1151,1148,-1,1151,1150,1152,-1,1152,1150,1153,-1,1154,1155,1156,-1,1154,1156,1157,-1,1157,1156,1158,-1,1157,1158,1159,-1,1159,1158,1160,-1,1159,1160,1161,-1,1161,1160,1162,-1,1161,1162,1163,-1,1163,1162,1152,-1,1163,1152,1153,-1,1164,1165,1154,-1,1154,1165,1155,-1,1166,1167,1168,-1,1166,1168,1169,-1,1169,1168,1170,-1,1169,1170,1171,-1,1171,1170,1165,-1,1171,1165,1164,-1,1166,1172,1167,-1,1167,1172,1173,-1,1173,1172,1174,-1,1174,1172,1175,-1,1176,1177,1178,-1,1176,1178,1179,-1,1179,1178,1180,-1,1179,1180,1181,-1,1181,1180,1182,-1,1181,1182,1183,-1,1183,1182,1184,-1,1183,1184,1185,-1,1185,1184,1186,-1,1185,1186,1187,-1,1186,1130,1132,-1,1108,1106,1124,-1,1124,1106,1105,-1,1124,1105,1123,-1,1123,1105,1110,-1,1123,1110,1113,-1,1138,1187,1136,-1,1136,1187,1186,-1,1136,1186,1134,-1,1134,1186,1132,-1,1138,1140,1187,-1,1187,1140,1142,-1,1187,1142,1174,-1,1174,1142,1144,-1,1174,1144,1173,-1,1173,1144,1146,-1,1173,1146,1148,-1,1148,1151,1152,-1,1148,1165,1170,-1,1130,1186,1128,-1,1128,1186,1188,-1,1128,1188,1126,-1,1126,1188,1102,-1,1126,1102,1124,-1,1124,1102,1103,-1,1124,1103,1108,-1,1118,1116,1114,-1,1170,1168,1148,-1,1148,1168,1167,-1,1148,1167,1173,-1,1113,1110,1114,-1,1114,1110,1120,-1,1114,1120,1118,-1,1152,1162,1148,-1,1148,1162,1160,-1,1148,1160,1158,-1,1158,1156,1148,-1,1148,1156,1155,-1,1148,1155,1165,-1,1188,1189,1102,-1,1102,1189,1100,-1,1153,1150,1149,-1,1190,1133,1131,-1,1190,1131,1189,-1,1189,1131,1129,-1,1189,1129,1100,-1,1100,1129,1127,-1,1100,1127,1125,-1,1166,1149,1172,-1,1172,1149,1147,-1,1172,1147,1175,-1,1175,1147,1145,-1,1175,1145,1191,-1,1191,1145,1143,-1,1191,1143,1141,-1,1141,1139,1191,-1,1191,1139,1137,-1,1191,1137,1190,-1,1190,1137,1135,-1,1190,1135,1133,-1,1166,1169,1149,-1,1149,1169,1171,-1,1149,1171,1164,-1,1121,1111,1125,-1,1125,1111,1104,-1,1125,1104,1107,-1,1107,1109,1125,-1,1125,1109,1101,-1,1125,1101,1100,-1,1164,1154,1149,-1,1149,1154,1157,-1,1149,1157,1159,-1,1122,1112,1125,-1,1125,1112,1115,-1,1159,1161,1149,-1,1149,1161,1163,-1,1149,1163,1153,-1,1115,1117,1125,-1,1125,1117,1119,-1,1125,1119,1121,-1,1191,1190,1192,-1,1192,1190,1193,-1,1192,1193,1194,-1,1194,1193,1195,-1,1194,1195,1196,-1,1196,1195,1197,-1,1196,1197,1198,-1,1198,1197,1199,-1,1198,1199,1200,-1,1200,1199,1201,-1,1201,1202,1200,-1,1200,1202,1203,-1,1204,1205,1176,-1,1176,1205,1177,-1,410,387,1206,-1,1206,387,1207,-1,1206,1207,1208,-1,1208,1207,1209,-1,1208,1209,1210,-1,1210,1209,1211,-1,1210,1211,1212,-1,1212,1211,1213,-1,1212,1213,1204,-1,1204,1213,1205,-1,1203,1202,1214,-1,1203,1214,1215,-1,1215,1214,1216,-1,1215,1216,1217,-1,1217,1216,1218,-1,1217,1218,1219,-1,1219,1218,1220,-1,1219,1220,1221,-1,1221,1220,1222,-1,1221,1222,1223,-1,1224,1225,1223,-1,1226,1227,1228,-1,1229,1230,1231,-1,1232,1233,1234,-1,1234,1233,1235,-1,1236,1237,1238,-1,1238,1237,1239,-1,1238,1239,1240,-1,1229,1241,1242,-1,1243,1244,1245,-1,1246,1247,1090,-1,1090,1247,1248,-1,1249,1250,1251,-1,1251,1250,1252,-1,1251,1252,1225,-1,1225,1252,1253,-1,1225,1253,1223,-1,1254,1255,1242,-1,1242,1255,1256,-1,1242,1256,1229,-1,1229,1256,1257,-1,1229,1257,1230,-1,1231,1258,1229,-1,1229,1258,1259,-1,1229,1259,1234,-1,1234,1259,1260,-1,1234,1260,1232,-1,1261,1262,1090,-1,1090,1262,1263,-1,1223,1222,1224,-1,1224,1222,1264,-1,1224,1264,1265,-1,1265,1264,1266,-1,1265,1266,1267,-1,1235,1268,1234,-1,1234,1268,1269,-1,1234,1269,1228,-1,1228,1269,1270,-1,1228,1270,1226,-1,1271,1272,1228,-1,1273,1274,1275,-1,1263,1276,1090,-1,1090,1276,1277,-1,1090,1277,1245,-1,1245,1244,1090,-1,1090,1244,1278,-1,1090,1278,1246,-1,1248,1279,1090,-1,1090,1279,1280,-1,1090,1280,1091,-1,1254,1281,1255,-1,1255,1281,1282,-1,1255,1282,1251,-1,1251,1282,1283,-1,1251,1283,1249,-1,1271,1228,1284,-1,1274,1285,1275,-1,1275,1285,1286,-1,1275,1286,1287,-1,1239,1288,1240,-1,1240,1288,1289,-1,1240,1289,1245,-1,1245,1289,1290,-1,1245,1290,1243,-1,1272,1291,1228,-1,1228,1291,1292,-1,1228,1292,1275,-1,1275,1292,1293,-1,1275,1293,1273,-1,1267,1294,1265,-1,1265,1294,1295,-1,1265,1295,1238,-1,1238,1295,1296,-1,1238,1296,1236,-1,1297,1298,1228,-1,1299,1275,1300,-1,1300,1275,1287,-1,1300,1287,1301,-1,1301,1287,1302,-1,1303,1090,1304,-1,1304,1090,1305,-1,1304,1305,1306,-1,1306,1305,1307,-1,1306,1307,1308,-1,1308,1309,1306,-1,1306,1309,1310,-1,1306,1310,1287,-1,1287,1310,1311,-1,1287,1311,1302,-1,1312,1313,1261,-1,1298,1314,1228,-1,1228,1314,1315,-1,1228,1315,1284,-1,1303,1316,1090,-1,1090,1316,1317,-1,1090,1317,1261,-1,1261,1317,1318,-1,1261,1318,1312,-1,1313,1319,1261,-1,1261,1319,1320,-1,1261,1320,1227,-1,1227,1320,1321,-1,1227,1321,1322,-1,1322,1323,1227,-1,1227,1323,1324,-1,1227,1324,1228,-1,1228,1324,1325,-1,1228,1325,1297,-1,1326,1327,1328,-1,1328,1327,1329,-1,1328,1329,1330,-1,1330,1329,1331,-1,1330,1331,1332,-1,1332,1331,1333,-1,1332,1333,1334,-1,1334,1333,1335,-1,1334,1335,1336,-1,1336,1335,1337,-1,1336,1337,1338,-1,1338,1337,1339,-1,1338,1339,1234,-1,1234,1339,1229,-1,1228,1275,1340,-1,1340,1275,1341,-1,1340,1341,1342,-1,1342,1341,1343,-1,1342,1343,1344,-1,1344,1343,1345,-1,1344,1345,1346,-1,1346,1345,1347,-1,1346,1347,1348,-1,1348,1347,1349,-1,1348,1349,1350,-1,1350,1349,1351,-1,1350,1351,1352,-1,1352,1351,1353,-1,1354,1355,1356,-1,1356,1355,1357,-1,1356,1357,1358,-1,1358,1357,1359,-1,1358,1359,1360,-1,1360,1359,1361,-1,1360,1361,1362,-1,1362,1361,1363,-1,1362,1363,1364,-1,1364,1363,1365,-1,1364,1365,1366,-1,1366,1365,1367,-1,1366,1367,1368,-1,1368,1367,1369,-1,1370,1371,1372,-1,1372,1371,1373,-1,634,532,1374,-1,1375,716,634,-1,532,523,1374,-1,1374,523,524,-1,1374,524,525,-1,525,522,1374,-1,1374,522,354,-1,1374,354,359,-1,634,1374,1375,-1,1375,1374,1376,-1,1375,1376,1377,-1,1377,1376,1378,-1,1377,1378,1379,-1,1379,1378,1380,-1,1379,1380,1381,-1,1381,1380,1382,-1,1381,1382,1383,-1,1383,1382,1384,-1,1383,1384,1385,-1,1385,1384,1372,-1,1385,1372,1373,-1,1386,1387,1388,-1,1386,1388,1389,-1,1389,1388,1390,-1,1389,1390,1391,-1,1391,1390,1392,-1,1391,1392,1393,-1,1393,1392,1394,-1,1393,1394,1395,-1,1395,1394,1396,-1,1395,1396,1397,-1,1397,1396,1398,-1,1397,1398,1399,-1,311,308,1398,-1,1398,308,723,-1,723,722,1398,-1,1398,722,721,-1,1398,721,720,-1,720,719,1398,-1,1398,719,718,-1,1398,718,1399,-1,1399,718,717,-1,1387,1386,1400,-1,1400,1386,1401,-1,1402,1403,1404,-1,1402,1404,1405,-1,1405,1404,1406,-1,1405,1406,1407,-1,1407,1406,1408,-1,1407,1408,1409,-1,1409,1408,1410,-1,1409,1410,1411,-1,1411,1410,1412,-1,1411,1412,1413,-1,1413,1412,1414,-1,1413,1414,1415,-1,1415,1414,1400,-1,1415,1400,1401,-1,1371,1370,1416,-1,1371,1416,1417,-1,1417,1416,1418,-1,1417,1418,1419,-1,1419,1418,1420,-1,1419,1420,1421,-1,1421,1420,1422,-1,1421,1422,1423,-1,1423,1422,1424,-1,1423,1424,1425,-1,1425,1424,1426,-1,1425,1426,1427,-1,1427,1426,1428,-1,1427,1428,1429,-1,1430,1431,1432,-1,1432,1431,1433,-1,1434,1435,1436,-1,1436,1437,1434,-1,1434,1437,1438,-1,1434,1438,1439,-1,1438,1440,1439,-1,1439,1440,1441,-1,1439,1441,1442,-1,1441,1443,1442,-1,1442,1443,1444,-1,1442,1444,1445,-1,1444,1446,1445,-1,1445,1446,1447,-1,1445,1447,1448,-1,1447,1449,1448,-1,1448,1449,1450,-1,1448,1450,1433,-1,1433,1450,1451,-1,1433,1451,1432,-1,1368,1326,1452,-1,1452,1326,1453,-1,1352,1436,1454,-1,1454,1436,1435,-1,1352,1454,1455,-1,1455,1454,1456,-1,1455,1456,1457,-1,1457,1456,1458,-1,1457,1458,1459,-1,1459,1458,1460,-1,1459,1460,1461,-1,1461,1460,1462,-1,1461,1462,1342,-1,1342,1462,1463,-1,1342,1463,1464,-1,1464,1463,1465,-1,1464,1465,1228,-1,1228,1465,1466,-1,1234,1467,1468,-1,1468,1467,1469,-1,1468,1469,1336,-1,1336,1469,1470,-1,1336,1470,1471,-1,1471,1470,1472,-1,1471,1472,1473,-1,1473,1472,1474,-1,1473,1474,1475,-1,1475,1474,1476,-1,1475,1476,1477,-1,1477,1476,1478,-1,1477,1478,1326,-1,1326,1478,1453,-1,1368,1452,1479,-1,1479,1452,1480,-1,1479,1480,1481,-1,1481,1480,1482,-1,1481,1482,1483,-1,1483,1482,1484,-1,1483,1484,1485,-1,1485,1484,1486,-1,1485,1486,1487,-1,1487,1486,1488,-1,1487,1488,1489,-1,1489,1488,1490,-1,1489,1490,1354,-1,1354,1490,1491,-1,1430,1492,1431,-1,1431,1492,1493,-1,41,43,1466,-1,1466,43,705,-1,1466,705,1467,-1,705,706,1467,-1,1467,706,707,-1,1467,707,708,-1,711,712,1467,-1,1467,712,713,-1,1467,713,714,-1,714,715,1467,-1,1467,715,716,-1,1467,716,1469,-1,1469,716,1375,-1,1469,1375,1470,-1,1470,1375,1377,-1,1470,1377,1472,-1,1472,1377,1379,-1,1472,1379,1474,-1,1474,1379,1381,-1,1474,1381,1476,-1,1476,1381,1383,-1,1476,1383,1478,-1,1478,1383,1385,-1,1478,1385,1453,-1,1453,1385,1373,-1,1453,1373,1452,-1,1452,1373,1371,-1,1452,1371,1480,-1,1480,1371,1417,-1,1480,1417,1482,-1,1482,1417,1419,-1,1482,1419,1484,-1,1484,1419,1421,-1,1484,1421,1486,-1,1486,1421,1423,-1,1486,1423,1488,-1,1488,1423,1425,-1,1488,1425,1490,-1,1490,1425,1427,-1,1490,1427,1491,-1,1491,1427,1429,-1,1491,1429,1493,-1,1493,1429,1494,-1,1493,1494,1431,-1,1431,1494,1402,-1,1431,1402,1433,-1,1433,1402,1405,-1,1433,1405,1448,-1,1448,1405,1407,-1,1448,1407,1445,-1,1445,1407,1409,-1,1445,1409,1442,-1,1442,1409,1411,-1,1442,1411,1439,-1,1439,1411,1413,-1,1439,1413,1434,-1,1434,1413,1415,-1,1434,1415,1435,-1,1435,1415,1401,-1,1435,1401,1454,-1,1454,1401,1386,-1,1454,1386,1456,-1,1456,1386,1389,-1,1456,1389,1458,-1,1458,1389,1391,-1,1458,1391,1460,-1,1460,1391,1393,-1,1460,1393,1462,-1,1462,1393,1395,-1,1462,1395,1463,-1,1463,1395,1397,-1,1463,1397,1465,-1,1465,1397,1399,-1,1465,1399,1466,-1,1466,1399,717,-1,1466,717,41,-1,708,709,1467,-1,1467,709,710,-1,1467,710,711,-1,1492,1354,1493,-1,1493,1354,1491,-1,1234,1228,1467,-1,1467,1228,1466,-1,1495,1496,1497,-1,1497,1498,1495,-1,1495,1498,1499,-1,1495,1499,1500,-1,1499,1501,1500,-1,1500,1501,1502,-1,1500,1502,1503,-1,1502,1504,1503,-1,1503,1504,1505,-1,1503,1505,1506,-1,1505,1507,1506,-1,1506,1507,1508,-1,1506,1508,1509,-1,1508,1510,1509,-1,1509,1510,1511,-1,1509,1511,1512,-1,1513,1514,1515,-1,1515,1514,1512,-1,1515,1512,1516,-1,1516,1512,1511,-1,1517,1518,1519,-1,1519,1518,1520,-1,1519,1520,1521,-1,1521,1520,1522,-1,1522,1520,1523,-1,1522,1523,1524,-1,1524,1523,1525,-1,1525,1523,1526,-1,1525,1526,1527,-1,1527,1526,1528,-1,1528,1526,1529,-1,1528,1529,1530,-1,1530,1529,1531,-1,1531,1529,1532,-1,1531,1532,1533,-1,1534,1535,1497,-1,1497,1535,1536,-1,1497,1536,1537,-1,1528,1530,1497,-1,1530,1531,1497,-1,1497,1531,1533,-1,1497,1533,1534,-1,1522,1524,1497,-1,1524,1525,1497,-1,1497,1525,1527,-1,1497,1527,1528,-1,1496,1538,1497,-1,1497,1538,1517,-1,1517,1539,1497,-1,1497,1539,1521,-1,1497,1521,1522,-1,1540,1541,1542,-1,1542,1541,1543,-1,1542,1543,1544,-1,1544,1543,1545,-1,1544,1545,1546,-1,1546,1545,1547,-1,1546,1547,1548,-1,1548,1547,1549,-1,1548,1549,1550,-1,1550,1549,1551,-1,1550,1551,1552,-1,1552,1551,1553,-1,1552,1553,1554,-1,1554,1553,1555,-1,1556,1557,1558,-1,1558,1557,1559,-1,1558,1559,1560,-1,1560,1559,1561,-1,1560,1561,1562,-1,1562,1561,1563,-1,1562,1563,1564,-1,1564,1563,1565,-1,1564,1565,1566,-1,1566,1565,1567,-1,1566,1567,1568,-1,1568,1567,1569,-1,1569,1570,1568,-1,1568,1570,1571,-1,1571,1570,1572,-1,1572,1570,1573,-1,1572,1573,1574,-1,1574,1573,1575,-1,1574,1575,1576,-1,1576,1575,1577,-1,1576,1577,1578,-1,1578,1577,1579,-1,1578,1579,1580,-1,1580,1579,1581,-1,1580,1581,1582,-1,1582,1581,1583,-1,1583,1584,1582,-1,1582,1584,1585,-1,1585,1584,1586,-1,1586,1584,1587,-1,1586,1587,1588,-1,1588,1587,1589,-1,1588,1589,1590,-1,1590,1589,1591,-1,1590,1591,1592,-1,1592,1591,1593,-1,1592,1593,1594,-1,1594,1593,1595,-1,1594,1595,1596,-1,1596,1595,1597,-1,1596,1597,1598,-1,1598,1597,1599,-1,1556,1600,1557,-1,1557,1600,1601,-1,1577,1575,1602,-1,1602,1575,1554,-1,1570,1569,957,-1,1603,1565,1604,-1,1604,1565,1563,-1,1604,1563,1605,-1,1605,1563,1606,-1,1607,1606,1608,-1,1608,1606,1563,-1,1608,1563,1609,-1,1609,1563,1561,-1,1609,1561,1559,-1,957,956,1570,-1,1570,956,1540,-1,1570,1540,1573,-1,1573,1540,1542,-1,1573,1542,1544,-1,1610,1611,1567,-1,1612,1613,1614,-1,1602,1615,1577,-1,1577,1615,1616,-1,1577,1616,1403,-1,1403,1616,1617,-1,1403,1617,1618,-1,1618,1617,1532,-1,1573,1550,1575,-1,1575,1550,1552,-1,1575,1552,1554,-1,1603,1619,1565,-1,1565,1619,1620,-1,1565,1620,1567,-1,1567,1620,1621,-1,1567,1621,1610,-1,1611,1622,1567,-1,1567,1622,1623,-1,1567,1623,1569,-1,1569,1623,1624,-1,1569,1624,957,-1,1544,1546,1573,-1,1573,1546,1548,-1,1573,1548,1550,-1,1607,1608,1614,-1,1614,1608,1625,-1,1614,1625,1612,-1,1626,1627,1628,-1,1629,1630,1402,-1,1526,1523,1529,-1,1529,1523,1520,-1,1529,1520,1532,-1,1532,1520,1518,-1,1532,1518,1618,-1,1583,1581,1403,-1,1403,1581,1579,-1,1403,1579,1577,-1,1631,1632,1633,-1,1633,1632,1634,-1,1633,1634,1635,-1,1635,1636,1633,-1,1633,1636,1637,-1,1633,1637,1638,-1,1639,1640,1402,-1,1402,1640,1641,-1,1628,1642,1626,-1,1626,1642,1643,-1,1626,1643,1644,-1,1645,1646,1647,-1,1591,1589,1402,-1,1402,1589,1587,-1,1402,1587,1403,-1,1403,1587,1584,-1,1403,1584,1583,-1,1648,1649,1650,-1,1650,1649,1651,-1,1650,1651,1601,-1,1601,1651,1557,-1,1652,1559,1653,-1,1653,1559,1557,-1,1653,1557,1654,-1,1654,1557,1651,-1,1652,1655,1559,-1,1559,1655,1656,-1,1559,1656,1609,-1,1609,1656,1657,-1,1609,1657,1658,-1,1659,1660,1661,-1,1661,1660,1633,-1,1661,1633,1627,-1,1627,1633,1638,-1,1627,1638,1628,-1,1659,1662,1660,-1,1660,1662,1663,-1,1660,1663,1664,-1,1664,1665,1660,-1,1660,1665,1666,-1,1660,1666,1667,-1,1668,1402,1669,-1,1669,1402,1494,-1,1668,1670,1402,-1,1402,1670,1671,-1,1402,1671,1639,-1,1630,1672,1402,-1,1402,1672,1673,-1,1402,1673,1591,-1,1591,1673,1674,-1,1591,1674,1593,-1,1648,1675,1649,-1,1649,1675,1676,-1,1649,1676,1677,-1,1676,1678,1677,-1,1677,1678,1679,-1,1677,1679,1680,-1,1658,1681,1609,-1,1609,1681,1682,-1,1609,1682,1683,-1,1683,1682,1684,-1,1684,1685,1683,-1,1683,1685,1686,-1,1683,1686,1687,-1,1687,1688,1683,-1,1683,1688,1689,-1,1683,1689,1690,-1,1647,1691,1645,-1,1645,1691,1692,-1,1645,1692,1693,-1,1694,1695,1696,-1,1696,1695,1697,-1,1696,1697,1698,-1,1698,1699,1696,-1,1696,1699,1700,-1,1696,1700,1701,-1,1702,1677,1674,-1,1674,1677,1595,-1,1674,1595,1593,-1,1680,1599,1677,-1,1677,1599,1597,-1,1677,1597,1595,-1,1703,1704,1705,-1,1705,1704,1706,-1,1705,1706,1494,-1,1494,1706,1707,-1,1494,1707,1669,-1,1703,1708,1704,-1,1704,1708,1709,-1,1704,1709,1710,-1,1710,1711,1704,-1,1704,1711,1712,-1,1704,1712,1713,-1,1674,1714,1702,-1,1702,1714,1715,-1,1702,1715,1716,-1,1716,1715,1717,-1,1716,1717,1718,-1,1641,1719,1402,-1,1402,1719,1720,-1,1402,1720,1629,-1,1629,1720,1721,-1,1629,1721,1722,-1,1722,1723,1629,-1,1629,1723,1724,-1,1629,1724,1725,-1,1726,1727,1728,-1,1728,1727,1696,-1,1728,1696,1646,-1,1646,1696,1701,-1,1646,1701,1647,-1,1726,1729,1727,-1,1727,1729,1730,-1,1727,1730,1731,-1,1731,1732,1727,-1,1727,1732,1733,-1,1727,1733,1734,-1,1643,1735,1644,-1,1644,1735,1736,-1,1644,1736,1718,-1,1718,1736,1737,-1,1718,1737,1716,-1,1692,1738,1693,-1,1693,1738,1739,-1,1693,1739,1724,-1,1724,1739,1740,-1,1724,1740,1725,-1,1599,1680,1598,-1,1598,1680,1741,-1,1741,1680,1742,-1,1742,1680,1679,-1,1742,1679,1743,-1,1743,1679,1678,-1,1743,1678,1744,-1,1744,1678,1676,-1,1744,1676,1745,-1,1745,1676,1675,-1,1745,1675,1746,-1,1746,1675,1648,-1,1746,1648,1747,-1,1747,1648,1650,-1,1747,1650,1600,-1,1600,1650,1601,-1,1624,1748,957,-1,957,1748,974,-1,957,974,959,-1,959,974,972,-1,959,972,961,-1,961,972,970,-1,961,970,963,-1,963,970,968,-1,963,968,965,-1,965,968,966,-1,965,966,955,-1,955,966,952,-1,955,952,917,-1,917,952,951,-1,917,951,918,-1,918,951,949,-1,918,949,920,-1,920,949,947,-1,920,947,922,-1,922,947,945,-1,922,945,924,-1,924,945,943,-1,924,943,926,-1,926,943,938,-1,926,938,933,-1,933,938,934,-1,1327,1369,1749,-1,1749,1369,1750,-1,1751,1353,1752,-1,1752,1353,1753,-1,1225,385,1251,-1,1251,385,407,-1,1251,407,1255,-1,1255,407,382,-1,1255,382,1256,-1,1256,382,380,-1,1256,380,1257,-1,1257,380,379,-1,1257,379,1230,-1,1230,379,378,-1,1230,378,1231,-1,1231,378,393,-1,1231,393,1258,-1,1258,393,392,-1,1258,392,1259,-1,1259,392,391,-1,1259,391,1260,-1,1260,391,374,-1,1260,374,1232,-1,1232,374,373,-1,1232,373,1233,-1,1233,373,372,-1,1233,372,1235,-1,1235,372,371,-1,1235,371,1268,-1,1268,371,377,-1,1268,377,1269,-1,1269,377,376,-1,1269,376,1270,-1,1270,376,375,-1,1270,375,1226,-1,1226,375,370,-1,1226,370,1227,-1,1227,370,368,-1,1227,368,1261,-1,1261,368,367,-1,1261,367,1262,-1,1262,367,415,-1,1262,415,1263,-1,1263,415,414,-1,1224,386,1225,-1,1225,386,385,-1,1315,319,1284,-1,1284,319,331,-1,1284,331,1271,-1,1271,331,330,-1,1271,330,1272,-1,1272,330,329,-1,1272,329,1291,-1,1291,329,307,-1,1291,307,1292,-1,1292,307,306,-1,1292,306,1293,-1,1293,306,344,-1,1293,344,1273,-1,1273,344,343,-1,1273,343,1274,-1,1274,343,342,-1,1274,342,1285,-1,1285,342,310,-1,1285,310,1286,-1,1286,310,309,-1,1286,309,1287,-1,1287,309,315,-1,1287,315,1306,-1,1306,315,302,-1,1306,302,1304,-1,1304,302,339,-1,338,1303,339,-1,339,1303,1304,-1,1303,338,1316,-1,1316,338,337,-1,1316,337,1317,-1,1317,337,336,-1,1317,336,1318,-1,1318,336,335,-1,1318,335,1312,-1,1312,335,325,-1,1312,325,1313,-1,1313,325,324,-1,1313,324,1319,-1,1319,324,323,-1,1319,323,1320,-1,1320,323,347,-1,319,1315,320,-1,320,1315,1314,-1,1754,1755,1756,-1,1756,1755,1757,-1,1756,1757,1758,-1,1758,1757,1759,-1,1758,1759,1760,-1,1760,1759,1761,-1,1760,1761,1762,-1,1762,1761,1763,-1,1762,1763,1764,-1,1764,1763,1765,-1,1764,1765,1766,-1,1766,1765,1767,-1,1766,1767,1768,-1,1768,1767,1769,-1,1769,1770,1768,-1,1768,1770,1771,-1,1771,1770,1772,-1,1772,1770,1773,-1,1772,1773,1774,-1,1774,1773,1775,-1,1774,1775,1776,-1,1776,1775,1777,-1,1776,1777,1778,-1,1778,1777,1779,-1,1778,1779,1780,-1,1780,1779,1781,-1,1780,1781,1782,-1,1782,1781,1783,-1,1783,1784,1782,-1,1782,1784,1785,-1,1785,1784,1786,-1,1786,1784,1787,-1,1786,1787,1788,-1,1788,1787,1789,-1,1788,1789,1790,-1,1790,1789,1791,-1,1790,1791,1792,-1,1792,1791,1793,-1,1792,1793,1794,-1,1794,1793,1795,-1,1794,1795,1796,-1,1796,1795,1797,-1,1754,1798,1755,-1,1755,1798,1799,-1,1800,1801,1802,-1,1800,1802,1609,-1,1609,1802,1803,-1,1609,1803,1608,-1,1608,1803,1804,-1,1608,1804,1805,-1,1806,1807,1808,-1,1808,1809,1806,-1,1806,1809,1804,-1,1806,1804,1803,-1,1810,1811,1809,-1,1809,1811,1805,-1,1809,1805,1804,-1,1812,1813,1809,-1,1809,1813,1814,-1,1809,1814,1810,-1,1815,1816,1817,-1,1818,1819,1817,-1,1817,1819,1813,-1,1817,1813,1815,-1,1815,1813,1812,-1,1815,1812,1820,-1,1801,1800,1821,-1,1821,1800,1822,-1,1821,1822,1823,-1,1823,1822,1824,-1,1824,1822,1825,-1,1824,1825,1826,-1,1826,1825,1827,-1,1827,1825,1828,-1,1827,1828,1829,-1,1829,1828,1830,-1,1830,1828,1831,-1,1830,1831,1832,-1,1832,1831,1833,-1,1833,1831,1834,-1,1833,1834,1835,-1,1836,1837,1806,-1,1806,1837,1838,-1,1806,1838,1839,-1,1830,1832,1806,-1,1832,1833,1806,-1,1806,1833,1835,-1,1806,1835,1836,-1,1824,1826,1806,-1,1826,1827,1806,-1,1806,1827,1829,-1,1806,1829,1830,-1,1803,1802,1806,-1,1806,1802,1801,-1,1801,1821,1806,-1,1806,1821,1823,-1,1806,1823,1824,-1,1840,1841,1842,-1,1842,1841,1843,-1,1842,1843,1844,-1,1844,1843,1845,-1,1844,1845,1846,-1,1846,1845,1847,-1,1846,1847,1848,-1,1848,1847,1849,-1,1848,1849,1850,-1,1850,1849,1851,-1,1850,1851,1852,-1,1852,1851,1853,-1,1852,1853,1854,-1,1854,1853,1855,-1,1856,1857,748,-1,748,1857,724,-1,748,724,746,-1,746,724,727,-1,746,727,744,-1,744,727,729,-1,744,729,742,-1,742,729,731,-1,742,731,740,-1,740,731,733,-1,740,733,738,-1,738,733,735,-1,738,735,751,-1,751,735,736,-1,751,736,849,-1,849,736,752,-1,849,752,847,-1,847,752,754,-1,847,754,845,-1,845,754,756,-1,845,756,843,-1,843,756,758,-1,843,758,812,-1,812,758,760,-1,812,760,802,-1,802,760,769,-1,1858,1859,1429,-1,1856,748,749,-1,1770,749,1840,-1,1770,1840,1773,-1,1860,1861,1429,-1,1429,1861,1862,-1,1429,1862,1858,-1,1705,1494,1429,-1,1429,1863,1864,-1,1770,1865,1866,-1,1793,1647,1701,-1,1609,1779,1800,-1,1800,1779,1777,-1,1761,1759,1859,-1,1859,1759,1757,-1,1864,1867,1429,-1,1429,1867,1868,-1,1429,1868,1705,-1,1705,1868,1869,-1,1869,1870,1705,-1,1705,1870,1797,-1,1705,1797,1795,-1,1866,1871,1770,-1,1770,1871,1872,-1,1770,1872,749,-1,749,1872,1873,-1,749,1873,1856,-1,1874,1777,1875,-1,1875,1777,1775,-1,1875,1775,1854,-1,1840,1842,1773,-1,1773,1842,1844,-1,1773,1844,1846,-1,1846,1848,1773,-1,1773,1848,1850,-1,1773,1850,1775,-1,1775,1850,1852,-1,1775,1852,1854,-1,1876,1877,1878,-1,1878,1877,1879,-1,1878,1879,1880,-1,1429,1428,1860,-1,1860,1428,1878,-1,1860,1878,1881,-1,1881,1878,1880,-1,1769,1882,1770,-1,1770,1882,1883,-1,1770,1883,1865,-1,1769,1767,1882,-1,1882,1767,1765,-1,1882,1765,1859,-1,1859,1765,1763,-1,1859,1763,1761,-1,1706,1704,1645,-1,1631,1791,1632,-1,1632,1791,1789,-1,1874,1884,1777,-1,1777,1884,1885,-1,1777,1885,1800,-1,1800,1885,1834,-1,1800,1834,1831,-1,1757,1755,1859,-1,1859,1755,1799,-1,1859,1799,1429,-1,1429,1799,1886,-1,1429,1886,1863,-1,1694,1795,1695,-1,1695,1795,1697,-1,1724,1723,1719,-1,1713,1728,1704,-1,1704,1728,1646,-1,1704,1646,1645,-1,1694,1696,1795,-1,1795,1696,1727,-1,1795,1727,1705,-1,1705,1727,1734,-1,1705,1734,1703,-1,1703,1734,1733,-1,1703,1733,1708,-1,1649,1628,1787,-1,1787,1628,1638,-1,1787,1638,1637,-1,1683,1690,1787,-1,1787,1690,1689,-1,1724,1719,1693,-1,1631,1633,1791,-1,1791,1633,1660,-1,1791,1660,1793,-1,1793,1660,1667,-1,1793,1667,1647,-1,1647,1667,1666,-1,1647,1666,1665,-1,1661,1691,1659,-1,1659,1691,1647,-1,1659,1647,1662,-1,1828,1825,1831,-1,1831,1825,1822,-1,1831,1822,1800,-1,1701,1700,1793,-1,1793,1700,1699,-1,1793,1699,1795,-1,1795,1699,1698,-1,1795,1698,1697,-1,1723,1722,1719,-1,1719,1722,1721,-1,1719,1721,1720,-1,1665,1664,1647,-1,1647,1664,1663,-1,1647,1663,1662,-1,1673,1672,1692,-1,1637,1636,1787,-1,1787,1636,1635,-1,1787,1635,1789,-1,1789,1635,1634,-1,1789,1634,1632,-1,1787,1784,1683,-1,1683,1784,1783,-1,1683,1783,1609,-1,1609,1783,1781,-1,1609,1781,1779,-1,1712,1729,1713,-1,1713,1729,1726,-1,1713,1726,1728,-1,1716,1649,1702,-1,1702,1649,1677,-1,1716,1737,1649,-1,1649,1737,1736,-1,1649,1736,1735,-1,1735,1643,1649,-1,1649,1643,1642,-1,1649,1642,1628,-1,1671,1641,1639,-1,1639,1641,1640,-1,1671,1670,1641,-1,1641,1670,1668,-1,1641,1668,1669,-1,1669,1707,1641,-1,1641,1707,1706,-1,1641,1706,1719,-1,1719,1706,1645,-1,1719,1645,1693,-1,1711,1710,1733,-1,1733,1710,1709,-1,1733,1709,1708,-1,1718,1627,1644,-1,1644,1627,1626,-1,1718,1717,1627,-1,1627,1717,1715,-1,1627,1715,1714,-1,1714,1674,1627,-1,1627,1674,1673,-1,1627,1673,1661,-1,1661,1673,1692,-1,1661,1692,1691,-1,1630,1629,1672,-1,1672,1629,1725,-1,1672,1725,1740,-1,1740,1739,1672,-1,1672,1739,1738,-1,1672,1738,1692,-1,1689,1688,1787,-1,1787,1688,1687,-1,1787,1687,1649,-1,1649,1687,1686,-1,1649,1686,1685,-1,1656,1681,1657,-1,1657,1681,1658,-1,1656,1655,1681,-1,1681,1655,1652,-1,1681,1652,1653,-1,1685,1684,1649,-1,1649,1684,1682,-1,1649,1682,1651,-1,1651,1682,1681,-1,1651,1681,1654,-1,1654,1681,1653,-1,1733,1732,1711,-1,1711,1732,1731,-1,1711,1731,1712,-1,1712,1731,1730,-1,1712,1730,1729,-1,1841,1840,725,-1,725,1840,749,-1,725,749,726,-1,726,749,747,-1,726,747,728,-1,728,747,745,-1,728,745,730,-1,730,745,743,-1,730,743,732,-1,732,743,741,-1,732,741,734,-1,734,741,739,-1,734,739,737,-1,737,739,750,-1,737,750,753,-1,753,750,848,-1,753,848,755,-1,755,848,846,-1,755,846,757,-1,757,846,844,-1,757,844,759,-1,759,844,842,-1,759,842,761,-1,761,842,817,-1,761,817,778,-1,778,817,821,-1,1355,1887,1357,-1,1357,1887,1888,-1,1357,1888,1359,-1,1359,1888,1889,-1,1359,1889,1361,-1,1361,1889,1890,-1,1361,1890,1363,-1,1363,1890,1891,-1,1363,1891,1365,-1,1365,1891,1892,-1,1365,1892,1893,-1,1893,1892,1894,-1,1893,1894,1369,-1,1369,1894,1750,-1,1895,1876,1896,-1,1896,1876,1878,-1,1896,1878,1887,-1,1887,1878,1428,-1,1887,1428,1888,-1,1888,1428,1426,-1,1888,1426,1889,-1,1889,1426,1424,-1,1889,1424,1890,-1,1890,1424,1422,-1,1890,1422,1891,-1,1891,1422,1420,-1,1891,1420,1892,-1,1892,1420,1418,-1,1892,1418,1894,-1,1894,1418,1416,-1,1894,1416,1750,-1,1750,1416,1370,-1,1750,1370,1749,-1,1749,1370,1372,-1,1749,1372,1897,-1,1897,1372,1384,-1,1897,1384,1898,-1,1898,1384,1382,-1,1898,1382,1899,-1,1899,1382,1380,-1,1899,1380,1900,-1,1900,1380,1378,-1,1900,1378,1901,-1,1901,1378,1376,-1,1901,1376,1902,-1,1902,1376,1374,-1,1902,1374,1903,-1,1903,1374,359,-1,1903,359,1904,-1,1904,359,363,-1,1904,363,1905,-1,1905,363,362,-1,1906,1907,1880,-1,1860,1881,1908,-1,1908,1881,1909,-1,1880,1907,1881,-1,1881,1907,1910,-1,1881,1910,1909,-1,1879,1911,1880,-1,1880,1911,1912,-1,1880,1912,1906,-1,1877,1876,1895,-1,1895,1913,1877,-1,1877,1913,1914,-1,1877,1914,1879,-1,1879,1914,1915,-1,1879,1915,1911,-1,1916,1917,1862,-1,1862,1917,1918,-1,1862,1918,1858,-1,1862,1861,1916,-1,1916,1861,1860,-1,1916,1860,1908,-1,1918,1919,1858,-1,1858,1919,1920,-1,1858,1920,1859,-1,1859,1920,1921,-1,1859,1921,1882,-1,1882,1921,1922,-1,1896,1887,1355,-1,1919,1918,1355,-1,1355,1918,1917,-1,1355,1917,1916,-1,1916,1908,1355,-1,1355,1908,1909,-1,1355,1909,1910,-1,1910,1907,1355,-1,1355,1907,1923,-1,1355,1923,1912,-1,1912,1911,1355,-1,1355,1911,1915,-1,1355,1915,1914,-1,1914,1913,1355,-1,1355,1913,1895,-1,1355,1895,1896,-1,1797,1870,1796,-1,1796,1870,1924,-1,1924,1870,1925,-1,1925,1870,1869,-1,1925,1869,1926,-1,1926,1869,1868,-1,1926,1868,1927,-1,1927,1868,1867,-1,1927,1867,1928,-1,1928,1867,1864,-1,1928,1864,1929,-1,1929,1864,1863,-1,1929,1863,1930,-1,1930,1863,1886,-1,1930,1886,1798,-1,1798,1886,1799,-1,1327,1749,1329,-1,1329,1749,1897,-1,1329,1897,1331,-1,1331,1897,1898,-1,1331,1898,1333,-1,1333,1898,1899,-1,1333,1899,1931,-1,1931,1899,1900,-1,1931,1900,1337,-1,1337,1900,1901,-1,1337,1901,1339,-1,1339,1901,1902,-1,1339,1902,1229,-1,1229,1902,1903,-1,1905,1932,1933,-1,1933,1932,361,-1,1933,361,1934,-1,1934,361,1935,-1,1935,361,364,-1,1935,364,1936,-1,1936,364,1937,-1,1937,364,366,-1,1937,366,1938,-1,1938,366,1939,-1,1939,366,365,-1,1939,365,1940,-1,1940,365,1941,-1,1941,365,360,-1,1941,360,1942,-1,1943,1944,1229,-1,1229,1944,1945,-1,1229,1945,1241,-1,1939,1940,1229,-1,1940,1941,1229,-1,1229,1941,1942,-1,1229,1942,1943,-1,1935,1936,1229,-1,1936,1937,1229,-1,1229,1937,1938,-1,1229,1938,1939,-1,1903,1904,1229,-1,1229,1904,1905,-1,1905,1946,1229,-1,1229,1946,1934,-1,1229,1934,1935,-1,1942,360,358,-1,357,1944,358,-1,358,1944,1943,-1,358,1943,1942,-1,411,1253,412,-1,412,1253,1252,-1,412,1252,405,-1,405,1252,1250,-1,405,1250,406,-1,406,1250,1249,-1,406,1249,408,-1,408,1249,1283,-1,408,1283,409,-1,409,1283,1282,-1,409,1282,384,-1,384,1282,1281,-1,384,1281,383,-1,383,1281,1254,-1,383,1254,381,-1,381,1254,1242,-1,381,1242,356,-1,356,1242,1241,-1,356,1241,357,-1,357,1241,1945,-1,357,1945,1944,-1,1253,411,1223,-1,1223,411,410,-1,1223,410,1221,-1,1221,410,1206,-1,1221,1206,1219,-1,1219,1206,1208,-1,1219,1208,1217,-1,1217,1208,1210,-1,1217,1210,1215,-1,1215,1210,1212,-1,1215,1212,1203,-1,1203,1212,1204,-1,1203,1204,1200,-1,1200,1204,1176,-1,1200,1176,1198,-1,1198,1176,1179,-1,1198,1179,1196,-1,1196,1179,1181,-1,1196,1181,1194,-1,1194,1181,1183,-1,1194,1183,1192,-1,1192,1183,1185,-1,1192,1185,1191,-1,1191,1185,1187,-1,1191,1187,1175,-1,1175,1187,1174,-1,401,1264,387,-1,387,1264,1222,-1,387,1222,1207,-1,1207,1222,1220,-1,1207,1220,1209,-1,1209,1220,1218,-1,1209,1218,1211,-1,1211,1218,1216,-1,1211,1216,1213,-1,1213,1216,1214,-1,1213,1214,1205,-1,1205,1214,1202,-1,1205,1202,1177,-1,1177,1202,1201,-1,1177,1201,1178,-1,1178,1201,1199,-1,1178,1199,1180,-1,1180,1199,1197,-1,1180,1197,1182,-1,1182,1197,1195,-1,1182,1195,1184,-1,1184,1195,1193,-1,1184,1193,1186,-1,1186,1193,1190,-1,1186,1190,1188,-1,1188,1190,1189,-1,1947,422,1948,-1,1948,422,421,-1,1948,421,699,-1,699,697,1948,-1,1948,697,695,-1,1948,695,693,-1,685,287,1949,-1,1949,287,290,-1,1949,290,1950,-1,693,691,1948,-1,1948,691,689,-1,1948,689,1949,-1,1949,689,687,-1,1949,687,685,-1,1951,1952,424,-1,420,425,1953,-1,1953,425,1954,-1,424,1952,425,-1,425,1952,1955,-1,425,1955,1954,-1,423,1956,424,-1,424,1956,1957,-1,424,1957,1951,-1,426,422,1947,-1,1947,1958,426,-1,426,1958,1959,-1,426,1959,423,-1,423,1959,1960,-1,423,1960,1956,-1,1961,1962,418,-1,418,1962,1963,-1,418,1963,416,-1,418,419,1961,-1,1961,419,420,-1,1961,420,1953,-1,1963,1288,416,-1,416,1288,1239,-1,416,1239,388,-1,388,1239,1237,-1,1264,401,1266,-1,1266,401,400,-1,1266,400,1267,-1,1267,400,398,-1,1267,398,1294,-1,1294,398,397,-1,1294,397,1295,-1,1295,397,404,-1,1295,404,1296,-1,1296,404,403,-1,1296,403,1236,-1,1236,403,402,-1,1236,402,1237,-1,1237,402,394,-1,1237,394,388,-1,1950,290,1964,-1,1964,290,289,-1,1964,289,1965,-1,1965,289,1966,-1,1966,289,288,-1,1966,288,1967,-1,1967,288,1968,-1,1968,288,298,-1,1968,298,1969,-1,1969,298,1970,-1,1970,298,299,-1,1970,299,1971,-1,1971,299,1972,-1,1972,299,286,-1,1972,286,1973,-1,1289,1288,1974,-1,1974,1288,1975,-1,1972,1973,1962,-1,1288,1963,1975,-1,1975,1963,1962,-1,1975,1962,1976,-1,1976,1962,1973,-1,1968,1969,1962,-1,1969,1970,1962,-1,1962,1970,1971,-1,1962,1971,1972,-1,1961,1956,1962,-1,1962,1956,1960,-1,1962,1960,1959,-1,1954,1955,1952,-1,1951,1957,1952,-1,1952,1957,1956,-1,1952,1956,1954,-1,1954,1956,1961,-1,1954,1961,1953,-1,1948,1949,1962,-1,1965,1966,1962,-1,1962,1966,1967,-1,1962,1967,1968,-1,1962,1949,1965,-1,1965,1949,1950,-1,1965,1950,1964,-1,1959,1958,1962,-1,1962,1958,1947,-1,1962,1947,1948,-1,1973,286,285,-1,284,1975,285,-1,285,1975,1976,-1,285,1976,1973,-1,283,1289,284,-1,284,1289,1974,-1,284,1974,1975,-1,314,1280,303,-1,303,1280,1279,-1,303,1279,291,-1,291,1279,1248,-1,291,1248,292,-1,292,1248,293,-1,293,1248,1247,-1,293,1247,294,-1,294,1247,1246,-1,294,1246,295,-1,295,1246,1278,-1,295,1278,296,-1,296,1278,1244,-1,296,1244,297,-1,297,1244,1243,-1,297,1243,283,-1,283,1243,1290,-1,283,1290,1289,-1,304,1305,312,-1,312,1305,1090,-1,312,1090,1086,-1,1086,1090,1093,-1,1086,1093,1084,-1,1084,1093,1095,-1,1084,1095,1082,-1,1082,1095,1097,-1,1082,1097,1080,-1,1080,1097,1099,-1,1080,1099,1079,-1,1079,1099,1088,-1,1079,1088,1063,-1,1063,1088,1068,-1,1063,1068,1061,-1,1061,1068,1070,-1,1061,1070,1059,-1,1059,1070,1072,-1,1059,1072,1057,-1,1057,1072,1074,-1,1057,1074,1055,-1,1055,1074,1076,-1,1055,1076,1052,-1,1052,1076,1067,-1,1052,1067,1064,-1,1064,1067,1065,-1,1280,314,1091,-1,1091,314,313,-1,1091,313,1092,-1,1092,313,1087,-1,1092,1087,1094,-1,1094,1087,1085,-1,1094,1085,1096,-1,1096,1085,1083,-1,1096,1083,1098,-1,1098,1083,1081,-1,1098,1081,1089,-1,1089,1081,1078,-1,1089,1078,1069,-1,1069,1078,1062,-1,1069,1062,1071,-1,1071,1062,1060,-1,1071,1060,1073,-1,1073,1060,1058,-1,1073,1058,1075,-1,1075,1058,1056,-1,1075,1056,1077,-1,1077,1056,1054,-1,1077,1054,1066,-1,1066,1054,1053,-1,1066,1053,1050,-1,1050,1053,1051,-1,1275,1977,1341,-1,1341,1977,1978,-1,1341,1978,1343,-1,1343,1978,1979,-1,1343,1979,1980,-1,1980,1979,1981,-1,1980,1981,1347,-1,1347,1981,1982,-1,1347,1982,1349,-1,1349,1982,1983,-1,1349,1983,1351,-1,1351,1983,1984,-1,1351,1984,1353,-1,1353,1984,1753,-1,1985,349,1986,-1,1986,349,348,-1,1986,348,1977,-1,1977,348,311,-1,1977,311,1978,-1,1978,311,1398,-1,1978,1398,1979,-1,1979,1398,1396,-1,1979,1396,1981,-1,1981,1396,1394,-1,1981,1394,1982,-1,1982,1394,1392,-1,1982,1392,1983,-1,1983,1392,1390,-1,1983,1390,1984,-1,1984,1390,1388,-1,1984,1388,1753,-1,1753,1388,1387,-1,1753,1387,1752,-1,1752,1387,1400,-1,1752,1400,1512,-1,1512,1400,1414,-1,1512,1414,1509,-1,1509,1414,1412,-1,1509,1412,1506,-1,1506,1412,1410,-1,1506,1410,1503,-1,1503,1410,1408,-1,1503,1408,1500,-1,1500,1408,1406,-1,1500,1406,1495,-1,1495,1406,1404,-1,1495,1404,1496,-1,1496,1404,1403,-1,1496,1403,1538,-1,1538,1403,1618,-1,1538,1618,1517,-1,1517,1618,1518,-1,1987,1988,352,-1,340,353,1989,-1,1989,353,1990,-1,352,1988,353,-1,353,1988,1991,-1,353,1991,1990,-1,351,1992,352,-1,352,1992,1993,-1,352,1993,1987,-1,350,349,1985,-1,1985,1994,350,-1,350,1994,1995,-1,350,1995,351,-1,351,1995,1996,-1,351,1996,1992,-1,1997,1998,318,-1,318,1998,1999,-1,318,1999,316,-1,318,341,1997,-1,1997,341,340,-1,1997,340,1989,-1,1999,1299,316,-1,316,1299,1300,-1,316,1300,317,-1,317,1300,1301,-1,317,1301,326,-1,326,1301,1302,-1,326,1302,327,-1,327,1302,1311,-1,327,1311,328,-1,328,1311,1310,-1,328,1310,305,-1,305,1310,1309,-1,305,1309,300,-1,300,1309,1308,-1,300,1308,301,-1,301,1308,1307,-1,301,1307,304,-1,304,1307,1305,-1,1986,1977,1275,-1,1299,1999,1275,-1,1275,1999,1998,-1,1275,1998,1997,-1,1997,1989,1275,-1,1275,1989,1990,-1,1275,1990,1991,-1,1991,1988,1275,-1,1275,1988,2000,-1,1275,2000,1993,-1,1993,1992,1275,-1,1275,1992,1996,-1,1275,1996,1995,-1,1995,1994,1275,-1,1275,1994,1985,-1,1275,1985,1986,-1,346,1321,347,-1,347,1321,1320,-1,1321,346,1322,-1,1322,346,345,-1,1322,345,1323,-1,1323,345,334,-1,1323,334,1324,-1,1324,334,333,-1,1324,333,1325,-1,1325,333,332,-1,1325,332,1297,-1,1297,332,322,-1,1297,322,1298,-1,1298,322,321,-1,1298,321,1314,-1,1314,321,320,-1,413,1276,414,-1,414,1276,1263,-1,1276,413,1277,-1,1277,413,390,-1,1277,390,1245,-1,1245,390,389,-1,1245,389,1240,-1,1240,389,396,-1,1240,396,1238,-1,1238,396,395,-1,1238,395,1265,-1,1265,395,399,-1,1265,399,1224,-1,1224,399,386,-1,1818,1817,1613,-1,1607,1614,1820,-1,1820,1614,1815,-1,1613,1817,1614,-1,1614,1817,1816,-1,1614,1816,1815,-1,1612,1813,1613,-1,1613,1813,1819,-1,1613,1819,1818,-1,1625,1608,1805,-1,1805,1811,1625,-1,1625,1811,1810,-1,1625,1810,1612,-1,1612,1810,1814,-1,1612,1814,1813,-1,1812,1809,1605,-1,1605,1809,1808,-1,1605,1808,1604,-1,1605,1606,1812,-1,1812,1606,1607,-1,1812,1607,1820,-1,1808,1807,1604,-1,1604,1807,2001,-1,1604,2001,1603,-1,1603,2001,2002,-1,1603,2002,1619,-1,1619,2002,2003,-1,914,915,927,-1,927,915,935,-1,927,935,925,-1,925,935,942,-1,925,942,923,-1,923,942,944,-1,923,944,921,-1,921,944,946,-1,921,946,919,-1,919,946,948,-1,919,948,916,-1,916,948,950,-1,916,950,954,-1,954,950,953,-1,954,953,964,-1,964,953,967,-1,964,967,962,-1,962,967,969,-1,962,969,960,-1,960,969,971,-1,960,971,958,-1,958,971,973,-1,958,973,956,-1,956,973,975,-1,956,975,1540,-1,1540,975,1541,-1,1794,1796,1492,-1,1430,1598,1741,-1,1919,1355,1920,-1,1920,1355,1354,-1,2004,1774,2005,-1,2005,1774,1776,-1,2005,1776,1839,-1,1839,1776,1806,-1,1806,1776,1778,-1,1806,1778,1780,-1,1849,1847,1772,-1,1772,1847,1845,-1,1772,1845,1843,-1,1492,1796,1354,-1,1354,1796,1924,-1,1354,1924,1925,-1,2004,1855,1774,-1,1774,1855,1853,-1,1774,1853,1772,-1,1772,1853,1851,-1,1772,1851,1849,-1,1562,1564,2002,-1,2002,1564,2003,-1,2002,2001,1562,-1,1562,2001,1807,-1,1562,1807,1560,-1,1560,1807,1806,-1,1560,1806,1558,-1,1558,1806,1780,-1,1558,1780,1782,-1,1549,1547,1572,-1,2006,1574,2007,-1,2007,1574,1576,-1,2007,1576,1537,-1,1537,1576,1497,-1,1576,1578,1497,-1,1497,1578,1580,-1,1497,1580,1582,-1,1925,1926,1354,-1,1354,1926,1927,-1,1354,1927,1928,-1,1742,1786,1741,-1,1741,1786,1788,-1,1741,1788,1430,-1,1430,1788,1790,-1,1430,1790,1492,-1,1492,1790,1792,-1,1492,1792,1794,-1,1742,1743,1786,-1,1786,1743,1744,-1,1786,1744,1745,-1,1590,1592,1430,-1,725,724,1841,-1,1841,724,1857,-1,1841,1857,2008,-1,1928,1929,1354,-1,1354,1929,1930,-1,1354,1930,1798,-1,2009,2010,1566,-1,1568,1571,975,-1,1582,1585,1497,-1,1497,1585,1586,-1,1497,1586,1430,-1,1430,1586,1588,-1,1430,1588,1590,-1,1592,1594,1430,-1,1430,1594,1596,-1,1430,1596,1598,-1,1754,2011,1798,-1,1798,2011,1922,-1,1798,1922,1354,-1,1354,1922,1921,-1,1354,1921,1920,-1,1745,1746,1786,-1,1786,1746,1747,-1,1786,1747,1785,-1,1785,1747,1600,-1,1785,1600,1782,-1,1782,1600,1556,-1,1782,1556,1558,-1,975,974,1568,-1,1568,974,1748,-1,1568,1748,1566,-1,1566,1748,2012,-1,1566,2012,2009,-1,1547,1545,1572,-1,1572,1545,1543,-1,1572,1543,1571,-1,1571,1543,1541,-1,1571,1541,975,-1,2006,1555,1574,-1,1574,1555,1553,-1,1574,1553,1572,-1,1572,1553,1551,-1,1572,1551,1549,-1,1754,1756,2011,-1,2011,1756,1758,-1,2011,1758,1760,-1,1760,1762,2011,-1,2011,1762,1764,-1,2011,1764,2013,-1,2013,1764,1766,-1,2013,1766,2014,-1,2014,1766,1768,-1,2014,1768,2015,-1,2015,1768,1771,-1,2015,1771,2016,-1,2016,1771,1772,-1,2016,1772,2008,-1,2008,1772,1843,-1,2008,1843,1841,-1,2010,2017,1566,-1,1566,2017,2018,-1,1566,2018,1564,-1,1564,2018,2019,-1,1564,2019,2003,-1,1353,1751,1352,-1,1352,1751,1436,-1,1369,1327,1368,-1,1368,1327,1326,-1,2020,1513,1437,-1,1437,1513,1515,-1,1437,1515,1438,-1,1438,1515,1516,-1,1438,1516,1440,-1,1440,1516,1441,-1,1497,1430,1498,-1,1498,1430,1432,-1,1498,1432,1499,-1,1499,1432,1451,-1,1499,1451,1501,-1,1501,1451,1450,-1,1501,1450,1502,-1,1502,1450,1449,-1,1502,1449,1504,-1,1504,1449,1447,-1,1504,1447,1505,-1,1505,1447,1446,-1,1505,1446,1507,-1,1507,1446,1444,-1,1507,1444,1508,-1,1508,1444,1443,-1,1508,1443,1510,-1,1510,1443,1441,-1,1510,1441,1511,-1,1511,1441,1516,-1,1533,1532,1617,-1,1616,1535,1617,-1,1617,1535,1534,-1,1617,1534,1533,-1,1615,1537,1616,-1,1616,1537,1536,-1,1616,1536,1535,-1,1554,1555,1602,-1,1602,1555,2006,-1,1602,2006,1615,-1,1615,2006,2007,-1,1615,2007,1537,-1,1835,1834,1885,-1,1884,1837,1885,-1,1885,1837,1836,-1,1885,1836,1835,-1,1874,1839,1884,-1,1884,1839,1838,-1,1884,1838,1837,-1,1854,1855,1875,-1,1875,1855,2004,-1,1875,2004,1874,-1,1874,2004,2005,-1,1874,2005,1839,-1,1882,1922,1883,-1,1883,1922,2011,-1,1883,2011,1865,-1,1865,2011,2013,-1,1865,2013,1866,-1,1866,2013,2014,-1,1866,2014,1871,-1,1871,2014,2015,-1,1871,2015,1872,-1,1872,2015,2016,-1,1872,2016,1873,-1,1873,2016,2008,-1,1873,2008,1856,-1,1856,2008,1857,-1,1619,2003,1620,-1,1620,2003,2019,-1,1620,2019,1621,-1,1621,2019,2018,-1,1621,2018,1610,-1,1610,2018,2017,-1,1610,2017,1611,-1,1611,2017,2010,-1,1611,2010,1622,-1,1622,2010,2009,-1,1622,2009,1623,-1,1623,2009,2012,-1,1623,2012,1624,-1,1624,2012,1748,-1,1108,1103,1109,-1,1109,1103,1101,-1,996,999,997,-1,997,999,998,-1,882,877,883,-1,883,877,875,-1,910,911,932,-1,932,911,939,-1,932,939,928,-1,928,939,937,-1,928,937,929,-1,929,937,936,-1,929,936,930,-1,930,936,940,-1,930,940,931,-1,931,940,941,-1,931,941,913,-1,913,941,912,-1,816,765,818,-1,818,765,766,-1,818,766,819,-1,819,766,763,-1,819,763,820,-1,820,763,762,-1,820,762,822,-1,822,762,777,-1,822,777,824,-1,824,777,779,-1,824,779,825,-1,825,779,781,-1,783,782,835,-1,835,782,836,-1,
        ]
    }
}
Shape{
    appearance Appearance {
        material  Material 	{
            diffuseColor 0.0 0.0 0.0
            specularColor 0.0 0.0 0.0
            ambientIntensity 0.0
            transparency 0.0
            shininess 0.5
        }
    }
    geometry IndexedFaceSet {
        ccw TRUE
        solid FALSE
        coord DEF co Coordinate {
            point [
                0.0291 0.622 1.7703, 0.0291 0.6224 1.7703, 0.0291 0.622 1.7659, 0.0292 0.6224 1.7612, 0.0292 0.622 1.7612, 0.061 0.622 1.7705, 0.061 0.6224 1.7705, 0.0291 0.622 1.7703, 0.0605 0.6224 1.8415, 0.0605 0.622 1.8411, 0.0605 0.622 1.8415, 0.0708 0.6224 1.8415, 0.0708 0.622 1.8415, 0.0714 0.622 1.7615, 0.0714 0.6224 1.7615, 0.0708 0.622 1.8411, -0.0341 0.622 1.764, -0.0341 0.6224 1.764, -0.0327 0.6224 1.7634, -0.0119 0.6224 1.7595, -0.0119 0.622 1.7595, -0.0241 0.622 1.7606, -0.0241 0.6224 1.7606, -0.0306 0.622 1.7627, -0.0327 0.622 1.7634, -0.0341 0.6224 1.7739, -0.0341 0.622 1.7739, -0.0306 0.622 1.7723, -0.0269 0.6224 1.7707, -0.0269 0.622 1.7707, -0.018 0.622 1.7689, -0.018 0.6224 1.7689, -0.0134 0.622 1.7687, -0.0134 0.6224 1.7687, -0.0056 0.622 1.7697, -0.0056 0.6224 1.7697, 0.0001 0.622 1.7719, 0.0001 0.6224 1.7719, 0.0054 0.622 1.7756, 0.0054 0.6224 1.7756, 0.0071 0.622 1.7773, 0.0071 0.6224 1.7773, 0.0111 0.622 1.783, 0.0111 0.6224 1.783, 0.0136 0.622 1.7895, 0.0136 0.6224 1.7895, 0.0148 0.622 1.7993, 0.0148 0.6224 1.7993, 0.0148 0.622 1.8002, 0.0148 0.6224 1.8002, 0.0138 0.622 1.8095, 0.0138 0.6224 1.8095, 0.0113 0.622 1.8168, 0.0113 0.6224 1.8168, 0.0076 0.622 1.8226, 0.0076 0.6224 1.8226, 0.0062 0.622 1.8242, 0.0062 0.6224 1.8242, 0.0006 0.622 1.8288, 0.0006 0.6224 1.8288, -0.0057 0.622 1.8316, -0.0057 0.6224 1.8316, -0.0127 0.622 1.8328, -0.0127 0.6224 1.8328, -0.0157 0.622 1.8329, -0.0157 0.6224 1.8329, -0.0345 0.622 1.8281, -0.0345 0.6224 1.8281, -0.0327 0.6224 1.829, -0.0245 0.622 1.832, -0.0245 0.6224 1.832, -0.0306 0.622 1.8298, -0.0327 0.622 1.829, -0.0346 0.6224 1.8389, -0.0346 0.622 1.8389, -0.0274 0.622 1.8411, -0.0272 0.6224 1.8412, -0.0306 0.622 1.8401, -0.0272 0.622 1.8412, -0.0169 0.622 1.8423, -0.0169 0.6224 1.8423, -0.0156 0.622 1.8423, -0.0156 0.6224 1.8423, -0.0042 0.6224 1.841, -0.0053 0.622 1.8411, -0.0042 0.622 1.841, 0.0042 0.622 1.8378, 0.0042 0.6224 1.8378, 0.012 0.622 1.8324, 0.012 0.6224 1.8324, 0.0138 0.622 1.8307, 0.0138 0.6224 1.8307, 0.0191 0.622 1.8241, 0.0191 0.6224 1.8241, 0.0232 0.622 1.8154, 0.0232 0.6224 1.8154, 0.0253 0.622 1.8052, 0.0253 0.6224 1.8052, 0.0256 0.622 1.7997, 0.0256 0.6224 1.7997, 0.0242 0.622 1.7868, 0.0242 0.6224 1.7868, 0.021 0.622 1.7784, 0.021 0.6224 1.7784, 0.0163 0.622 1.7715, 0.0163 0.6224 1.7715, 0.0156 0.622 1.7707, 0.0156 0.6224 1.7707, 0.0096 0.622 1.7655, 0.0096 0.6224 1.7655, 0.0021 0.622 1.7618, 0.0021 0.6224 1.7618, -0.0065 0.622 1.7599, -0.0065 0.6224 1.7599, -0.0932 0.6224 1.7694, -0.0931 0.6224 1.7603, -0.0932 0.622 1.7694, -0.0931 0.622 1.7603, -0.0605 0.622 1.7697, -0.0605 0.6224 1.7697, -0.0814 0.622 1.7695, -0.0607 0.6224 1.7966, -0.0607 0.622 1.7966, -0.0893 0.622 1.7964, -0.0893 0.6224 1.7964, -0.0814 0.622 1.7964, -0.0894 0.6224 1.8056, -0.0894 0.622 1.8056, -0.0607 0.622 1.8058, -0.0607 0.6224 1.8058, -0.0814 0.622 1.8056, -0.0609 0.6224 1.8314, -0.0609 0.622 1.8314, -0.0918 0.622 1.8312, -0.0918 0.6224 1.8312, -0.0814 0.622 1.8312, -0.0919 0.6224 1.8404, -0.0919 0.622 1.8404, -0.0506 0.622 1.8407, -0.0506 0.6224 1.8407, -0.0814 0.622 1.8405, -0.0501 0.6224 1.7606, -0.0501 0.622 1.7606, -0.0814 0.622 1.7604, -0.1414 0.6224 1.8297, -0.1333 0.6224 1.8401, -0.1312 0.6224 1.8309, -0.1317 0.6224 1.8401, -0.1191 0.6224 1.831, -0.1088 0.6224 1.8403, -0.1187 0.6224 1.7692, -0.1083 0.6224 1.7602, -0.1303 0.6224 1.7692, -0.1303 0.6224 1.76, -0.1397 0.6224 1.77, -0.1438 0.6224 1.7616, -0.1468 0.6224 1.7723, -0.1529 0.6224 1.765, -0.1522 0.6224 1.7757, -0.1614 0.6224 1.771, -0.1541 0.6224 1.7773, -0.1584 0.6224 1.7826, -0.1669 0.6224 1.7773, -0.1611 0.6224 1.7886, -0.1711 0.6224 1.7854, -0.1626 0.6224 1.796, -0.1733 0.6224 1.7946, -0.1629 0.6224 1.8006, -0.1737 0.6224 1.8008, -0.162 0.6224 1.8095, -0.1725 0.6224 1.8117, -0.1599 0.6224 1.8157, -0.1696 0.6224 1.8194, -0.157 0.6224 1.8203, -0.1647 0.6224 1.8264, -0.1542 0.6224 1.8232, -0.1619 0.6224 1.8293, -0.1483 0.6224 1.8272, -0.1548 0.6224 1.8344, -0.1454 0.6224 1.8383, -0.1303 0.622 1.76, -0.1083 0.622 1.7602, -0.1438 0.622 1.7616, -0.1529 0.622 1.765, -0.1614 0.622 1.771, -0.1669 0.622 1.7773, -0.1711 0.622 1.7854, -0.1733 0.622 1.7946, -0.1737 0.622 1.8008, -0.1725 0.622 1.8117, -0.1696 0.622 1.8194, -0.1647 0.622 1.8264, -0.1619 0.622 1.8293, -0.1548 0.622 1.8344, -0.1454 0.622 1.8383, -0.1333 0.622 1.8401, -0.1317 0.622 1.8401, -0.1088 0.622 1.8403, -0.1312 0.622 1.8309, -0.1191 0.622 1.831, -0.1187 0.622 1.7692, -0.1303 0.622 1.7692, -0.1541 0.622 1.7773, -0.1522 0.622 1.7757, -0.1468 0.622 1.7723, -0.1397 0.622 1.77, -0.1629 0.622 1.8006, -0.1626 0.622 1.796, -0.1611 0.622 1.7886, -0.1584 0.622 1.7826, -0.1542 0.622 1.8232, -0.157 0.622 1.8203, -0.1599 0.622 1.8157, -0.162 0.622 1.8095, -0.1414 0.622 1.8297, -0.1483 0.622 1.8272
            ]
        }
        coordIndex [
            0,1,2,-1,2,1,3,-1,2,3,4,-1,5,6,7,-1,7,6,1,-1,7,1,0,-1,6,5,8,-1,8,5,9,-1,8,9,10,-1,11,8,12,-1,12,8,10,-1,13,14,15,-1,15,14,11,-1,15,11,12,-1,3,14,4,-1,4,14,13,-1,8,11,6,-1,6,11,14,-1,6,14,1,-1,1,14,3,-1,16,17,18,-1,19,20,21,-1,19,21,22,-1,22,21,23,-1,22,23,18,-1,18,23,24,-1,18,24,16,-1,25,17,26,-1,26,17,16,-1,25,26,27,-1,25,27,28,-1,27,29,28,-1,28,29,30,-1,28,30,31,-1,31,30,32,-1,31,32,33,-1,33,32,34,-1,33,34,35,-1,35,34,36,-1,35,36,37,-1,37,36,38,-1,37,38,39,-1,39,38,40,-1,39,40,41,-1,41,40,42,-1,41,42,43,-1,43,42,44,-1,43,44,45,-1,45,44,46,-1,45,46,47,-1,47,46,48,-1,47,48,49,-1,49,48,50,-1,49,50,51,-1,51,50,52,-1,51,52,53,-1,53,52,54,-1,53,54,55,-1,55,54,56,-1,55,56,57,-1,57,56,58,-1,57,58,59,-1,59,58,60,-1,59,60,61,-1,61,60,62,-1,61,62,63,-1,63,62,64,-1,63,64,65,-1,66,67,68,-1,65,64,69,-1,65,69,70,-1,70,69,71,-1,70,71,68,-1,68,71,72,-1,68,72,66,-1,73,67,74,-1,74,67,66,-1,75,76,77,-1,77,76,73,-1,77,73,74,-1,75,78,76,-1,76,78,79,-1,76,79,80,-1,80,79,81,-1,80,81,82,-1,82,81,83,-1,83,81,84,-1,84,85,83,-1,83,85,86,-1,83,86,87,-1,87,86,88,-1,87,88,89,-1,89,88,90,-1,89,90,91,-1,91,90,92,-1,91,92,93,-1,93,92,94,-1,93,94,95,-1,95,94,96,-1,95,96,97,-1,97,96,98,-1,97,98,99,-1,99,98,100,-1,99,100,101,-1,101,100,102,-1,101,102,103,-1,103,102,104,-1,103,104,105,-1,105,104,106,-1,105,106,107,-1,107,106,108,-1,107,108,109,-1,109,108,110,-1,109,110,111,-1,111,110,112,-1,111,112,113,-1,113,112,20,-1,113,20,19,-1,68,67,73,-1,59,61,83,-1,83,61,82,-1,51,53,93,-1,68,73,70,-1,61,63,82,-1,82,63,65,-1,82,65,80,-1,80,65,70,-1,80,70,76,-1,76,70,73,-1,17,25,18,-1,18,25,28,-1,18,28,22,-1,22,28,31,-1,22,31,19,-1,19,31,33,-1,19,33,113,-1,113,33,35,-1,113,35,111,-1,111,35,37,-1,111,37,109,-1,109,37,39,-1,109,39,107,-1,107,39,41,-1,107,41,105,-1,105,41,43,-1,105,43,103,-1,103,43,101,-1,101,43,45,-1,101,45,99,-1,93,53,91,-1,83,87,59,-1,59,87,89,-1,59,89,57,-1,57,89,91,-1,57,91,55,-1,55,91,53,-1,45,47,99,-1,99,47,49,-1,99,49,97,-1,97,49,51,-1,97,51,95,-1,95,51,93,-1,114,115,116,-1,116,115,117,-1,118,119,120,-1,120,119,114,-1,120,114,116,-1,121,119,122,-1,122,119,118,-1,123,124,125,-1,125,124,121,-1,125,121,122,-1,126,124,127,-1,127,124,123,-1,128,129,130,-1,130,129,126,-1,130,126,127,-1,131,129,132,-1,132,129,128,-1,133,134,135,-1,135,134,131,-1,135,131,132,-1,136,134,137,-1,137,134,133,-1,138,139,140,-1,140,139,136,-1,140,136,137,-1,141,139,142,-1,142,139,138,-1,117,115,143,-1,143,115,141,-1,143,141,142,-1,141,115,114,-1,114,119,141,-1,141,119,121,-1,141,121,139,-1,134,136,131,-1,131,136,139,-1,131,139,129,-1,129,139,121,-1,129,121,126,-1,126,121,124,-1,144,145,146,-1,146,145,147,-1,146,147,148,-1,148,147,149,-1,148,149,150,-1,150,149,151,-1,150,151,152,-1,152,151,153,-1,152,153,154,-1,154,153,155,-1,154,155,156,-1,156,155,157,-1,156,157,158,-1,158,157,159,-1,158,159,160,-1,160,159,161,-1,161,159,162,-1,161,162,163,-1,163,162,164,-1,163,164,165,-1,165,164,166,-1,165,166,167,-1,167,166,168,-1,167,168,169,-1,169,168,170,-1,169,170,171,-1,171,170,172,-1,171,172,173,-1,173,172,174,-1,173,174,175,-1,175,174,176,-1,175,176,177,-1,177,176,178,-1,177,178,144,-1,144,178,179,-1,144,179,145,-1,153,151,180,-1,180,151,181,-1,153,180,182,-1,153,182,155,-1,155,182,183,-1,155,183,157,-1,157,183,184,-1,157,184,159,-1,159,184,185,-1,159,185,162,-1,162,185,186,-1,162,186,164,-1,164,186,187,-1,164,187,166,-1,166,187,188,-1,166,188,168,-1,168,188,189,-1,168,189,170,-1,170,189,190,-1,170,190,172,-1,172,190,191,-1,172,191,174,-1,174,191,192,-1,174,192,176,-1,176,192,193,-1,176,193,178,-1,178,193,194,-1,178,194,179,-1,179,194,195,-1,179,195,145,-1,145,195,196,-1,145,196,147,-1,149,147,197,-1,197,147,196,-1,151,149,181,-1,181,149,197,-1,146,148,198,-1,198,148,199,-1,148,150,199,-1,199,150,200,-1,150,152,200,-1,200,152,201,-1,160,202,203,-1,160,203,158,-1,158,203,204,-1,158,204,156,-1,156,204,205,-1,156,205,154,-1,154,205,201,-1,154,201,152,-1,167,206,207,-1,167,207,165,-1,165,207,208,-1,165,208,163,-1,163,208,209,-1,163,209,161,-1,161,209,202,-1,161,202,160,-1,175,210,211,-1,175,211,173,-1,173,211,212,-1,173,212,171,-1,171,212,213,-1,171,213,169,-1,169,213,206,-1,169,206,167,-1,146,198,214,-1,146,214,144,-1,144,214,215,-1,144,215,177,-1,177,215,210,-1,177,210,175,-1,
        ]
    }
}
Shape{
    appearance Appearance {
        material  Material 	{
            diffuseColor 0.8509803921568627 0.8509803921568627 0.8509803921568627
            specularColor 0.4235294117647059 0.4235294117647059 0.4235294117647059
            ambientIntensity 0.851
            transparency 0.0
            shininess 0.5
        }
    }
    geometry IndexedFaceSet {
        ccw TRUE
        solid FALSE
        coord DEF co Coordinate {
            point [
                -0.1191 0.622 1.831, -0.1187 0.622 1.7692, -0.1312 0.622 1.8309, -0.1303 0.622 1.7692, -0.1629 0.622 1.8006, -0.162 0.622 1.8095, -0.1599 0.622 1.8157, -0.157 0.622 1.8203, -0.1542 0.622 1.8232, -0.1626 0.622 1.796, -0.1397 0.622 1.77, -0.1468 0.622 1.7723, -0.1522 0.622 1.7757, -0.1541 0.622 1.7773, -0.1611 0.622 1.7886, -0.1584 0.622 1.7826, -0.1483 0.622 1.8272, -0.1414 0.622 1.8297
            ]
        }
        coordIndex [
            0,1,2,-1,2,1,3,-1,3,4,5,-1,5,6,3,-1,3,6,7,-1,3,7,8,-1,4,3,9,-1,9,3,10,-1,9,10,11,-1,11,12,9,-1,9,12,13,-1,9,13,14,-1,14,13,15,-1,8,16,3,-1,3,16,17,-1,3,17,2,-1,
        ]
    }
}
Shape{
    appearance Appearance {
        material  Material 	{
            diffuseColor 0.0 0.0 0.0
            specularColor 0.0 0.0 0.0
            ambientIntensity 0.0
            transparency 0.0
            shininess 0.5
        }
    }
    geometry IndexedFaceSet {
        ccw TRUE
        solid FALSE
        coord DEF co Coordinate {
            point [
                -0.2005 0.6224 1.7905, -0.2127 0.6224 1.8237, -0.2089 0.6224 1.8396, -0.1779 0.6224 1.7597, -0.1893 0.6224 1.7596, -0.1972 0.6224 1.7815, -0.2134 0.6224 1.8261, -0.2141 0.6224 1.8293, -0.22 0.6224 1.8395, -0.2143 0.6224 1.8293, -0.2149 0.6224 1.8259, -0.2155 0.6224 1.8237, -0.2274 0.6224 1.7903, -0.2499 0.6224 1.7592, -0.2385 0.6224 1.7593, -0.2305 0.6224 1.7812, -0.22 0.622 1.8395, -0.2499 0.622 1.7593, -0.2499 0.622 1.7592, -0.2089 0.622 1.8396, -0.1779 0.622 1.7597, -0.2001 0.622 1.8168, -0.1893 0.622 1.7596, -0.1972 0.622 1.7815, -0.2305 0.622 1.7812, -0.2001 0.622 1.7814, -0.2385 0.622 1.7593, -0.2385 0.622 1.7593, -0.2005 0.622 1.7905, -0.2274 0.622 1.7903, -0.2155 0.622 1.8237, -0.2143 0.622 1.8293, -0.2149 0.622 1.8259, -0.2141 0.622 1.8293, -0.2127 0.622 1.8237, -0.2134 0.622 1.8261
            ]
        }
        coordIndex [
            0,1,2,-1,3,4,5,-1,1,6,2,-1,2,6,7,-1,2,7,8,-1,8,7,9,-1,8,9,10,-1,10,11,8,-1,8,11,12,-1,8,12,13,-1,14,13,15,-1,15,13,12,-1,15,12,5,-1,5,12,0,-1,5,0,3,-1,3,0,2,-1,16,8,17,-1,17,8,13,-1,17,13,18,-1,2,8,19,-1,19,8,16,-1,20,3,21,-1,21,3,2,-1,21,2,19,-1,4,3,22,-1,22,3,20,-1,5,4,23,-1,23,4,22,-1,24,15,25,-1,25,15,5,-1,25,5,23,-1,26,14,27,-1,27,14,15,-1,27,15,24,-1,13,14,18,-1,18,14,26,-1,0,12,28,-1,28,12,29,-1,12,11,29,-1,29,11,30,-1,9,31,32,-1,9,32,10,-1,10,32,30,-1,10,30,11,-1,9,7,31,-1,31,7,33,-1,1,34,35,-1,1,35,6,-1,6,35,33,-1,6,33,7,-1,1,0,34,-1,34,0,28,-1,
        ]
    }
}
Shape{
    appearance Appearance {
        material  Material 	{
            diffuseColor 0.8509803921568627 0.8509803921568627 0.8509803921568627
            specularColor 0.4235294117647059 0.4235294117647059 0.4235294117647059
            ambientIntensity 0.851
            transparency 0.0
            shininess 0.5
        }
    }
    geometry IndexedFaceSet {
        ccw TRUE
        solid FALSE
        coord DEF co Coordinate {
            point [
                -0.2143 0.622 1.8293, -0.2141 0.622 1.8293, -0.2149 0.622 1.8259, -0.2134 0.622 1.8261, -0.2155 0.622 1.8237, -0.2127 0.622 1.8237, -0.2274 0.622 1.7903, -0.2005 0.622 1.7905
            ]
        }
        coordIndex [
            0,1,2,-1,2,1,3,-1,2,3,4,-1,4,3,5,-1,4,5,6,-1,6,5,7,-1,
        ]
    }
}
Shape{
    appearance Appearance {
        material  Material 	{
            diffuseColor 0.0 0.0 0.0
            specularColor 0.0 0.0 0.0
            ambientIntensity 0.0
            transparency 0.0
            shininess 0.5
        }
    }
    geometry IndexedFaceSet {
        ccw TRUE
        solid FALSE
        coord DEF co Coordinate {
            point [
                0.0292 0.6224 1.6433, 0.0292 0.6224 1.6341, 0.0292 0.622 1.6433, 0.0292 0.622 1.6341, 0.0619 0.6224 1.6435, 0.0619 0.622 1.6435, 0.0617 0.6224 1.6704, 0.0617 0.622 1.6704, 0.0331 0.6224 1.6702, 0.0331 0.622 1.6702, 0.033 0.6224 1.6794, 0.033 0.622 1.6794, 0.0616 0.6224 1.6796, 0.0616 0.622 1.6796, 0.0615 0.6224 1.7052, 0.0615 0.622 1.7052, 0.0306 0.6224 1.705, 0.0306 0.622 1.705, 0.0305 0.6224 1.7142, 0.0305 0.622 1.7137, 0.0305 0.622 1.7142, 0.0717 0.6224 1.7145, 0.0717 0.622 1.7145, 0.0723 0.622 1.6344, 0.0723 0.6224 1.6344, 0.0717 0.622 1.7137, -0.0163 0.6224 1.6338, -0.0263 0.6224 1.6337, -0.0163 0.6224 1.6427, -0.0266 0.6224 1.6705, -0.0165 0.6224 1.6702, 0.0053 0.6224 1.6584, 0.0029 0.6224 1.6595, -0.0031 0.6224 1.6608, -0.0165 0.6224 1.6625, -0.0164 0.6224 1.657, -0.0162 0.6224 1.6746, -0.0257 0.6224 1.6787, -0.0152 0.6224 1.6782, -0.0241 0.6224 1.6831, -0.014 0.6224 1.6803, -0.022 0.6224 1.6863, -0.0125 0.6224 1.6819, -0.0198 0.6224 1.6885, -0.0108 0.6224 1.683, -0.0165 0.6224 1.6904, -0.0084 0.6224 1.6839, -0.0123 0.6224 1.6918, -0.005 0.6224 1.6843, -0.006 0.6224 1.6924, 0.0008 0.6224 1.6837, 0.0028 0.6224 1.6915, 0.0071 0.6224 1.6816, 0.0105 0.6224 1.6889, 0.0137 0.6224 1.6775, 0.0137 0.6224 1.6872, -0.0164 0.6224 1.6564, -0.0157 0.6224 1.6519, -0.0143 0.6224 1.6483, -0.0161 0.6224 1.6427, -0.0121 0.6224 1.6454, -0.0145 0.6224 1.6403, -0.0108 0.6224 1.6442, -0.0113 0.6224 1.6369, -0.0079 0.6224 1.6423, -0.0077 0.6224 1.6346, -0.0049 0.6224 1.6412, -0.0037 0.6224 1.6331, -0.0011 0.6224 1.6408, 0.0015 0.6224 1.6326, 0.0022 0.6224 1.6412, 0.0075 0.6224 1.6333, 0.0045 0.6224 1.6421, 0.0113 0.6224 1.6348, 0.0065 0.6224 1.6434, 0.0147 0.6224 1.6372, 0.0073 0.6224 1.6443, 0.0004 0.6224 1.6679, 0.0085 0.6224 1.6659, 0.0066 0.6224 1.6574, 0.0126 0.6224 1.6638, 0.0079 0.6224 1.6559, 0.0156 0.6224 1.6611, 0.0087 0.6224 1.654, 0.0177 0.6224 1.6578, 0.0093 0.6224 1.6517, 0.019 0.6224 1.6542, 0.0094 0.6224 1.6501, 0.0195 0.6224 1.6494, 0.0091 0.6224 1.6478, 0.0191 0.6224 1.6448, 0.0085 0.6224 1.646, 0.0179 0.6224 1.6414, 0.0158 0.6224 1.6383, -0.006 0.622 1.6924, 0.0028 0.622 1.6915, 0.0105 0.622 1.6889, 0.0137 0.622 1.6872, 0.0137 0.622 1.6775, 0.0071 0.622 1.6816, 0.0008 0.622 1.6837, -0.005 0.622 1.6843, -0.0084 0.622 1.6839, -0.0108 0.622 1.683, -0.0125 0.622 1.6819, -0.014 0.622 1.6803, -0.0152 0.622 1.6782, -0.0162 0.622 1.6746, -0.0165 0.622 1.6702, 0.0004 0.622 1.6679, 0.0085 0.622 1.6659, 0.0126 0.622 1.6638, 0.0156 0.622 1.6611, 0.0177 0.622 1.6578, 0.019 0.622 1.6542, 0.0195 0.622 1.6494, 0.0191 0.622 1.6448, 0.0179 0.622 1.6414, 0.0158 0.622 1.6383, 0.0147 0.622 1.6372, 0.0113 0.622 1.6348, 0.0075 0.622 1.6333, 0.0015 0.622 1.6326, -0.0037 0.622 1.6331, -0.0077 0.622 1.6346, -0.0113 0.622 1.6369, -0.0145 0.622 1.6403, -0.0161 0.622 1.6427, -0.0163 0.622 1.6427, -0.0163 0.622 1.6338, -0.0263 0.622 1.6337, -0.0266 0.622 1.6705, -0.0257 0.622 1.6787, -0.0241 0.622 1.6831, -0.022 0.622 1.6863, -0.0198 0.622 1.6885, -0.0165 0.622 1.6904, -0.0123 0.622 1.6918, 0.0066 0.622 1.6574, 0.0053 0.622 1.6584, 0.0029 0.622 1.6595, -0.0031 0.622 1.6608, 0.0094 0.622 1.6501, 0.0093 0.622 1.6517, 0.0087 0.622 1.654, 0.0079 0.622 1.6559, 0.0065 0.622 1.6434, 0.0073 0.622 1.6443, 0.0085 0.622 1.646, 0.0091 0.622 1.6478, -0.0011 0.622 1.6408, 0.0022 0.622 1.6412, 0.0045 0.622 1.6421, -0.0121 0.622 1.6454, -0.0108 0.622 1.6442, -0.0079 0.622 1.6423, -0.0049 0.622 1.6412, -0.0164 0.622 1.657, -0.0164 0.622 1.6564, -0.0157 0.622 1.6519, -0.0143 0.622 1.6483, -0.0165 0.622 1.6625
            ]
        }
        coordIndex [
            0,1,2,-1,2,1,3,-1,4,0,5,-1,5,0,2,-1,6,4,7,-1,7,4,5,-1,8,6,9,-1,9,6,7,-1,10,8,11,-1,11,8,9,-1,12,10,13,-1,13,10,11,-1,14,12,15,-1,15,12,13,-1,16,14,17,-1,17,14,15,-1,16,17,18,-1,18,17,19,-1,18,19,20,-1,21,18,22,-1,22,18,20,-1,23,24,25,-1,25,24,21,-1,25,21,22,-1,1,24,3,-1,3,24,23,-1,24,1,0,-1,0,4,24,-1,24,4,6,-1,24,6,21,-1,16,18,14,-1,14,18,21,-1,14,21,12,-1,12,21,6,-1,12,6,10,-1,10,6,8,-1,26,27,28,-1,28,27,29,-1,30,31,32,-1,33,34,29,-1,29,34,35,-1,32,33,30,-1,30,33,29,-1,30,29,36,-1,36,29,37,-1,36,37,38,-1,38,37,39,-1,38,39,40,-1,40,39,41,-1,40,41,42,-1,42,41,43,-1,42,43,44,-1,44,43,45,-1,44,45,46,-1,46,45,47,-1,46,47,48,-1,48,47,49,-1,48,49,50,-1,50,49,51,-1,50,51,52,-1,52,51,53,-1,52,53,54,-1,54,53,55,-1,35,56,29,-1,29,56,57,-1,29,57,28,-1,28,57,58,-1,28,58,59,-1,59,58,60,-1,59,60,61,-1,61,60,62,-1,61,62,63,-1,63,62,64,-1,63,64,65,-1,65,64,66,-1,65,66,67,-1,67,66,68,-1,67,68,69,-1,69,68,70,-1,69,70,71,-1,71,70,72,-1,71,72,73,-1,73,72,74,-1,73,74,75,-1,75,74,76,-1,30,77,31,-1,31,77,78,-1,31,78,79,-1,79,78,80,-1,79,80,81,-1,81,80,82,-1,81,82,83,-1,83,82,84,-1,83,84,85,-1,85,84,86,-1,85,86,87,-1,87,86,88,-1,87,88,89,-1,89,88,90,-1,89,90,91,-1,91,90,92,-1,91,92,76,-1,76,92,93,-1,76,93,75,-1,49,94,95,-1,49,95,51,-1,51,95,96,-1,51,96,53,-1,53,96,97,-1,53,97,55,-1,54,55,98,-1,98,55,97,-1,54,98,99,-1,54,99,52,-1,52,99,100,-1,52,100,50,-1,50,100,101,-1,50,101,48,-1,48,101,102,-1,48,102,46,-1,46,102,103,-1,46,103,44,-1,44,103,104,-1,44,104,42,-1,42,104,105,-1,42,105,40,-1,40,105,106,-1,40,106,38,-1,38,106,107,-1,38,107,36,-1,36,107,108,-1,36,108,30,-1,77,30,109,-1,109,30,108,-1,77,109,110,-1,77,110,78,-1,78,110,111,-1,78,111,80,-1,80,111,112,-1,80,112,82,-1,82,112,113,-1,82,113,84,-1,84,113,114,-1,84,114,86,-1,86,114,115,-1,86,115,88,-1,88,115,116,-1,88,116,90,-1,90,116,117,-1,90,117,92,-1,92,117,118,-1,92,118,93,-1,93,118,119,-1,93,119,75,-1,75,119,120,-1,75,120,73,-1,73,120,121,-1,73,121,71,-1,71,121,122,-1,71,122,69,-1,69,122,123,-1,69,123,67,-1,67,123,124,-1,67,124,65,-1,65,124,125,-1,65,125,63,-1,63,125,126,-1,63,126,61,-1,61,126,127,-1,61,127,59,-1,28,59,128,-1,128,59,127,-1,26,28,129,-1,129,28,128,-1,27,26,130,-1,130,26,129,-1,29,27,131,-1,131,27,130,-1,29,131,132,-1,29,132,37,-1,37,132,133,-1,37,133,39,-1,39,133,134,-1,39,134,41,-1,41,134,135,-1,41,135,43,-1,43,135,136,-1,43,136,45,-1,45,136,137,-1,45,137,47,-1,47,137,94,-1,47,94,49,-1,79,138,139,-1,79,139,31,-1,31,139,140,-1,31,140,32,-1,32,140,141,-1,32,141,33,-1,87,142,143,-1,87,143,85,-1,85,143,144,-1,85,144,83,-1,83,144,145,-1,83,145,81,-1,81,145,138,-1,81,138,79,-1,74,146,147,-1,74,147,76,-1,76,147,148,-1,76,148,91,-1,91,148,149,-1,91,149,89,-1,89,149,142,-1,89,142,87,-1,68,150,151,-1,68,151,70,-1,70,151,152,-1,70,152,72,-1,72,152,146,-1,72,146,74,-1,60,153,154,-1,60,154,62,-1,62,154,155,-1,62,155,64,-1,64,155,156,-1,64,156,66,-1,66,156,150,-1,66,150,68,-1,35,157,158,-1,35,158,56,-1,56,158,159,-1,56,159,57,-1,57,159,160,-1,57,160,58,-1,58,160,153,-1,58,153,60,-1,35,34,157,-1,157,34,161,-1,34,33,161,-1,161,33,141,-1,
        ]
    }
}
Shape{
    appearance Appearance {
        material  Material 	{
            diffuseColor 0.8509803921568627 0.8509803921568627 0.8509803921568627
            specularColor 0.4235294117647059 0.4235294117647059 0.4235294117647059
            ambientIntensity 0.851
            transparency 0.0
            shininess 0.5
        }
    }
    geometry IndexedFaceSet {
        ccw TRUE
        solid FALSE
        coord DEF co Coordinate {
            point [
                -0.0165 0.622 1.6625, -0.0031 0.622 1.6608, -0.0164 0.622 1.657, 0.0029 0.622 1.6595, 0.0053 0.622 1.6584, 0.0066 0.622 1.6574, -0.0164 0.622 1.6564, -0.0157 0.622 1.6519, 0.0079 0.622 1.6559, -0.0143 0.622 1.6483, 0.0073 0.622 1.6443, 0.0065 0.622 1.6434, -0.0108 0.622 1.6442, 0.0085 0.622 1.646, -0.0079 0.622 1.6423, -0.0049 0.622 1.6412, -0.0011 0.622 1.6408, 0.0087 0.622 1.654, 0.0093 0.622 1.6517, -0.0121 0.622 1.6454, 0.0094 0.622 1.6501, 0.0091 0.622 1.6478, 0.0045 0.622 1.6421, 0.0022 0.622 1.6412
            ]
        }
        coordIndex [
            0,1,2,-1,2,1,3,-1,3,4,2,-1,2,4,5,-1,2,5,6,-1,6,5,7,-1,7,5,8,-1,7,8,9,-1,10,11,12,-1,10,12,13,-1,14,12,15,-1,15,12,16,-1,8,17,9,-1,9,17,18,-1,9,18,19,-1,19,18,20,-1,19,20,12,-1,12,20,21,-1,12,21,13,-1,11,22,12,-1,12,22,23,-1,12,23,16,-1,
        ]
    }
}
Shape{
    appearance Appearance {
        material  Material 	{
            diffuseColor 0.0 0.0 0.0
            specularColor 0.0 0.0 0.0
            ambientIntensity 0.0
            transparency 0.0
            shininess 0.5
        }
    }
    geometry IndexedFaceSet {
        ccw TRUE
        solid FALSE
        coord DEF co Coordinate {
            point [
                -0.0564 0.6224 1.6404, -0.0564 0.622 1.6404, -0.0495 0.622 1.6413, -0.0495 0.6224 1.6413, -0.0433 0.622 1.6439, -0.0433 0.6224 1.6439, -0.04 0.622 1.646, -0.04 0.6224 1.646, -0.0399 0.6224 1.6357, -0.0399 0.622 1.6357, -0.0468 0.622 1.6332, -0.0468 0.6224 1.6332, -0.0554 0.622 1.6322, -0.0554 0.6224 1.6322, -0.0638 0.622 1.633, -0.0638 0.6224 1.633, -0.0693 0.622 1.635, -0.0693 0.6224 1.635, -0.0721 0.622 1.6366, -0.0721 0.6224 1.6366, -0.075 0.622 1.6391, -0.075 0.6224 1.6391, -0.0769 0.622 1.6417, -0.0769 0.6224 1.6417, -0.0781 0.622 1.6449, -0.0781 0.6224 1.6449, -0.0786 0.622 1.6489, -0.0786 0.6224 1.6489, -0.0782 0.622 1.6527, -0.0782 0.6224 1.6527, -0.0772 0.622 1.6556, -0.0772 0.6224 1.6556, -0.0753 0.622 1.6584, -0.0753 0.6224 1.6584, -0.073 0.622 1.6606, -0.073 0.6224 1.6606, -0.0663 0.622 1.6643, -0.0663 0.6224 1.6643, -0.0625 0.622 1.6659, -0.0625 0.6224 1.6659, -0.0563 0.622 1.6687, -0.0563 0.6224 1.6687, -0.0527 0.622 1.6709, -0.0527 0.6224 1.6709, -0.0518 0.622 1.672, -0.0518 0.6224 1.672, -0.0511 0.622 1.6733, -0.0511 0.6224 1.6733, -0.0507 0.622 1.6749, -0.0507 0.6224 1.6749, -0.0506 0.622 1.6762, -0.0506 0.6224 1.6762, -0.0508 0.622 1.6778, -0.0508 0.6224 1.6778, -0.0513 0.622 1.6792, -0.0513 0.6224 1.6792, -0.0522 0.622 1.6805, -0.0522 0.6224 1.6805, -0.0537 0.622 1.6818, -0.0537 0.6224 1.6818, -0.0559 0.622 1.683, -0.0559 0.6224 1.683, -0.0586 0.622 1.6836, -0.0586 0.6224 1.6836, -0.0616 0.622 1.6839, -0.0616 0.6224 1.6839, -0.0688 0.622 1.6829, -0.0688 0.6224 1.6829, -0.0744 0.622 1.6806, -0.0744 0.6224 1.6806, -0.0761 0.622 1.6796, -0.0761 0.6224 1.6796, -0.0762 0.6224 1.6894, -0.0762 0.622 1.6894, -0.0689 0.622 1.6915, -0.0689 0.6224 1.6915, -0.0626 0.622 1.692, -0.0626 0.6224 1.692, -0.0548 0.622 1.6911, -0.0548 0.6224 1.6911, -0.0494 0.622 1.6891, -0.0494 0.6224 1.6891, -0.0468 0.622 1.6876, -0.0468 0.6224 1.6876, -0.0438 0.622 1.6849, -0.0438 0.6224 1.6849, -0.0419 0.622 1.6822, -0.0419 0.6224 1.6822, -0.0407 0.622 1.679, -0.0407 0.6224 1.679, -0.0403 0.622 1.6754, -0.0403 0.6224 1.6754, -0.0407 0.622 1.6715, -0.0407 0.6224 1.6715, -0.0417 0.622 1.6684, -0.0417 0.6224 1.6684, -0.043 0.622 1.6663, -0.043 0.6224 1.6663, -0.0447 0.622 1.6646, -0.0447 0.6224 1.6646, -0.0494 0.622 1.6615, -0.0494 0.6224 1.6615, -0.0553 0.622 1.6587, -0.0553 0.6224 1.6587, -0.0619 0.622 1.6559, -0.0619 0.6224 1.6559, -0.0658 0.622 1.6535, -0.0658 0.6224 1.6535, -0.067 0.622 1.6522, -0.067 0.6224 1.6522, -0.0678 0.622 1.6508, -0.0678 0.6224 1.6508, -0.0682 0.622 1.6493, -0.0682 0.6224 1.6493, -0.0683 0.622 1.648, -0.0683 0.6224 1.648, -0.0681 0.622 1.6461, -0.0681 0.6224 1.6461, -0.0676 0.622 1.6447, -0.0676 0.6224 1.6447, -0.0667 0.622 1.6434, -0.0667 0.6224 1.6434, -0.0655 0.622 1.6424, -0.0655 0.6224 1.6424, -0.0646 0.622 1.6418, -0.0646 0.6224 1.6418, -0.062 0.622 1.6409, -0.062 0.6224 1.6409, -0.0569 0.622 1.6404, -0.0569 0.6224 1.6404, -0.1286 0.6224 1.6902, -0.139 0.6224 1.6901, -0.1286 0.622 1.6902, -0.139 0.622 1.6901, -0.1127 0.6224 1.6473, -0.1127 0.622 1.6473, -0.1119 0.622 1.6446, -0.1119 0.6224 1.6446, -0.1115 0.622 1.6426, -0.1115 0.6224 1.6426, -0.1112 0.6224 1.6426, -0.1112 0.622 1.6426, -0.11 0.6224 1.6474, -0.11 0.622 1.6474, -0.0954 0.622 1.6904, -0.0954 0.6224 1.6904, -0.1007 0.622 1.6746, -0.0841 0.6224 1.6905, -0.0841 0.622 1.6905, -0.1062 0.622 1.6333, -0.1062 0.6224 1.6333, -0.1007 0.622 1.6474, -0.1017 0.622 1.6229, -0.1017 0.6224 1.6229, -0.1055 0.622 1.6318, -0.1007 0.622 1.6212, -0.0997 0.6224 1.6194, -0.0997 0.622 1.6194, -0.0978 0.622 1.6173, -0.0978 0.6224 1.6173, -0.096 0.622 1.616, -0.096 0.6224 1.616, -0.0938 0.622 1.6152, -0.0938 0.6224 1.6152, -0.0914 0.622 1.6149, -0.0914 0.6224 1.6149, -0.0877 0.622 1.6154, -0.0877 0.6224 1.6154, -0.0857 0.622 1.6161, -0.0857 0.6224 1.6161, -0.0856 0.6224 1.6072, -0.0856 0.622 1.6072, -0.0899 0.622 1.6064, -0.0899 0.6224 1.6064, -0.0921 0.622 1.6063, -0.0921 0.6224 1.6063, -0.0961 0.622 1.6068, -0.0961 0.6224 1.6068, -0.1001 0.622 1.6083, -0.1001 0.6224 1.6083, -0.1007 0.622 1.6087, -0.1036 0.6224 1.6107, -0.1036 0.622 1.6107, -0.1043 0.622 1.6113, -0.1043 0.6224 1.6113, -0.108 0.622 1.6157, -0.108 0.6224 1.6157, -0.1126 0.622 1.6245, -0.1126 0.6224 1.6245, -0.1156 0.622 1.6318, -0.1926 0.6224 1.6417, -0.1925 0.6224 1.6326, -0.1926 0.622 1.6417, -0.1925 0.622 1.6326, -0.1598 0.622 1.6419, -0.1598 0.6224 1.6419, -0.1758 0.622 1.6418, -0.16 0.6224 1.6689, -0.16 0.622 1.6689, -0.1887 0.622 1.6687, -0.1887 0.6224 1.6687, -0.1758 0.622 1.6688, -0.1887 0.6224 1.6778, -0.1887 0.622 1.6778, -0.1601 0.622 1.678, -0.1601 0.6224 1.678, -0.1758 0.622 1.6779, -0.1603 0.6224 1.7037, -0.1603 0.622 1.7037, -0.1912 0.622 1.7034, -0.1912 0.6224 1.7034, -0.1758 0.622 1.7035, -0.1912 0.6224 1.7127, -0.1912 0.622 1.7127, -0.15 0.622 1.7129, -0.15 0.6224 1.7129, -0.1758 0.622 1.7128, -0.1494 0.6224 1.6329, -0.1494 0.622 1.6329, -0.1758 0.622 1.6327, -0.2408 0.6224 1.702, -0.2327 0.6224 1.7123, -0.2306 0.6224 1.7032, -0.231 0.6224 1.7124, -0.2185 0.6224 1.7032, -0.2082 0.6224 1.7125, -0.218 0.6224 1.6415, -0.2076 0.6224 1.6325, -0.2297 0.6224 1.6414, -0.2296 0.6224 1.6323, -0.2391 0.6224 1.6423, -0.2431 0.6224 1.6338, -0.2461 0.6224 1.6446, -0.2523 0.6224 1.6373, -0.2516 0.6224 1.6479, -0.2608 0.6224 1.6433, -0.2535 0.6224 1.6496, -0.2577 0.6224 1.6549, -0.2663 0.6224 1.6496, -0.2605 0.6224 1.6609, -0.2705 0.6224 1.6577, -0.262 0.6224 1.6683, -0.2727 0.6224 1.6669, -0.2622 0.6224 1.6728, -0.2731 0.6224 1.6731, -0.2614 0.6224 1.6818, -0.2719 0.6224 1.684, -0.2593 0.6224 1.6879, -0.269 0.6224 1.6917, -0.2564 0.6224 1.6926, -0.2641 0.6224 1.6987, -0.2536 0.6224 1.6955, -0.2612 0.6224 1.7016, -0.2477 0.6224 1.6994, -0.2542 0.6224 1.7066, -0.2447 0.6224 1.7105, -0.2296 0.622 1.6323, -0.2076 0.622 1.6325, -0.2431 0.622 1.6338, -0.2523 0.622 1.6373, -0.2608 0.622 1.6433, -0.2615 0.622 1.6441, -0.2663 0.622 1.6496, -0.2705 0.622 1.6577, -0.2727 0.622 1.6669, -0.2731 0.622 1.6731, -0.2719 0.622 1.684, -0.269 0.622 1.6917, -0.2641 0.622 1.6987, -0.2615 0.622 1.7012, -0.2612 0.622 1.7016, -0.2542 0.622 1.7066, -0.2447 0.622 1.7105, -0.2327 0.622 1.7123, -0.231 0.622 1.7124, -0.2082 0.622 1.7125, -0.2306 0.622 1.7032, -0.2185 0.622 1.7032, -0.218 0.622 1.6415, -0.2297 0.622 1.6414, -0.2535 0.622 1.6496, -0.2516 0.622 1.6479, -0.2461 0.622 1.6446, -0.2391 0.622 1.6423, -0.2622 0.622 1.6728, -0.262 0.622 1.6683, -0.2605 0.622 1.6609, -0.2577 0.622 1.6549, -0.2536 0.622 1.6955, -0.2564 0.622 1.6926, -0.2593 0.622 1.6879, -0.2614 0.622 1.6818, -0.2408 0.622 1.702, -0.2477 0.622 1.6994
            ]
        }
        coordIndex [
            0,1,2,-1,0,2,3,-1,3,2,4,-1,3,4,5,-1,5,4,6,-1,5,6,7,-1,8,7,9,-1,9,7,6,-1,8,9,10,-1,8,10,11,-1,11,10,12,-1,11,12,13,-1,13,12,14,-1,13,14,15,-1,15,14,16,-1,15,16,17,-1,17,16,18,-1,17,18,19,-1,19,18,20,-1,19,20,21,-1,21,20,22,-1,21,22,23,-1,23,22,24,-1,23,24,25,-1,25,24,26,-1,25,26,27,-1,27,26,28,-1,27,28,29,-1,29,28,30,-1,29,30,31,-1,31,30,32,-1,31,32,33,-1,33,32,34,-1,33,34,35,-1,35,34,36,-1,35,36,37,-1,37,36,38,-1,37,38,39,-1,39,38,40,-1,39,40,41,-1,41,40,42,-1,41,42,43,-1,43,42,44,-1,43,44,45,-1,45,44,46,-1,45,46,47,-1,47,46,48,-1,47,48,49,-1,49,48,50,-1,49,50,51,-1,51,50,52,-1,51,52,53,-1,53,52,54,-1,53,54,55,-1,55,54,56,-1,55,56,57,-1,57,56,58,-1,57,58,59,-1,59,58,60,-1,59,60,61,-1,61,60,62,-1,61,62,63,-1,63,62,64,-1,63,64,65,-1,65,64,66,-1,65,66,67,-1,67,66,68,-1,67,68,69,-1,69,68,70,-1,69,70,71,-1,72,71,73,-1,73,71,70,-1,72,73,74,-1,72,74,75,-1,75,74,76,-1,75,76,77,-1,77,76,78,-1,77,78,79,-1,79,78,80,-1,79,80,81,-1,81,80,82,-1,81,82,83,-1,83,82,84,-1,83,84,85,-1,85,84,86,-1,85,86,87,-1,87,86,88,-1,87,88,89,-1,89,88,90,-1,89,90,91,-1,91,90,92,-1,91,92,93,-1,93,92,94,-1,93,94,95,-1,95,94,96,-1,95,96,97,-1,97,96,98,-1,97,98,99,-1,99,98,100,-1,99,100,101,-1,101,100,102,-1,101,102,103,-1,103,102,104,-1,103,104,105,-1,105,104,106,-1,105,106,107,-1,107,106,108,-1,107,108,109,-1,109,108,110,-1,109,110,111,-1,111,110,112,-1,111,112,113,-1,113,112,114,-1,113,114,115,-1,115,114,116,-1,115,116,117,-1,117,116,118,-1,117,118,119,-1,119,118,120,-1,119,120,121,-1,121,120,122,-1,121,122,123,-1,123,122,124,-1,123,124,125,-1,125,124,126,-1,125,126,127,-1,127,126,128,-1,127,128,129,-1,129,128,1,-1,129,1,0,-1,57,59,81,-1,81,59,79,-1,105,39,103,-1,103,39,41,-1,13,0,11,-1,11,0,3,-1,11,3,8,-1,8,3,5,-1,8,5,7,-1,59,61,79,-1,79,61,63,-1,79,63,77,-1,77,63,65,-1,77,65,75,-1,75,65,67,-1,75,67,72,-1,72,67,69,-1,72,69,71,-1,17,19,121,-1,121,19,21,-1,121,21,119,-1,119,21,23,-1,119,23,117,-1,117,23,25,-1,117,25,115,-1,115,25,27,-1,115,27,113,-1,113,27,29,-1,113,29,111,-1,111,29,31,-1,111,31,109,-1,109,31,33,-1,109,33,107,-1,107,33,35,-1,107,35,105,-1,105,35,37,-1,105,37,39,-1,121,123,17,-1,17,123,125,-1,17,125,15,-1,15,125,127,-1,15,127,13,-1,13,127,129,-1,13,129,0,-1,81,83,57,-1,57,83,85,-1,57,85,55,-1,55,85,87,-1,55,87,53,-1,53,87,89,-1,53,89,51,-1,51,89,91,-1,51,91,49,-1,49,91,93,-1,49,93,47,-1,47,93,95,-1,47,95,45,-1,45,95,97,-1,45,97,43,-1,43,97,99,-1,43,99,41,-1,41,99,101,-1,41,101,103,-1,130,131,132,-1,132,131,133,-1,134,130,135,-1,135,130,132,-1,134,135,136,-1,134,136,137,-1,137,136,138,-1,137,138,139,-1,140,139,141,-1,141,139,138,-1,142,140,143,-1,143,140,141,-1,144,145,146,-1,146,145,142,-1,146,142,143,-1,147,145,148,-1,148,145,144,-1,149,150,151,-1,151,150,147,-1,151,147,148,-1,152,153,154,-1,154,153,150,-1,154,150,149,-1,153,152,155,-1,153,155,156,-1,155,157,156,-1,156,157,158,-1,156,158,159,-1,159,158,160,-1,159,160,161,-1,161,160,162,-1,161,162,163,-1,163,162,164,-1,163,164,165,-1,165,164,166,-1,165,166,167,-1,167,166,168,-1,167,168,169,-1,170,169,171,-1,171,169,168,-1,170,171,172,-1,170,172,173,-1,173,172,174,-1,173,174,175,-1,175,174,176,-1,175,176,177,-1,177,176,178,-1,177,178,179,-1,179,178,180,-1,179,180,181,-1,180,182,181,-1,181,182,183,-1,181,183,184,-1,184,183,185,-1,184,185,186,-1,186,185,187,-1,186,187,188,-1,133,131,189,-1,189,131,188,-1,189,188,187,-1,137,139,188,-1,131,130,188,-1,188,130,134,-1,188,134,137,-1,145,147,142,-1,142,147,150,-1,142,150,140,-1,186,156,184,-1,184,156,159,-1,169,170,167,-1,167,170,173,-1,167,173,165,-1,165,173,175,-1,165,175,163,-1,163,175,177,-1,163,177,161,-1,161,177,179,-1,161,179,159,-1,159,179,181,-1,159,181,184,-1,139,140,188,-1,188,140,150,-1,188,150,186,-1,186,150,153,-1,186,153,156,-1,190,191,192,-1,192,191,193,-1,194,195,196,-1,196,195,190,-1,196,190,192,-1,197,195,198,-1,198,195,194,-1,199,200,201,-1,201,200,197,-1,201,197,198,-1,202,200,203,-1,203,200,199,-1,204,205,206,-1,206,205,202,-1,206,202,203,-1,207,205,208,-1,208,205,204,-1,209,210,211,-1,211,210,207,-1,211,207,208,-1,212,210,213,-1,213,210,209,-1,214,215,216,-1,216,215,212,-1,216,212,213,-1,217,215,218,-1,218,215,214,-1,193,191,219,-1,219,191,217,-1,219,217,218,-1,217,191,190,-1,190,195,217,-1,217,195,197,-1,217,197,215,-1,210,212,207,-1,207,212,215,-1,207,215,205,-1,205,215,197,-1,205,197,202,-1,202,197,200,-1,220,221,222,-1,222,221,223,-1,222,223,224,-1,224,223,225,-1,224,225,226,-1,226,225,227,-1,226,227,228,-1,228,227,229,-1,228,229,230,-1,230,229,231,-1,230,231,232,-1,232,231,233,-1,232,233,234,-1,234,233,235,-1,234,235,236,-1,236,235,237,-1,237,235,238,-1,237,238,239,-1,239,238,240,-1,239,240,241,-1,241,240,242,-1,241,242,243,-1,243,242,244,-1,243,244,245,-1,245,244,246,-1,245,246,247,-1,247,246,248,-1,247,248,249,-1,249,248,250,-1,249,250,251,-1,251,250,252,-1,251,252,253,-1,253,252,254,-1,253,254,220,-1,220,254,255,-1,220,255,221,-1,229,227,256,-1,256,227,257,-1,229,256,258,-1,229,258,231,-1,231,258,259,-1,231,259,233,-1,233,259,260,-1,233,260,235,-1,235,260,261,-1,235,261,238,-1,261,262,238,-1,238,262,263,-1,238,263,240,-1,240,263,264,-1,240,264,242,-1,242,264,265,-1,242,265,244,-1,244,265,266,-1,244,266,246,-1,246,266,267,-1,246,267,248,-1,248,267,268,-1,248,268,250,-1,250,268,252,-1,252,268,269,-1,252,269,270,-1,252,270,271,-1,252,271,254,-1,254,271,272,-1,254,272,255,-1,255,272,273,-1,255,273,221,-1,221,273,274,-1,221,274,223,-1,225,223,275,-1,275,223,274,-1,227,225,257,-1,257,225,275,-1,222,224,276,-1,276,224,277,-1,224,226,277,-1,277,226,278,-1,226,228,278,-1,278,228,279,-1,236,280,281,-1,236,281,234,-1,234,281,282,-1,234,282,232,-1,232,282,283,-1,232,283,230,-1,230,283,279,-1,230,279,228,-1,243,284,285,-1,243,285,241,-1,241,285,286,-1,241,286,239,-1,239,286,287,-1,239,287,237,-1,237,287,280,-1,237,280,236,-1,251,288,289,-1,251,289,249,-1,249,289,290,-1,249,290,247,-1,247,290,291,-1,247,291,245,-1,245,291,284,-1,245,284,243,-1,222,276,292,-1,222,292,220,-1,220,292,293,-1,220,293,253,-1,253,293,288,-1,253,288,251,-1,
        ]
    }
}
Shape{
    appearance Appearance {
        material  Material 	{
            diffuseColor 0.8509803921568627 0.8509803921568627 0.8509803921568627
            specularColor 0.4235294117647059 0.4235294117647059 0.4235294117647059
            ambientIntensity 0.851
            transparency 0.0
            shininess 0.5
        }
    }
    geometry IndexedFaceSet {
        ccw TRUE
        solid FALSE
        coord DEF co Coordinate {
            point [
                -0.2185 0.622 1.7032, -0.218 0.622 1.6415, -0.2306 0.622 1.7032, -0.2297 0.622 1.6414, -0.2622 0.622 1.6728, -0.2614 0.622 1.6818, -0.2593 0.622 1.6879, -0.2564 0.622 1.6926, -0.2536 0.622 1.6955, -0.262 0.622 1.6683, -0.2391 0.622 1.6423, -0.2461 0.622 1.6446, -0.2516 0.622 1.6479, -0.2535 0.622 1.6496, -0.2605 0.622 1.6609, -0.2577 0.622 1.6549, -0.2477 0.622 1.6994, -0.2408 0.622 1.702
            ]
        }
        coordIndex [
            0,1,2,-1,2,1,3,-1,3,4,5,-1,5,6,3,-1,3,6,7,-1,3,7,8,-1,4,3,9,-1,9,3,10,-1,9,10,11,-1,11,12,9,-1,9,12,13,-1,9,13,14,-1,14,13,15,-1,8,16,3,-1,3,16,17,-1,3,17,2,-1,
        ]
    }
}
Shape{
    appearance Appearance {
        material  Material 	{
            diffuseColor 0.0 0.0 0.0
            specularColor 0.0 0.0 0.0
            ambientIntensity 0.0
            transparency 0.0
            shininess 0.5
        }
    }
    geometry IndexedFaceSet {
        ccw TRUE
        solid FALSE
        coord DEF co Coordinate {
            point [
                -0.2999 0.6224 1.6628, -0.3121 0.6224 1.696, -0.3083 0.6224 1.7118, -0.2773 0.6224 1.632, -0.2887 0.6224 1.6319, -0.2965 0.6224 1.6537, -0.3128 0.6224 1.6983, -0.3134 0.6224 1.7016, -0.3194 0.6224 1.7117, -0.3137 0.6224 1.7015, -0.3143 0.6224 1.6982, -0.3149 0.6224 1.6959, -0.3267 0.6224 1.6626, -0.3493 0.6224 1.6315, -0.3379 0.6224 1.6315, -0.3299 0.6224 1.6535, -0.3194 0.622 1.7117, -0.3492 0.622 1.6318, -0.3493 0.622 1.6315, -0.3083 0.622 1.7118, -0.2773 0.622 1.632, -0.2887 0.622 1.6319, -0.2965 0.622 1.6537, -0.3299 0.622 1.6535, -0.3378 0.622 1.6318, -0.3379 0.622 1.6315, -0.2999 0.622 1.6628, -0.3267 0.622 1.6626, -0.3149 0.622 1.6959, -0.3137 0.622 1.7015, -0.3143 0.622 1.6982, -0.3134 0.622 1.7016, -0.3121 0.622 1.696, -0.3128 0.622 1.6983
            ]
        }
        coordIndex [
            0,1,2,-1,3,4,5,-1,1,6,2,-1,2,6,7,-1,2,7,8,-1,8,7,9,-1,8,9,10,-1,10,11,8,-1,8,11,12,-1,8,12,13,-1,14,13,15,-1,15,13,12,-1,15,12,5,-1,5,12,0,-1,5,0,3,-1,3,0,2,-1,16,8,17,-1,17,8,13,-1,17,13,18,-1,2,8,19,-1,19,8,16,-1,3,2,20,-1,20,2,19,-1,4,3,21,-1,21,3,20,-1,5,4,22,-1,22,4,21,-1,15,5,23,-1,23,5,22,-1,15,23,14,-1,14,23,24,-1,14,24,25,-1,13,14,18,-1,18,14,25,-1,0,12,26,-1,26,12,27,-1,12,11,27,-1,27,11,28,-1,9,29,30,-1,9,30,10,-1,10,30,28,-1,10,28,11,-1,9,7,29,-1,29,7,31,-1,1,32,33,-1,1,33,6,-1,6,33,31,-1,6,31,7,-1,1,0,32,-1,32,0,26,-1,
        ]
    }
}
Shape{
    appearance Appearance {
        material  Material 	{
            diffuseColor 0.8509803921568627 0.8509803921568627 0.8509803921568627
            specularColor 0.4235294117647059 0.4235294117647059 0.4235294117647059
            ambientIntensity 0.851
            transparency 0.0
            shininess 0.5
        }
    }
    geometry IndexedFaceSet {
        ccw TRUE
        solid FALSE
        coord DEF co Coordinate {
            point [
                -0.3137 0.622 1.7015, -0.3134 0.622 1.7016, -0.3143 0.622 1.6982, -0.3128 0.622 1.6983, -0.3149 0.622 1.6959, -0.3121 0.622 1.696, -0.3267 0.622 1.6626, -0.2999 0.622 1.6628
            ]
        }
        coordIndex [
            0,1,2,-1,2,1,3,-1,2,3,4,-1,4,3,5,-1,4,5,6,-1,6,5,7,-1,
        ]
    }
}
Shape{
    appearance Appearance {
        material  Material 	{
            diffuseColor 0.0 0.0 0.0
            specularColor 0.0 0.0 0.0
            ambientIntensity 0.0
            transparency 0.0
            shininess 0.5
        }
    }
    geometry IndexedFaceSet {
        ccw TRUE
        solid FALSE
        coord DEF co Coordinate {
            point [
                0.426 0.6224 1.6256, 0.4176 0.6224 1.6151, 0.4308 0.6224 1.676, 0.2404 0.6224 1.7025, 0.2579 0.6224 1.7328, 0.3344 0.6224 1.6935, 0.3731 0.6224 1.6768, 0.3678 0.6224 1.6748, 0.44 0.6224 1.7749, 0.4273 0.6224 1.7816, 0.43 0.6224 1.8167, 0.3945 0.6224 1.8181, 0.3771 0.6224 1.7764, 0.3683 0.6224 1.7943, 0.4431 0.6224 1.6837, 0.4388 0.6224 1.6401, 0.4316 0.6224 1.6379, 0.4076 0.6224 1.8193, 0.3633 0.6224 1.6717, 0.3596 0.6224 1.6676, 0.3204 0.6224 1.661, 0.3834 0.6224 1.6767, 0.3906 0.6224 1.7116, 0.3884 0.6224 1.6747, 0.4032 0.6224 1.7069, 0.3929 0.6224 1.6716, 0.4149 0.6224 1.6989, 0.3951 0.6224 1.6692, 0.4244 0.6224 1.6882, 0.3981 0.6224 1.6645, 0.3998 0.6224 1.6592, 0.4001 0.6224 1.6536, 0.3564 0.6224 1.7092, 0.3701 0.6224 1.7127, 0.377 0.6224 1.7132, 0.2213 0.6224 1.7588, 0.2167 0.6224 1.7587, 0.1931 0.6224 1.7893, 0.2059 0.6224 1.7573, 0.1904 0.6224 1.7884, 0.196 0.6224 1.7534, 0.1735 0.6224 1.7798, 0.1581 0.6224 1.7667, 0.3827 0.6224 1.8316, 0.3554 0.6224 1.8095, 0.3692 0.6224 1.8429, 0.3401 0.6224 1.8205, 0.3553 0.6224 1.8515, 0.4132 0.6224 1.7849, 0.4072 0.6224 1.7851, 0.401 0.6224 1.8189, 0.3938 0.6224 1.7834, 0.3811 0.6224 1.7786, 0.3572 0.6224 1.6629, 0.3559 0.6224 1.6576, 0.3205 0.6224 1.6553, 0.3559 0.6224 1.6524, 0.3208 0.6224 1.6493, 0.1588 0.6224 1.6604, 0.1851 0.6224 1.6832, 0.1743 0.6224 1.6474, 0.1936 0.6224 1.6764, 0.1918 0.6224 1.639, 0.2036 0.6224 1.6718, 0.2107 0.6224 1.6352, 0.2139 0.6224 1.6699, 0.2443 0.6224 1.6354, 0.2395 0.6224 1.6701, 0.2475 0.6224 1.6359, 0.3778 0.6224 1.6773, 0.3443 0.6224 1.7027, 0.1872 0.6224 1.7472, 0.1807 0.6224 1.7399, 0.1466 0.6224 1.7504, 0.1755 0.6224 1.73, 0.1398 0.6224 1.733, 0.1729 0.6224 1.7191, 0.1373 0.6224 1.7143, 0.1726 0.6224 1.714, 0.1401 0.6224 1.6941, 0.1741 0.6224 1.7029, 0.1473 0.6224 1.6761, 0.1781 0.6224 1.6928, 0.1844 0.6224 1.684, 0.2236 0.6224 1.8345, 0.2461 0.6224 1.8085, 0.2048 0.6224 1.8125, 0.2333 0.6224 1.7931, 0.2247 0.6224 1.7747, 0.4628 0.6224 1.7424, 0.5002 0.6224 1.7332, 0.4646 0.6224 1.7286, 0.5004 0.6224 1.7277, 0.4639 0.6224 1.7198, 0.4978 0.6224 1.7054, 0.4599 0.6224 1.7058, 0.4898 0.6224 1.6841, 0.4533 0.6224 1.6943, 0.477 0.6224 1.6655, 0.4593 0.6224 1.6502, 0.3991 0.6224 1.6483, 0.3969 0.6224 1.6435, 0.329 0.6224 1.8614, 0.3214 0.6224 1.8279, 0.3008 0.6224 1.8647, 0.3004 0.6224 1.8305, 0.2772 0.6224 1.862, 0.2811 0.6224 1.828, 0.2487 0.6224 1.8517, 0.2633 0.6224 1.821, 0.2474 0.6224 1.8098, 0.4512 0.6224 1.8086, 0.4694 0.6224 1.796, 0.4498 0.6224 1.7663, 0.4732 0.6224 1.7924, 0.4578 0.6224 1.7551, 0.487 0.6224 1.775, 0.4963 0.6224 1.7545, 0.3243 0.6224 1.6353, 0.3573 0.6224 1.647, 0.3311 0.6224 1.6226, 0.36 0.6224 1.6421, 0.3399 0.6224 1.613, 0.3631 0.6224 1.6386, 0.3513 0.6224 1.6052, 0.3675 0.6224 1.6356, 0.364 0.6224 1.6004, 0.3724 0.6224 1.6336, 0.3778 0.6224 1.5988, 0.3781 0.6224 1.6329, 0.38 0.6224 1.5988, 0.3791 0.6224 1.633, 0.3934 0.6224 1.601, 0.3842 0.6224 1.6338, 0.4065 0.6224 1.6066, 0.3893 0.6224 1.6361, 0.3937 0.6224 1.6394, 0.2424 0.6224 1.6706, 0.2563 0.6224 1.6414, 0.255 0.6224 1.6401, 0.2407 0.6224 1.6702, 0.2513 0.6224 1.6374, 0.2607 0.6224 1.6532, 0.2602 0.6224 1.6489, 0.2587 0.6224 1.645, 0.2474 0.6224 1.6701, 0.2513 0.6224 1.6686, 0.2606 0.6224 1.6554, 0.2548 0.6224 1.6662, 0.2572 0.6224 1.6636, 0.2594 0.6224 1.6597, 0.2429 0.6224 1.6707, 0.1373 0.622 1.7143, 0.1398 0.622 1.733, 0.1466 0.622 1.7504, 0.153 0.622 1.7593, 0.1581 0.622 1.7667, 0.1735 0.622 1.7798, 0.1904 0.622 1.7884, 0.1931 0.622 1.7893, 0.2048 0.622 1.8125, 0.2236 0.622 1.8345, 0.3008 0.622 1.8647, 0.2332 0.622 1.8411, 0.2487 0.622 1.8517, 0.2538 0.622 1.8535, 0.2772 0.622 1.862, 0.3692 0.622 1.8429, 0.329 0.622 1.8614, 0.3498 0.622 1.8535, 0.3553 0.622 1.8515, 0.3945 0.622 1.8181, 0.3714 0.622 1.8411, 0.3827 0.622 1.8316, 0.401 0.622 1.8189, 0.4076 0.622 1.8193, 0.43 0.622 1.8167, 0.4512 0.622 1.8086, 0.4694 0.622 1.796, 0.4732 0.622 1.7924, 0.487 0.622 1.775, 0.4941 0.622 1.7593, 0.4963 0.622 1.7545, 0.5002 0.622 1.7332, 0.5004 0.622 1.7277, 0.4988 0.622 1.7137, 0.4978 0.622 1.7054, 0.4898 0.622 1.6841, 0.477 0.622 1.6655, 0.4593 0.622 1.6502, 0.4388 0.622 1.6401, 0.4316 0.622 1.6379, 0.4288 0.622 1.6318, 0.426 0.622 1.6256, 0.4176 0.622 1.6151, 0.4065 0.622 1.6066, 0.397 0.622 1.6025, 0.3934 0.622 1.601, 0.38 0.622 1.5988, 0.3778 0.622 1.5988, 0.364 0.622 1.6004, 0.3583 0.622 1.6025, 0.3513 0.622 1.6052, 0.3399 0.622 1.613, 0.3311 0.622 1.6226, 0.3262 0.622 1.6318, 0.3243 0.622 1.6353, 0.3208 0.622 1.6493, 0.3205 0.622 1.6553, 0.3204 0.622 1.661, 0.2404 0.622 1.7025, 0.2579 0.622 1.7328, 0.2469 0.622 1.7137, 0.3344 0.622 1.6935, 0.2951 0.622 1.7137, 0.3443 0.622 1.7027, 0.3564 0.622 1.7092, 0.3701 0.622 1.7127, 0.377 0.622 1.7132, 0.3906 0.622 1.7116, 0.4032 0.622 1.7069, 0.4149 0.622 1.6989, 0.4244 0.622 1.6882, 0.4308 0.622 1.676, 0.4646 0.622 1.7286, 0.4431 0.622 1.6837, 0.4533 0.622 1.6943, 0.4599 0.622 1.7058, 0.4622 0.622 1.7137, 0.4639 0.622 1.7198, 0.4628 0.622 1.7424, 0.4578 0.622 1.7551, 0.4548 0.622 1.7593, 0.4498 0.622 1.7663, 0.44 0.622 1.7749, 0.4273 0.622 1.7816, 0.4132 0.622 1.7849, 0.4072 0.622 1.7851, 0.3938 0.622 1.7834, 0.3811 0.622 1.7786, 0.3771 0.622 1.7764, 0.3683 0.622 1.7943, 0.3554 0.622 1.8095, 0.3401 0.622 1.8205, 0.3214 0.622 1.8279, 0.3004 0.622 1.8305, 0.2811 0.622 1.828, 0.2633 0.622 1.821, 0.2474 0.622 1.8098, 0.2461 0.622 1.8085, 0.2333 0.622 1.7931, 0.2247 0.622 1.7747, 0.2214 0.622 1.7593, 0.2213 0.622 1.7588, 0.2167 0.622 1.7587, 0.2059 0.622 1.7573, 0.196 0.622 1.7534, 0.1872 0.622 1.7472, 0.1807 0.622 1.7399, 0.1755 0.622 1.73, 0.1729 0.622 1.7191, 0.1726 0.622 1.714, 0.1727 0.622 1.7137, 0.1741 0.622 1.7029, 0.1781 0.622 1.6928, 0.1844 0.622 1.684, 0.1851 0.622 1.6832, 0.1936 0.622 1.6764, 0.2036 0.622 1.6718, 0.2139 0.622 1.6699, 0.2395 0.622 1.6701, 0.2407 0.622 1.6702, 0.2424 0.622 1.6706, 0.2429 0.622 1.6707, 0.2474 0.622 1.6701, 0.2513 0.622 1.6686, 0.2548 0.622 1.6662, 0.2572 0.622 1.6636, 0.2594 0.622 1.6597, 0.2606 0.622 1.6554, 0.2607 0.622 1.6532, 0.2602 0.622 1.6489, 0.2587 0.622 1.645, 0.2563 0.622 1.6414, 0.255 0.622 1.6401, 0.2513 0.622 1.6374, 0.2475 0.622 1.6359, 0.2443 0.622 1.6354, 0.2107 0.622 1.6352, 0.1918 0.622 1.639, 0.1743 0.622 1.6474, 0.1588 0.622 1.6604, 0.1473 0.622 1.6761, 0.1401 0.622 1.6941, 0.1374 0.622 1.7137, 0.3778 0.622 1.6773, 0.3731 0.622 1.6768, 0.3678 0.622 1.6748, 0.3633 0.622 1.6717, 0.3596 0.622 1.6676, 0.3572 0.622 1.6629, 0.3559 0.622 1.6576, 0.3559 0.622 1.6524, 0.3573 0.622 1.647, 0.36 0.622 1.6421, 0.3631 0.622 1.6386, 0.3675 0.622 1.6356, 0.3724 0.622 1.6336, 0.3781 0.622 1.6329, 0.3791 0.622 1.633, 0.3842 0.622 1.6338, 0.3893 0.622 1.6361, 0.3937 0.622 1.6394, 0.3969 0.622 1.6435, 0.3991 0.622 1.6483, 0.4001 0.622 1.6536, 0.3998 0.622 1.6592, 0.3981 0.622 1.6645, 0.3951 0.622 1.6692, 0.3929 0.622 1.6716, 0.3884 0.622 1.6747, 0.3834 0.622 1.6767
            ]
        }
        coordIndex [
            0,1,2,-1,3,4,5,-1,6,7,3,-1,8,9,10,-1,11,12,13,-1,14,15,2,-1,2,15,16,-1,2,16,0,-1,10,9,17,-1,7,18,3,-1,3,18,19,-1,3,19,20,-1,21,22,23,-1,23,22,24,-1,23,24,25,-1,25,24,26,-1,25,26,27,-1,27,26,28,-1,27,28,29,-1,29,28,2,-1,29,2,30,-1,30,2,31,-1,32,33,21,-1,21,33,34,-1,21,34,22,-1,35,36,37,-1,37,36,38,-1,37,38,39,-1,39,38,40,-1,39,40,41,-1,41,40,42,-1,11,13,43,-1,43,13,44,-1,43,44,45,-1,45,44,46,-1,45,46,47,-1,9,48,17,-1,17,48,49,-1,17,49,50,-1,50,49,51,-1,50,51,11,-1,11,51,52,-1,11,52,12,-1,19,53,20,-1,20,53,54,-1,20,54,55,-1,55,54,56,-1,55,56,57,-1,58,59,60,-1,60,59,61,-1,60,61,62,-1,62,61,63,-1,62,63,64,-1,64,63,65,-1,64,65,66,-1,66,65,67,-1,66,67,68,-1,6,3,69,-1,69,3,5,-1,69,5,21,-1,21,5,70,-1,21,70,32,-1,40,71,42,-1,42,71,72,-1,42,72,73,-1,73,72,74,-1,73,74,75,-1,75,74,76,-1,75,76,77,-1,77,76,78,-1,77,78,79,-1,79,78,80,-1,79,80,81,-1,81,80,82,-1,81,82,58,-1,58,82,83,-1,58,83,59,-1,84,85,86,-1,86,85,87,-1,86,87,37,-1,37,87,88,-1,37,88,35,-1,89,90,91,-1,91,90,92,-1,91,92,93,-1,93,92,94,-1,93,94,95,-1,95,94,96,-1,95,96,97,-1,97,96,98,-1,97,98,14,-1,14,98,99,-1,14,99,15,-1,31,2,100,-1,100,2,1,-1,100,1,101,-1,47,46,102,-1,102,46,103,-1,102,103,104,-1,104,103,105,-1,104,105,106,-1,106,105,107,-1,106,107,108,-1,108,107,109,-1,108,109,84,-1,84,109,110,-1,84,110,85,-1,10,111,8,-1,8,111,112,-1,8,112,113,-1,113,112,114,-1,113,114,115,-1,115,114,116,-1,115,116,89,-1,89,116,117,-1,89,117,90,-1,57,56,118,-1,118,56,119,-1,118,119,120,-1,120,119,121,-1,120,121,122,-1,122,121,123,-1,122,123,124,-1,124,123,125,-1,124,125,126,-1,126,125,127,-1,126,127,128,-1,128,127,129,-1,128,129,130,-1,130,129,131,-1,130,131,132,-1,132,131,133,-1,132,133,134,-1,134,133,135,-1,134,135,1,-1,1,135,136,-1,1,136,101,-1,137,138,139,-1,67,140,68,-1,68,140,137,-1,68,137,141,-1,141,137,139,-1,142,143,137,-1,137,143,144,-1,137,144,138,-1,145,146,147,-1,146,148,147,-1,147,148,149,-1,147,149,150,-1,142,137,147,-1,147,137,151,-1,147,151,145,-1,77,152,153,-1,77,153,75,-1,75,153,154,-1,75,154,73,-1,73,154,155,-1,73,155,42,-1,155,156,42,-1,42,156,157,-1,42,157,41,-1,41,157,158,-1,41,158,39,-1,39,158,159,-1,39,159,37,-1,37,159,160,-1,37,160,86,-1,86,160,161,-1,86,161,84,-1,162,104,106,-1,84,161,163,-1,84,163,108,-1,163,164,108,-1,108,164,165,-1,108,165,106,-1,106,165,166,-1,106,166,162,-1,167,45,47,-1,104,162,168,-1,104,168,102,-1,102,168,169,-1,102,169,47,-1,47,169,170,-1,47,170,167,-1,171,11,43,-1,45,167,172,-1,45,172,43,-1,43,172,173,-1,43,173,171,-1,11,171,174,-1,11,174,50,-1,50,174,175,-1,50,175,17,-1,17,175,176,-1,17,176,10,-1,10,176,177,-1,10,177,111,-1,111,177,178,-1,111,178,112,-1,112,178,179,-1,112,179,114,-1,114,179,180,-1,114,180,116,-1,116,180,181,-1,116,181,117,-1,181,182,117,-1,117,182,183,-1,117,183,90,-1,90,183,184,-1,90,184,92,-1,94,92,185,-1,185,92,184,-1,185,186,94,-1,94,186,187,-1,94,187,96,-1,96,187,188,-1,96,188,98,-1,98,188,189,-1,98,189,99,-1,99,189,190,-1,99,190,15,-1,15,190,191,-1,15,191,16,-1,16,191,192,-1,16,192,0,-1,192,193,0,-1,0,193,194,-1,0,194,1,-1,1,194,195,-1,1,195,134,-1,134,195,196,-1,134,196,132,-1,196,197,132,-1,132,197,198,-1,132,198,130,-1,130,198,199,-1,130,199,128,-1,128,199,200,-1,128,200,126,-1,126,200,201,-1,126,201,124,-1,201,202,124,-1,124,202,203,-1,124,203,122,-1,122,203,204,-1,122,204,120,-1,120,204,205,-1,120,205,118,-1,205,206,118,-1,118,206,207,-1,118,207,57,-1,57,207,208,-1,57,208,55,-1,20,55,209,-1,209,55,208,-1,3,20,210,-1,210,20,209,-1,211,4,212,-1,212,4,3,-1,212,3,210,-1,213,5,214,-1,214,5,4,-1,214,4,211,-1,5,213,215,-1,5,215,70,-1,70,215,216,-1,70,216,32,-1,32,216,217,-1,32,217,33,-1,33,217,218,-1,33,218,34,-1,34,218,219,-1,34,219,22,-1,22,219,220,-1,22,220,24,-1,24,220,221,-1,24,221,26,-1,26,221,222,-1,26,222,28,-1,28,222,223,-1,28,223,2,-1,224,91,93,-1,2,223,225,-1,2,225,14,-1,14,225,226,-1,14,226,97,-1,97,226,227,-1,97,227,95,-1,95,227,228,-1,95,228,93,-1,93,228,229,-1,93,229,224,-1,91,224,230,-1,91,230,89,-1,89,230,231,-1,89,231,115,-1,115,231,232,-1,115,232,113,-1,232,233,113,-1,113,233,234,-1,113,234,8,-1,8,234,235,-1,8,235,9,-1,9,235,236,-1,9,236,48,-1,48,236,237,-1,48,237,49,-1,49,237,238,-1,49,238,51,-1,51,238,239,-1,51,239,52,-1,52,239,240,-1,52,240,12,-1,12,240,241,-1,12,241,13,-1,13,241,242,-1,13,242,44,-1,44,242,243,-1,44,243,46,-1,46,243,244,-1,46,244,103,-1,103,244,245,-1,103,245,105,-1,105,245,246,-1,105,246,107,-1,107,246,247,-1,107,247,109,-1,109,247,248,-1,109,248,110,-1,110,248,249,-1,110,249,85,-1,85,249,250,-1,85,250,87,-1,87,250,251,-1,87,251,88,-1,88,251,35,-1,35,251,252,-1,35,252,253,-1,36,35,254,-1,254,35,253,-1,36,254,255,-1,36,255,38,-1,38,255,256,-1,38,256,40,-1,40,256,257,-1,40,257,71,-1,71,257,258,-1,71,258,72,-1,72,258,259,-1,72,259,74,-1,74,259,260,-1,74,260,76,-1,76,260,261,-1,76,261,78,-1,78,261,262,-1,78,262,80,-1,262,263,80,-1,80,263,264,-1,80,264,82,-1,82,264,265,-1,82,265,83,-1,83,265,266,-1,83,266,59,-1,59,266,267,-1,59,267,61,-1,61,267,268,-1,61,268,63,-1,63,268,269,-1,63,269,65,-1,67,65,270,-1,270,65,269,-1,67,270,271,-1,67,271,140,-1,140,271,272,-1,140,272,137,-1,137,272,273,-1,137,273,151,-1,151,273,274,-1,151,274,145,-1,145,274,275,-1,145,275,146,-1,146,275,276,-1,146,276,148,-1,148,276,277,-1,148,277,149,-1,149,277,278,-1,149,278,150,-1,150,278,279,-1,150,279,147,-1,147,279,280,-1,147,280,142,-1,142,280,281,-1,142,281,143,-1,143,281,282,-1,143,282,144,-1,144,282,283,-1,144,283,138,-1,138,283,284,-1,138,284,139,-1,139,284,285,-1,139,285,141,-1,141,285,286,-1,141,286,68,-1,68,286,287,-1,68,287,66,-1,64,66,288,-1,288,66,287,-1,64,288,289,-1,64,289,62,-1,62,289,290,-1,62,290,60,-1,60,290,291,-1,60,291,58,-1,58,291,292,-1,58,292,81,-1,81,292,293,-1,81,293,79,-1,79,293,77,-1,77,293,294,-1,77,294,152,-1,69,295,296,-1,69,296,6,-1,6,296,297,-1,6,297,7,-1,7,297,298,-1,7,298,18,-1,18,298,299,-1,18,299,19,-1,19,299,300,-1,19,300,53,-1,53,300,301,-1,53,301,54,-1,54,301,302,-1,54,302,56,-1,56,302,303,-1,56,303,119,-1,119,303,304,-1,119,304,121,-1,121,304,305,-1,121,305,123,-1,123,305,306,-1,123,306,125,-1,125,306,307,-1,125,307,127,-1,127,307,308,-1,127,308,129,-1,129,308,309,-1,129,309,131,-1,131,309,310,-1,131,310,133,-1,133,310,311,-1,133,311,135,-1,135,311,312,-1,135,312,136,-1,136,312,313,-1,136,313,101,-1,101,313,314,-1,101,314,100,-1,100,314,315,-1,100,315,31,-1,31,315,316,-1,31,316,30,-1,30,316,317,-1,30,317,29,-1,29,317,318,-1,29,318,27,-1,27,318,319,-1,27,319,25,-1,25,319,320,-1,25,320,23,-1,23,320,321,-1,23,321,21,-1,21,321,295,-1,21,295,69,-1,
        ]
    }
}
Shape{
    appearance Appearance {
        material  Material 	{
            diffuseColor 0.8509803921568627 0.8509803921568627 0.8509803921568627
            specularColor 0.4235294117647059 0.4235294117647059 0.4235294117647059
            ambientIntensity 0.851
            transparency 0.0
            shininess 0.5
        }
    }
    geometry IndexedFaceSet {
        ccw TRUE
        solid FALSE
        coord DEF co Coordinate {
            point [
                0.3791 0.622 1.633, 0.3929 0.622 1.6716, 0.3951 0.622 1.6692, 0.3724 0.622 1.6336, 0.3675 0.622 1.6356, 0.3731 0.622 1.6768, 0.3778 0.622 1.6773, 0.3834 0.622 1.6767, 0.3884 0.622 1.6747, 0.3991 0.622 1.6483, 0.3969 0.622 1.6435, 0.3937 0.622 1.6394, 0.3781 0.622 1.6329, 0.3981 0.622 1.6645, 0.3998 0.622 1.6592, 0.4001 0.622 1.6536, 0.3893 0.622 1.6361, 0.3842 0.622 1.6338, 0.3631 0.622 1.6386, 0.36 0.622 1.6421, 0.3573 0.622 1.647, 0.3559 0.622 1.6524, 0.3559 0.622 1.6576, 0.3572 0.622 1.6629, 0.3596 0.622 1.6676, 0.3633 0.622 1.6717, 0.3678 0.622 1.6748
            ]
        }
        coordIndex [
            0,1,2,-1,3,4,5,-1,6,7,0,-1,0,7,8,-1,0,8,1,-1,9,10,2,-1,2,10,11,-1,6,0,5,-1,5,0,12,-1,5,12,3,-1,13,14,2,-1,2,14,15,-1,2,15,9,-1,11,16,2,-1,2,16,17,-1,2,17,0,-1,4,18,5,-1,5,18,19,-1,5,19,20,-1,20,21,5,-1,5,21,22,-1,5,22,23,-1,23,24,5,-1,5,24,25,-1,5,25,26,-1,
        ]
    }
}